Code,Year,Value
ABW,2000,14.26
AFE,2000,41.006958024593374
AFG,2000,51.491
AFW,2000,43.36173375718788
AGO,2000,46.853
ALB,2000,17.513
AND,2000,11.54
ARB,2000,29.48347127483269
ARE,2000,16.314
ARG,2000,19.328
ARM,2000,10.6
ASM,2000,29.234
ATG,2000,19.72
AUS,2000,13.0
AUT,2000,9.8
AZE,2000,14.5
BDI,2000,42.726
BEL,2000,11.4
BEN,2000,42.079
BFA,2000,45.239
BGD,2000,29.589
BGR,2000,9.0
BHR,2000,20.431
BHS,2000,17.254
BIH,2000,10.231
BLR,2000,9.4
BLZ,2000,30.213
BMU,2000,12.86
BOL,2000,29.846
BRA,2000,19.879
BRB,2000,15.147
BRN,2000,19.803
BTN,2000,25.18
BWA,2000,27.936
CAF,2000,42.058
CAN,2000,10.7
CEB,2000,9.770927434191766
CHE,2000,10.9
CHI,2000,11.4
CHL,2000,16.322
CHN,2000,14.03
CIV,2000,44.278
CMR,2000,40.878
COD,2000,45.298
COG,2000,36.164
COL,2000,22.258
COM,2000,35.359
CPV,2000,27.862
CRI,2000,20.237
CSS,2000,20.02752008137041
CUB,2000,12.857
CUW,2000,16.479
CYM,2000,15.444
CYP,2000,12.493
CZE,2000,8.9
DEU,2000,9.3
DJI,2000,33.459
DMA,2000,17.923
DNK,2000,12.6
DOM,2000,25.557
DZA,2000,19.574
EAP,2000,16.44571130418473
EAR,2000,27.481355656059815
EAS,2000,15.852662133566128
ECA,2000,16.170730602867454
ECS,2000,11.694909492519406
ECU,2000,25.645
EGY,2000,27.392
EMU,2000,10.575242106401051
ERI,2000,37.969
ESP,2000,9.8
EST,2000,9.4
ETH,2000,45.59
EUU,2000,10.460129308518564
FIN,2000,11.0
FJI,2000,24.328
FRA,2000,13.3
FRO,2000,15.3
FSM,2000,32.151
GAB,2000,33.429
GBR,2000,11.5
GEO,2000,12.452
GHA,2000,35.898
GIB,2000,14.723
GIN,2000,41.833
GMB,2000,41.055
GNB,2000,42.346
GNQ,2000,40.795
GRC,2000,9.6
GRD,2000,17.503
GRL,2000,15.6
GTM,2000,34.708
GUM,2000,23.039
GUY,2000,26.231
HIC,2000,11.870697939520138
HKG,2000,8.1
HND,2000,34.175
HPC,2000,43.439007267548625
HRV,2000,9.8
HTI,2000,32.153
HUN,2000,9.6
IBD,2000,20.03852677018781
IBT,2000,24.03282439035466
IDA,2000,38.07523551120908
IDB,2000,38.64063782673592
IDN,2000,21.688
IDX,2000,37.773653047958625
IMN,2000,12.487
IND,2000,27.518
IRL,2000,14.4
IRN,2000,15.966
IRQ,2000,36.107
ISL,2000,15.3
ISR,2000,21.7
ITA,2000,9.5
JAM,2000,20.131
JOR,2000,29.054
JPN,2000,9.5
KAZ,2000,15.828
KEN,2000,40.238
KGZ,2000,19.8
KHM,2000,28.466
KIR,2000,31.498
KNA,2000,17.721
KOR,2000,13.5
KWT,2000,22.39
LAC,2000,22.58619811641205
LAO,2000,32.901
LBN,2000,21.306
LBR,2000,43.238
LBY,2000,21.691
LCA,2000,18.83
LCN,2000,22.26639506443049
LDC,2000,39.174942019934896
LIC,2000,43.139282274768476
LIE,2000,12.9
LKA,2000,18.402
LMC,2000,30.515430534174808
LMY,2000,24.690866768355527
LSO,2000,28.248
LTE,2000,14.772360902546941
LTU,2000,9.8
LUX,2000,13.1
LVA,2000,8.6
MAC,2000,8.9
MAF,2000,25.955
MAR,2000,22.689
MCO,2000,12.23
MDA,2000,11.708
MDG,2000,42.0
MDV,2000,19.916
MEA,2000,29.596634458170914
MEX,2000,24.192
MHL,2000,38.152
MIC,2000,23.12004254198727
MKD,2000,14.5
MLI,2000,47.091
MLT,2000,11.3
MMR,2000,23.164
MNA,2000,29.981681007530586
MNE,2000,15.2
MNG,2000,20.794
MNP,2000,21.957
MOZ,2000,43.583
MRT,2000,37.914
MUS,2000,17.0
MWI,2000,44.572
MYS,2000,22.603
NAC,2000,14.036853727230838
NAM,2000,31.612
NCL,2000,21.201
NER,2000,53.39
NGA,2000,43.892
NIC,2000,27.885
NLD,2000,13.0
NOR,2000,13.2
NPL,2000,30.959
NRU,2000,28.238
NZL,2000,14.66
OED,2000,13.811701151898772
OMN,2000,23.841
OSS,2000,22.173536707934566
PAK,2000,36.541
PAN,2000,23.51
PER,2000,23.836
PHL,2000,29.285
PLW,2000,14.377
PNG,2000,34.423
POL,2000,9.9
PRE,2000,43.87638298593609
PRI,2000,15.59
PRK,2000,17.521
PRT,2000,11.7
PRY,2000,26.885
PSE,2000,40.9
PSS,2000,29.41664080823631
PST,2000,11.613259093502553
PYF,2000,21.396
QAT,2000,17.318
ROU,2000,10.4
RUS,2000,8.7
RWA,2000,42.112
SAS,2000,27.66647485630049
SAU,2000,27.49
SDN,2000,40.836
SEN,2000,39.3
SGP,2000,13.7
SLB,2000,35.445
SLE,2000,45.045
SLV,2000,27.132
SMR,2000,12.004
SOM,2000,50.443
SRB,2000,9.8
SSA,2000,41.959623862422276
SSD,2000,49.816
SSF,2000,41.95683996623629
SST,2000,22.572749564523797
STP,2000,39.748
SUR,2000,25.518
SVK,2000,10.2
SVN,2000,9.1
SWE,2000,10.2
SWZ,2000,32.59
SXM,2000,17.552
SYC,2000,18.6
SYR,2000,31.204
TCA,2000,22.632
TCD,2000,51.589
TEA,2000,16.43158196849804
TEC,2000,12.631550069969897
TGO,2000,37.719
THA,2000,15.027
TJK,2000,29.109
TKM,2000,23.717
TLA,2000,22.532774897735102
TLS,2000,38.642
TMN,2000,29.912331114672103
TON,2000,29.396
TSA,2000,27.66647485630049
TSS,2000,41.95683996623629
TTO,2000,14.869
TUN,2000,16.549
TUR,2000,21.42
TUV,2000,26.641
TZA,2000,41.528
UGA,2000,48.247
UKR,2000,7.823
UMC,2000,17.386617149055624
URY,2000,15.952
USA,2000,14.4
UZB,2000,21.737
VCT,2000,19.18
VEN,2000,23.681
VGB,2000,14.539
VIR,2000,14.4
VNM,2000,18.018
VUT,2000,32.312
WLD,2000,22.07816458596688
WSM,2000,32.057
XKX,2000,18.117
YEM,2000,40.859
ZAF,2000,21.567
ZMB,2000,45.465
ZWE,2000,36.128
ABW,2001,13.813
AFE,2001,40.740368355493715
AFG,2001,49.623
AFW,2001,43.2308601284883
AGO,2001,46.771
ALB,2001,16.596
AND,2001,11.405
ARB,2001,29.11359881702125
ARE,2001,15.978
ARG,2001,18.94
ARM,2001,10.0
ASM,2001,28.79
ATG,2001,17.973
AUS,2001,12.7
AUT,2001,9.4
AZE,2001,13.6
BDI,2001,43.035
BEL,2001,11.2
BEN,2001,41.695
BFA,2001,44.907
BGD,2001,29.174
BGR,2001,8.5
BHR,2001,19.082
BHS,2001,16.787
BIH,2001,9.977
BLR,2001,9.2
BLZ,2001,29.412
BMU,2001,13.356
BOL,2001,29.12
BRA,2001,19.185
BRB,2001,15.053
BRN,2001,19.298
BTN,2001,23.865
BWA,2001,27.907
CAF,2001,41.95
CAN,2001,10.8
CEB,2001,9.436892193827047
CHE,2001,10.0
CHI,2001,11.1
CHL,2001,15.914
CHN,2001,13.38
CIV,2001,43.902
CMR,2001,40.669
COD,2001,44.977
COG,2001,37.087
COL,2001,21.722
COM,2001,35.089
CPV,2001,26.762
CRI,2001,19.408
CSS,2001,19.57722280175978
CUB,2001,12.424
CUW,2001,16.374
CYM,2001,15.211
CYP,2001,12.045
CZE,2001,8.9
DEU,2001,8.9
DJI,2001,33.267
DMA,2001,18.017
DNK,2001,12.2
DOM,2001,25.069
DZA,2001,19.405
EAP,2001,15.930202915015657
EAR,2001,27.112521747273647
EAS,2001,15.310890863753242
ECA,2001,15.839580520033227
ECS,2001,11.523646212526383
ECU,2001,25.142
EGY,2001,27.252
EMU,2001,10.331413249406442
ERI,2001,36.353
ESP,2001,9.9
EST,2001,9.1
ETH,2001,44.987
EUU,2001,10.21820251780453
FIN,2001,10.8
FJI,2001,24.272
FRA,2001,13.1
FRO,2001,13.7
FSM,2001,31.445
GAB,2001,33.228
GBR,2001,11.3
GEO,2001,12.248
GHA,2001,35.62
GIB,2001,14.107
GIN,2001,41.318
GMB,2001,40.517
GNB,2001,41.794
GNQ,2001,40.426
GRC,2001,9.4
GRD,2001,17.283
GRL,2001,16.7
GTM,2001,34.156
GUM,2001,21.96
GUY,2001,25.039
HIC,2001,11.574954575729885
HKG,2001,7.2
HND,2001,33.357
HPC,2001,43.00179894328795
HRV,2001,9.2
HTI,2001,31.278
HUN,2001,9.5
IBD,2001,19.667414248704407
IBT,2001,23.701276906996412
IDA,2001,37.70842358916519
IDB,2001,38.286984219996135
IDN,2001,21.386
IDX,2001,37.398833996366164
IMN,2001,12.39
IND,2001,27.206
IRL,2001,15.0
IRN,2001,15.935
IRQ,2001,35.547
ISL,2001,14.4
ISR,2001,21.2
ITA,2001,9.4
JAM,2001,19.675
JOR,2001,28.516
JPN,2001,9.3
KAZ,2001,15.939
KEN,2001,40.188
KGZ,2001,19.8
KHM,2001,28.11
KIR,2001,30.524
KNA,2001,17.282
KOR,2001,11.7
KWT,2001,22.274
LAC,2001,22.02299578335273
LAO,2001,32.112
LBN,2001,21.056
LBR,2001,42.571
LBY,2001,22.057
LCA,2001,18.034
LCN,2001,21.708030102714797
LDC,2001,38.77376968521271
LIC,2001,42.66235041490995
LIE,2001,12.1
LKA,2001,18.95
LMC,2001,30.204093055886684
LMY,2001,24.326630844895874
LSO,2001,28.716
LTE,2001,14.276852967220664
LTU,2001,9.0
LUX,2001,12.4
LVA,2001,8.4
MAC,2001,7.5
MAF,2001,25.597
MAR,2001,22.087
MCO,2001,12.561
MDA,2001,11.68
MDG,2001,41.116
MDV,2001,19.105
MEA,2001,29.049842733015574
MEX,2001,23.779
MHL,2001,37.834
MIC,2001,22.74582722045517
MKD,2001,13.3
MLI,2001,47.14
MLT,2001,10.1
MMR,2001,23.06
MNA,2001,29.489463867732386
MNE,2001,14.6
MNG,2001,20.257
MNP,2001,23.055
MOZ,2001,43.073
MRT,2001,37.983
MUS,2001,16.5
MWI,2001,44.179
MYS,2001,21.401
NAC,2001,13.775955364261524
NAM,2001,30.481
NCL,2001,20.304
NER,2001,53.015
NGA,2001,43.934
NIC,2001,27.034
NLD,2001,12.6
NOR,2001,12.6
NPL,2001,29.777
NRU,2001,27.945
NZL,2001,14.36
OED,2001,13.467754765181748
OMN,2001,23.255
OSS,2001,21.805609485409036
PAK,2001,35.71
PAN,2001,23.22
PER,2001,23.028
PHL,2001,29.145
PLW,2001,14.479
PNG,2001,34.214
POL,2001,9.6
PRE,2001,43.58682327263758
PRI,2001,14.59
PRK,2001,16.894
PRT,2001,10.9
PRY,2001,25.933
PSE,2001,40.2
PSS,2001,29.167467791021878
PST,2001,11.3031330790406
PYF,2001,20.782
QAT,2001,17.59
ROU,2001,10.0
RUS,2001,9.0
RWA,2001,42.113
SAS,2001,27.338672854452387
SAU,2001,25.528
SDN,2001,40.65
SEN,2001,38.858
SGP,2001,11.8
SLB,2001,35.116
SLE,2001,44.013
SLV,2001,25.826
SMR,2001,12.82
SOM,2001,50.374
SRB,2001,10.5
SSA,2001,41.749050926808906
SSD,2001,48.921
SSF,2001,41.74625803754848
SST,2001,22.201893768600716
STP,2001,39.965
SUR,2001,25.357
SVK,2001,9.5
SVN,2001,8.8
SWE,2001,10.3
SWZ,2001,32.44
SXM,2001,16.315
SYC,2001,17.7
SYR,2001,30.744
TCA,2001,21.896
TCD,2001,51.241
TEA,2001,15.917590577986141
TEC,2001,12.521521596690373
TGO,2001,37.818
THA,2001,14.665
TJK,2001,29.267
TKM,2001,23.207
TLA,2001,21.972033172036696
TLS,2001,38.039
TMN,2001,29.421182058178864
TON,2001,29.364
TSA,2001,27.338672854452387
TSS,2001,41.74625803754848
TTO,2001,14.731
TUN,2001,16.227
TUR,2001,20.593
TUV,2001,25.597
TZA,2001,41.398
UGA,2001,47.915
UKR,2001,7.779
UMC,2001,16.90428141588087
URY,2001,15.695
USA,2001,14.1
UZB,2001,21.097
VCT,2001,18.91
VEN,2001,23.599
VGB,2001,11.724
VIR,2001,13.1
VNM,2001,18.123
VUT,2001,32.279
WLD,2001,21.749452025249898
WSM,2001,31.254
XKX,2001,18.58
YEM,2001,40.164
ZAF,2001,21.266
ZMB,2001,44.774
ZWE,2001,36.463
ABW,2002,13.337
AFE,2002,40.41873277700824
AFG,2002,47.488
AFW,2002,43.032006837164275
AGO,2002,46.666
ALB,2002,15.585
AND,2002,10.728
ARB,2002,28.734821350479173
ARE,2002,15.779
ARG,2002,18.702
ARM,2002,10.1
ASM,2002,28.465
ATG,2002,17.106
AUS,2002,12.8
AUT,2002,9.7
AZE,2002,13.5
BDI,2002,44.042
BEL,2002,10.9
BEN,2002,41.48
BFA,2002,44.483
BGD,2002,28.526
BGR,2002,8.5
BHR,2002,19.147
BHS,2002,16.299
BIH,2002,10.11
BLR,2002,8.9
BLZ,2002,28.691
BMU,2002,12.635
BOL,2002,28.53
BRA,2002,18.49
BRB,2002,14.219
BRN,2002,18.685
BTN,2002,22.657
BWA,2002,27.647
CAF,2002,41.407
CAN,2002,10.5
CEB,2002,9.27703769430054
CHE,2002,9.9
CHI,2002,10.8
CHL,2002,15.249
CHN,2002,12.86
CIV,2002,43.4
CMR,2002,40.8
COD,2002,44.559
COG,2002,37.316
COL,2002,21.352
COM,2002,34.744
CPV,2002,25.701
CRI,2002,18.188
CSS,2002,18.907313290846314
CUB,2002,12.534
CUW,2002,15.248
CYM,2002,15.025
CYP,2002,11.611
CZE,2002,9.1
DEU,2002,8.7
DJI,2002,33.006
DMA,2002,16.187
DNK,2002,11.9
DOM,2002,24.385
DZA,2002,19.096
EAP,2002,15.474267945177969
EAR,2002,26.56143193684173
EAS,2002,14.861903172614962
ECA,2002,15.623769067417472
ECS,2002,11.549423474625517
ECU,2002,24.655
EGY,2002,27.076
EMU,2002,10.272492646930681
ERI,2002,37.081
ESP,2002,10.1
EST,2002,9.4
ETH,2002,44.264
EUU,2002,10.140548988913391
FIN,2002,10.7
FJI,2002,24.339
FRA,2002,12.9
FRO,2002,15.1
FSM,2002,30.474
GAB,2002,33.076
GBR,2002,11.3
GEO,2002,12.206
GHA,2002,35.223
GIB,2002,11.162
GIN,2002,40.56
GMB,2002,40.027
GNB,2002,41.564
GNQ,2002,40.174
GRC,2002,9.5
GRD,2002,17.207
GRL,2002,16.9
GTM,2002,33.267
GUM,2002,19.807
GUY,2002,23.763
HIC,2002,11.494847053984294
HKG,2002,7.1
HND,2002,32.375
HPC,2002,42.54909667085958
HRV,2002,9.0
HTI,2002,30.572
HUN,2002,9.5
IBD,2002,19.251131388263598
IBT,2002,23.325166632832993
IDA,2002,37.28930867962569
IDB,2002,37.89432468211063
IDN,2002,21.107
IDX,2002,36.9652139297488
IMN,2002,12.164
IND,2002,26.538
IRL,2002,15.4
IRN,2002,15.947
IRQ,2002,34.791
ISL,2002,14.1
ISR,2002,21.2
ITA,2002,9.4
JAM,2002,19.43
JOR,2002,28.479
JPN,2002,9.2
KAZ,2002,16.423
KEN,2002,39.938
KGZ,2002,20.2
KHM,2002,27.528
KIR,2002,29.414
KNA,2002,16.939
KOR,2002,10.3
KWT,2002,22.253
LAC,2002,21.500656594205847
LAO,2002,31.18
LBN,2002,20.624
LBR,2002,42.001
LBY,2002,22.497
LCA,2002,17.328
LCN,2002,21.179209524198413
LDC,2002,38.32135492455152
LIC,2002,42.153721321045744
LIE,2002,11.7
LKA,2002,19.172
LMC,2002,29.673679137624553
LMY,2002,23.905519715122168
LSO,2002,29.365
LTE,2002,13.890922440017121
LTU,2002,8.6
LUX,2002,12.0
LVA,2002,8.7
MAC,2002,7.2
MAF,2002,25.135
MAR,2002,21.6
MCO,2002,11.341
MDA,2002,11.683
MDG,2002,40.202
MDV,2002,18.666
MEA,2002,28.543137556821897
MEX,2002,23.379
MHL,2002,37.611
MIC,2002,22.307766013852326
MKD,2002,13.7
MLI,2002,47.348
MLT,2002,9.9
MMR,2002,22.892
MNA,2002,29.024209662333657
MNE,2002,13.9
MNG,2002,19.424
MNP,2002,21.196
MOZ,2002,42.473
MRT,2002,37.855
MUS,2002,16.6
MWI,2002,43.955
MYS,2002,20.089
NAC,2002,13.655717869889163
NAM,2002,29.636
NCL,2002,19.529
NER,2002,52.581
NGA,2002,43.822
NIC,2002,26.28
NLD,2002,12.5
NOR,2002,12.2
NPL,2002,28.641
NRU,2002,27.752
NZL,2002,13.67
OED,2002,13.247626773401343
OMN,2002,22.832
OSS,2002,21.683688418286497
PAK,2002,34.883
PAN,2002,22.917
PER,2002,22.599
PHL,2002,28.534
PLW,2002,14.458
PNG,2002,33.983
POL,2002,9.3
PRE,2002,43.24903460252913
PRI,2002,13.7
PRK,2002,16.05
PRT,2002,11.0
PRY,2002,25.109
PSE,2002,39.6
PSS,2002,28.940450386656057
PST,2002,11.187222305457954
PYF,2002,19.973
QAT,2002,17.352
ROU,2002,9.7
RUS,2002,9.7
RWA,2002,41.784
SAS,2002,26.677451877171634
SAU,2002,23.767
SDN,2002,40.439
SEN,2002,38.624
SGP,2002,11.4
SLB,2002,34.841
SLE,2002,44.281
SLV,2002,24.406
SMR,2002,11.935
SOM,2002,50.373
SRB,2002,10.4
SSA,2002,41.478257243758534
SSD,2002,48.029
SSF,2002,41.47548562531901
SST,2002,21.93274451703773
STP,2002,39.841
SUR,2002,24.254
SVK,2002,9.5
SVN,2002,8.8
SWE,2002,10.7
SWZ,2002,32.247
SXM,2002,15.176
SYC,2002,17.7
SYR,2002,30.133
TCA,2002,20.631
TCD,2002,50.473
TEA,2002,15.466786666651881
TEC,2002,12.618848074924694
TGO,2002,37.873
THA,2002,14.335
TJK,2002,29.183
TKM,2002,22.582
TLA,2002,21.428928297022228
TLS,2002,37.998
TMN,2002,28.95651588572576
TON,2002,29.549
TSA,2002,26.677451877171634
TSS,2002,41.475485625319
TTO,2002,14.528
TUN,2002,16.036
TUR,2002,19.531
TUV,2002,24.464
TZA,2002,41.171
UGA,2002,47.446
UKR,2002,8.113
UMC,2002,16.479530800669078
URY,2002,15.644
USA,2002,14.0
UZB,2002,20.901
VCT,2002,18.236
VEN,2002,23.282
VGB,2002,9.746
VIR,2002,15.1
VNM,2002,18.095
VUT,2002,31.808
WLD,2002,21.417254917876726
WSM,2002,30.558
XKX,2002,19.037
YEM,2002,39.579
ZAF,2002,20.928
ZMB,2002,44.332
ZWE,2002,36.539
ABW,2003,13.358
AFE,2003,40.14667473692605
AFG,2003,47.056
AFW,2003,42.886936582314966
AGO,2003,46.551
ALB,2003,15.616
AND,2003,9.537
ARB,2003,28.565773390025804
ARE,2003,15.647
ARG,2003,18.41
ARM,2003,11.3
ASM,2003,28.502
ATG,2003,16.443
AUS,2003,12.6
AUT,2003,9.5
AZE,2003,13.8
BDI,2003,44.528
BEL,2003,11.0
BEN,2003,41.475
BFA,2003,44.491
BGD,2003,27.745
BGR,2003,8.7
BHR,2003,19.692
BHS,2003,16.024
BIH,2003,10.068
BLR,2003,9.0
BLZ,2003,27.92
BMU,2003,12.096
BOL,2003,28.135
BRA,2003,17.819
BRB,2003,14.044
BRN,2003,18.036
BTN,2003,21.706
BWA,2003,27.393
CAF,2003,41.704
CAN,2003,10.6
CEB,2003,9.284178678741753
CHE,2003,9.8
CHI,2003,10.9
CHL,2003,14.789
CHN,2003,12.41
CIV,2003,42.802
CMR,2003,41.074
COD,2003,44.155
COG,2003,36.955
COL,2003,20.928
COM,2003,34.459
CPV,2003,24.746
CRI,2003,17.572
CSS,2003,18.375218709747497
CUB,2003,12.114
CUW,2003,14.452
CYM,2003,14.916
CYP,2003,11.751
CZE,2003,9.2
DEU,2003,8.6
DJI,2003,32.678
DMA,2003,15.605
DNK,2003,12.0
DOM,2003,23.738
DZA,2003,19.614
EAP,2003,15.081269434781488
EAR,2003,26.010935390401425
EAS,2003,14.480881593075685
ECA,2003,15.659711716274657
ECS,2003,11.680168387412596
ECU,2003,24.18
EGY,2003,26.866
EMU,2003,10.287604059794214
ERI,2003,35.894
ESP,2003,10.4
EST,2003,9.5
ETH,2003,43.334
EUU,2003,10.156616598682108
FIN,2003,10.9
FJI,2003,24.265
FRA,2003,12.8
FRO,2003,14.8
FSM,2003,29.593
GAB,2003,32.869
GBR,2003,11.7
GEO,2003,12.132
GHA,2003,34.779
GIB,2003,10.776
GIN,2003,40.284
GMB,2003,39.728
GNB,2003,41.296
GNQ,2003,39.991
GRC,2003,9.6
GRD,2003,17.143
GRL,2003,15.5
GTM,2003,32.47
GUM,2003,20.092
GUY,2003,22.703
HIC,2003,11.527606957551589
HKG,2003,6.9
HND,2003,31.355
HPC,2003,42.20386882440478
HRV,2003,8.9
HTI,2003,30.164
HUN,2003,9.3
IBD,2003,18.873545355792974
IBT,2003,22.98892510222115
IDA,2003,36.91135134178302
IDB,2003,37.560912431805065
IDN,2003,20.834
IDX,2003,36.563126710099546
IMN,2003,11.818
IND,2003,25.783
IRL,2003,15.4
IRN,2003,15.878
IRQ,2003,34.524
ISL,2003,14.3
ISR,2003,21.7
ITA,2003,9.5
JAM,2003,19.189
JOR,2003,28.475
JPN,2003,8.9
KAZ,2003,17.516
KEN,2003,39.459
KGZ,2003,20.9
KHM,2003,26.88
KIR,2003,28.58
KNA,2003,16.752
KOR,2003,10.2
KWT,2003,22.404
LAC,2003,20.96282179958971
LAO,2003,30.66
LBN,2003,20.002
LBR,2003,42.001
LBY,2003,22.92
LCA,2003,16.622
LCN,2003,20.647547193733278
LDC,2003,37.90925896628508
LIC,2003,41.734155307711404
LIE,2003,10.2
LKA,2003,19.093
LMC,2003,29.11540847177454
LMY,2003,23.528796603233626
LSO,2003,29.294
LTE,2003,13.574498701480625
LTU,2003,8.8
LUX,2003,11.7
LVA,2003,9.2
MAC,2003,7.2
MAF,2003,24.553
MAR,2003,21.589
MCO,2003,10.612
MDA,2003,12.166
MDG,2003,39.513
MDV,2003,18.448
MEA,2003,28.303327294741532
MEX,2003,22.832
MHL,2003,37.593
MIC,2003,21.908816445579326
MKD,2003,13.3
MLI,2003,47.566
MLT,2003,10.2
MMR,2003,22.252
MNA,2003,28.826213153582177
MNE,2003,13.6
MNG,2003,18.648
MNP,2003,22.594
MOZ,2003,41.971
MRT,2003,37.912
MUS,2003,15.9
MWI,2003,43.907
MYS,2003,19.55
NAC,2003,13.755471622214632
NAM,2003,29.028
NCL,2003,18.705
NER,2003,52.178
NGA,2003,43.71
NIC,2003,25.925
NLD,2003,12.3
NOR,2003,12.4
NPL,2003,27.732
NRU,2003,27.884
NZL,2003,13.94
OED,2003,13.176549576754939
OMN,2003,22.485
OSS,2003,21.581586163551165
PAK,2003,34.295
PAN,2003,22.65
PER,2003,22.33
PHL,2003,28.101
PLW,2003,14.291
PNG,2003,33.675
POL,2003,9.2
PRE,2003,43.025354448834925
PRI,2003,13.1
PRK,2003,15.318
PRT,2003,10.8
PRY,2003,24.412
PSE,2003,38.8
PSS,2003,28.743096949814014
PST,2003,11.22041411759279
PYF,2003,18.605
QAT,2003,16.921
ROU,2003,9.8
RUS,2003,10.2
RWA,2003,41.402
SAS,2003,25.92744079287933
SAU,2003,22.302
SDN,2003,40.206
SEN,2003,38.675
SGP,2003,10.5
SLB,2003,34.612
SLE,2003,43.473
SLV,2003,23.144
SMR,2003,10.661
SOM,2003,50.123
SRB,2003,10.6
SSA,2003,41.25866273870242
SSD,2003,46.77
SSF,2003,41.25606475754092
SST,2003,21.71525573410699
STP,2003,39.551
SUR,2003,23.021
SVK,2003,9.6
SVN,2003,8.7
SWE,2003,11.1
SWZ,2003,32.333
SXM,2003,14.29
SYC,2003,18.1
SYR,2003,29.577
TCA,2003,19.616
TCD,2003,50.028
TEA,2003,15.078238727739851
TEC,2003,12.814001544952808
TGO,2003,37.849
THA,2003,14.053
TJK,2003,28.951
TKM,2003,22.445
TLA,2003,20.89265508597506
TLS,2003,38.365
TMN,2003,28.762143039172454
TON,2003,29.887
TSA,2003,25.92744079287933
TSS,2003,41.25606475754092
TTO,2003,14.407
TUN,2003,16.249
TUR,2003,18.949
TUV,2003,23.632
TZA,2003,41.335
UGA,2003,46.962
UKR,2003,8.546
UMC,2003,16.149671184332096
URY,2003,15.275
USA,2003,14.1
UZB,2003,20.464
VCT,2003,17.622
VEN,2003,22.939
VGB,2003,10.472
VIR,2003,14.0
VNM,2003,18.151
VUT,2003,31.554
WLD,2003,21.141047726406594
WSM,2003,30.172
XKX,2003,18.83
YEM,2003,39.37
ZAF,2003,21.388
ZMB,2003,43.945
ZWE,2003,36.613
ABW,2004,12.54
AFE,2004,40.01015923646789
AFG,2004,46.492
AFW,2004,42.67155551473068
AGO,2004,46.46
ALB,2004,14.7
AND,2004,10.253
ARB,2004,28.397411343293527
ARE,2004,15.115
ARG,2004,18.295
ARM,2004,11.8
ASM,2004,28.479
ATG,2004,15.947
AUS,2004,12.3
AUT,2004,9.7
AZE,2004,15.8
BDI,2004,45.29
BEL,2004,11.3
BEN,2004,41.329
BFA,2004,44.124
BGD,2004,26.994
BGR,2004,9.1
BHR,2004,19.86
BHS,2004,15.967
BIH,2004,10.125
BLR,2004,9.1
BLZ,2004,27.272
BMU,2004,11.583
BOL,2004,27.689
BRA,2004,17.5
BRB,2004,13.472
BRN,2004,17.365
BTN,2004,21.261
BWA,2004,27.309
CAF,2004,41.558
CAN,2004,10.6
CEB,2004,9.499468536744013
CHE,2004,9.9
CHI,2004,10.7
CHL,2004,14.415
CHN,2004,12.29
CIV,2004,42.276
CMR,2004,41.275
COD,2004,43.781
COG,2004,37.113
COL,2004,20.278
COM,2004,34.333
CPV,2004,23.943
CRI,2004,17.136
CSS,2004,17.956709608635464
CUB,2004,11.262
CUW,2004,13.791
CYM,2004,14.875
CYP,2004,11.894
CZE,2004,9.6
DEU,2004,8.6
DJI,2004,31.601
DMA,2004,15.239
DNK,2004,12.0
DOM,2004,23.103
DZA,2004,20.337
EAP,2004,14.927724910066726
EAR,2004,25.53512089115169
EAS,2004,14.32517145878213
ECA,2004,15.988231903309376
ECS,2004,11.859921173584878
ECU,2004,23.73
EGY,2004,26.569
EMU,2004,10.355680357416938
ERI,2004,37.0
ESP,2004,10.6
EST,2004,10.3
ETH,2004,42.712
EUU,2004,10.248175728541039
FIN,2004,11.0
FJI,2004,24.128
FRA,2004,12.8
FRO,2004,14.8
FSM,2004,28.966
GAB,2004,32.748
GBR,2004,11.9
GEO,2004,12.326
GHA,2004,34.282
GIB,2004,11.086
GIN,2004,40.244
GMB,2004,39.709
GNB,2004,40.801
GNQ,2004,39.832
GRC,2004,9.6
GRD,2004,17.07
GRL,2004,15.7
GTM,2004,31.726
GUM,2004,20.678
GUY,2004,22.02
HIC,2004,11.518158929830573
HKG,2004,7.2
HND,2004,30.487
HPC,2004,41.9288098516532
HRV,2004,9.1
HTI,2004,29.642
HUN,2004,9.4
IBD,2004,18.660415030867355
IBT,2004,22.769247279415556
IDA,2004,36.49352273693776
IDB,2004,37.02556527067792
IDN,2004,20.796
IDX,2004,36.207708975327236
IMN,2004,11.543
IND,2004,25.121
IRL,2004,15.2
IRN,2004,16.176
IRQ,2004,34.344
ISL,2004,14.5
ISR,2004,21.3
ITA,2004,9.7
JAM,2004,18.795
JOR,2004,27.743
JPN,2004,8.8
KAZ,2004,18.691
KEN,2004,39.1
KGZ,2004,21.5
KHM,2004,26.261
KIR,2004,28.894
KNA,2004,16.511
KOR,2004,9.8
KWT,2004,22.641
LAC,2004,20.569849710406057
LAO,2004,30.075
LBN,2004,19.347
LBR,2004,41.116
LBY,2004,23.376
LCA,2004,16.028
LCN,2004,20.26299021366659
LDC,2004,37.53864145366808
LIC,2004,41.38294891142989
LIE,2004,10.8
LKA,2004,18.826
LMC,2004,28.568927451425917
LMY,2004,23.27887174066423
LSO,2004,28.736
LTE,2004,13.465416885153367
LTU,2004,8.8
LUX,2004,11.9
LVA,2004,9.1
MAC,2004,7.3
MAF,2004,23.849
MAR,2004,21.686
MCO,2004,10.855
MDA,2004,12.984
MDG,2004,38.976
MDV,2004,18.326
MEA,2004,27.899839858313403
MEX,2004,22.369
MHL,2004,37.417
MIC,2004,21.64336212013954
MKD,2004,11.5
MLI,2004,47.774
MLT,2004,9.7
MMR,2004,21.531
MNA,2004,28.455331420902304
MNE,2004,12.8
MNG,2004,18.398
MNP,2004,22.887
MOZ,2004,41.638
MRT,2004,38.273
MUS,2004,15.7
MWI,2004,43.965
MYS,2004,18.682
NAC,2004,13.665206559388285
NAM,2004,28.918
NCL,2004,18.372
NER,2004,51.776
NGA,2004,43.474
NIC,2004,25.675
NLD,2004,11.9
NOR,2004,12.4
NPL,2004,26.837
NRU,2004,28.1
NZL,2004,14.2
OED,2004,13.097835862245734
OMN,2004,21.785
OSS,2004,21.40774610095266
PAK,2004,33.21
PAN,2004,22.548
PER,2004,22.392
PHL,2004,27.629
PLW,2004,14.027
PNG,2004,33.206
POL,2004,9.3
PRE,2004,42.80652384340977
PRI,2004,13.16
PRK,2004,14.599
PRT,2004,10.4
PRY,2004,24.089
PSE,2004,38.1
PSS,2004,28.55823891531364
PST,2004,11.21319960848352
PYF,2004,18.075
QAT,2004,16.259
ROU,2004,10.1
RUS,2004,10.4
RWA,2004,41.145
SAS,2004,25.257725273257865
SAU,2004,21.274
SDN,2004,39.967
SEN,2004,38.381
SGP,2004,10.3
SLB,2004,34.288
SLE,2004,42.465
SLV,2004,22.065
SMR,2004,10.4
SOM,2004,49.904
SRB,2004,10.5
SSA,2004,41.09138630597593
SSD,2004,45.513
SSF,2004,41.088809348346565
SST,2004,21.483616165816105
STP,2004,39.206
SUR,2004,22.053
SVK,2004,10.0
SVN,2004,9.0
SWE,2004,11.2
SWZ,2004,32.557
SXM,2004,13.698
SYC,2004,17.4
SYR,2004,29.117
TCA,2004,18.882
TCD,2004,50.375
TEA,2004,14.9320745103376
TEC,2004,13.090564298386088
TGO,2004,37.692
THA,2004,13.82
TJK,2004,29.889
TKM,2004,22.76
TLA,2004,20.511937949509313
TLS,2004,37.526
TMN,2004,28.39319506299865
TON,2004,29.997
TSA,2004,25.25772527325786
TSS,2004,41.08880934834658
TTO,2004,14.286
TUN,2004,16.333
TUR,2004,18.857
TUV,2004,23.09
TZA,2004,41.527
UGA,2004,46.508
UKR,2004,8.959
UMC,2004,16.054329890068267
URY,2004,15.078
USA,2004,14.0
UZB,2004,20.605
VCT,2004,17.113
VEN,2004,22.42
VGB,2004,12.245
VIR,2004,14.5
VNM,2004,17.996
VUT,2004,31.408
WLD,2004,20.95626110355124
WSM,2004,29.774
XKX,2004,19.519
YEM,2004,38.911
ZAF,2004,22.136
ZMB,2004,43.921
ZWE,2004,36.326
ABW,2005,12.936
AFE,2005,39.83977258082445
AFG,2005,44.952
AFW,2005,42.5979337639019
AGO,2005,46.342
ALB,2005,13.862
AND,2005,10.502
ARB,2005,28.32681150258816
ARE,2005,14.343
ARG,2005,18.306
ARM,2005,11.9
ASM,2005,27.578
ATG,2005,15.613
AUS,2005,12.8
AUT,2005,9.5
AZE,2005,16.9
BDI,2005,46.154
BEL,2005,11.4
BEN,2005,41.087
BFA,2005,44.058
BGD,2005,26.055
BGR,2005,9.3
BHR,2005,19.354
BHS,2005,16.086
BIH,2005,9.81
BLR,2005,9.3
BLZ,2005,26.722
BMU,2005,11.379
BOL,2005,27.332
BRA,2005,17.176
BRB,2005,12.913
BRN,2005,16.713
BTN,2005,21.114
BWA,2005,27.706
CAF,2005,41.775
CAN,2005,10.7
CEB,2005,9.760673840883536
CHE,2005,9.8
CHI,2005,10.2
CHL,2005,14.23
CHN,2005,12.4
CIV,2005,41.927
CMR,2005,41.319
COD,2005,43.728
COG,2005,37.033
COL,2005,19.579
COM,2005,34.445
CPV,2005,22.797
CRI,2005,17.253
CSS,2005,17.821255305635212
CUB,2005,10.619
CUW,2005,13.391
CYM,2005,14.777
CYP,2005,11.702
CZE,2005,10.0
DEU,2005,8.3
DJI,2005,30.568
DMA,2005,15.019
DNK,2005,11.9
DOM,2005,22.464
DZA,2005,21.136
EAP,2005,14.946645133138567
EAR,2005,25.068254059677713
EAS,2005,14.305692949352634
ECA,2005,16.078540514313353
ECS,2005,11.841985343485813
ECU,2005,23.317
EGY,2005,26.566
EMU,2005,10.25346456548459
ERI,2005,36.369
ESP,2005,10.6
EST,2005,10.6
ETH,2005,42.104
EUU,2005,10.215985111636755
FIN,2005,11.0
FJI,2005,24.003
FRA,2005,12.8
FRO,2005,14.7
FSM,2005,28.391
GAB,2005,32.682
GBR,2005,12.0
GEO,2005,12.563
GHA,2005,34.403
GIB,2005,11.462
GIN,2005,40.411
GMB,2005,39.686
GNB,2005,40.571
GNQ,2005,39.915
GRC,2005,9.8
GRD,2005,17.02
GRL,2005,15.6
GTM,2005,30.777
GUM,2005,19.442
GUY,2005,21.664
HIC,2005,11.424655006780304
HKG,2005,8.4
HND,2005,29.613
HPC,2005,41.64980575878412
HRV,2005,9.563
HTI,2005,29.158
HUN,2005,9.7
IBD,2005,18.461882792253682
IBT,2005,22.581405794554744
IDA,2005,36.16548330798824
IDB,2005,36.809318415884114
IDN,2005,21.018
IDX,2005,35.81898842759005
IMN,2005,11.598
IND,2005,24.304
IRL,2005,14.8
IRN,2005,16.385
IRQ,2005,33.944
ISL,2005,14.4
ISR,2005,20.8
ITA,2005,9.5
JAM,2005,18.357
JOR,2005,27.156
JPN,2005,8.4
KAZ,2005,19.43
KEN,2005,38.783
KGZ,2005,21.3
KHM,2005,26.104
KIR,2005,29.181
KNA,2005,16.324
KOR,2005,9.0
KWT,2005,22.315
LAC,2005,20.194890594083677
LAO,2005,28.788
LBN,2005,18.668
LBR,2005,40.619
LBY,2005,23.903
LCA,2005,15.632
LCN,2005,19.904159327157597
LDC,2005,37.12269068866574
LIC,2005,41.014214840778784
LIE,2005,11.0
LKA,2005,18.716
LMC,2005,28.01382022246244
LMY,2005,23.07265553722222
LSO,2005,28.561
LTE,2005,13.442544175475941
LTU,2005,8.9
LUX,2005,11.5
LVA,2005,9.8
MAC,2005,7.8
MAF,2005,23.141
MAR,2005,21.818
MCO,2005,10.735
MDA,2005,13.119
MDG,2005,38.446
MDV,2005,18.322
MEA,2005,27.743592758880506
MEX,2005,21.912
MHL,2005,37.188
MIC,2005,21.426295142871897
MKD,2005,11.0
MLI,2005,47.891
MLT,2005,9.6
MMR,2005,20.966
MNA,2005,28.327153702738716
MNE,2005,12.0
MNG,2005,18.566
MNP,2005,22.96
MOZ,2005,41.356
MRT,2005,38.436
MUS,2005,15.3
MWI,2005,44.003
MYS,2005,17.94
NAC,2005,13.674929176571354
NAM,2005,29.316
NCL,2005,18.105
NER,2005,51.417
NGA,2005,43.37
NIC,2005,25.611
NLD,2005,11.5
NOR,2005,12.3
NPL,2005,25.837
NRU,2005,28.451
NZL,2005,13.96
OED,2005,12.96468585981452
OMN,2005,20.933
OSS,2005,21.097434616488567
PAK,2005,32.887
PAN,2005,22.1
PER,2005,22.089
PHL,2005,27.154
PLW,2005,13.94
PNG,2005,32.813
POL,2005,9.5
PRE,2005,42.58175653531679
PRI,2005,12.96
PRK,2005,13.903
PRT,2005,10.4
PRY,2005,23.72
PSE,2005,37.3
PSS,2005,28.402605260114033
PST,2005,11.131240512212335
PYF,2005,17.925
QAT,2005,15.436
ROU,2005,10.4
RUS,2005,10.2
RWA,2005,40.638
SAS,2005,24.435277143165475
SAU,2005,21.062
SDN,2005,39.612
SEN,2005,37.984
SGP,2005,10.2
SLB,2005,34.027
SLE,2005,41.97
SLV,2005,21.373
SMR,2005,9.5
SOM,2005,49.615
SRB,2005,9.7
SSA,2005,40.96122449738348
SSD,2005,44.3
SSF,2005,40.95883613521144
SST,2005,21.25226999981616
STP,2005,38.979
SUR,2005,21.701
SVK,2005,10.1
SVN,2005,9.1
SWE,2005,11.2
SWZ,2005,32.535
SXM,2005,13.505
SYC,2005,18.5
SYR,2005,28.828
TCA,2005,18.287
TCD,2005,50.672
TEA,2005,14.960289917537006
TEC,2005,13.122299982990565
TGO,2005,38.169
THA,2005,13.488
TJK,2005,29.27
TKM,2005,23.264
TLA,2005,20.154787187053167
TLS,2005,36.236
TMN,2005,28.269180903730298
TON,2005,30.013
TSA,2005,24.435277143165475
TSS,2005,40.958836135211435
TTO,2005,14.33
TUN,2005,16.496
TUR,2005,18.794
TUV,2005,22.746
TZA,2005,41.465
UGA,2005,45.833
UKR,2005,9.12
UMC,2005,16.060020005947372
URY,2005,15.096
USA,2005,14.0
UZB,2005,20.404
VCT,2005,16.883
VEN,2005,22.373
VGB,2005,11.138
VIR,2005,14.8
VNM,2005,17.369
VUT,2005,31.235
WLD,2005,20.789035413166474
WSM,2005,29.522
XKX,2005,20.077
YEM,2005,38.39
ZAF,2005,22.718
ZMB,2005,43.838
ZWE,2005,35.803
ABW,2006,13.681
AFE,2006,39.55974982454708
AFG,2006,44.087
AFW,2006,42.411720018615334
AGO,2006,46.123
ALB,2006,12.977
AND,2006,10.498
ARB,2006,28.34457334814587
ARE,2006,12.292
ARG,2006,18.161
ARM,2006,12.0
ASM,2006,26.017
ATG,2006,15.461
AUS,2006,12.9
AUT,2006,9.4
AZE,2006,17.6
BDI,2006,46.575
BEL,2006,11.6
BEN,2006,41.341
BFA,2006,44.381
BGD,2006,25.252
BGR,2006,9.7
BHR,2006,18.079
BHS,2006,16.028
BIH,2006,9.551
BLR,2006,9.9
BLZ,2006,25.52
BMU,2006,11.128
BOL,2006,27.342
BRA,2006,16.691
BRB,2006,12.553
BRN,2006,16.262
BTN,2006,20.971
BWA,2006,28.141
CAF,2006,42.193
CAN,2006,11.0
CEB,2006,9.958498469653936
CHE,2006,9.8
CHI,2006,10.2
CHL,2006,13.995
CHN,2006,12.09
CIV,2006,41.441
CMR,2006,41.115
COD,2006,43.973
COG,2006,37.097
COL,2006,18.965
COM,2006,34.3
CPV,2006,21.612
CRI,2006,16.429
CSS,2006,17.72313770532214
CUB,2006,9.874
CUW,2006,13.6
CYM,2006,14.739
CYP,2006,12.023
CZE,2006,10.3
DEU,2006,8.2
DJI,2006,29.391
DMA,2006,15.546
DNK,2006,12.0
DOM,2006,21.86
DZA,2006,21.998
EAP,2006,14.722749050755493
EAR,2006,24.68189525679778
EAS,2006,14.135941352081295
ECA,2006,16.454165643966476
ECS,2006,12.043281825421456
ECU,2006,22.968
EGY,2006,26.562
EMU,2006,10.352077412066318
ERI,2006,36.179
ESP,2006,10.8
EST,2006,11.0
ETH,2006,41.086
EUU,2006,10.343095407291237
FIN,2006,11.2
FJI,2006,23.964
FRA,2006,13.1
FRO,2006,13.8
FSM,2006,27.762
GAB,2006,32.612
GBR,2006,12.3
GEO,2006,12.906
GHA,2006,33.877
GIB,2006,11.733
GIN,2006,40.307
GMB,2006,39.884
GNB,2006,40.253
GNQ,2006,39.682
GRC,2006,10.2
GRD,2006,16.903
GRL,2006,14.8
GTM,2006,30.024
GUM,2006,20.461
GUY,2006,21.72
HIC,2006,11.612885484502991
HKG,2006,9.6
HND,2006,28.743
HPC,2006,41.30013609445888
HRV,2006,9.33
HTI,2006,28.881
HUN,2006,9.9
IBD,2006,18.178780044687677
IBT,2006,22.353797701016727
IDA,2006,35.9375323943058
IDB,2006,36.82298263553159
IDN,2006,20.943
IDX,2006,35.46034222559159
IMN,2006,11.674
IND,2006,23.564
IRL,2006,15.3
IRN,2006,16.725
IRQ,2006,34.964
ISL,2006,14.5
ISR,2006,21.0
ITA,2006,9.6
JAM,2006,17.85
JOR,2006,26.457
JPN,2006,8.7
KAZ,2006,20.462
KEN,2006,38.492
KGZ,2006,23.1
KHM,2006,26.127
KIR,2006,29.738
KNA,2006,16.131
KOR,2006,9.2
KWT,2006,21.495
LAC,2006,19.77056290430309
LAO,2006,28.365
LBN,2006,18.27
LBR,2006,40.842
LBY,2006,23.931
LCA,2006,15.302
LCN,2006,19.48688854738726
LDC,2006,36.74415893827066
LIC,2006,40.66788235367086
LIE,2006,10.3
LKA,2006,18.852
LMC,2006,27.560413377846263
LMY,2006,22.823277529189657
LSO,2006,28.627
LTE,2006,13.205171293868627
LTU,2006,9.1
LUX,2006,11.7
LVA,2006,10.3
MAC,2006,8.1
MAF,2006,22.291
MAR,2006,21.858
MCO,2006,11.072
MDA,2006,13.298
MDG,2006,38.007
MDV,2006,18.819
MEA,2006,27.88951073684614
MEX,2006,21.482
MHL,2006,36.551
MIC,2006,21.15799151703598
MKD,2006,11.1
MLI,2006,47.602
MLT,2006,9.3
MMR,2006,20.599
MNA,2006,28.52057179787452
MNE,2006,12.3
MNG,2006,19.96
MNP,2006,24.494
MOZ,2006,41.117
MRT,2006,38.762
MUS,2006,14.3
MWI,2006,43.755
MYS,2006,17.395
NAC,2006,13.974683650261628
NAM,2006,29.734
NCL,2006,18.028
NER,2006,50.967
NGA,2006,43.172
NIC,2006,25.428
NLD,2006,11.3
NOR,2006,12.6
NPL,2006,24.936
NRU,2006,29.076
NZL,2006,14.14
OED,2006,13.088226210457265
OMN,2006,20.211
OSS,2006,20.815854476391312
PAK,2006,33.162
PAN,2006,21.784
PER,2006,21.821
PHL,2006,27.419
PLW,2006,13.81
PNG,2006,32.362
POL,2006,9.8
PRE,2006,42.41159994027993
PRI,2006,12.41
PRK,2006,14.021
PRT,2006,10.0
PRY,2006,23.301
PSE,2006,36.7
PSS,2006,28.346411440733
PST,2006,11.37216465489455
PYF,2006,18.184
QAT,2006,11.972
ROU,2006,10.4
RUS,2006,10.3
RWA,2006,39.861
SAS,2006,23.698913390052148
SAU,2006,21.35
SDN,2006,39.187
SEN,2006,37.583
SGP,2006,10.3
SLB,2006,33.993
SLE,2006,41.807
SLV,2006,20.972
SMR,2006,10.0
SOM,2006,49.391
SRB,2006,9.58
SSA,2006,40.720429565405894
SSD,2006,43.183
SSF,2006,40.717955416848845
SST,2006,21.04869148271582
STP,2006,38.851
SUR,2006,21.673
SVK,2006,10.0
SVN,2006,9.4
SWE,2006,11.7
SWZ,2006,32.232
SXM,2006,13.688
SYC,2006,17.3
SYR,2006,28.273
TCA,2006,17.721
TCD,2006,50.303
TEA,2006,14.731924028300789
TEC,2006,13.389501924801376
TGO,2006,38.741
THA,2006,13.208
TJK,2006,29.227
TKM,2006,23.663
TLA,2006,19.741980079995948
TLS,2006,35.061
TMN,2006,28.46757750114108
TON,2006,29.519
TSA,2006,23.698913390052148
TSS,2006,40.71795541684885
TTO,2006,14.39
TUN,2006,16.612
TUR,2006,18.686
TUV,2006,22.438
TZA,2006,40.973
UGA,2006,45.184
UKR,2006,9.787
UMC,2006,15.894563057639495
URY,2006,14.829
USA,2006,14.3
UZB,2006,20.919
VCT,2006,16.483
VEN,2006,22.104
VGB,2006,10.389
VIR,2006,13.2
VNM,2006,17.249
VUT,2006,31.373
WLD,2006,20.640143142452565
WSM,2006,29.326
XKX,2006,19.688
YEM,2006,38.152
ZAF,2006,23.144
ZMB,2006,43.681
ZWE,2006,35.203
ABW,2007,13.38
AFE,2007,39.198574291596
AFG,2007,43.831
AFW,2007,42.12976479248673
AGO,2007,45.838
ALB,2007,12.439
AND,2007,10.04
ARB,2007,28.407364012499674
ARE,2007,11.127
ARG,2007,17.967
ARM,2007,12.9
ASM,2007,24.482
ATG,2007,15.59
AUS,2007,14.1
AUT,2007,9.2
AZE,2007,17.7
BDI,2007,46.726
BEL,2007,11.7
BEN,2007,40.961
BFA,2007,44.191
BGD,2007,24.526
BGR,2007,10.0
BHR,2007,16.962
BHS,2007,16.125
BIH,2007,9.555
BLR,2007,10.7
BLZ,2007,24.448
BMU,2007,11.608
BOL,2007,26.874
BRA,2007,16.243
BRB,2007,12.85
BRN,2007,15.943
BTN,2007,20.795
BWA,2007,28.335
CAF,2007,42.192
CAN,2007,11.3
CEB,2007,10.207634861063259
CHE,2007,9.9
CHI,2007,10.5
CHL,2007,14.194
CHN,2007,12.1
CIV,2007,40.961
CMR,2007,40.897
COD,2007,43.961
COG,2007,37.217
COL,2007,18.552
COM,2007,34.137
CPV,2007,20.583
CRI,2007,16.604
CSS,2007,17.66678035939305
CUB,2007,10.021
CUW,2007,13.4
CYM,2007,14.803
CYP,2007,11.633
CZE,2007,11.1
DEU,2007,8.3
DJI,2007,28.485
DMA,2007,15.12
DNK,2007,11.7
DOM,2007,21.829
DZA,2007,22.873
EAP,2007,14.722400120339826
EAR,2007,24.348266049696466
EAS,2007,14.167133789291977
ECA,2007,16.808422633388606
ECS,2007,12.334705510594253
ECU,2007,22.604
EGY,2007,26.849
EMU,2007,10.344793555899408
ERI,2007,34.965
ESP,2007,10.9
EST,2007,11.8
ETH,2007,40.054
EUU,2007,10.378152414624436
FIN,2007,11.1
FJI,2007,23.716
FRA,2007,12.8
FRO,2007,14.0
FSM,2007,27.095
GAB,2007,32.585
GBR,2007,12.6
GEO,2007,13.591
GHA,2007,33.223
GIB,2007,12.024
GIN,2007,40.207
GMB,2007,39.537
GNB,2007,40.016
GNQ,2007,39.388
GRC,2007,10.1
GRD,2007,16.802
GRL,2007,15.1
GTM,2007,29.422
GUM,2007,20.961
GUY,2007,21.887
HIC,2007,11.817602080910351
HKG,2007,10.2
HND,2007,28.114
HPC,2007,40.87835899799931
HRV,2007,9.4
HTI,2007,28.55
HUN,2007,9.7
IBD,2007,18.04346658444566
IBT,2007,22.24110493058697
IDA,2007,35.707580912947535
IDB,2007,36.82072279157452
IDN,2007,20.968
IDX,2007,35.105979624883574
IMN,2007,11.664
IND,2007,22.932
IRL,2007,16.2
IRN,2007,16.971
IRQ,2007,34.503
ISL,2007,14.6
ISR,2007,21.1
ITA,2007,9.6
JAM,2007,17.308
JOR,2007,28.189
JPN,2007,8.6
KAZ,2007,21.533
KEN,2007,38.299
KGZ,2007,23.4
KHM,2007,26.209
KIR,2007,30.347
KNA,2007,15.896
KOR,2007,10.1
KWT,2007,20.624
LAC,2007,19.388655421881364
LAO,2007,28.124
LBN,2007,17.945
LBR,2007,40.397
LBY,2007,23.712
LCA,2007,14.773
LCN,2007,19.13185977565274
LDC,2007,36.34833755965627
LIC,2007,40.30989843312128
LIE,2007,10.0
LKA,2007,18.81
LMC,2007,27.173370358337184
LMY,2007,22.66808588707169
LSO,2007,29.484
LTE,2007,13.253868338809008
LTU,2007,9.3
LUX,2007,11.4
LVA,2007,10.9
MAC,2007,8.7
MAF,2007,21.392
MAR,2007,21.922
MCO,2007,11.483
MDA,2007,13.691
MDG,2007,37.754
MDV,2007,19.955
MEA,2007,28.014164468416443
MEX,2007,21.11
MHL,2007,35.59
MIC,2007,20.9939323782121
MKD,2007,11.1
MLI,2007,47.394
MLT,2007,9.3
MMR,2007,20.373
MNA,2007,28.68808799881251
MNE,2007,12.7
MNG,2007,21.889
MNP,2007,24.231
MOZ,2007,41.268
MRT,2007,39.041
MUS,2007,13.7
MWI,2007,43.274
MYS,2007,17.091
NAC,2007,14.004245127797502
NAM,2007,29.979
NCL,2007,17.636
NER,2007,50.594
NGA,2007,42.897
NIC,2007,25.176
NLD,2007,11.1
NOR,2007,12.4
NPL,2007,24.351
NRU,2007,30.408
NZL,2007,15.15
OED,2007,13.122547487210207
OMN,2007,19.909
OSS,2007,20.670841476408302
PAK,2007,33.262
PAN,2007,21.591
PER,2007,21.446
PHL,2007,27.0
PLW,2007,13.741
PNG,2007,31.921
POL,2007,10.2
PRE,2007,42.12518732013014
PRI,2007,11.86
PRK,2007,13.856
PRT,2007,9.7
PRY,2007,23.019
PSE,2007,35.855
PSS,2007,28.253271438489246
PST,2007,11.488836689486275
PYF,2007,17.391
QAT,2007,10.783
ROU,2007,10.3
RUS,2007,11.3
RWA,2007,38.833
SAS,2007,23.06684361537541
SAU,2007,21.73
SDN,2007,38.871
SEN,2007,37.272
SGP,2007,10.3
SLB,2007,33.944
SLE,2007,41.058
SLV,2007,20.566
SMR,2007,9.4
SOM,2007,48.908
SRB,2007,9.22
SSA,2007,40.392258260118794
SSD,2007,42.307
SSF,2007,40.389903703837525
SST,2007,20.93518380825285
STP,2007,38.915
SUR,2007,21.569
SVK,2007,10.1
SVN,2007,9.8
SWE,2007,11.7
SWZ,2007,32.163
SXM,2007,12.112
SYC,2007,17.6
SYR,2007,29.074
TCA,2007,17.155
TCD,2007,50.107
TEA,2007,14.73368449319964
TEC,2007,13.941262256550978
TGO,2007,39.184
THA,2007,12.926
TJK,2007,29.927
TKM,2007,24.038
TLA,2007,19.373946142681298
TLS,2007,34.046
TMN,2007,28.641479562607028
TON,2007,29.038
TSA,2007,23.06684361537541
TSS,2007,40.389903703837525
TTO,2007,14.372
TUN,2007,16.769
TUR,2007,18.4
TUV,2007,21.859
TZA,2007,40.168
UGA,2007,44.524
UKR,2007,10.202
UMC,2007,15.865151386215167
URY,2007,14.613
USA,2007,14.3
UZB,2007,22.233
VCT,2007,16.589
VEN,2007,21.512
VGB,2007,11.059
VIR,2007,16.4
VNM,2007,17.537
VUT,2007,31.851
WLD,2007,20.567544640386775
WSM,2007,29.329
XKX,2007,19.453
YEM,2007,37.529
ZAF,2007,23.088
ZMB,2007,43.178
ZWE,2007,35.651
ABW,2008,13.07
AFE,2008,38.9724856893111
AFG,2008,42.538
AFW,2008,41.93923660625965
AGO,2008,45.507
ALB,2008,12.209
AND,2008,10.46
ARB,2008,28.360044041531214
ARE,2008,9.999
ARG,2008,18.462
ARM,2008,13.3
ASM,2008,23.625
ATG,2008,16.994
AUS,2008,14.0
AUT,2008,9.3
AZE,2008,17.4
BDI,2008,46.656
BEL,2008,11.9
BEN,2008,40.371
BFA,2008,43.923
BGD,2008,23.685
BGR,2008,10.4
BHR,2008,16.186
BHS,2008,15.831
BIH,2008,9.533
BLR,2008,11.1
BLZ,2008,23.683
BMU,2008,11.469
BOL,2008,26.441
BRA,2008,15.801
BRB,2008,12.756
BRN,2008,16.015
BTN,2008,20.293
BWA,2008,28.396
CAF,2008,42.457
CAN,2008,11.5
CEB,2008,10.74505599009115
CHE,2008,10.0
CHI,2008,10.5
CHL,2008,14.353
CHN,2008,12.14
CIV,2008,40.474
CMR,2008,40.665
COD,2008,44.011
COG,2008,38.0
COL,2008,18.191
COM,2008,34.099
CPV,2008,19.857
CRI,2008,16.806
CSS,2008,17.574361690738787
CUB,2008,10.911
CUW,2008,13.8
CYM,2008,14.915
CYP,2008,11.987
CZE,2008,11.5
DEU,2008,8.3
DJI,2008,27.554
DMA,2008,14.668
DNK,2008,11.8
DOM,2008,22.12
DZA,2008,23.735
EAP,2008,14.701920528266651
EAR,2008,24.102527531129418
EAS,2008,14.140503214308948
ECA,2008,17.243211394596294
ECS,2008,12.709624917273713
ECU,2008,22.501
EGY,2008,26.976
EMU,2008,10.52594769757897
ERI,2008,34.136
ESP,2008,11.3
EST,2008,12.0
ETH,2008,38.886
EUU,2008,10.624497675399576
FIN,2008,11.2
FJI,2008,23.293
FRA,2008,12.9
FRO,2008,13.8
FSM,2008,26.413
GAB,2008,32.617
GBR,2008,12.9
GEO,2008,14.697
GHA,2008,32.789
GIB,2008,12.322
GIN,2008,40.08
GMB,2008,39.151
GNB,2008,39.348
GNQ,2008,39.005
GRC,2008,10.7
GRD,2008,16.674
GRL,2008,14.8
GTM,2008,28.678
GUM,2008,20.771
GUY,2008,22.028
HIC,2008,11.914381252672154
HKG,2008,11.3
HND,2008,27.525
HPC,2008,40.435610605268444
HRV,2008,9.9
HTI,2008,28.283
HUN,2008,9.9
IBD,2008,17.97435784696337
IBT,2008,22.180634789301006
IDA,2008,35.49174176109823
IDB,2008,36.931160732055275
IDN,2008,20.511
IDX,2008,34.71098432139814
IMN,2008,11.626
IND,2008,22.506
IRL,2008,16.7
IRN,2008,17.095
IRQ,2008,33.649
ISL,2008,15.2
ISR,2008,21.5
ITA,2008,9.7
JAM,2008,16.734
JOR,2008,28.707
JPN,2008,8.7
KAZ,2008,22.714
KEN,2008,37.851
KGZ,2008,23.9
KHM,2008,25.88
KIR,2008,30.831
KNA,2008,15.58
KOR,2008,9.4
KWT,2008,19.956
LAC,2008,19.108069354801103
LAO,2008,27.882
LBN,2008,17.793
LBR,2008,39.663
LBY,2008,23.437
LCA,2008,14.55
LCN,2008,18.87353337903983
LDC,2008,35.89256819748904
LIC,2008,39.94567091356315
LIE,2008,9.9
LKA,2008,18.204
LMC,2008,26.90839660902286
LMY,2008,22.573453703993085
LSO,2008,29.642
LTE,2008,13.310735034213602
LTU,2008,9.9
LUX,2008,11.5
LVA,2008,11.2
MAC,2008,8.7
MAF,2008,20.483
MAR,2008,21.859
MCO,2008,12.176
MDA,2008,14.256
MDG,2008,37.537
MDV,2008,20.904
MEA,2008,28.098776850355456
MEX,2008,20.82
MHL,2008,34.331
MIC,2008,20.898393181181465
MKD,2008,11.2
MLI,2008,47.203
MLT,2008,9.8
MMR,2008,19.993
MNA,2008,28.834071473455804
MNE,2008,13.4
MNG,2008,23.899
MNP,2008,22.747
MOZ,2008,42.277
MRT,2008,39.074
MUS,2008,13.2
MWI,2008,42.564
MYS,2008,17.356
NAC,2008,13.753179221073013
NAM,2008,30.265
NCL,2008,17.345
NER,2008,50.172
NGA,2008,42.803
NIC,2008,24.893
NLD,2008,11.2
NOR,2008,12.7
NPL,2008,23.729
NRU,2008,32.27
NZL,2008,15.1
OED,2008,13.096824829370862
OMN,2008,20.571
OSS,2008,20.608816748138576
PAK,2008,33.583
PAN,2008,21.426
PER,2008,20.908
PHL,2008,27.12
PLW,2008,13.676
PNG,2008,31.549
POL,2008,10.9
PRE,2008,41.832253575055255
PRI,2008,11.79
PRK,2008,13.923
PRT,2008,9.9
PRY,2008,22.989
PSE,2008,33.887
PSS,2008,28.139407382564414
PST,2008,11.528816887909652
PYF,2008,18.028
QAT,2008,11.226
ROU,2008,10.8
RUS,2008,12.0
RWA,2008,37.643
SAS,2008,22.59023184675475
SAU,2008,21.314
SDN,2008,38.392
SEN,2008,37.344
SGP,2008,10.2
SLB,2008,33.847
SLE,2008,40.589
SLV,2008,20.045
SMR,2008,11.0
SOM,2008,48.763
SRB,2008,9.4
SSA,2008,40.181342294068415
SSD,2008,41.624
SSF,2008,40.17904244019385
SST,2008,20.861717661562963
STP,2008,38.468
SUR,2008,21.338
SVK,2008,10.7
SVN,2008,10.8
SWE,2008,11.9
SWZ,2008,32.28
SXM,2008,13.124
SYC,2008,17.8
SYR,2008,30.464
TCA,2008,16.434
TCD,2008,49.53
TEA,2008,14.712050923934207
TEC,2008,14.501731976292252
TGO,2008,39.326
THA,2008,12.525
TJK,2008,30.57
TKM,2008,24.442
TLA,2008,19.088065488861915
TLS,2008,33.097
TMN,2008,28.80101677837646
TON,2008,28.717
TSA,2008,22.59023184675475
TSS,2008,40.17904244019385
TTO,2008,14.287
TUN,2008,17.008
TUR,2008,18.2
TUV,2008,21.685
TZA,2008,39.579
UGA,2008,43.784
UKR,2008,11.014
UMC,2008,15.866350604782406
URY,2008,14.449
USA,2008,14.0
UZB,2008,23.155
VCT,2008,17.126
VEN,2008,21.058
VGB,2008,10.7
VIR,2008,15.8
VNM,2008,17.664
VUT,2008,32.495
WLD,2008,20.521768791634425
WSM,2008,29.769
XKX,2008,19.733
YEM,2008,36.918
ZAF,2008,24.33
ZMB,2008,42.632
ZWE,2008,36.361
ABW,2009,12.332
AFE,2009,38.441366401009006
AFG,2009,42.162
AFW,2009,41.71407530958894
AGO,2009,45.175
ALB,2009,12.326
AND,2009,10.101
ARB,2009,28.341481251284048
ARE,2009,11.083
ARG,2009,18.231
ARM,2009,14.5
ASM,2009,22.976
ATG,2009,16.578
AUS,2009,13.9
AUT,2009,9.2
AZE,2009,17.0
BDI,2009,46.489
BEL,2009,11.8
BEN,2009,39.982
BFA,2009,43.511
BGD,2009,22.829
BGR,2009,10.9
BHR,2009,15.462
BHS,2009,15.918
BIH,2009,9.761
BLR,2009,11.4
BLZ,2009,22.749
BMU,2009,11.768
BOL,2009,26.017
BRA,2009,15.564
BRB,2009,12.756
BRN,2009,16.241
BTN,2009,19.641
BWA,2009,28.396
CAF,2009,43.644
CAN,2009,11.4
CEB,2009,10.782550863438358
CHE,2009,10.1
CHI,2009,10.5
CHL,2009,14.363
CHN,2009,11.95
CIV,2009,40.745
CMR,2009,40.359
COD,2009,44.032
COG,2009,38.009
COL,2009,17.656
COM,2009,34.279
CPV,2009,19.504
CRI,2009,16.525
CSS,2009,17.447823547426644
CUB,2009,11.536
CUW,2009,13.0
CYM,2009,15.015
CYP,2009,12.07
CZE,2009,11.3
DEU,2009,8.1
DJI,2009,26.905
DMA,2009,14.252
DNK,2009,11.4
DOM,2009,22.344
DZA,2009,24.189
EAP,2009,14.530801038638826
EAR,2009,23.81301294618861
EAS,2009,13.96529747139523
ECA,2009,17.24469550505321
ECS,2009,12.679017783915286
ECU,2009,22.427
EGY,2009,27.209
EMU,2009,10.352271581783974
ERI,2009,34.213
ESP,2009,10.6
EST,2009,11.8
ETH,2009,37.538
EUU,2009,10.478054085396542
FIN,2009,11.3
FJI,2009,22.839
FRA,2009,12.8
FRO,2009,12.7
FSM,2009,25.821
GAB,2009,32.869
GBR,2009,12.7
GEO,2009,15.939
GHA,2009,32.585
GIB,2009,12.428
GIN,2009,39.928
GMB,2009,38.941
GNB,2009,38.748
GNQ,2009,38.548
GRC,2009,10.6
GRD,2009,16.505
GRL,2009,15.9
GTM,2009,28.199
GUM,2009,20.497
GUY,2009,22.055
HIC,2009,11.73624624217008
HKG,2009,11.8
HND,2009,26.96
HPC,2009,40.06345134998729
HRV,2009,10.1
HTI,2009,28.061
HUN,2009,9.6
IBD,2009,17.812769895014146
IBT,2009,22.028933023153062
IDA,2009,35.195641750366455
IDB,2009,36.81807133121273
IDN,2009,20.375
IDX,2009,34.31257921080428
IMN,2009,11.486
IND,2009,22.211
IRL,2009,16.7
IRN,2009,17.157
IRQ,2009,33.928
ISL,2009,15.8
ISR,2009,21.5
ITA,2009,9.6
JAM,2009,16.161
JOR,2009,28.568
JPN,2009,8.5
KAZ,2009,22.413
KEN,2009,37.169
KGZ,2009,25.2
KHM,2009,25.625
KIR,2009,31.084
KNA,2009,15.281
KOR,2009,9.0
KWT,2009,19.484
LAC,2009,18.845075123916182
LAO,2009,27.569
LBN,2009,17.99
LBR,2009,38.81
LBY,2009,23.155
LCA,2009,14.599
LCN,2009,18.62266535001784
LDC,2009,35.48614695927073
LIC,2009,39.49689044866412
LIE,2009,11.4
LKA,2009,17.628
LMC,2009,26.685163949026364
LMY,2009,22.401392754654143
LSO,2009,29.354
LTE,2009,13.173803591329621
LTU,2009,10.2
LUX,2009,11.3
LVA,2009,10.3
MAC,2009,8.9
MAF,2009,19.585
MAR,2009,21.913
MCO,2009,11.821
MDA,2009,14.951
MDG,2009,37.396
MDV,2009,21.267
MEA,2009,28.1350141808852
MEX,2009,20.567
MHL,2009,32.793
MIC,2009,20.72675942730316
MKD,2009,11.5
MLI,2009,47.015
MLT,2009,9.8
MMR,2009,19.681
MNA,2009,28.900605158095747
MNE,2009,14.0
MNG,2009,24.816
MNP,2009,20.624
MOZ,2009,42.908
MRT,2009,39.005
MUS,2009,12.3
MWI,2009,41.745
MYS,2009,17.29
NAC,2009,13.292245295064154
NAM,2009,30.616
NCL,2009,17.013
NER,2009,49.8
NGA,2009,42.497
NIC,2009,24.611
NLD,2009,11.2
NOR,2009,12.8
NPL,2009,23.236
NRU,2009,34.272
NZL,2009,14.53
OED,2009,12.812141026570291
OMN,2009,21.921
OSS,2009,20.379654925439734
PAK,2009,33.609
PAN,2009,21.177
PER,2009,20.444
PHL,2009,26.987
PLW,2009,13.649
PNG,2009,31.074
POL,2009,10.9
PRE,2009,41.5952139201554
PRI,2009,11.72
PRK,2009,13.403
PRT,2009,9.4
PRY,2009,22.907
PSE,2009,34.019
PSS,2009,27.953919314231964
PST,2009,11.287906836798124
PYF,2009,17.662
QAT,2009,10.98
ROU,2009,10.9
RUS,2009,12.3
RWA,2009,36.315
SAS,2009,22.227734777927868
SAU,2009,20.802
SDN,2009,38.084
SEN,2009,37.29
SGP,2009,9.9
SLB,2009,33.678
SLE,2009,39.853
SLV,2009,19.835
SMR,2009,10.7
SOM,2009,48.426
SRB,2009,9.6
SSA,2009,39.775018226436885
SSD,2009,41.025
SSF,2009,39.772843116220834
SST,2009,20.665789394136027
STP,2009,37.892
SUR,2009,21.053
SVK,2009,11.4
SVN,2009,10.7
SWE,2009,12.0
SWZ,2009,31.889
SXM,2009,12.844
SYC,2009,18.1
SYR,2009,29.249
TCA,2009,15.671
TCD,2009,49.257
TEA,2009,14.545401135944118
TEC,2009,14.626760340509465
TGO,2009,39.397
THA,2009,12.188
TJK,2009,31.411
TKM,2009,25.055
TLA,2009,18.816008414516755
TLS,2009,32.25
TMN,2009,28.866967866179298
TON,2009,28.398
TSA,2009,22.227734777927868
TSS,2009,39.772843116220834
TTO,2009,14.221
TUN,2009,17.303
TUR,2009,17.6
TUV,2009,21.876
TZA,2009,39.162
UGA,2009,43.381
UKR,2009,11.201
UMC,2009,15.694632042437098
URY,2009,14.328
USA,2009,13.5
UZB,2009,23.144
VCT,2009,17.181
VEN,2009,20.555
VGB,2009,10.273
VIR,2009,15.3
VNM,2009,17.528
VUT,2009,32.777
WLD,2009,20.361626607547443
WSM,2009,30.135
XKX,2009,19.623
YEM,2009,36.561
ZAF,2009,22.779
ZMB,2009,42.034
ZWE,2009,37.518
ABW,2010,11.941
AFE,2010,37.957387154759445
AFG,2010,41.759
AFW,2010,41.48456270442904
AGO,2010,44.661
ALB,2010,12.373
AND,2010,10.742
ARB,2010,28.409109617044027
ARE,2010,11.249
ARG,2010,18.314
ARM,2010,14.7
ASM,2010,22.361
ATG,2010,14.66
AUS,2010,13.7
AUT,2010,9.4
AZE,2010,18.3
BDI,2010,46.963
BEL,2010,11.9
BEN,2010,39.77
BFA,2010,43.2
BGD,2010,21.874
BGR,2010,10.2
BHR,2010,15.486
BHS,2010,14.565
BIH,2010,9.464
BLR,2010,11.4
BLZ,2010,21.974
BMU,2010,11.579
BOL,2010,25.619
BRA,2010,15.338
BRB,2010,12.768
BRN,2010,16.577
BTN,2010,18.901
BWA,2010,28.365
CAF,2010,44.961
CAN,2010,11.2
CEB,2010,10.544200781856622
CHE,2010,10.3
CHI,2010,10.5
CHL,2010,14.23
CHN,2010,11.9
CIV,2010,40.936
CMR,2010,39.837
COD,2010,43.92
COG,2010,38.911
COL,2010,16.93
COM,2010,34.437
CPV,2010,20.42
CRI,2010,15.407
CSS,2010,17.088865904366653
CUB,2010,11.428
CUW,2010,13.6
CYM,2010,14.69
CYP,2010,11.844
CZE,2010,11.2
DEU,2010,8.3
DJI,2010,26.291
DMA,2010,13.986
DNK,2010,11.4
DOM,2010,22.167
DZA,2010,24.556
EAP,2010,14.458426270163507
EAR,2010,23.42400723852301
EAS,2010,13.900890218882246
ECA,2010,17.132431615090823
ECS,2010,12.681867670731393
ECU,2010,21.887
EGY,2010,27.491
EMU,2010,10.330222062481726
ERI,2010,33.453
ESP,2010,10.4
EST,2010,11.9
ETH,2010,36.571
EUU,2010,10.432756306774996
FIN,2010,11.4
FJI,2010,22.328
FRA,2010,12.9
FRO,2010,13.2
FSM,2010,25.211
GAB,2010,33.031
GBR,2010,12.9
GEO,2010,15.638
GHA,2010,32.672
GIB,2010,12.551
GIN,2010,39.635
GMB,2010,38.872
GNB,2010,38.308
GNQ,2010,38.018
GRC,2010,10.3
GRD,2010,16.263
GRL,2010,15.4
GTM,2010,27.821
GUM,2010,20.939
GUY,2010,22.058
HIC,2010,11.615338946893575
HKG,2010,12.6
HND,2010,26.316
HPC,2010,39.70386833417944
HRV,2010,9.8
HTI,2010,27.72
HUN,2010,9.0
IBD,2010,17.61934896804629
IBT,2010,21.83773603730293
IDA,2010,34.83910533273053
IDB,2010,36.56454396584661
IDN,2010,20.362
IDX,2010,33.89693951930634
IMN,2010,11.312
IND,2010,21.633
IRL,2010,16.5
IRN,2010,17.276
IRQ,2010,34.604
ISL,2010,15.4
ISR,2010,21.8
ITA,2010,9.4
JAM,2010,15.555
JOR,2010,28.07
JPN,2010,8.5
KAZ,2010,22.615
KEN,2010,36.266
KGZ,2010,26.8
KHM,2010,25.036
KIR,2010,31.247
KNA,2010,14.947
KOR,2010,9.4
KWT,2010,18.876
LAC,2010,18.565673155512894
LAO,2010,27.195
LBN,2010,18.605
LBR,2010,37.967
LBY,2010,23.545
LCA,2010,13.789
LCN,2010,18.34298099226136
LDC,2010,35.032900390635696
LIC,2010,39.060528312220384
LIE,2010,9.1
LKA,2010,17.147
LMC,2010,26.283317750654504
LMY,2010,22.19678166975768
LSO,2010,29.163
LTE,2010,13.108833996595788
LTU,2010,9.9
LUX,2010,11.6
LVA,2010,9.4
MAC,2010,9.5
MAF,2010,18.976
MAR,2010,21.871
MCO,2010,11.328
MDA,2010,14.785
MDG,2010,36.746
MDV,2010,20.889
MEA,2010,28.180002502862123
MEX,2010,20.331
MHL,2010,30.935
MIC,2010,20.51879677438971
MKD,2010,11.8
MLI,2010,46.892
MLT,2010,9.4
MMR,2010,19.365
MNA,2010,28.958575488824188
MNE,2010,12.0
MNG,2010,23.1
MNP,2010,20.67
MOZ,2010,42.806
MRT,2010,38.939
MUS,2010,12.0
MWI,2010,40.686
MYS,2010,16.906
NAC,2010,12.821512418519873
NAM,2010,31.006
NCL,2010,16.774
NER,2010,49.353
NGA,2010,42.139
NIC,2010,24.345
NLD,2010,11.1
NOR,2010,12.6
NPL,2010,22.851
NRU,2010,36.097
NZL,2010,14.68
OED,2010,12.64915975793185
OMN,2010,23.352
OSS,2010,20.0007682803259
PAK,2010,33.525
PAN,2010,20.984
PER,2010,19.884
PHL,2010,26.564
PLW,2010,13.65
PNG,2010,30.734
POL,2010,10.9
PRE,2010,41.29394859551157
PRI,2010,11.3
PRK,2010,13.294
PRT,2010,9.6
PRY,2010,22.544
PSE,2010,34.543
PSS,2010,27.66827596412858
PST,2010,11.15129388936949
PYF,2010,17.823
QAT,2010,11.223
ROU,2010,10.5
RUS,2010,12.5
RWA,2010,35.149
SAS,2010,21.61509944864485
SAU,2010,20.127
SDN,2010,37.987
SEN,2010,37.254
SGP,2010,9.3
SLB,2010,33.203
SLE,2010,39.115
SLV,2010,19.69
SMR,2010,10.3
SOM,2010,48.062
SRB,2010,9.4
SSA,2010,39.395167325900864
SSD,2010,39.878
SSF,2010,39.392899116990996
SST,2010,20.30811273851791
STP,2010,37.323
SUR,2010,20.718
SVK,2010,11.2
SVN,2010,10.9
SWE,2010,12.3
SWZ,2010,30.867
SXM,2010,13.666
SYC,2010,16.8
SYR,2010,28.673
TCA,2010,14.898
TCD,2010,48.979
TEA,2010,14.47346148123277
TEC,2010,14.613129975272154
TGO,2010,39.292
THA,2010,12.009
TJK,2010,31.984
TKM,2010,25.713
TLA,2010,18.532112933557315
TLS,2010,31.488
TMN,2010,28.92171501772798
TON,2010,28.008
TSA,2010,21.61509944864485
TSS,2010,39.392899116990996
TTO,2010,14.087
TUN,2010,17.94
TUR,2010,17.2
TUV,2010,22.175
TZA,2010,38.756
UGA,2010,42.889
UKR,2010,10.915
UMC,2010,15.607350020724502
URY,2010,14.246
USA,2010,13.0
UZB,2010,22.449
VCT,2010,16.783
VEN,2010,20.276
VGB,2010,9.93
VIR,2010,14.8
VNM,2010,17.409
VUT,2010,32.951
WLD,2010,20.18858328197956
WSM,2010,30.537
XKX,2010,18.83
YEM,2010,35.609
ZAF,2010,22.178
ZMB,2010,41.393
ZWE,2010,37.869
ABW,2011,12.175
AFE,2011,37.44069497450484
AFG,2011,40.973
AFW,2011,41.166721047519374
AGO,2011,44.136
ALB,2011,12.406
AND,2011,10.469
ARB,2011,28.34866449600155
ARE,2011,11.372
ARG,2011,18.172
ARM,2011,14.3
ASM,2011,21.784
ATG,2011,14.259
AUS,2011,13.6
AUT,2011,9.3
AZE,2011,19.2
BDI,2011,45.978
BEL,2011,11.7
BEN,2011,39.691
BFA,2011,42.76
BGD,2011,21.114
BGR,2011,9.6
BHR,2011,15.441
BHS,2011,14.273
BIH,2011,8.865
BLR,2011,11.5
BLZ,2011,22.011
BMU,2011,10.082
BOL,2011,25.221
BRA,2011,15.141
BRB,2011,12.46
BRN,2011,16.966
BTN,2011,18.224
BWA,2011,28.038
CAF,2011,45.314
CAN,2011,11.0
CEB,2011,9.973222786084188
CHE,2011,10.2
CHI,2011,10.5
CHL,2011,14.017
CHN,2011,13.27
CIV,2011,40.846
CMR,2011,39.217
COD,2011,43.981
COG,2011,38.403
COL,2011,16.321
COM,2011,34.512
CPV,2011,20.578
CRI,2011,15.759
CSS,2011,16.89132485175931
CUB,2011,11.771
CUW,2011,13.1
CYM,2011,14.099
CYP,2011,11.344
CZE,2011,10.4
DEU,2011,8.3
DJI,2011,25.657
DMA,2011,13.719
DNK,2011,10.6
DOM,2011,21.871
DZA,2011,24.76
EAP,2011,15.40548871689821
EAR,2011,23.09990215572337
EAS,2011,14.75151345363881
ECA,2011,17.04269642080611
ECS,2011,12.525297815259531
ECU,2011,21.78
EGY,2011,27.476
EMU,2011,10.125680280241593
ERI,2011,33.032
ESP,2011,10.1
EST,2011,11.1
ETH,2011,35.671
EUU,2011,10.13106217240312
FIN,2011,11.1
FJI,2011,21.76
FRA,2011,12.7
FRO,2011,12.0
FSM,2011,24.742
GAB,2011,33.011
GBR,2011,12.8
GEO,2011,14.987
GHA,2011,32.685
GIB,2011,12.629
GIN,2011,39.165
GMB,2011,38.808
GNB,2011,38.019
GNQ,2011,37.495
GRC,2011,9.6
GRD,2011,16.012
GRL,2011,14.4
GTM,2011,27.516
GUM,2011,20.152
GUY,2011,22.252
HIC,2011,11.458489835902647
HKG,2011,13.5
HND,2011,25.776
HPC,2011,39.21568285323146
HRV,2011,9.6
HTI,2011,27.356
HUN,2011,8.8
IBD,2011,17.90719405745541
IBT,2011,21.986456179844765
IDA,2011,34.40063587362359
IDB,2011,36.11203621314274
IDN,2011,20.611
IDX,2011,33.464230957247835
IMN,2011,11.095
IND,2011,21.156
IRL,2011,16.2
IRN,2011,17.673
IRQ,2011,35.493
ISL,2011,14.1
ISR,2011,21.4
ITA,2011,9.1
JAM,2011,14.93
JOR,2011,27.398
JPN,2011,8.3
KAZ,2011,22.489
KEN,2011,35.009
KGZ,2011,27.1
KHM,2011,24.631
KIR,2011,31.427
KNA,2011,14.695
KOR,2011,9.4
KWT,2011,18.058
LAC,2011,18.346768096120456
LAO,2011,26.777
LBN,2011,19.033
LBR,2011,36.93
LBY,2011,24.905
LCA,2011,12.394
LCN,2011,18.131926308601937
LDC,2011,34.56490504520286
LIC,2011,38.553141695931316
LIE,2011,10.9
LKA,2011,17.091
LMC,2011,25.88445893636347
LMY,2011,22.352758154890513
LSO,2011,30.209
LTE,2011,13.916164144120025
LTU,2011,10.0
LUX,2011,10.9
LVA,2011,9.1
MAC,2011,10.6
MAF,2011,19.064
MAR,2011,21.506
MCO,2011,10.209
MDA,2011,14.264
MDG,2011,35.751
MDV,2011,20.401
MEA,2011,28.057267617495217
MEX,2011,20.095
MHL,2011,29.216
MIC,2011,20.71576720011073
MKD,2011,11.1
MLI,2011,46.477
MLT,2011,10.0
MMR,2011,19.086
MNA,2011,28.846388708317942
MNE,2011,11.6
MNG,2011,25.1
MNP,2011,21.409
MOZ,2011,42.454
MRT,2011,38.941
MUS,2011,11.7
MWI,2011,39.69
MYS,2011,17.186
NAC,2011,12.53091751282407
NAM,2011,31.142
NCL,2011,16.834
NER,2011,48.823
NGA,2011,41.793
NIC,2011,23.959
NLD,2011,10.8
NOR,2011,12.2
NPL,2011,22.653
NRU,2011,36.803
NZL,2011,14.0
OED,2011,12.409350771326855
OMN,2011,21.582
OSS,2011,19.62661744680798
PAK,2011,33.045
PAN,2011,20.98
PER,2011,19.75
PHL,2011,26.007
PLW,2011,13.8
PNG,2011,30.304
POL,2011,10.2
PRE,2011,40.885271935136984
PRI,2011,11.1
PRK,2011,13.273
PRT,2011,9.2
PRY,2011,22.483
PSE,2011,34.083
PSS,2011,27.421320058304996
PST,2011,10.962158021722832
PYF,2011,16.92
QAT,2011,11.33
ROU,2011,9.7
RUS,2011,12.6
RWA,2011,33.8
SAS,2011,21.119738549742063
SAU,2011,20.324
SDN,2011,37.317
SEN,2011,37.391
SGP,2011,9.5
SLB,2011,32.962
SLE,2011,38.518
SLV,2011,19.618
SMR,2011,10.0
SOM,2011,48.58
SRB,2011,9.1
SSA,2011,38.96032282365314
SSD,2011,39.791
SSF,2011,38.95838581648234
SST,2011,19.99845533411238
STP,2011,36.847
SUR,2011,20.423
SVK,2011,11.3
SVN,2011,10.7
SWE,2011,11.8
SWZ,2011,30.402
SXM,2011,14.445
SYC,2011,18.6
SYR,2011,28.11
TCA,2011,14.192
TCD,2011,48.49
TEA,2011,15.432834424737429
TEC,2011,14.501752547914487
TGO,2011,38.525
THA,2011,11.943
TJK,2011,32.205
TKM,2011,26.298
TLA,2011,18.308011296933504
TLS,2011,30.679
TMN,2011,28.811675545326686
TON,2011,27.656
TSA,2011,21.11973854974206
TSS,2011,38.95838581648234
TTO,2011,13.928
TUN,2011,18.892
TUR,2011,16.9
TUV,2011,22.54
TZA,2011,38.108
UGA,2011,42.22
UKR,2011,11.054
UMC,2011,16.27523774819088
URY,2011,14.052
USA,2011,12.7
UZB,2011,21.929
VCT,2011,16.093
VEN,2011,20.197
VGB,2011,9.929
VIR,2011,13.8
VNM,2011,17.588
VUT,2011,33.094
WLD,2011,20.301165627854736
WSM,2011,30.785
XKX,2011,17.137
YEM,2011,34.708
ZAF,2011,22.075
ZMB,2011,40.661
ZWE,2011,38.142
ABW,2012,12.592
AFE,2012,36.87716876787331
AFG,2012,40.702
AFW,2012,40.69118421529287
AGO,2012,43.61
ALB,2012,12.868
AND,2012,10.172
ARB,2012,28.368001476943387
ARE,2012,11.678
ARG,2012,17.48
ARM,2012,14.0
ASM,2012,21.266
ATG,2012,13.456
AUS,2012,13.7
AUT,2012,9.4
AZE,2012,18.8
BDI,2012,44.758
BEL,2012,11.5
BEN,2012,39.706
BFA,2012,42.28
BGD,2012,20.709
BGR,2012,9.5
BHR,2012,15.438
BHS,2012,14.075
BIH,2012,8.87
BLR,2012,12.2
BLZ,2012,22.002
BMU,2012,9.632
BOL,2012,24.83
BRA,2012,14.935
BRB,2012,12.153
BRN,2012,17.096
BTN,2012,17.589
BWA,2012,27.742
CAF,2012,45.147
CAN,2012,11.0
CEB,2012,9.970896108663823
CHE,2012,10.3
CHI,2012,10.3
CHL,2012,13.776
CHN,2012,14.57
CIV,2012,40.688
CMR,2012,38.651
COD,2012,43.95
COG,2012,37.82
COL,2012,15.986
COM,2012,34.241
CPV,2012,19.108
CRI,2012,15.461
CSS,2012,16.782191604005728
CUB,2012,11.241
CUW,2012,13.4
CYM,2012,13.072
CYP,2012,11.609
CZE,2012,10.3
DEU,2012,8.4
DJI,2012,25.061
DMA,2012,13.87
DNK,2012,10.4
DOM,2012,21.522
DZA,2012,25.656
EAP,2012,16.22691156743417
EAR,2012,22.770030587711886
EAS,2012,15.502266958653816
ECA,2012,17.30806364013398
ECS,2012,12.657039127554153
ECU,2012,20.944
EGY,2012,28.117
EMU,2012,9.967423522247993
ERI,2012,32.41
ESP,2012,9.7
EST,2012,10.6
ETH,2012,34.563
EUU,2012,10.015845476789018
FIN,2012,11.0
FJI,2012,21.583
FRA,2012,12.6
FRO,2012,12.8
FSM,2012,24.37
GAB,2012,32.49
GBR,2012,12.8
GEO,2012,14.856
GHA,2012,32.519
GIB,2012,12.734
GIN,2012,38.7
GMB,2012,38.814
GNB,2012,37.577
GNQ,2012,36.773
GRC,2012,9.1
GRD,2012,15.78
GRL,2012,13.8
GTM,2012,27.231
GUM,2012,21.7
GUY,2012,22.318
HIC,2012,11.505943213086034
HKG,2012,12.8
HND,2012,25.306
HPC,2012,38.72972506934023
HRV,2012,9.8
HTI,2012,26.685
HUN,2012,9.1
IBD,2012,18.171999250415357
IBT,2012,22.116405209186215
IDA,2012,33.983316208400616
IDB,2012,35.52523766198666
IDN,2012,20.41
IDX,2012,33.13907171425584
IMN,2012,10.763
IND,2012,20.672
IRL,2012,15.6
IRN,2012,18.138
IRQ,2012,34.833
ISL,2012,14.1
ISR,2012,21.6
ITA,2012,8.9
JAM,2012,14.409
JOR,2012,26.895
JPN,2012,8.2
KAZ,2012,22.643
KEN,2012,33.674
KGZ,2012,27.6
KHM,2012,24.578
KIR,2012,30.798
KNA,2012,14.446
KOR,2012,9.6
KWT,2012,17.754
LAC,2012,18.033770953447434
LAO,2012,26.174
LBN,2012,18.962
LBR,2012,37.426
LBY,2012,22.587
LCA,2012,12.448
LCN,2012,17.82535815056931
LDC,2012,34.209313892015324
LIC,2012,38.09238254875276
LIE,2012,9.7
LKA,2012,17.148
LMC,2012,25.501684366130686
LMY,2012,22.46489069360833
LSO,2012,30.027
LTE,2012,14.736412355595009
LTU,2012,10.0
LUX,2012,11.3
LVA,2012,9.8
MAC,2012,12.9
MAF,2012,21.642
MAR,2012,20.978
MCO,2012,10.28
MDA,2012,14.251
MDG,2012,35.061
MDV,2012,19.774
MEA,2012,28.009521998529365
MEX,2012,19.855
MHL,2012,27.707
MIC,2012,20.863216368426446
MKD,2012,11.4
MLI,2012,46.279
MLT,2012,9.8
MMR,2012,18.819
MNA,2012,28.811678727595012
MNE,2012,12.0
MNG,2012,26.0
MNP,2012,21.778
MOZ,2012,42.019
MRT,2012,38.74
MUS,2012,11.5
MWI,2012,38.564
MYS,2012,17.002
NAC,2012,12.440367353603301
NAM,2012,31.352
NCL,2012,16.788
NER,2012,48.217
NGA,2012,41.116
NIC,2012,23.615
NLD,2012,10.5
NOR,2012,12.0
NPL,2012,22.651
NRU,2012,36.144
NZL,2012,13.87
OED,2012,12.335922801806642
OMN,2012,20.686
OSS,2012,19.29592276937537
PAK,2012,32.48
PAN,2012,20.732
PER,2012,19.21
PHL,2012,25.22
PLW,2012,13.99
PNG,2012,29.802
POL,2012,10.1
PRE,2012,40.356261898780446
PRI,2012,10.6
PRK,2012,13.316
PRT,2012,8.5
PRY,2012,22.559
PSE,2012,33.371
PSS,2012,27.263928738768765
PST,2012,10.91042015456346
PYF,2012,16.532
QAT,2012,11.397
ROU,2012,10.0
RUS,2012,13.3
RWA,2012,32.852
SAS,2012,20.660587726654928
SAU,2012,20.387
SDN,2012,36.59
SEN,2012,37.536
SGP,2012,10.1
SLB,2012,32.734
SLE,2012,37.775
SLV,2012,19.39
SMR,2012,8.7
SOM,2012,48.159
SRB,2012,9.3
SSA,2012,38.43331539130747
SSD,2012,39.141
SSF,2012,38.43146118478464
SST,2012,19.748381010775642
STP,2012,36.364
SUR,2012,20.332
SVK,2012,10.3
SVN,2012,10.7
SWE,2012,11.9
SWZ,2012,29.952
SXM,2012,14.085
SYC,2012,18.6
SYR,2012,27.722
TCA,2012,13.443
TCD,2012,48.177
TEA,2012,16.264034057392248
TEC,2012,14.881236044659492
TGO,2012,37.494
THA,2012,11.758
TJK,2012,32.012
TKM,2012,26.876
TLA,2012,18.004431818604154
TLS,2012,29.794
TMN,2012,28.781313124177956
TON,2012,27.277
TSA,2012,20.660587726654928
TSS,2012,38.431461184784624
TTO,2012,13.749
TUN,2012,19.58
TUR,2012,17.2
TUV,2012,22.887
TZA,2012,38.102
UGA,2012,41.419
UKR,2012,11.419
UMC,2012,16.849630749126373
URY,2012,14.208
USA,2012,12.6
UZB,2012,21.959
VCT,2012,16.2
VEN,2012,19.94
VGB,2012,9.322
VIR,2012,13.1
VNM,2012,17.892
VUT,2012,33.172
WLD,2012,20.414916627937025
WSM,2012,30.69
XKX,2012,16.516
YEM,2012,35.166
ZAF,2012,22.118
ZMB,2012,39.864
ZWE,2012,37.805
ABW,2013,12.548
AFE,2013,36.346369428591636
AFG,2013,40.288
AFW,2013,40.09758673682843
AGO,2013,43.065
ALB,2013,13.137
AND,2013,9.03
ARB,2013,28.141890921933662
ARE,2013,11.819
ARG,2013,17.683
ARM,2013,13.8
ASM,2013,20.73
ATG,2013,12.436
AUS,2013,13.3
AUT,2013,9.4
AZE,2013,18.3
BDI,2013,43.899
BEL,2013,11.3
BEN,2013,39.582
BFA,2013,41.703
BGD,2013,20.55
BGR,2013,9.3
BHR,2013,15.585
BHS,2013,13.902
BIH,2013,8.735
BLR,2013,12.5
BLZ,2013,22.055
BMU,2013,9.393
BOL,2013,24.437
BRA,2013,14.785
BRB,2013,12.029
BRN,2013,16.913
BTN,2013,17.065
BWA,2013,27.183
CAF,2013,44.657
CAN,2013,10.9
CEB,2013,9.643967055846696
CHE,2013,10.2
CHI,2013,10.1
CHL,2013,13.622
CHN,2013,13.03
CIV,2013,40.451
CMR,2013,38.076
COD,2013,43.69
COG,2013,36.824
COL,2013,15.63
COM,2013,33.856
CPV,2013,18.401
CRI,2013,14.77
CSS,2013,16.666312011794215
CUB,2013,11.156
CUW,2013,12.7
CYM,2013,12.215
CYP,2013,11.027
CZE,2013,10.2
DEU,2013,8.5
DJI,2013,24.592
DMA,2013,13.294
DNK,2013,10.0
DOM,2013,21.179
DZA,2013,25.524
EAP,2013,15.048549393678977
EAR,2013,22.326431215190738
EAS,2013,14.395836153648718
ECA,2013,17.36029997718998
ECS,2013,12.480005259717236
ECU,2013,19.656
EGY,2013,28.591
EMU,2013,9.71894563438853
ERI,2013,31.702
ESP,2013,9.1
EST,2013,10.3
ETH,2013,33.644
EUU,2013,9.749255478706427
FIN,2013,10.7
FJI,2013,21.495
FRA,2013,12.4
FRO,2013,13.0
FSM,2013,24.03
GAB,2013,31.919
GBR,2013,12.1
GEO,2013,15.065
GHA,2013,32.219
GIB,2013,13.284
GIN,2013,38.379
GMB,2013,38.097
GNB,2013,37.082
GNQ,2013,36.034
GRC,2013,8.6
GRD,2013,15.401
GRL,2013,14.5
GTM,2013,26.716
GUM,2013,19.939
GUY,2013,22.562
HIC,2013,11.217812142806519
HKG,2013,8.0
HND,2013,24.803
HPC,2013,38.229406061237185
HRV,2013,9.4
HTI,2013,26.065
HUN,2013,9.1
IBD,2013,17.451244757471354
IBT,2013,21.50935380180038
IDA,2013,33.59904529976279
IDB,2013,34.97777858673372
IDN,2013,19.643
IDX,2013,32.843545548725665
IMN,2013,10.418
IND,2013,20.061
IRL,2013,14.9
IRN,2013,18.531
IRQ,2013,34.14
ISL,2013,13.4
ISR,2013,21.3
ITA,2013,8.5
JAM,2013,13.979
JOR,2013,24.926
JPN,2013,8.2
KAZ,2013,22.646
KEN,2013,32.427
KGZ,2013,27.2
KHM,2013,24.56
KIR,2013,30.046
KNA,2013,14.142
KOR,2013,8.6
KWT,2013,16.818
LAC,2013,17.778405017575274
LAO,2013,25.623
LBN,2013,18.016
LBR,2013,36.234
LBY,2013,22.54
LCA,2013,12.493
LCN,2013,17.571600368168692
LDC,2013,33.88841301244291
LIC,2013,37.60902791969609
LIE,2013,9.2
LKA,2013,17.028
LMC,2013,25.05963046594895
LMY,2013,21.840925076200154
LSO,2013,29.988
LTE,2013,13.722050239705352
LTU,2013,9.7
LUX,2013,11.3
LVA,2013,10.2
MAC,2013,11.1
MAF,2013,20.986
MAR,2013,20.341
MCO,2013,10.131
MDA,2013,13.795
MDG,2013,34.672
MDV,2013,18.803
MEA,2013,27.7664103607918
MEX,2013,19.557
MHL,2013,26.395
MIC,2013,20.204268181444917
MKD,2013,11.2
MLI,2013,45.461
MLT,2013,9.5
MMR,2013,18.684
MNA,2013,28.608452149162662
MNE,2013,12.0
MNG,2013,27.5
MNP,2013,22.776
MOZ,2013,41.554
MRT,2013,38.509
MUS,2013,10.9
MWI,2013,37.722
MYS,2013,16.761
NAC,2013,12.249908978484061
NAM,2013,31.177
NCL,2013,16.442
NER,2013,47.796
NGA,2013,40.441
NIC,2013,23.203
NLD,2013,10.2
NOR,2013,11.6
NPL,2013,22.458
NRU,2013,35.342
NZL,2013,13.2
OED,2013,12.080615860170068
OMN,2013,20.947
OSS,2013,18.840778612453974
PAK,2013,31.902
PAN,2013,20.42
PER,2013,18.82
PHL,2013,24.56
PLW,2013,14.024
PNG,2013,29.354
POL,2013,9.7
PRE,2013,39.790249687003374
PRI,2013,10.1
PRK,2013,13.357
PRT,2013,7.9
PRY,2013,22.474
PSE,2013,32.9
PSS,2013,27.125902320293786
PST,2013,10.62787626960351
PYF,2013,15.713
QAT,2013,11.367
ROU,2013,9.4
RUS,2013,13.2
RWA,2013,32.409
SAS,2013,20.11265405188244
SAU,2013,19.712
SDN,2013,36.015
SEN,2013,36.748
SGP,2013,9.3
SLB,2013,32.486
SLE,2013,36.6
SLV,2013,19.185
SMR,2013,9.7
SOM,2013,47.744
SRB,2013,9.2
SSA,2013,37.87675063336807
SSD,2013,38.295
SSF,2013,37.8748532651062
SST,2013,19.41981290041388
STP,2013,35.361
SUR,2013,20.123
SVK,2013,10.1
SVN,2013,10.2
SWE,2013,11.8
SWZ,2013,29.646
SXM,2013,13.544
SYC,2013,17.4
SYR,2013,26.868
TCA,2013,13.001
TCD,2013,47.429
TEA,2013,15.07008570087497
TEC,2013,14.82168372527883
TGO,2013,36.722
THA,2013,11.367
TJK,2013,32.145
TKM,2013,27.351
TLA,2013,17.746813258002444
TLS,2013,28.962
TMN,2013,28.57972760859061
TON,2013,26.866
TSA,2013,20.112654051882437
TSS,2013,37.874853265106196
TTO,2013,13.51
TUN,2013,19.755
TUR,2013,17.0
TUV,2013,22.831
TZA,2013,38.408
UGA,2013,40.551
UKR,2013,11.172
UMC,2013,15.9738846465009
URY,2013,14.336
USA,2013,12.4
UZB,2013,22.989
VCT,2013,16.021
VEN,2013,19.475
VGB,2013,9.313
VIR,2013,13.1
VNM,2013,17.888
VUT,2013,33.235
WLD,2013,19.866804634589208
WSM,2013,30.533
XKX,2013,16.453
YEM,2013,35.483
ZAF,2013,21.894
ZMB,2013,38.983
ZWE,2013,36.975
ABW,2014,12.864
AFE,2014,35.93152903271287
AFG,2014,39.646
AFW,2014,39.515151431638536
AGO,2014,42.503
ALB,2014,13.071
AND,2014,8.973
ARB,2014,27.821503842211047
ARE,2014,11.471
ARG,2014,18.019
ARM,2014,14.3
ASM,2014,20.317
ATG,2014,12.31
AUS,2014,13.2
AUT,2014,9.6
AZE,2014,17.9
BDI,2014,42.901
BEL,2014,11.2
BEN,2014,39.342
BFA,2014,40.862
BGD,2014,20.298
BGR,2014,9.6
BHR,2014,15.625
BHS,2014,13.503
BIH,2014,8.399
BLR,2014,12.5
BLZ,2014,21.972
BMU,2014,8.844
BOL,2014,24.041
BRA,2014,14.784
BRB,2014,11.905
BRN,2014,16.627
BTN,2014,16.422
BWA,2014,26.795
CAF,2014,44.647
CAN,2014,10.9
CEB,2014,9.942226737176798
CHE,2014,10.4
CHI,2014,9.8
CHL,2014,13.473
CHN,2014,13.83
CIV,2014,39.841
CMR,2014,37.548
COD,2014,43.505
COG,2014,35.819
COL,2014,15.258
COM,2014,33.322
CPV,2014,18.079
CRI,2014,14.848
CSS,2014,16.507447186382695
CUB,2014,10.873
CUW,2014,12.6
CYM,2014,11.241
CYP,2014,11.141
CZE,2014,10.4
DEU,2014,8.8
DJI,2014,24.094
DMA,2014,13.684
DNK,2014,10.1
DOM,2014,20.844
DZA,2014,26.063
EAP,2014,15.482275505417183
EAR,2014,21.740238582085734
EAS,2014,14.781607539624327
ECA,2014,17.639868497238275
ECS,2014,12.628458665413358
ECU,2014,18.896
EGY,2014,28.393
EMU,2014,9.78333289357364
ERI,2014,31.456
ESP,2014,9.2
EST,2014,10.3
ETH,2014,33.408
EUU,2014,9.861819816469273
FIN,2014,10.5
FJI,2014,21.291
FRA,2014,12.4
FRO,2014,13.3
FSM,2014,23.781
GAB,2014,31.384
GBR,2014,12.0
GEO,2014,16.09
GHA,2014,31.547
GIB,2014,13.127
GIN,2014,38.046
GMB,2014,36.907
GNB,2014,36.096
GNQ,2014,35.282
GRC,2014,8.5
GRD,2014,14.529
GRL,2014,14.3
GTM,2014,26.467
GUM,2014,20.228
GUY,2014,22.606
HIC,2014,11.284322442987651
HKG,2014,8.6
HND,2014,24.388
HPC,2014,37.766886924521664
HRV,2014,9.4
HTI,2014,25.751
HUN,2014,9.5
IBD,2014,17.36708979945851
IBT,2014,21.37665516572815
IDA,2014,33.19909238088102
IDB,2014,34.45024321347152
IDN,2014,19.091
IDX,2014,32.513622471494074
IMN,2014,10.113
IND,2014,19.089
IRL,2014,14.4
IRN,2014,18.828
IRQ,2014,33.329
ISL,2014,13.4
ISR,2014,21.5
ITA,2014,8.3
JAM,2014,13.62
JOR,2014,24.324
JPN,2014,8.0
KAZ,2014,23.017
KEN,2014,31.542
KGZ,2014,27.7
KHM,2014,24.403
KIR,2014,29.313
KNA,2014,13.958
KOR,2014,8.6
KWT,2014,16.712
LAC,2014,17.547538492455782
LAO,2014,25.049
LBN,2014,18.812
LBR,2014,35.221
LBY,2014,22.623
LCA,2014,12.394
LCN,2014,17.34681300303988
LDC,2014,33.602348903232844
LIC,2014,37.177523803348514
LIE,2014,10.0
LKA,2014,16.522
LMC,2014,24.400133924240382
LMY,2014,21.694007889610972
LSO,2014,29.5
LTE,2014,14.23740625617983
LTU,2014,10.0
LUX,2014,10.9
LVA,2014,10.9
MAC,2014,11.8
MAF,2014,20.638
MAR,2014,19.787
MCO,2014,10.684
MDA,2014,15.295
MDG,2014,34.18
MDV,2014,17.76
MEA,2014,27.436080761696978
MEX,2014,18.959
MHL,2014,25.695
MIC,2014,20.067120076047505
MKD,2014,11.4
MLI,2014,44.983
MLT,2014,9.6
MMR,2014,18.551
MNA,2014,28.261838972343885
MNE,2014,12.1
MNG,2014,28.0
MNP,2014,21.455
MOZ,2014,40.792
MRT,2014,38.127
MUS,2014,10.6
MWI,2014,36.503
MYS,2014,16.724
NAC,2014,12.33953223280434
NAM,2014,31.011
NCL,2014,16.031
NER,2014,47.2
NGA,2014,39.892
NIC,2014,22.836
NLD,2014,10.4
NOR,2014,11.5
NPL,2014,22.39
NRU,2014,34.687
NZL,2014,12.67
OED,2014,12.079692222365768
OMN,2014,21.166
OSS,2014,18.51111074107944
PAK,2014,31.303
PAN,2014,20.147
PER,2014,18.366
PHL,2014,23.404
PLW,2014,13.362
PNG,2014,28.899
POL,2014,9.9
PRE,2014,39.23294140950542
PRI,2014,9.7
PRK,2014,13.411
PRT,2014,7.9
PRY,2014,22.635
PSE,2014,32.782
PSS,2014,27.002391744652158
PST,2014,10.637459116968575
PYF,2014,15.799
QAT,2014,11.131
ROU,2014,10.0
RUS,2014,13.3
RWA,2014,32.24
SAS,2014,19.238018383635684
SAU,2014,19.822
SDN,2014,35.491
SEN,2014,35.48
SGP,2014,9.8
SLB,2014,32.554
SLE,2014,35.62
SLV,2014,19.014
SMR,2014,9.1
SOM,2014,47.457
SRB,2014,9.3
SSA,2014,37.39374486368005
SSD,2014,38.191
SSF,2014,37.39187690384595
SST,2014,19.162322839158183
STP,2014,34.27
SUR,2014,19.859
SVK,2014,10.2
SVN,2014,10.3
SWE,2014,11.9
SWZ,2014,29.02
SXM,2014,12.925
SYC,2014,17.0
SYR,2014,23.784
TCA,2014,12.905
TCD,2014,47.052
TEA,2014,15.508521826041967
TEC,2014,15.061919897504573
TGO,2014,36.337
THA,2014,10.95
TJK,2014,32.233
TKM,2014,27.466
TLA,2014,17.521661560554293
TLS,2014,28.055
TMN,2014,28.23143163050726
TON,2014,26.391
TSA,2014,19.238018383635684
TSS,2014,37.39187690384593
TTO,2014,13.289
TUN,2014,19.658
TUR,2014,17.5
TUV,2014,22.975
TZA,2014,38.355
UGA,2014,39.714
UKR,2014,10.632
UMC,2014,16.267213539853877
URY,2014,14.235
USA,2014,12.5
UZB,2014,23.846
VCT,2014,16.119
VEN,2014,19.055
VGB,2014,10.821
VIR,2014,13.2
VNM,2014,18.671
VUT,2014,33.085
WLD,2014,19.772332938829773
WSM,2014,30.248
XKX,2014,15.797
YEM,2014,35.738
ZAF,2014,21.784
ZMB,2014,38.114
ZWE,2014,35.407
ABW,2015,11.556
AFE,2015,35.455124884071935
AFG,2015,39.364
AFW,2015,38.77401262722755
AGO,2015,41.847
ALB,2015,12.431
AND,2015,9.132
ARB,2015,27.38462492623583
ARE,2015,11.02
ARG,2015,17.665
ARM,2015,13.9
ASM,2015,19.821
ATG,2015,12.587
AUS,2015,12.9
AUT,2015,9.8
AZE,2015,17.2
BDI,2015,42.257
BEL,2015,10.8
BEN,2015,38.996
BFA,2015,40.043
BGD,2015,20.254
BGR,2015,9.4
BHR,2015,15.36
BHS,2015,12.607
BIH,2015,8.515
BLR,2015,12.5
BLZ,2015,21.698
BMU,2015,9.055
BOL,2015,23.653
BRA,2015,14.684
BRB,2015,11.798
BRN,2015,16.239
BTN,2015,15.656
BWA,2015,26.475
CAF,2015,43.338
CAN,2015,10.7
CEB,2015,9.893994840422845
CHE,2015,10.5
CHI,2015,9.5
CHL,2015,13.147
CHN,2015,11.99
CIV,2015,38.768
CMR,2015,37.719
COD,2015,43.236
COG,2015,34.932
COL,2015,14.764
COM,2015,32.78
CPV,2015,17.459
CRI,2015,14.704
CSS,2015,16.22992499497588
CUB,2015,10.938
CUW,2015,11.9
CYM,2015,10.64
CYP,2015,11.242
CZE,2015,10.5
DEU,2015,9.0
DJI,2015,23.567
DMA,2015,13.106
DNK,2015,10.2
DOM,2015,20.538
DZA,2015,25.811
EAP,2015,14.136326881217926
EAR,2015,21.46649826297715
EAS,2015,13.579605251399567
ECA,2015,17.31623199889652
ECS,2015,12.492269873210367
ECU,2015,18.357
EGY,2015,28.184
EMU,2015,9.664297204812247
ERI,2015,30.554
ESP,2015,9.0
EST,2015,10.6
ETH,2015,33.331
EUU,2015,9.757106738805549
FIN,2015,10.1
FJI,2015,20.998
FRA,2015,12.0
FRO,2015,12.5
FSM,2015,23.573
GAB,2015,31.085
GBR,2015,11.9
GEO,2015,16.021
GHA,2015,31.114
GIB,2015,12.993
GIN,2015,37.767
GMB,2015,35.746
GNB,2015,35.199
GNQ,2015,34.531
GRC,2015,8.5
GRD,2015,13.855
GRL,2015,15.2
GTM,2015,26.222
GUM,2015,19.936
GUY,2015,22.516
HIC,2015,11.200738266883777
HKG,2015,8.2
HND,2015,24.084
HPC,2015,37.36488450281666
HRV,2015,9.0
HTI,2015,25.444
HUN,2015,9.4
IBD,2015,16.649690790576614
IBT,2015,20.76820924232941
IDA,2015,32.77957066116877
IDB,2015,33.778665978384055
IDN,2015,18.569
IDX,2015,32.23273413175986
IMN,2015,9.769
IND,2015,18.936
IRL,2015,13.9
IRN,2015,18.879
IRQ,2015,31.562
ISL,2015,12.5
ISR,2015,21.3
ITA,2015,8.1
JAM,2015,13.318
JOR,2015,23.653
JPN,2015,8.0
KAZ,2015,22.513
KEN,2015,30.908
KGZ,2015,27.4
KHM,2015,24.218
KIR,2015,28.858
KNA,2015,13.737
KOR,2015,8.6
KWT,2015,15.391
LAC,2015,17.203137035134535
LAO,2015,24.962
LBN,2015,19.555
LBR,2015,34.343
LBY,2015,21.921
LCA,2015,12.308
LCN,2015,17.006323332249558
LDC,2015,33.35070283825647
LIC,2015,36.81191167947499
LIE,2015,8.7
LKA,2015,16.022
LMC,2015,24.14090977477416
LMY,2015,21.063935116348947
LSO,2015,29.178
LTE,2015,13.043590963680325
LTU,2015,10.3
LUX,2015,10.7
LVA,2015,11.1
MAC,2015,11.0
MAF,2015,20.015
MAR,2015,19.488
MCO,2015,10.585
MDA,2015,15.227
MDG,2015,33.771
MDV,2015,16.664
MEA,2015,26.971203840083234
MEX,2015,18.227
MHL,2015,25.164
MIC,2015,19.387442259728637
MKD,2015,11.1
MLI,2015,44.474
MLT,2015,9.7
MMR,2015,18.608
MNA,2015,27.82143120218744
MNE,2015,11.8
MNG,2015,27.1
MNP,2015,19.791
MOZ,2015,40.426
MRT,2015,37.778
MUS,2015,10.1
MWI,2015,35.296
MYS,2015,16.336
NAC,2015,12.22966214964929
NAM,2015,30.668
NCL,2015,15.735
NER,2015,46.577
NGA,2015,38.951
NIC,2015,22.449
NLD,2015,10.1
NOR,2015,11.3
NPL,2015,22.141
NRU,2015,34.223
NZL,2015,13.23
OED,2015,11.904006478056735
OMN,2015,20.992
OSS,2015,18.089774330474025
PAK,2015,30.697
PAN,2015,19.839
PER,2015,17.948
PHL,2015,22.933
PLW,2015,12.582
PNG,2015,28.375
POL,2015,9.7
PRE,2015,38.54998435919438
PRI,2015,9.0
PRK,2015,13.423
PRT,2015,8.2
PRY,2015,22.662
PSE,2015,32.87
PSS,2015,26.64799035318638
PST,2015,10.520887465378232
PYF,2015,15.001
QAT,2015,10.596
ROU,2015,10.2
RUS,2015,13.3
RWA,2015,32.098
SAS,2015,19.08868489435177
SAU,2015,19.405
SDN,2015,35.683
SEN,2015,34.505
SGP,2015,9.7
SLB,2015,31.895
SLE,2015,34.658
SLV,2015,18.579
SMR,2015,8.2
SOM,2015,47.171
SRB,2015,9.3
SSA,2015,36.80933698343915
SSD,2015,35.407
SSF,2015,36.80753095070894
SST,2015,18.7882459931726
STP,2015,33.025
SUR,2015,19.479
SVK,2015,10.3
SVN,2015,10.0
SWE,2015,11.7
SWZ,2015,28.308
SXM,2015,12.247
SYC,2015,17.0
SYR,2015,21.298
TCA,2015,12.665
TCD,2015,46.51
TEA,2015,14.145406396071749
TEC,2015,14.889200870540925
TGO,2015,36.098
THA,2015,10.594
TJK,2015,31.994
TKM,2015,27.466
TLA,2015,17.17391871085787
TLS,2015,27.06
TMN,2015,27.78727108837675
TON,2015,25.834
TSA,2015,19.08868489435177
TSS,2015,36.80753095070894
TTO,2015,13.031
TUN,2015,19.415
TUR,2015,17.1
TUV,2015,23.339
TZA,2015,37.622
UGA,2015,39.007
UKR,2015,9.802
UMC,2015,15.192600844334468
URY,2015,14.302
USA,2015,12.4
UZB,2015,23.982
VCT,2015,15.888
VEN,2015,18.604
VGB,2015,10.234
VIR,2015,13.2
VNM,2015,18.498
VUT,2015,32.788
WLD,2015,19.25327824097235
WSM,2015,29.816
XKX,2015,14.723
YEM,2015,35.938
ZAF,2015,21.007
ZMB,2015,37.344
ZWE,2015,33.918
ABW,2016,11.625
AFE,2016,35.067865907406
AFG,2016,38.732
AFW,2016,37.89115802594605
AGO,2016,41.183
ALB,2016,11.873
AND,2016,8.432
ARB,2016,26.654421038837814
ARE,2016,10.747
ARG,2016,16.789
ARM,2016,13.5
ASM,2016,19.141
ATG,2016,11.657
AUS,2016,12.9
AUT,2016,10.0
AZE,2016,16.3
BDI,2016,40.096
BEL,2016,10.8
BEN,2016,38.554
BFA,2016,38.925
BGD,2016,20.226
BGR,2016,9.4
BHR,2016,14.623
BHS,2016,11.983
BIH,2016,8.482
BLR,2016,12.4
BLZ,2016,21.374
BMU,2016,9.171
BOL,2016,23.272
BRA,2016,14.146
BRB,2016,11.706
BRN,2016,15.785
BTN,2016,14.81
BWA,2016,26.254
CAF,2016,43.391
CAN,2016,10.6
CEB,2016,10.160523463603104
CHE,2016,10.5
CHI,2016,9.2
CHL,2016,12.685
CHN,2016,13.57
CIV,2016,37.742
CMR,2016,37.775
COD,2016,42.875
COG,2016,34.093
COL,2016,14.271
COM,2016,32.093
CPV,2016,17.32
CRI,2016,14.184
CSS,2016,15.913285851603643
CUB,2016,10.299
CUW,2016,11.2
CYM,2016,10.296
CYP,2016,11.505
CZE,2016,10.7
DEU,2016,9.6
DJI,2016,23.061
DMA,2016,12.922
DNK,2016,10.8
DOM,2016,20.239
DZA,2016,25.439
EAP,2016,15.002681564146501
EAR,2016,21.10869158375004
EAS,2016,14.326387101301616
ECA,2016,16.937344244738004
ECS,2016,12.380164129704324
ECU,2016,17.622
EGY,2016,26.679
EMU,2016,9.714230533859956
ERI,2016,30.092
ESP,2016,8.8
EST,2016,10.7
ETH,2016,33.329
EUU,2016,9.863391807582468
FIN,2016,9.6
FJI,2016,20.55
FRA,2016,11.8
FRO,2016,13.8
FSM,2016,23.352
GAB,2016,30.983
GBR,2016,11.8
GEO,2016,15.818
GHA,2016,30.172
GIB,2016,12.042
GIN,2016,37.414
GMB,2016,34.593
GNB,2016,34.217
GNQ,2016,33.792
GRC,2016,8.6
GRD,2016,13.052
GRL,2016,14.8
GTM,2016,25.957
GUM,2016,21.377
GUY,2016,22.332
HIC,2016,11.081721429682478
HKG,2016,8.3
HND,2016,23.804
HPC,2016,36.942379315536044
HRV,2016,9.1
HTI,2016,25.102
HUN,2016,9.8
IBD,2016,16.843030732341823
IBT,2016,20.824962598905895
IDA,2016,32.30345445973178
IDB,2016,32.94061473475249
IDN,2016,18.138
IDX,2016,31.955567689740864
IMN,2016,9.436
IND,2016,18.756
IRL,2016,13.4
IRN,2016,18.787
IRQ,2016,29.816
ISL,2016,12.0
ISR,2016,21.2
ITA,2016,7.9
JAM,2016,12.941
JOR,2016,23.748
JPN,2016,7.8
KAZ,2016,22.34
KEN,2016,30.202
KGZ,2016,26.0
KHM,2016,23.956
KIR,2016,28.508
KNA,2016,13.615
KOR,2016,7.9
KWT,2016,14.662
LAC,2016,16.688550668490954
LAO,2016,24.567
LBN,2016,19.197
LBR,2016,33.926
LBY,2016,21.252
LCA,2016,12.209
LCN,2016,16.495345881684827
LDC,2016,33.11785224942895
LIC,2016,36.43349232706999
LIE,2016,10.0
LKA,2016,15.651
LMC,2016,23.778856832603005
LMY,2016,21.126394777823723
LSO,2016,28.932
LTE,2016,13.832695265749864
LTU,2016,10.3
LUX,2016,10.4
LVA,2016,11.2
MAC,2016,11.0
MAF,2016,19.47
MAR,2016,19.224
MCO,2016,10.757
MDA,2016,14.88
MDG,2016,33.613
MDV,2016,15.512
MEA,2016,26.282889524988576
MEX,2016,17.69
MHL,2016,24.72
MIC,2016,19.472718759957118
MKD,2016,11.0987266524808
MLI,2016,43.911
MLT,2016,9.8
MMR,2016,18.561
MNA,2016,27.098581279869574
MNE,2016,12.1
MNG,2016,25.9
MNP,2016,18.374
MOZ,2016,40.093
MRT,2016,37.402
MUS,2016,10.4
MWI,2016,34.225
MYS,2016,15.789
NAC,2016,12.039209333467605
NAM,2016,30.31
NCL,2016,15.672
NER,2016,45.881
NGA,2016,37.771
NIC,2016,22.06
NLD,2016,10.1
NOR,2016,11.2
NPL,2016,21.943
NRU,2016,33.578
NZL,2016,12.6
OED,2016,11.737334205061721
OMN,2016,20.544
OSS,2016,17.807353378752705
PAK,2016,29.956
PAN,2016,19.495
PER,2016,17.565
PHL,2016,21.76
PLW,2016,12.741
PNG,2016,27.865
POL,2016,10.1
PRE,2016,37.836709959004814
PRI,2016,8.3
PRK,2016,13.458
PRT,2016,8.4
PRY,2016,22.487
PSE,2016,32.274
PSS,2016,26.21009988844916
PST,2016,10.4086570007165
PYF,2016,13.999
QAT,2016,9.969
ROU,2016,10.4
RUS,2016,12.9
RWA,2016,31.971
SAS,2016,18.920132554033426
SAU,2016,19.553
SDN,2016,35.412
SEN,2016,33.828
SGP,2016,9.4
SLB,2016,31.137
SLE,2016,34.194
SLV,2016,17.73
SMR,2016,7.9
SOM,2016,46.561
SRB,2016,9.2
SSA,2016,36.220156638387195
SSD,2016,35.052
SSF,2016,36.21846314637303
SST,2016,18.48206103573742
STP,2016,31.691
SUR,2016,18.942
SVK,2016,10.6
SVN,2016,9.9
SWE,2016,11.8
SWZ,2016,27.623
SXM,2016,11.523
SYC,2016,17.4
SYR,2016,19.619
TCA,2016,12.785
TCD,2016,45.533
TEA,2016,15.02216649300978
TEC,2016,14.616632145827836
TGO,2016,36.002
THA,2016,10.111
TJK,2016,30.941
TKM,2016,26.941
TLA,2016,16.663944178749556
TLS,2016,26.15
TMN,2016,27.063347395433464
TON,2016,25.229
TSA,2016,18.920132554033426
TSS,2016,36.21846314637303
TTO,2016,12.804
TUN,2016,18.954
TUR,2016,16.6
TUV,2016,23.76
TZA,2016,37.632
UGA,2016,38.279
UKR,2016,9.614
UMC,2016,15.648129538068558
URY,2016,13.726
USA,2016,12.2
UZB,2016,23.513
VCT,2016,15.141
VEN,2016,18.262
VGB,2016,9.545
VIR,2016,13.0
VNM,2016,17.313
VUT,2016,32.506
WLD,2016,19.2927308989728
WSM,2016,29.279
XKX,2016,13.172
YEM,2016,36.034
ZAF,2016,20.27
ZMB,2016,36.617
ZWE,2016,32.704
ABW,2017,11.477
AFE,2017,34.813992326630846
AFG,2017,38.171
AFW,2017,36.99334914375311
AGO,2017,40.595
ALB,2017,11.416
AND,2017,7.831
ARB,2017,26.250675491823806
ARE,2017,10.661
ARG,2017,16.155
ARM,2017,12.6
ASM,2017,18.206
ATG,2017,11.796
AUS,2017,12.6
AUT,2017,10.0
AZE,2017,14.6
BDI,2017,38.618
BEL,2017,10.5
BEN,2017,37.84
BFA,2017,37.727
BGD,2017,19.991
BGR,2017,9.4
BHR,2017,14.071
BHS,2017,11.421
BIH,2017,8.568
BLR,2017,10.8
BLZ,2017,21.286
BMU,2017,8.81
BOL,2017,22.911
BRA,2017,14.123
BRB,2017,11.628
BRN,2017,15.334
BTN,2017,13.759
BWA,2017,26.073
CAF,2017,43.742
CAN,2017,10.3
CEB,2017,10.398034206444029
CHE,2017,10.3
CHI,2017,8.8
CHL,2017,11.763
CHN,2017,12.64
CIV,2017,36.58
CMR,2017,37.516
COD,2017,42.976
COG,2017,33.413
COL,2017,14.177
COM,2017,31.35
CPV,2017,16.8
CRI,2017,13.812
CSS,2017,15.569148750154598
CUB,2017,10.115
CUW,2017,9.7
CYM,2017,10.175
CYP,2017,11.158
CZE,2017,10.8
DEU,2017,9.5
DJI,2017,22.703
DMA,2017,11.813
DNK,2017,10.6
DOM,2017,20.009
DZA,2017,25.015
EAP,2017,14.190472931487031
EAR,2017,20.55103514759208
EAS,2017,13.559101396028359
ECA,2017,16.31722633141817
ECS,2017,11.898919824425185
ECU,2017,17.677
EGY,2017,26.1
EMU,2017,9.471669705840515
ERI,2017,29.551
ESP,2017,8.4
EST,2017,10.5
ETH,2017,33.222
EUU,2017,9.723324975131424
FIN,2017,9.1
FJI,2017,20.029
FRA,2017,11.5
FRO,2017,13.2
FSM,2017,23.169
GAB,2017,30.774
GBR,2017,11.4
GEO,2017,14.905
GHA,2017,28.926
GIB,2017,12.023
GIN,2017,36.891
GMB,2017,33.451
GNB,2017,33.036
GNQ,2017,33.07
GRC,2017,8.2
GRD,2017,11.645
GRL,2017,15.2
GTM,2017,25.171
GUM,2017,20.622
GUY,2017,22.044
HIC,2017,10.675517528178588
HKG,2017,7.6
HND,2017,23.504
HPC,2017,36.56519678001954
HRV,2017,9.0
HTI,2017,24.645
HUN,2017,9.7
IBD,2017,16.134696778378373
IBT,2017,20.236024604606254
IDA,2017,31.91569777090434
IDB,2017,32.33911619126578
IDN,2017,17.54
IDX,2017,31.685119729211053
IMN,2017,9.193
IND,2017,17.995
IRL,2017,12.8
IRN,2017,18.045
IRQ,2017,28.304
ISL,2017,11.9
ISR,2017,21.1
ITA,2017,7.6
JAM,2017,12.593
JOR,2017,23.217
JPN,2017,7.6
KAZ,2017,21.435
KEN,2017,29.602
KGZ,2017,24.8
KHM,2017,23.655
KIR,2017,28.275
KNA,2017,13.376
KOR,2017,7.0
KWT,2017,14.256
LAC,2017,16.43436582384174
LAO,2017,24.117
LBN,2017,18.648
LBR,2017,33.384
LBY,2017,20.511
LCA,2017,12.1
LCN,2017,16.211639529833448
LDC,2017,32.87097630580001
LIC,2017,36.176507189120855
LIE,2017,8.9
LKA,2017,15.371
LMC,2017,23.176990895403435
LMY,2017,20.546061721295498
LSO,2017,28.241
LTE,2017,13.093153882519733
LTU,2017,9.8
LUX,2017,10.4
LVA,2017,10.7
MAC,2017,10.1
MAF,2017,19.175
MAR,2017,18.918
MCO,2017,10.001
MDA,2017,13.762
MDG,2017,33.592
MDV,2017,14.342
MEA,2017,25.878689997192385
MEX,2017,17.214
MHL,2017,24.391
MIC,2017,18.83051652668005
MKD,2017,10.5
MLI,2017,43.444
MLT,2017,9.2
MMR,2017,18.341
MNA,2017,26.654724234627075
MNE,2017,11.9
MNG,2017,23.9
MNP,2017,17.324
MOZ,2017,39.755
MRT,2017,37.046
MUS,2017,10.7
MWI,2017,33.682
MYS,2017,15.329
NAC,2017,11.648554249825274
NAM,2017,29.652
NCL,2017,15.327
NER,2017,45.057
NGA,2017,36.693
NIC,2017,21.647
NLD,2017,9.9
NOR,2017,10.7
NPL,2017,21.572
NRU,2017,32.241
NZL,2017,12.38
OED,2017,11.424340796314938
OMN,2017,20.155
OSS,2017,17.353903470717015
PAK,2017,29.738
PAN,2017,19.081
PER,2017,17.254
PHL,2017,20.571
PLW,2017,12.437
PNG,2017,27.361
POL,2017,10.6
PRE,2017,37.20990350914607
PRI,2017,7.3
PRK,2017,13.474
PRT,2017,8.3
PRY,2017,22.166
PSE,2017,31.432
PSS,2017,25.651266894528643
PST,2017,10.051299018018055
PYF,2017,13.146
QAT,2017,10.031
ROU,2017,10.8
RUS,2017,11.5
RWA,2017,31.666
SAS,2017,18.225685500536905
SAU,2017,19.824
SDN,2017,35.023
SEN,2017,32.801
SGP,2017,8.9
SLB,2017,30.083
SLE,2017,33.808
SLV,2017,17.122
SMR,2017,6.7
SOM,2017,46.155
SRB,2017,9.2
SSA,2017,35.70365143424478
SSD,2017,32.802
SSF,2017,35.70200967265967
SST,2017,18.0447879304695
STP,2017,30.564
SUR,2017,18.448
SVK,2017,10.7
SVN,2017,9.8
SWE,2017,11.5
SWZ,2017,26.926
SXM,2017,10.919
SYC,2017,17.2
SYR,2017,19.585
TCA,2017,12.692
TCD,2017,44.917
TEA,2017,14.199530081270968
TEC,2017,13.91175744838503
TGO,2017,35.738
THA,2017,9.765
TJK,2017,29.65
TKM,2017,26.272
TLA,2017,16.380311444168605
TLS,2017,25.251
TMN,2017,26.622099040590818
TON,2017,24.514
TSA,2017,18.2256855005369
TSS,2017,35.70200967265967
TTO,2017,12.491
TUN,2017,18.168
TUR,2017,16.2
TUV,2017,24.284
TZA,2017,37.611
UGA,2017,37.944
UKR,2017,8.779
UMC,2017,14.946371794245017
URY,2017,12.707
USA,2017,11.8
UZB,2017,23.196
VCT,2017,14.13
VEN,2017,17.931
VGB,2017,6.925
VIR,2017,12.8
VNM,2017,16.764
VUT,2017,32.083
WLD,2017,18.756612425941317
WSM,2017,28.795
XKX,2017,12.962
YEM,2017,36.067
ZAF,2017,20.038
ZMB,2017,35.938
ZWE,2017,31.813
ABW,2018,10.807
AFE,2018,34.58380722267127
AFG,2018,37.624
AFW,2018,36.08391298828043
AGO,2018,40.057
ALB,2018,10.898
AND,2018,7.159
ARB,2018,25.37974810965214
ARE,2018,10.248
ARG,2018,15.332
ARM,2018,12.3
ASM,2018,17.204
ATG,2018,10.822
AUS,2018,12.6
AUT,2018,9.7
AZE,2018,14.0
BDI,2018,37.215
BEL,2018,10.4
BEN,2018,36.955
BFA,2018,36.006
BGD,2018,20.069
BGR,2018,9.3
BHR,2018,13.641
BHS,2018,11.263
BIH,2018,8.803
BLR,2018,9.9
BLZ,2018,21.144
BMU,2018,8.407
BOL,2018,22.574
BRA,2018,14.022
BRB,2018,11.539
BRN,2018,14.924
BTN,2018,12.941
BWA,2018,25.897
CAF,2018,43.838
CAN,2018,10.1
CEB,2018,10.129875191479579
CHE,2018,10.3
CHI,2018,8.5
CHL,2018,11.698
CHN,2018,10.86
CIV,2018,35.081
CMR,2018,36.899
COD,2018,42.887
COG,2018,32.784
COL,2018,14.195
COM,2018,30.91
CPV,2018,15.451
CRI,2018,13.622
CSS,2018,15.230910259371305
CUB,2018,10.172
CUW,2018,10.5
CYM,2018,10.584
CYP,2018,11.029
CZE,2018,10.7
DEU,2018,9.5
DJI,2018,22.313
DMA,2018,11.636
DNK,2018,10.6
DOM,2018,19.848
DZA,2018,24.063
EAP,2018,12.80484084872617
EAR,2018,20.231135469088596
EAS,2018,12.289639234044927
ECA,2018,16.0639720483463
ECS,2018,11.612683514731232
ECU,2018,17.523
EGY,2018,23.592
EMU,2018,9.283313161425413
ERI,2018,29.195
ESP,2018,7.9
EST,2018,10.9
ETH,2018,33.394
EUU,2018,9.516145364188402
FIN,2018,8.6
FJI,2018,19.601
FRA,2018,11.3
FRO,2018,13.6
FSM,2018,23.056
GAB,2018,30.537
GBR,2018,11.0
GEO,2018,14.334
GHA,2018,28.388
GIB,2018,12.0
GIN,2018,36.329
GMB,2018,32.324
GNB,2018,32.374
GNQ,2018,32.4
GRC,2018,8.1
GRD,2018,12.395
GRL,2018,14.6
GTM,2018,24.315
GUM,2018,19.818
GUY,2018,21.236
HIC,2018,10.39428087247756
HKG,2018,7.2
HND,2018,23.392
HPC,2018,36.19974099967977
HRV,2018,9.3
HTI,2018,24.222
HUN,2018,9.6
IBD,2018,15.34319978935119
IBT,2018,19.60174180259086
IDA,2018,31.570999683880842
IDB,2018,31.736032068330683
IDN,2018,17.146
IDX,2018,31.481367450766193
IMN,2018,8.995
IND,2018,17.91
IRL,2018,12.5
IRN,2018,16.664
IRQ,2018,27.664
ISL,2018,12.0
ISR,2018,20.8
ITA,2018,7.3
JAM,2018,12.305
JOR,2018,22.677
JPN,2018,7.4
KAZ,2018,21.702
KEN,2018,29.037
KGZ,2018,27.1
KHM,2018,23.372
KIR,2018,28.112
KNA,2018,13.108
KOR,2018,6.4
KWT,2018,12.825
LAC,2018,16.19878567408841
LAO,2018,23.599
LBN,2018,18.09
LBR,2018,32.955
LBY,2018,19.844
LCA,2018,11.979
LCN,2018,15.97376700526579
LDC,2018,32.65648409062868
LIC,2018,35.893728424639185
LIE,2018,9.9
LKA,2018,15.15
LMC,2018,22.875924670519346
LMY,2018,19.90572339588125
LSO,2018,27.361
LTE,2018,11.859111702079932
LTU,2018,9.5
LUX,2018,10.3
LVA,2018,10.0
MAC,2018,9.0
MAF,2018,19.421
MAR,2018,18.573
MCO,2018,10.194
MDA,2018,13.275
MDG,2018,33.651
MDV,2018,13.395
MEA,2018,25.044063633191143
MEX,2018,17.037
MHL,2018,24.066
MIC,2018,18.12053469594504
MKD,2018,10.3
MLI,2018,42.585
MLT,2018,9.2
MMR,2018,18.054
MNA,2018,25.761254685681852
MNE,2018,11.6
MNG,2018,24.5
MNP,2018,16.559
MOZ,2018,39.448
MRT,2018,36.621
MUS,2018,10.3
MWI,2018,33.227
MYS,2018,14.808
NAC,2018,11.4473668918924
NAM,2018,29.067
NCL,2018,15.228
NER,2018,44.181
NGA,2018,35.69
NIC,2018,21.209
NLD,2018,9.8
NOR,2018,10.4
NPL,2018,21.122
NRU,2018,30.66
NZL,2018,11.84
OED,2018,11.18739257495688
OMN,2018,19.269
OSS,2018,16.98175188423955
PAK,2018,29.343
PAN,2018,18.52
PER,2018,16.93
PHL,2018,19.418
PLW,2018,12.004
PNG,2018,26.956
POL,2018,10.2
PRE,2018,36.579907249315845
PRI,2018,6.7
PRK,2018,13.427
PRT,2018,8.4
PRY,2018,21.836
PSE,2018,30.529
PSS,2018,25.16248100498464
PST,2018,9.814585636619679
PYF,2018,12.812
QAT,2018,9.921
ROU,2018,10.4
RUS,2018,10.9
RWA,2018,31.231
SAS,2018,18.147557411552874
SAU,2018,19.739
SDN,2018,35.074
SEN,2018,31.596
SGP,2018,8.8
SLB,2018,29.147
SLE,2018,33.34
SLV,2018,16.683
SMR,2018,6.8
SOM,2018,45.67
SRB,2018,9.2
SSA,2018,35.1958645026145
SSD,2018,29.068
SSF,2018,35.19428588948809
SST,2018,17.667024149625043
STP,2018,29.804
SUR,2018,18.092
SVK,2018,10.6
SVN,2018,9.4
SWE,2018,11.4
SWZ,2018,26.412
SXM,2018,10.456
SYC,2018,17.1
SYR,2018,18.932
TCA,2018,12.511
TCD,2018,44.401
TEA,2018,12.797156895517887
TEC,2018,13.550233386351703
TGO,2018,35.431
THA,2018,9.4
TJK,2018,29.459
TKM,2018,25.502
TLA,2018,16.135318084343734
TLS,2018,24.481
TMN,2018,25.728441078642206
TON,2018,24.144
TSA,2018,18.14755741155287
TSS,2018,35.1942858894881
TTO,2018,12.06
TUN,2018,17.344
TUR,2018,15.4
TUV,2018,24.927
TZA,2018,37.335
UGA,2018,37.673
UKR,2018,8.125
UMC,2018,13.844954571280052
URY,2018,11.687
USA,2018,11.6
UZB,2018,24.007
VCT,2018,13.678
VEN,2018,17.33
VGB,2018,6.982
VIR,2018,12.6
VNM,2018,15.438
VUT,2018,31.429
WLD,2018,18.194255609100843
WSM,2018,28.488
XKX,2018,12.736
YEM,2018,36.046
ZAF,2018,19.85
ZMB,2018,35.464
ZWE,2018,31.327
ABW,2019,10.842
AFE,2019,34.33588143542187
AFG,2019,37.138
AFW,2019,35.21334489665219
AGO,2019,39.539
ALB,2019,10.757
AND,2019,6.993
ARB,2019,24.7918834648583
ARE,2019,10.094
ARG,2019,13.902
ARM,2019,12.2
ASM,2019,16.304
ATG,2019,11.5
AUS,2019,12.1
AUT,2019,9.6
AZE,2019,14.1
BDI,2019,36.579
BEL,2019,10.2
BEN,2019,36.036
BFA,2019,34.325
BGD,2019,20.131
BGR,2019,9.3
BHR,2019,13.318
BHS,2019,11.195
BIH,2019,8.561
BLR,2019,9.3
BLZ,2019,19.335
BMU,2019,8.375
BOL,2019,22.257
BRA,2019,13.548
BRB,2019,11.446
BRN,2019,14.572
BTN,2019,12.421
BWA,2019,25.751
CAF,2019,44.108
CAN,2019,9.9
CEB,2019,9.939853040134562
CHE,2019,10.0
CHI,2019,8.3
CHL,2019,10.94
CHN,2019,10.41
CIV,2019,34.306
CMR,2019,36.183
COD,2019,42.549
COG,2019,32.183
COL,2019,14.218
COM,2019,30.447
CPV,2019,14.288
CRI,2019,12.661
CSS,2019,15.192525329643445
CUB,2019,9.668
CUW,2019,10.1
CYM,2019,12.435
CYP,2019,11.014
CZE,2019,10.5
DEU,2019,9.4
DJI,2019,21.913
DMA,2019,11.512
DNK,2019,10.5
DOM,2019,19.43
DZA,2019,23.379
EAP,2019,12.383892179028564
EAR,2019,19.736785196849056
EAS,2019,11.874936375646396
ECA,2019,15.72772853332386
ECS,2019,11.286859002431534
ECU,2019,16.924
EGY,2019,22.267
EMU,2019,9.108021113272793
ERI,2019,29.119
ESP,2019,7.6
EST,2019,10.6
ETH,2019,33.549
EUU,2019,9.33480478849753
FIN,2019,8.3
FJI,2019,19.226
FRA,2019,11.2
FRO,2019,13.3
FSM,2019,22.891
GAB,2019,30.146
GBR,2019,10.645
GEO,2019,13.588
GHA,2019,27.891
GIB,2019,11.975
GIN,2019,35.952
GMB,2019,31.921
GNB,2019,31.848
GNQ,2019,31.783
GRC,2019,7.8
GRD,2019,12.466
GRL,2019,15.1
GTM,2019,23.089
GUM,2019,19.256
GUY,2019,21.945
HIC,2019,10.049465131081632
HKG,2019,7.0
HND,2019,23.111
HPC,2019,35.80219719937188
HRV,2019,9.1
HTI,2019,23.774
HUN,2019,9.6
IBD,2019,14.83558479240073
IBT,2019,19.181113664190374
IDA,2019,31.223917562942077
IDB,2019,31.150802633900955
IDN,2019,16.909
IDX,2019,31.263496674338974
IMN,2019,8.826
IND,2019,17.368
IRL,2019,11.9
IRN,2019,14.918
IRQ,2019,27.252
ISL,2019,12.3
ISR,2019,20.1
ITA,2019,7.0
JAM,2019,12.169
JOR,2019,22.236
JPN,2019,7.0
KAZ,2019,21.424
KEN,2019,28.226
KGZ,2019,26.9
KHM,2019,22.988
KIR,2019,27.826
KNA,2019,12.86
KOR,2019,5.9
KWT,2019,12.06
LAC,2019,15.748159374049878
LAO,2019,23.151
LBN,2019,17.622
LBR,2019,32.431
LBY,2019,19.241
LCA,2019,11.853
LCN,2019,15.508701550748757
LDC,2019,32.42446094292592
LIC,2019,35.64750478950498
LIE,2019,9.2
LKA,2019,14.6
LMC,2019,22.37716358372233
LMY,2019,19.49102222849598
LSO,2019,26.44
LTE,2019,11.441895454308073
LTU,2019,8.9
LUX,2019,10.0
LVA,2019,9.8
MAC,2019,8.9
MAF,2019,18.955
MAR,2019,18.258
MCO,2019,9.965
MDA,2019,12.637
MDG,2019,33.594
MDV,2019,12.597
MEA,2019,24.364719068991658
MEX,2019,16.877
MHL,2019,23.736
MIC,2019,17.653551553011734
MKD,2019,9.6
MLI,2019,41.139
MLT,2019,8.6
MMR,2019,17.774
MNA,2019,25.10645045493232
MNE,2019,11.5
MNG,2019,24.4
MNP,2019,16.029
MOZ,2019,39.117
MRT,2019,36.211
MUS,2019,10.2
MWI,2019,32.902
MYS,2019,14.233
NAC,2019,11.246098648056636
NAM,2019,28.386
NCL,2019,15.183
NER,2019,43.366
NGA,2019,34.685
NIC,2019,20.808
NLD,2019,9.8
NOR,2019,10.2
NPL,2019,20.648
NRU,2019,29.581
NZL,2019,11.98
OED,2019,10.909259116829578
OMN,2019,18.858
OSS,2019,16.61159081639358
PAK,2019,28.986
PAN,2019,17.57
PER,2019,16.853
PHL,2019,18.104
PLW,2019,11.921
PNG,2019,26.466
POL,2019,9.9
PRE,2019,35.96622376630454
PRI,2019,6.4
PRK,2019,13.405
PRT,2019,8.4
PRY,2019,21.421
PSE,2019,29.708
PSS,2019,24.708561778221764
PST,2019,9.567446338348763
PYF,2019,11.938
QAT,2019,9.979
ROU,2019,10.3
RUS,2019,10.1
RWA,2019,30.672
SAS,2019,17.66847822719929
SAU,2019,18.075
SDN,2019,34.909
SEN,2019,30.405
SGP,2019,8.8
SLB,2019,28.413
SLE,2019,32.808
SLV,2019,16.57
SMR,2019,6.7
SOM,2019,45.139
SRB,2019,9.3
SSA,2019,34.69393343946504
SSD,2019,29.421
SSF,2019,34.69236471884049
SST,2019,17.362780955355525
STP,2019,29.229
SUR,2019,17.869
SVK,2019,10.5
SVN,2019,9.3
SWE,2019,11.1
SWZ,2019,25.889
SXM,2019,10.024
SYC,2019,16.4
SYR,2019,19.717
TCA,2019,12.066
TCD,2019,44.316
TEA,2019,12.37123990582405
TEC,2019,13.100348314522341
TGO,2019,34.907
THA,2019,9.056
TJK,2019,29.168
TKM,2019,24.839
TLA,2019,15.668024516360529
TLS,2019,23.855
TMN,2019,25.074548285447925
TON,2019,23.849
TSA,2019,17.668478227199287
TSS,2019,34.69236471884049
TTO,2019,12.088
TUN,2019,16.82
TUR,2019,14.4
TUV,2019,24.867
TZA,2019,36.883
UGA,2019,37.212
UKR,2019,7.823
UMC,2019,13.37855139126822
URY,2019,10.894
USA,2019,11.4
UZB,2019,24.722
VCT,2019,13.26
VEN,2019,16.299
VGB,2019,8.071
VIR,2019,12.3
VNM,2019,15.513
VUT,2019,30.717
WLD,2019,17.803830100760386
WSM,2019,27.957
XKX,2019,12.618
YEM,2019,35.947
ZAF,2019,19.694
ZMB,2019,35.006
ZWE,2019,31.121
ABW,2020,9.688
AFE,2020,34.0106527093665
AFG,2020,36.601
AFW,2020,34.45087532370195
AGO,2020,39.127
ALB,2020,10.536
AND,2020,6.831
ARB,2020,24.40787864435655
ARE,2020,10.465
ARG,2020,11.799
ARM,2020,12.3
ASM,2020,15.658
ATG,2020,12.18
AUS,2020,11.5
AUT,2020,9.4
AZE,2020,12.5
BDI,2020,35.855
BEL,2020,9.9
BEN,2020,35.331
BFA,2020,32.738
BGD,2020,20.289
BGR,2020,9.0
BHR,2020,12.813
BHS,2020,11.115
BIH,2020,8.353
BLR,2020,8.886
BLZ,2020,18.353
BMU,2020,8.678
BOL,2020,21.996
BRA,2020,12.995
BRB,2020,11.334
BRN,2020,14.284
BTN,2020,12.952
BWA,2020,25.532
CAF,2020,44.475
CAN,2020,9.5
CEB,2020,9.717127459682342
CHE,2020,9.9
CHI,2020,8.2
CHL,2020,10.097
CHN,2020,8.52
CIV,2020,33.651
CMR,2020,35.438
COD,2020,42.19
COG,2020,31.741
COL,2020,14.106
COM,2020,29.985
CPV,2020,13.142
CRI,2020,11.366
CSS,2020,14.802311346484272
CUB,2020,9.257
CUW,2020,8.7
CYM,2020,12.716
CYP,2020,11.142
CZE,2020,10.3
DEU,2020,9.3
DJI,2020,21.578
DMA,2020,11.404
DNK,2020,10.4
DOM,2020,18.957
DZA,2020,22.43
EAP,2020,10.996875223690697
EAR,2020,19.25161495312055
EAS,2020,10.593887172725188
ECA,2020,15.3757771794939
ECS,2020,11.013749978760321
ECU,2020,16.391
EGY,2020,22.004
EMU,2020,8.890290076006169
ERI,2020,28.872
ESP,2020,7.2
EST,2020,9.9
ETH,2020,33.31
EUU,2020,9.119784497953916
FIN,2020,8.4
FJI,2020,18.828
FRA,2020,10.9
FRO,2020,13.1
FSM,2020,22.693
GAB,2020,29.541
GBR,2020,10.204
GEO,2020,13.053
GHA,2020,27.43
GIB,2020,11.984
GIN,2020,35.518
GMB,2020,31.525
GNB,2020,31.406
GNQ,2020,31.351
GRC,2020,7.9
GRD,2020,12.324
GRL,2020,14.8
GTM,2020,22.043
GUM,2020,18.613
GUY,2020,21.254
HIC,2020,9.677374044179405
HKG,2020,5.8
HND,2020,22.803
HPC,2020,35.36312538590926
HRV,2020,9.2
HTI,2020,23.338
HUN,2020,9.7
IBD,2020,13.922922450183506
IBT,2020,18.466078124933073
IDA,2020,30.866324960252896
IDB,2020,30.62974771695566
IDN,2020,16.674
IDX,2020,30.993991162070543
IMN,2020,8.683
IND,2020,16.744
IRL,2020,11.1
IRN,2020,14.008
IRQ,2020,26.84
ISL,2020,12.3
ISR,2020,19.2
ITA,2020,6.8
JAM,2020,12.016
JOR,2020,21.726
JPN,2020,6.8
KAZ,2020,22.57
KEN,2020,27.782
KGZ,2020,24.0
KHM,2020,22.409
KIR,2020,27.355
KNA,2020,12.575
KOR,2020,5.3
KWT,2020,11.6919249210071
LAC,2020,15.192505759192212
LAO,2020,22.618
LBN,2020,16.912
LBR,2020,31.923
LBY,2020,18.737
LCA,2020,11.713
LCN,2020,14.939119121646735
LDC,2020,32.160886593026525
LIC,2020,35.329732033296665
LIE,2020,9.1
LKA,2020,13.8
LMC,2020,21.893879486131198
LMY,2020,18.761424862385283
LSO,2020,25.628
LTE,2020,10.14163115947835
LTU,2020,8.4
LUX,2020,10.2
LVA,2020,9.2
MAC,2020,8.1
MAF,2020,17.602
MAR,2020,17.85
MCO,2020,9.746
MDA,2020,12.077
MDG,2020,33.31
MDV,2020,12.112
MEA,2020,23.92640841859139
MEX,2020,16.565
MHL,2020,23.439
MIC,2020,16.84147960377646
MKD,2020,9.2
MLI,2020,40.959
MLT,2020,8.6
MMR,2020,17.456
MNA,2020,24.70644494070019
MNE,2020,11.3
MNG,2020,23.4
MNP,2020,15.487
MOZ,2020,38.736
MRT,2020,35.735
MUS,2020,10.7
MWI,2020,32.536
MYS,2020,13.393
NAC,2020,10.755592859332989
NAM,2020,27.687
NCL,2020,14.903
NER,2020,42.6
NGA,2020,33.732
NIC,2020,20.45
NLD,2020,9.7
NOR,2020,9.8
NPL,2020,20.168
NRU,2020,28.662
NZL,2020,11.36
OED,2020,10.52346961048231
OMN,2020,18.856
OSS,2020,16.396840782638268
PAK,2020,28.625
PAN,2020,16.718
PER,2020,16.61
PHL,2020,17.017
PLW,2020,11.624
PNG,2020,26.092
POL,2020,9.5
PRE,2020,35.39699760061261
PRI,2020,6.0
PRK,2020,13.391
PRT,2020,8.1
PRY,2020,21.036
PSE,2020,28.877
PSS,2020,24.302041626693978
PST,2020,9.21822773399279
PYF,2020,11.782
QAT,2020,10.046
ROU,2020,10.3
RUS,2020,9.8
RWA,2020,30.021
SAS,2020,17.125804320913122
SAU,2020,16.628
SDN,2020,34.48
SEN,2020,29.931
SGP,2020,8.5
SLB,2020,27.966
SLE,2020,32.196
SLV,2020,16.303
SMR,2020,6.4
SOM,2020,44.544
SRB,2020,8.9
SSA,2020,34.190716688781166
SSD,2020,29.441
SSF,2020,34.1891665352201
SST,2020,17.085394926971883
STP,2020,28.643
SUR,2020,17.692
SVK,2020,10.4
SVN,2020,8.9
SWE,2020,10.9
SWZ,2020,25.39
SXM,2020,9.745
SYC,2020,15.8
SYR,2020,20.64
TCA,2020,11.671
TCD,2020,43.75
TEA,2020,10.967121446247091
TEC,2020,12.796034690438658
TGO,2020,34.251
THA,2020,8.792
TJK,2020,28.361
TKM,2020,24.12
TLA,2020,15.092873512776992
TLS,2020,23.352
TMN,2020,24.677316745032783
TON,2020,23.634
TSA,2020,17.125804320913122
TSS,2020,34.18916653522011
TTO,2020,11.647
TUN,2020,15.787
TUR,2020,13.4
TUV,2020,24.632
TZA,2020,36.437
UGA,2020,36.803
UKR,2020,7.555
UMC,2020,12.233514816285375
URY,2020,10.41
USA,2020,10.9
UZB,2020,25.634
VCT,2020,12.835
VEN,2020,15.542
VGB,2020,8.174
VIR,2020,12.1
VNM,2020,15.234
VUT,2020,29.941
WLD,2020,17.149689935116957
WSM,2020,27.453
XKX,2020,12.335
YEM,2020,35.895
ZAF,2020,19.522
ZMB,2020,34.408
ZWE,2020,30.988
ABW,2021,9.461
AFE,2021,33.681336192657334
AFG,2021,36.342
AFW,2021,34.13309035895908
AGO,2021,38.67
ALB,2021,10.512
AND,2021,6.828
ARB,2021,23.888973522515894
ARE,2021,9.279
ARG,2021,11.682
ARM,2021,12.4
ASM,2021,15.649
ATG,2021,12.135
AUS,2021,12.1
AUT,2021,9.6
AZE,2021,11.1
BDI,2021,35.06
BEL,2021,10.2
BEN,2021,34.779
BFA,2021,32.416
BGD,2021,20.414
BGR,2021,9.0
BHR,2021,13.042
BHS,2021,11.023
BIH,2021,8.011
BLR,2021,8.624
BLZ,2021,16.539
BMU,2021,8.21
BOL,2021,21.808
BRA,2021,12.754
BRB,2021,11.287
BRN,2021,14.06
BTN,2021,12.892
BWA,2021,25.422
CAF,2021,45.226
CAN,2021,9.8
CEB,2021,9.54356119967269
CHE,2021,10.3
CHI,2021,8.2
CHL,2021,9.07
CHN,2021,7.52
CIV,2021,33.081
CMR,2021,34.778
COD,2021,41.937
COG,2021,31.377
COL,2021,13.947
COM,2021,29.498
CPV,2021,12.569
CRI,2021,10.543
CSS,2021,14.449201748673357
CUB,2021,8.814
CUW,2021,8.5
CYM,2021,12.581
CYP,2021,11.236
CZE,2021,10.6
DEU,2021,9.6
DJI,2021,21.308
DMA,2021,11.251
DNK,2021,10.8
DOM,2021,18.571
DZA,2021,21.392
EAP,2021,10.19811003698951
EAR,2021,18.981941767366962
EAS,2021,9.865541205162314
ECA,2021,15.186856209263366
ECS,2021,10.977263578897842
ECU,2021,15.882
EGY,2021,21.154
EMU,2021,9.004963017865647
ERI,2021,28.818
ESP,2021,7.1
EST,2021,10.0
ETH,2021,32.876
EUU,2021,9.176316666544944
FIN,2021,9.0
FJI,2021,18.55
FRA,2021,10.9
FRO,2021,13.0
FSM,2021,22.686
GAB,2021,28.938
GBR,2021,10.241
GEO,2021,12.881
GHA,2021,27.034
GIB,2021,12.0
GIN,2021,34.983
GMB,2021,31.171
GNB,2021,30.969
GNQ,2021,30.703
GRC,2021,8.1
GRD,2021,12.14
GRL,2021,13.4
GTM,2021,21.407
GUM,2021,18.296
GUY,2021,20.961
HIC,2021,9.646467048708718
HKG,2021,5.0
HND,2021,22.529
HPC,2021,34.970513055485455
HRV,2021,9.4
HTI,2021,22.919
HUN,2021,9.8
IBD,2021,13.416988014410423
IBT,2021,18.089766619164436
IDA,2021,30.638914348480956
IDB,2021,30.439468211081795
IDN,2021,16.417
IDX,2021,30.746288421745025
IMN,2021,8.54
IND,2021,16.491
IRL,2021,11.8
IRN,2021,13.687
IRQ,2021,26.448
ISL,2021,13.1
ISR,2021,19.7
ITA,2021,6.8
JAM,2021,11.954
JOR,2021,21.309
JPN,2021,6.6
KAZ,2021,23.271
KEN,2021,27.611
KGZ,2021,22.4
KHM,2021,21.905
KIR,2021,26.909
KNA,2021,12.272
KOR,2021,5.1
KWT,2021,12.234184852521
LAC,2021,14.949662381696191
LAO,2021,22.147
LBN,2021,16.573
LBR,2021,31.524
LBY,2021,18.176
LCA,2021,11.572
LCN,2021,14.669004831262525
LDC,2021,31.916323339288738
LIC,2021,35.02286892899746
LIE,2021,9.6
LKA,2021,12.9
LMC,2021,21.664037957927402
LMY,2021,18.379139551883522
LSO,2021,24.896
LTE,2021,9.40117408061384
LTU,2021,8.3
LUX,2021,10.5
LVA,2021,9.2
MAC,2021,7.4
MAF,2021,17.544
MAR,2021,17.458
MCO,2021,8.689
MDA,2021,11.521
MDG,2021,32.911
MDV,2021,11.694
MEA,2021,23.544152377933138
MEX,2021,16.353
MHL,2021,23.176
MIC,2021,16.414030327396947
MKD,2021,10.2
MLI,2021,40.707
MLT,2021,8.5
MMR,2021,17.201
MNA,2021,24.309656956622142
MNE,2021,11.3
MNG,2021,21.6
MNP,2021,14.824
MOZ,2021,38.403
MRT,2021,35.342
MUS,2021,10.3
MWI,2021,32.066
MYS,2021,12.385
NAC,2021,10.87562736796753
NAM,2021,27.022
NCL,2021,14.747
NER,2021,41.932
NGA,2021,33.546
NIC,2021,20.044
NLD,2021,10.2
NOR,2021,10.4
NPL,2021,19.675
NRU,2021,27.787
NZL,2021,11.54
OED,2021,10.50911719603281
OMN,2021,18.337
OSS,2021,16.218970069819626
PAK,2021,28.384
PAN,2021,16.401
PER,2021,16.398
PHL,2021,16.108
PLW,2021,11.377
PNG,2021,25.582
POL,2021,9.0
PRE,2021,35.06724185215729
PRI,2021,5.9
PRK,2021,13.267
PRT,2021,7.6
PRY,2021,20.689
PSE,2021,28.225
PSS,2021,24.014626210391725
PST,2021,9.256563617663533
PYF,2021,11.424
QAT,2021,9.555
ROU,2021,10.1
RUS,2021,9.6
RWA,2021,29.389
SAS,2021,16.898848719184393
SAU,2021,15.902
SDN,2021,33.913
SEN,2021,29.71
SGP,2021,8.6
SLB,2021,27.699
SLE,2021,31.644
SLV,2021,16.15
SMR,2021,6.2
SOM,2021,44.094
SRB,2021,9.1
SSA,2021,33.86562020053526
SSD,2021,29.693
SSF,2021,33.864206343479395
SST,2021,16.857268061276308
STP,2021,28.518
SUR,2021,17.577
SVK,2021,10.4
SVN,2021,9.0
SWE,2021,11.0
SWZ,2021,24.957
SXM,2021,9.47
SYC,2021,16.8
SYR,2021,21.172
TCA,2021,11.198
TCD,2021,43.284
TEA,2021,10.159925233803355
TEC,2021,12.601139105600225
TGO,2021,33.695
THA,2021,8.544
TJK,2021,27.744
TKM,2021,23.348
TLA,2021,14.823078174713602
TLS,2021,22.73
TMN,2021,24.282104050708593
TON,2021,23.507
TSA,2021,16.898848719184393
TSS,2021,33.864206343479395
TTO,2021,11.291
TUN,2021,13.999
TUR,2021,12.9
TUV,2021,24.35
TZA,2021,36.015
UGA,2021,36.342
UKR,2021,6.977
UMC,2021,11.585779496191856
URY,2021,10.071
USA,2021,11.0
UZB,2021,26.45
VCT,2021,12.638
VEN,2021,15.219
VGB,2021,8.397
VIR,2021,11.8
VNM,2021,14.735
VUT,2021,29.334
WLD,2021,16.844432157395207
WSM,2021,26.891
XKX,2021,12.546
YEM,2021,35.668
ZAF,2021,19.354
ZMB,2021,33.93
ZWE,2021,30.932
ABW,2022,8.527
AFE,2022,33.32060557055073
AFG,2022,36.045
AFW,2022,33.78188969621689
AGO,2022,38.102
ALB,2022,10.305
AND,2022,6.85
ARB,2022,23.542827215826083
ARE,2022,9.295
ARG,2022,10.926
ARM,2022,12.3
ASM,2022,15.522
ATG,2022,12.001
AUS,2022,11.6
AUT,2022,9.1
AZE,2022,12.1
BDI,2022,34.306
BEL,2022,9.8
BEN,2022,34.35
BFA,2022,32.043
BGD,2022,20.583
BGR,2022,8.8
BHR,2022,13.282
BHS,2022,10.942
BIH,2022,7.748
BLR,2022,8.062
BLZ,2022,17.391
BMU,2022,8.183
BOL,2022,21.566
BRA,2022,12.555
BRB,2022,11.249
BRN,2022,13.847
BTN,2022,12.807
BWA,2022,25.253
CAF,2022,45.425
CAN,2022,9.1
CEB,2022,8.854546428936061
CHE,2022,9.4
CHI,2022,8.2
CHL,2022,9.672
CHN,2022,6.77
CIV,2022,32.5
CMR,2022,34.268
COD,2022,41.623
COG,2022,30.941
COL,2022,13.731
COM,2022,29.062
CPV,2022,12.438
CRI,2022,10.319
CSS,2022,14.361563187772244
CUB,2022,8.662
CUW,2022,8.0
CYM,2022,12.192
CYP,2022,11.048
CZE,2022,9.5
DEU,2022,8.9
DJI,2022,21.032
DMA,2022,11.146
DNK,2022,9.9
DOM,2022,18.255
DZA,2022,20.491
EAP,2022,9.638471128563893
EAR,2022,18.781190761574194
EAS,2022,9.330998931927756
ECA,2022,14.630053374699534
ECS,2022,10.456690307927506
ECU,2022,15.423
EGY,2022,21.091
EMU,2022,8.613580669089743
ERI,2022,28.675
ESP,2022,6.9
EST,2022,8.6
ETH,2022,32.413
EUU,2022,8.706647184384448
FIN,2022,8.1
FJI,2022,18.242
FRA,2022,10.7
FRO,2022,11.8
FSM,2022,22.509
GAB,2022,28.3
GBR,2022,10.1
GEO,2022,11.612
GHA,2022,26.596
GIB,2022,12.026
GIN,2022,34.381
GMB,2022,30.771
GNB,2022,30.458
GNQ,2022,30.123
GRC,2022,7.3
GRD,2022,11.935
GRL,2022,13.2
GTM,2022,21.063
GUM,2022,18.008
GUY,2022,20.748
HIC,2022,9.317814149984631
HKG,2022,4.4
HND,2022,22.242
HPC,2022,34.60264563812692
HRV,2022,8.8
HTI,2022,22.547
HUN,2022,9.3
IBD,2022,13.032509262433196
IBT,2022,17.798551412597845
IDA,2022,30.38922606189536
IDB,2022,30.14889075028249
IDN,2022,16.204
IDX,2022,30.518323114003714
IMN,2022,8.437
IND,2022,16.336
IRL,2022,10.4
IRN,2022,13.314
IRQ,2022,26.004
ISL,2022,11.5
ISR,2022,19.0
ITA,2022,6.7
JAM,2022,11.855
JOR,2022,20.922
JPN,2022,6.3
KAZ,2022,20.819
KEN,2022,27.342
KGZ,2022,21.5
KHM,2022,21.279
KIR,2022,26.403
KNA,2022,11.958
KOR,2022,4.9
KWT,2022,10.8489565017698
LAC,2022,14.672711779749513
LAO,2022,21.693
LBN,2022,16.372
LBR,2022,31.189
LBY,2022,17.537
LCA,2022,11.417
LCN,2022,14.423348273255538
LDC,2022,31.687659612854734
LIC,2022,34.70298503753684
LIE,2022,9.2
LKA,2022,12.4
LMC,2022,21.506821203885135
LMY,2022,18.094798502549473
LSO,2022,24.392
LTE,2022,8.800001669025008
LTU,2022,7.8
LUX,2022,9.9
LVA,2022,8.5
MAC,2022,6.4
MAF,2022,17.326
MAR,2022,17.035
MCO,2022,8.687
MDA,2022,10.545
MDG,2022,32.498
MDV,2022,11.396
MEA,2022,23.215992551437246
MEX,2022,16.041
MHL,2022,21.989
MIC,2022,16.096603120158935
MKD,2022,9.9
MLI,2022,40.345
MLT,2022,8.1
MMR,2022,16.912
MNA,2022,24.032691683330214
MNE,2022,11.3
MNG,2022,19.5
MNP,2022,13.807
MOZ,2022,37.99
MRT,2022,34.844
MUS,2022,9.7
MWI,2022,31.738
MYS,2022,12.394
NAC,2022,10.801111463365368
NAM,2022,26.343
NCL,2022,14.498
NER,2022,41.95
NGA,2022,33.192
NIC,2022,19.695
NLD,2022,9.5
NOR,2022,9.4
NPL,2022,19.643
NRU,2022,26.613
NZL,2022,11.57
OED,2022,10.220555371559986
OMN,2022,16.353
OSS,2022,15.755484099896014
PAK,2022,28.13
PAN,2022,16.239
PER,2022,16.183
PHL,2022,16.057
PLW,2022,11.115
PNG,2022,25.16
POL,2022,8.3
PRE,2022,34.7057439363622
PRI,2022,5.9
PRK,2022,13.149
PRT,2022,8.0
PRY,2022,20.356
PSE,2022,27.575
PSS,2022,23.61810517539398
PST,2022,8.967822857007715
PYF,2022,11.156
QAT,2022,10.099
ROU,2022,9.4
RUS,2022,8.9
RWA,2022,28.859
SAS,2022,16.775922968083623
SAU,2022,15.217
SDN,2022,33.535
SEN,2022,29.46
SGP,2022,7.9
SLB,2022,27.283
SLE,2022,31.071
SLV,2022,15.92
SMR,2022,6.1
SOM,2022,43.789
SRB,2022,9.3
SSA,2022,33.50902336930771
SSD,2022,29.066
SSF,2022,33.50703133388878
SST,2022,16.49164894090195
STP,2022,28.277
SUR,2022,17.47
SVK,2022,9.7
SVN,2022,8.3
SWE,2022,10.0
SWZ,2022,24.611
SXM,2022,9.198
SYC,2022,13.1
SYR,2022,21.234
TCA,2022,10.981
TCD,2022,43.35
TEA,2022,9.59471687740523
TEC,2022,11.984680670147004
TGO,2022,33.129
THA,2022,8.38
TJK,2022,27.043
TKM,2022,22.635
TLA,2022,14.572522915213172
TLS,2022,22.424
TMN,2022,24.007580078959467
TON,2022,23.35
TSA,2022,16.77592296808362
TSS,2022,33.50703133388878
TTO,2022,10.987
TUN,2022,14.124
TUR,2022,12.2
TUV,2022,24.084
TZA,2022,35.637
UGA,2022,35.8
UKR,2022,5.679
UMC,2022,11.072787401726934
URY,2022,9.958
USA,2022,11.0
UZB,2022,26.524
VCT,2022,12.393
VEN,2022,15.025
VGB,2022,8.416
VIR,2022,11.6
VNM,2022,14.272
VUT,2022,28.673
WLD,2022,16.5587916024691
WSM,2022,26.101
XKX,2022,12.275
YEM,2022,35.407
ZAF,2022,19.079
ZMB,2022,33.542
ZWE,2022,30.882
ABW,2023,7.973
AFE,2023,32.9554537670713
AFG,2023,35.437
AFW,2023,33.484381267982066
AGO,2023,37.588
ALB,2023,10.244
AND,2023,6.859
ARB,2023,23.437402024944905
ARE,2023,9.774
ARG,2023,11.064
ARM,2023,12.3
ASM,2023,15.388
ATG,2023,11.848
AUS,2023,10.8
AUT,2023,8.5
AZE,2023,11.1
BDI,2023,33.667
BEL,2023,9.4
BEN,2023,33.879
BFA,2023,31.643
BGD,2023,20.353
BGR,2023,8.9
BHR,2023,12.46
BHS,2023,10.852
BIH,2023,7.714
BLR,2023,7.136
BLZ,2023,18.025
BMU,2023,8.046
BOL,2023,21.247
BRA,2023,12.322
BRB,2023,11.173
BRN,2023,13.59
BTN,2023,12.663
BWA,2023,24.713
CAF,2023,46.358
CAN,2023,8.8
CEB,2023,8.100148376422124
CHE,2023,9.0
CHI,2023,8.2
CHL,2023,8.963
CHN,2023,6.39
CIV,2023,31.99
CMR,2023,33.743
COD,2023,41.305
COG,2023,30.627
COL,2023,13.475
COM,2023,28.653
CPV,2023,12.33
CRI,2023,10.179
CSS,2023,14.203829096812674
CUB,2023,8.706
CUW,2023,7.6
CYM,2023,11.838
CYP,2023,10.799
CZE,2023,8.4
DEU,2023,8.3
DJI,2023,20.769
DMA,2023,11.09
DNK,2023,9.7
DOM,2023,17.931
DZA,2023,19.625
EAP,2023,9.327157493828732
EAR,2023,18.561183281299662
EAS,2023,9.015277697528399
ECA,2023,14.219834650185156
ECS,2023,10.01775456802156
ECU,2023,15.033
EGY,2023,21.004
EMU,2023,8.13853665086886
ERI,2023,28.544
ESP,2023,6.6
EST,2023,8.0
ETH,2023,31.903
EUU,2023,8.168795413492406
FIN,2023,7.8
FJI,2023,17.996
FRA,2023,9.9
FRO,2023,10.6
FSM,2023,22.299
GAB,2023,27.666
GBR,2023,10.023
GEO,2023,11.494
GHA,2023,26.31
GIB,2023,12.07
GIN,2023,33.848
GMB,2023,30.429
GNB,2023,30.037
GNQ,2023,29.604
GRC,2023,6.8
GRD,2023,11.711
GRL,2023,12.6
GTM,2023,20.809
GUM,2023,17.662
GUY,2023,20.287
HIC,2023,8.995743619619518
HKG,2023,4.4
HND,2023,21.963
HPC,2023,34.21988866720153
HRV,2023,8.3
HTI,2023,22.2
HUN,2023,9.1
IBD,2023,12.769749086699683
IBT,2023,17.5839668118104
IDA,2023,30.09743267265658
IDB,2023,29.859029440886427
IDN,2023,15.941
IDX,2023,30.22508412553654
IMN,2023,8.34
IND,2023,16.146
IRL,2023,10.3
IRN,2023,12.951
IRQ,2023,25.728
ISL,2023,11.2
ISR,2023,18.6
ITA,2023,6.4
JAM,2023,11.623
JOR,2023,20.611
JPN,2023,6.0
KAZ,2023,20.138
KEN,2023,27.106
KGZ,2023,20.6
KHM,2023,20.752
KIR,2023,25.813
KNA,2023,11.745
KOR,2023,4.5
KWT,2023,10.3028486127809
LAC,2023,14.459605039951791
LAO,2023,21.271
LBN,2023,16.144
LBR,2023,30.96
LBY,2023,17.024
LCA,2023,11.262
LCN,2023,14.19790934636482
LDC,2023,31.382403400810492
LIC,2023,34.37504153771181
LIE,2023,9.1
LKA,2023,11.2
LMC,2023,21.305738162111272
LMY,2023,17.886299762665264
LSO,2023,24.109
LTE,2023,8.445774458816278
LTU,2023,7.2
LUX,2023,9.5
LVA,2023,7.7
MAC,2023,5.5
MAF,2023,17.069
MAR,2023,16.701
MCO,2023,9.441
MDA,2023,10.755
MDG,2023,32.095
MDV,2023,11.018
MEA,2023,22.992618590029846
MEX,2023,15.706
MHL,2023,21.137
MIC,2023,15.863568580142696
MKD,2023,9.2
MLI,2023,40.029
MLT,2023,8.1
MMR,2023,16.696
MNA,2023,23.75487308279164
MNE,2023,11.2
MNG,2023,19.0
MNP,2023,12.918
MOZ,2023,37.486
MRT,2023,34.423
MUS,2023,10.3
MWI,2023,31.381
MYS,2023,12.412
NAC,2023,10.4976352300797
NAM,2023,25.89
NCL,2023,14.262
NER,2023,41.892
NGA,2023,32.954
NIC,2023,19.376
NLD,2023,9.2
NOR,2023,9.4
NPL,2023,19.34
NRU,2023,25.505
NZL,2023,10.95
OED,2023,9.807704863813898
OMN,2023,16.847
OSS,2023,15.543984492206992
PAK,2023,27.806
PAN,2023,16.029
PER,2023,15.944
PHL,2023,16.019
PLW,2023,10.897
PNG,2023,24.576
POL,2023,7.4
PRE,2023,34.36808568968305
PRI,2023,5.8
PRK,2023,12.947
PRT,2023,8.1
PRY,2023,19.985
PSE,2023,27.062
PSS,2023,23.264597151445916
PST,2023,8.627863442607785
PYF,2023,10.907
QAT,2023,9.908
ROU,2023,8.4
RUS,2023,8.6
RWA,2023,28.348
SAS,2023,16.568099809611095
SAU,2023,16.415
SDN,2023,33.612
SEN,2023,29.423
SGP,2023,7.4
SLB,2023,26.935
SLE,2023,30.601
SLV,2023,15.758
SMR,2023,5.6
SOM,2023,42.964
SRB,2023,9.2
SSA,2023,33.170958468617776
SSD,2023,28.59
SSF,2023,33.169039245524516
SST,2023,16.27809116634788
STP,2023,28.185
SUR,2023,17.298
SVK,2023,9.0
SVN,2023,8.0
SWE,2023,9.5
SWZ,2023,24.073
SXM,2023,9.126
SYC,2023,13.0
SYR,2023,22.107
TCA,2023,10.738
TCD,2023,42.396
TEA,2023,9.28196397960318
TEC,2023,11.545266161824872
TGO,2023,32.643
THA,2023,8.245
TJK,2023,26.124
TKM,2023,21.74
TLA,2023,14.34025580624411
TLS,2023,22.077
TMN,2023,23.73127369317171
TON,2023,23.117
TSA,2023,16.568099809611095
TSS,2023,33.16903924552452
TTO,2023,10.708
TUN,2023,13.748
TUR,2023,11.2
TUV,2023,23.075
TZA,2023,35.222
UGA,2023,35.201
UKR,2023,5.625
UMC,2023,10.756394131744878
URY,2023,9.871
USA,2023,10.7
UZB,2023,26.465
VCT,2023,12.158
VEN,2023,15.087
VGB,2023,8.332
VIR,2023,11.4
VNM,2023,13.831
VUT,2023,28.05
WLD,2023,16.33362034496901
WSM,2023,25.401
XKX,2023,12.067
YEM,2023,35.209
ZAF,2023,18.775
ZMB,2023,33.081
ZWE,2023,30.41
ABW,2024,7.593
AFE,2024,32.5841148225913
AFG,2024,35.007
AFW,2024,33.12382283385065
AGO,2024,37.158
ALB,2024,10.131
AND,2024,6.852
ARB,2024,23.16396739707438
ARE,2024,9.819
ARG,2024,11.086
ARM,2024,11.1
ASM,2024,14.994
ATG,2024,11.747
AUS,2024,10.7
AUT,2024,8.4
AZE,2024,10.0
BDI,2024,33.211
BEL,2024,9.2
BEN,2024,33.419
BFA,2024,31.336
BGD,2024,19.988
BGR,2024,8.3
BHR,2024,12.033
BHS,2024,10.817
BIH,2024,7.72
BLR,2024,7.031
BLZ,2024,18.051
BMU,2024,7.92
BOL,2024,21.026
BRA,2024,12.133
BRB,2024,11.117
BRN,2024,13.328
BTN,2024,12.525
BWA,2024,24.361
CAF,2024,46.193
CAN,2024,8.9
CEB,2024,7.47191716196893
CHE,2024,8.7
CHI,2024,8.2
CHL,2024,8.723
CHN,2024,6.77
CIV,2024,31.564
CMR,2024,33.344
COD,2024,40.885
COG,2024,30.424
COL,2024,13.251
COM,2024,28.232
CPV,2024,12.222
CRI,2024,9.991
CSS,2024,14.052090616999996
CUB,2024,8.62
CUW,2024,7.2
CYM,2024,11.56
CYP,2024,10.517
CZE,2024,7.7
DEU,2024,8.1
DJI,2024,20.931
DMA,2024,10.98
DNK,2024,9.5
DOM,2024,17.62
DZA,2024,18.837
EAP,2024,9.524549442582089
EAR,2024,18.350175072085083
EAS,2024,9.182354691176096
ECA,2024,13.831986217028538
ECS,2024,9.750584430063562
ECU,2024,14.82
EGY,2024,20.915
EMU,2024,7.964888667121769
ERI,2024,28.719
ESP,2024,6.5
EST,2024,7.1
ETH,2024,31.469
EUU,2024,7.909046177921672
FIN,2024,7.8
FJI,2024,17.864
FRA,2024,9.7
FRO,2024,10.8
FSM,2024,22.318
GAB,2024,27.127
GBR,2024,9.892
GEO,2024,11.289
GHA,2024,25.92
GIB,2024,12.205
GIN,2024,33.325
GMB,2024,29.857
GNB,2024,29.56
GNQ,2024,29.994
GRC,2024,6.6
GRD,2024,11.477
GRL,2024,12.0
GTM,2024,20.619
GUM,2024,17.342
GUY,2024,19.883
HIC,2024,8.856533070636731
HKG,2024,4.9
HND,2024,21.649
HPC,2024,33.83776992505835
HRV,2024,8.3
HTI,2024,21.944
HUN,2024,8.2
IBD,2024,12.757066441153599
IBT,2024,17.529367396668665
IDA,2024,29.743267170820218
IDB,2024,29.44334035650186
IDN,2024,15.762
IDX,2024,29.903298916738603
IMN,2024,8.277
IND,2024,15.981
IRL,2024,10.0
IRN,2024,12.571
IRQ,2024,25.58
ISL,2024,11.2
ISR,2024,18.6
ITA,2024,6.3
JAM,2024,11.45
JOR,2024,20.452
JPN,2024,5.7
KAZ,2024,19.521
KEN,2024,26.968
KGZ,2024,19.4
KHM,2024,20.309
KIR,2024,25.309
KNA,2024,11.741
KOR,2024,4.7
KWT,2024,10.02
LAC,2024,14.290810309957424
LAO,2024,20.933
LBN,2024,15.958
LBR,2024,30.577
LBY,2024,16.495
LCA,2024,11.209
LCN,2024,14.028322369614331
LDC,2024,31.044489905097908
LIC,2024,34.03815255483762
LIE,2024,8.4
LKA,2024,10.1
LMC,2024,21.079429454127
LMY,2024,17.837198363906417
LSO,2024,23.762
LTE,2024,8.569213715120071
LTU,2024,6.6
LUX,2024,9.5
LVA,2024,6.9
MAC,2024,5.3
MAF,2024,15.045
MAR,2024,16.402
MCO,2024,9.558
MDA,2024,10.59
MDG,2024,31.714
MDV,2024,10.587
MEA,2024,22.705076536546787
MEX,2024,15.464
MHL,2024,20.087
MIC,2024,15.811603850341365
MKD,2024,8.8
MLI,2024,39.532
MLT,2024,7.7
MMR,2024,16.464
MNA,2024,23.457996955760205
MNE,2024,11.2
MNG,2024,16.9
MNP,2024,12.107
MOZ,2024,37.028
MRT,2024,34.03
MUS,2024,10.3
MWI,2024,31.143
MYS,2024,12.362
NAC,2024,10.415595302589303
NAM,2024,25.891
NCL,2024,14.03
NER,2024,41.42
NGA,2024,32.493
NIC,2024,19.141
NLD,2024,9.2
NOR,2024,9.7
NPL,2024,18.962
NRU,2024,24.562
NZL,2024,11.03
OED,2024,9.651272671102554
OMN,2024,16.778
OSS,2024,15.275411219545994
PAK,2024,27.412
PAN,2024,15.867
PER,2024,15.751
PHL,2024,15.894
PLW,2024,10.687
PNG,2024,24.291
POL,2024,6.9
PRE,2024,33.999829221871146
PRI,2024,5.7
PRK,2024,12.858
PRT,2024,7.9
PRY,2024,19.728
PSE,2024,26.465
PSS,2024,23.05118771724322
PST,2024,8.505411594172704
PYF,2024,10.688
QAT,2024,9.524
ROU,2024,7.5
RUS,2024,8.4
RWA,2024,28.062
SAS,2024,16.368140647468426
SAU,2024,16.495
SDN,2024,32.996
SEN,2024,29.184
SGP,2024,7.4
SLB,2024,26.707
SLE,2024,30.108
SLV,2024,15.597
SMR,2024,4.2
SOM,2024,42.346
SRB,2024,9.2
SSA,2024,32.80400777082723
SSD,2024,29.222
SSF,2024,32.8019565039641
SST,2024,16.048761196935335
STP,2024,28.094
SUR,2024,17.152
SVK,2024,8.5
SVN,2024,7.9
SWE,2024,9.3
SWZ,2024,23.648
SXM,2024,9.085
SYC,2024,11.0
SYR,2024,23.162
TCA,2024,10.539
TCD,2024,43.264
TEA,2024,9.482872490804787
TEC,2024,11.19819848355717
TGO,2024,32.061
THA,2024,8.116
TJK,2024,25.333
TKM,2024,20.906
TLA,2024,14.167689931255826
TLS,2024,21.768
TMN,2024,23.436399375549293
TON,2024,23.04
TSA,2024,16.368140647468426
TSS,2024,32.8019565039641
TTO,2024,10.543
TUN,2024,13.37
TUR,2024,11.0
TUV,2024,21.969
TZA,2024,34.801
UGA,2024,34.436
UKR,2024,5.466
UMC,2024,10.82028137240683
URY,2024,9.802
USA,2024,10.6
UZB,2024,25.557
VCT,2024,11.955
VEN,2024,15.231
VGB,2024,8.218
VIR,2024,11.1
VNM,2024,13.423
VUT,2024,27.651
WLD,2024,16.273007096990696
WSM,2024,24.969
XKX,2024,11.852
YEM,2024,34.359
ZAF,2024,18.48
ZMB,2024,32.724
ZWE,2024,29.891
