Country Name,Code,Year,Ed Gov Expenditure,Ed Post Secondary,Ec GNI per capita,Ec Gini Index,Birth Rate,Fem Labor Ratio,Fem Parliament Sits,Life Expectancy,Rule of Law
Aruba,ABW,2000,21.807710647583,,20060.0,,14.26,78.202,,72.9393,
Aruba,ABW,2001,21.3231792449951,,20340.0,,13.813,,,73.0437,
Aruba,ABW,2002,19.7571506500244,,19220.0,,13.337,,,73.1355,
Aruba,ABW,2003,,,21020.0,,13.358,,,73.2362,
Aruba,ABW,2004,14.902910232544,,23610.0,,12.54,,,73.223,
Aruba,ABW,2005,18.8882808685303,,19720.0,,12.936,,,73.4152,
Aruba,ABW,2006,,,23920.0,,13.681,,,73.4984,
Aruba,ABW,2007,20.7926406860352,,22600.0,,13.38,80.731,,73.6421,
Aruba,ABW,2008,19.028829574585,,26780.0,,13.07,,,73.7833,
Aruba,ABW,2009,21.5635509490967,,24340.0,,12.332,,,73.9738,
Aruba,ABW,2010,22.1767807006836,,23050.0,,11.941,86.361,,74.2973,
Aruba,ABW,2011,21.7505397796631,,23100.0,,12.175,84.483,,74.5776,
Aruba,ABW,2012,20.6340808868408,,23970.0,,12.592,,,74.8415,
Aruba,ABW,2013,21.8776302337646,,24830.0,,12.548,,,75.0718,
Aruba,ABW,2014,19.6179790496826,,25260.0,,12.864,,,75.261,
Aruba,ABW,2015,23.201379776001,,25430.0,,11.556,,,75.4054,
Aruba,ABW,2016,21.8537502288818,,25560.0,,11.625,,,75.5398,
Aruba,ABW,2017,18.5214084951566,,26460.0,,11.477,,,75.6203,
Aruba,ABW,2018,20.1234403394689,,27970.0,,10.807,,,75.8797,
Aruba,ABW,2019,19.4014270600936,,29320.0,,10.842,,,76.0193,
Aruba,ABW,2020,,,22790.0,,9.688,,,75.4061,
Aruba,ABW,2021,10.9564429608125,,26550.0,,9.461,,,73.655,
Aruba,ABW,2022,,,30160.0,,8.527,,,76.2258,
Aruba,ABW,2023,,,31600.0,,7.973,,,76.353,
Aruba,ABW,2024,,,35570.0,,7.593,,,,
Africa Eastern and Southern,AFE,2000,12.9703397750854,,656.4435716110337,,41.006958024593374,85.551,14.8,,
Africa Eastern and Southern,AFE,2001,18.66932487487795,,628.9990155000334,,40.740368355493715,85.709,15.427,,
Africa Eastern and Southern,AFE,2002,,,615.0893237927978,,40.41873277700824,85.917,16.658,,
Africa Eastern and Southern,AFE,2003,,,666.7161646572407,,40.14667473692605,86.117,16.675,,
Africa Eastern and Southern,AFE,2004,18.0015392303467,,814.8072693875959,,40.01015923646789,86.299,17.383,,
Africa Eastern and Southern,AFE,2005,18.1431407928467,,1019.8423060605337,,39.83977258082445,86.467,19.306,,
Africa Eastern and Southern,AFE,2006,18.0049896240234,,1149.2271398551434,,39.55974982454708,86.46,19.773,,
Africa Eastern and Southern,AFE,2007,,,1261.6882184639892,,39.198574291596,86.351,20.226,,
Africa Eastern and Southern,AFE,2008,17.082224845886202,,1349.8899235248007,,38.9724856893111,86.222,21.444,,
Africa Eastern and Southern,AFE,2009,,,1367.9139332180962,,38.441366401009006,86.084,22.381,,
Africa Eastern and Southern,AFE,2010,18.16370010375975,,1436.126373013978,,37.957387154759445,85.961,22.642,,
Africa Eastern and Southern,AFE,2011,18.65267576266705,,1558.8226279059252,,37.44069497450484,86.031,25.246,,
Africa Eastern and Southern,AFE,2012,19.4848194122314,,1664.44522327829,,36.87716876787331,85.35,25.022,,
Africa Eastern and Southern,AFE,2013,17.4679158828022,,1689.98746939179,,36.346369428591636,85.823,25.915,,
Africa Eastern and Southern,AFE,2014,18.9779653549194,,1667.0731235229766,,35.93152903271287,85.536,25.747,,
Africa Eastern and Southern,AFE,2015,17.3620891571045,,1550.5424026018113,,35.455124884071935,85.196,28.15,,
Africa Eastern and Southern,AFE,2016,17.35130630925665,,1405.9363797312144,,35.067865907406,84.888,28.989,,
Africa Eastern and Southern,AFE,2017,18.5936508178711,,1370.752263740241,,34.813992326630846,84.518,28.706,,
Africa Eastern and Southern,AFE,2018,18.90159034729,,1435.8077423065893,,34.58380722267127,84.105,28.772,,
Africa Eastern and Southern,AFE,2019,18.5068975878254,,1501.9969526935893,,34.33588143542187,83.636,29.275,,
Africa Eastern and Southern,AFE,2020,15.8905396021243,,1393.459288758491,,34.0106527093665,83.193,30.128,,
Africa Eastern and Southern,AFE,2021,15.5322399139404,,1473.0102072313632,,33.681336192657334,83.176,30.475,,
Africa Eastern and Southern,AFE,2022,15.8953675974216,,1569.1733317015605,,33.32060557055073,83.348,30.524,,
Africa Eastern and Southern,AFE,2023,15.024640083313,,1602.1652349058807,,32.9554537670713,85.957,30.518,,
Africa Eastern and Southern,AFE,2024,15.3772099653715,,1579.1035698892576,,32.5841148225913,86.106,30.233,,
Afghanistan,AFG,2000,,,,,51.491,17.88,,55.0047,
Afghanistan,AFG,2001,,,,,49.623,17.766,,55.5113,
Afghanistan,AFG,2002,,,180.0,,47.488,17.727,,56.2251,
Afghanistan,AFG,2003,,,190.0,,47.056,17.751,,57.1713,
Afghanistan,AFG,2004,,,210.0,,46.492,17.841,,57.8098,
Afghanistan,AFG,2005,,,250.0,,44.952,17.991,27.309,58.2468,
Afghanistan,AFG,2006,,,270.0,,44.087,18.213,27.309,58.5533,
Afghanistan,AFG,2007,,,330.0,,43.831,18.529,27.686,58.9563,
Afghanistan,AFG,2008,,,370.0,,42.538,18.927,27.686,59.7081,
Afghanistan,AFG,2008,,,370.0,,42.538,53.379,27.686,59.7081,
Afghanistan,AFG,2009,,,460.0,,42.162,19.371,27.309,60.2478,
Afghanistan,AFG,2010,,,530.0,,41.759,19.848,27.711,60.7018,
Afghanistan,AFG,2011,,,550.0,,40.973,20.321,27.711,61.2503,
Afghanistan,AFG,2012,,,640.0,,40.702,20.786,27.711,61.7349,
Afghanistan,AFG,2012,,,640.0,,40.702,20.786,27.711,61.7349,
Afghanistan,AFG,2013,,,670.0,,40.288,22.224,27.711,62.1878,
Afghanistan,AFG,2014,,,640.0,,39.646,23.754,27.711,62.2599,0.3371999250871366
Afghanistan,AFG,2014,,,640.0,,39.646,33.452,27.711,62.2599,0.3371999250871366
Afghanistan,AFG,2015,,,590.0,,39.364,25.38,27.711,62.2695,0.3451751750193288
Afghanistan,AFG,2016,,,560.0,,38.732,27.106,27.711,62.6459,0.3480667645654485
Afghanistan,AFG,2017,,,530.0,,38.171,28.937,27.711,62.4062,0.3462416700317882
Afghanistan,AFG,2017,,,530.0,,38.171,28.936,27.711,62.4062,0.3462416700317882
Afghanistan,AFG,2018,,,520.0,,37.624,27.75,,62.4434,0.3462416700317882
Afghanistan,AFG,2019,,,520.0,,37.138,26.371,27.869,62.9411,0.34764007551064874
Afghanistan,AFG,2020,,,490.0,,36.601,24.68,27.016,61.4537,0.3627357477354936
Afghanistan,AFG,2020,,,490.0,,36.601,24.679,27.016,61.4537,0.3627357477354936
Afghanistan,AFG,2021,,,380.0,,36.342,21.866,27.016,60.4174,0.35281919257400624
Afghanistan,AFG,2021,,,380.0,,36.342,30.274,27.016,60.4174,0.35281919257400624
Afghanistan,AFG,2022,,,370.0,,36.045,7.346,,65.617,0.33064326393729665
Afghanistan,AFG,2023,,,370.0,,35.437,7.342,,66.0346,0.3175541674526933
Afghanistan,AFG,2024,,,,,35.007,7.323,,,0.3162132600639435
Africa Western and Central,AFW,2000,15.3238096237183,,,,43.36173375718788,83.957,6.815,,
Africa Western and Central,AFW,2001,15.7297401428223,,,,43.2308601284883,84.13,7.396,,
Africa Western and Central,AFW,2002,14.3271450996399,,,,43.032006837164275,84.499,7.943,,
Africa Western and Central,AFW,2003,16.1175098419189,,,,42.886936582314966,84.599,8.957,,
Africa Western and Central,AFW,2004,17.05612468719485,,,,42.67155551473068,84.769,10.069,,
Africa Western and Central,AFW,2005,16.9791898727417,,,,42.5979337639019,84.851,10.708,,
Africa Western and Central,AFW,2006,17.9546394348144,,,,42.411720018615334,85.107,11.184,,
Africa Western and Central,AFW,2007,,,,,42.12976479248673,85.358,12.31,,
Africa Western and Central,AFW,2008,18.0316905975342,,1419.9906986753956,,41.93923660625965,85.408,11.203,,
Africa Western and Central,AFW,2009,18.1756191253662,,1485.9655140589039,,41.71407530958894,85.339,11.143,,
Africa Western and Central,AFW,2010,16.5039100646973,,1545.8681459147683,,41.48456270442904,85.459,11.203,,
Africa Western and Central,AFW,2011,14.8677701950073,,1581.7051686320867,,41.166721047519374,85.266,11.859,,
Africa Western and Central,AFW,2012,14.5397996902466,,1753.2457380665762,,40.69118421529287,85.373,13.643,,
Africa Western and Central,AFW,2013,14.9624490263963,,1910.249528292723,,40.09758673682843,85.221,14.706,,
Africa Western and Central,AFW,2014,13.98487997055055,,2075.4229080302925,,39.515151431638536,85.027,15.614,,
Africa Western and Central,AFW,2015,14.72781467437745,,1989.4881982760994,,38.77401262722755,84.974,15.085,,
Africa Western and Central,AFW,2016,13.29928493499755,,1765.9293613195198,,37.89115802594605,84.734,14.844,,
Africa Western and Central,AFW,2017,16.137779712677,,1584.3418558812266,,36.99334914375311,84.804,15.279,,
Africa Western and Central,AFW,2018,16.8831596374512,,1614.098949563916,,36.08391298828043,84.613,15.318,,
Africa Western and Central,AFW,2019,14.4824192647246,,1784.1371692254686,,35.21334489665219,84.559,15.399,,
Africa Western and Central,AFW,2019,14.4824192647246,,1784.1371692254686,,35.21334489665219,77.453,15.399,,
Africa Western and Central,AFW,2020,14.7968659004706,,1869.7227133514455,,34.45087532370195,84.211,16.345,,
Africa Western and Central,AFW,2021,15.3551631854332,,2086.4685306323277,,34.13309035895908,84.694,17.824,,
Africa Western and Central,AFW,2022,14.733645237099399,,2153.649135792545,,33.78188969621689,84.702,19.183,,
Africa Western and Central,AFW,2022,14.733645237099399,,2153.649135792545,,33.78188969621689,86.583,19.183,,
Africa Western and Central,AFW,2023,15.3105804752341,,2011.4455951512373,,33.484381267982066,87.766,20.768,,
Africa Western and Central,AFW,2024,,,1624.3163844200365,,33.12382283385065,87.954,20.785,,
Angola,AGO,2000,5.2550802230835,,360.0,,46.853,95.136,15.455,46.5005,
Angola,AGO,2001,,,400.0,,46.771,95.251,15.455,47.0323,
Angola,AGO,2002,,,620.0,,46.666,95.368,15.455,47.8736,
Angola,AGO,2003,,,780.0,,46.551,95.487,15.455,50.218,
Angola,AGO,2004,,,1190.0,,46.46,95.594,15.0,51.1225,
Angola,AGO,2004,,,1190.0,,46.46,84.173,15.0,51.1225,
Angola,AGO,2005,7.99235010147095,,1590.0,,46.342,95.678,15.0,52.1295,
Angola,AGO,2006,7.45479011535645,,2090.0,,46.123,95.735,15.0,52.9647,
Angola,AGO,2007,,,2800.0,,45.838,95.771,15.0,54.2001,
Angola,AGO,2008,,,3450.0,,45.507,95.776,37.273,55.2809,
Angola,AGO,2009,,,3680.0,,45.175,95.756,38.636,56.2251,
Angola,AGO,2009,,,3680.0,,45.175,82.497,38.636,56.2251,
Angola,AGO,2010,8.68476963043213,,3780.0,,44.661,95.735,38.636,57.242,
Angola,AGO,2010,8.68476963043213,,3780.0,,44.661,95.736,38.636,57.242,
Angola,AGO,2011,,,3960.0,,44.136,93.7,38.182,58.0931,
Angola,AGO,2011,,,3960.0,,44.136,97.516,38.182,58.0931,
Angola,AGO,2012,8.37043244524554,,4750.0,,43.61,93.797,34.091,58.916,
Angola,AGO,2013,8.82697061127785,,5330.0,,43.065,93.898,34.091,59.7048,
Angola,AGO,2014,,,5430.0,,42.503,94.005,36.818,60.3956,
Angola,AGO,2014,,,5430.0,,42.503,72.9,36.818,60.3956,
Angola,AGO,2015,8.9187765351992,,4450.0,,41.847,94.115,36.818,61.042,
Angola,AGO,2016,6.55097404850717,,2910.0,,41.183,94.227,36.818,61.6189,
Angola,AGO,2017,6.76377686213957,,2400.0,,40.595,94.346,30.455,62.1221,
Angola,AGO,2018,5.77752454566543,,2270.0,,40.057,94.469,30.455,62.6219,
Angola,AGO,2019,6.04535564723515,,2440.0,,39.539,94.594,30.0,63.0511,0.41263020349326457
Angola,AGO,2019,6.04535564723515,,2440.0,,39.539,94.833,30.0,63.0511,0.41263020349326457
Angola,AGO,2020,5.29473572273771,,2020.0,,39.127,94.628,30.0,63.1164,0.4254192468620421
Angola,AGO,2021,6.91961006302706,,1990.0,,38.67,95.603,29.545,62.9581,0.42765577737196564
Angola,AGO,2021,6.91961006302706,,1990.0,,38.67,95.62,29.545,62.9581,0.42765577737196564
Angola,AGO,2022,6.64047212078077,,2340.0,,38.102,96.711,33.636,64.2455,0.42649878122283563
Angola,AGO,2022,6.64047212078077,,2340.0,,38.102,96.795,33.636,64.2455,0.42649878122283563
Angola,AGO,2023,7.73896250991202,,2700.0,,37.588,93.208,33.636,64.617,0.42502145787227114
Angola,AGO,2024,6.36976605603197,,2840.0,,37.158,93.34,39.545,,0.4264344702532744
Albania,ALB,2000,10.1370296478272,,1130.0,,17.513,70.385,5.161,74.8262,
Albania,ALB,2000,10.1370296478272,,1130.0,,17.513,65.339,5.161,74.8262,
Albania,ALB,2001,10.5819301605225,,1320.0,,16.596,69.613,5.714,75.083,
Albania,ALB,2002,9.88691997528076,,1420.0,,15.585,69.234,5.714,75.2987,
Albania,ALB,2002,9.88691997528076,,1420.0,,15.585,69.233,5.714,75.2987,
Albania,ALB,2003,10.5735998153687,,1700.0,,15.616,69.875,5.714,75.5566,
Albania,ALB,2003,10.5735998153687,,1700.0,,15.616,63.363,5.714,75.5566,
Albania,ALB,2004,10.7031602859497,,2170.0,,14.7,70.591,6.429,75.9515,
Albania,ALB,2004,10.7031602859497,,2170.0,,14.7,64.416,6.429,75.9515,
Albania,ALB,2005,11.3579702377319,,2690.0,,13.862,71.386,7.143,76.4266,
Albania,ALB,2005,11.3579702377319,,2690.0,,13.862,65.311,7.143,76.4266,
Albania,ALB,2006,10.9329500198364,,3130.0,,12.977,72.266,7.143,76.9943,
Albania,ALB,2006,10.9329500198364,,3130.0,,12.977,65.712,7.143,76.9943,
Albania,ALB,2007,11.1771898269653,,3580.0,,12.439,73.234,7.143,77.6907,
Albania,ALB,2007,11.1771898269653,,3580.0,,12.439,60.088,7.143,77.6907,
Albania,ALB,2008,,,4160.0,,12.209,74.298,7.143,78.2484,
Albania,ALB,2008,,,4160.0,,12.209,74.297,7.143,78.2484,
Albania,ALB,2009,,,4390.0,,12.326,71.294,16.429,78.5088,
Albania,ALB,2009,,,4390.0,,12.326,71.293,16.429,78.5088,
Albania,ALB,2010,,,4430.0,,12.373,73.254,16.429,78.4141,
Albania,ALB,2010,,,4430.0,,12.373,73.254,16.429,78.4141,
Albania,ALB,2011,10.9672234716811,,4460.0,,12.406,77.72,15.714,78.3029,
Albania,ALB,2011,10.9672234716811,,4460.0,,12.406,77.719,15.714,78.3029,
Albania,ALB,2012,11.509856714685,,4430.0,,12.868,74.819,15.714,78.0836,0.4897809824420753
Albania,ALB,2012,11.509856714685,,4430.0,,12.868,74.82,15.714,78.0836,0.4897809824420753
Albania,ALB,2013,12.1239099502563,,4690.0,,13.137,71.264,17.857,77.9951,0.4897809824420753
Albania,ALB,2013,12.1239099502563,,4690.0,,13.137,71.264,17.857,77.9951,0.4897809824420753
Albania,ALB,2014,10.9181681167363,,4750.0,,13.071,69.436,20.0,78.0291,0.48525734824534317
Albania,ALB,2014,10.9181681167363,,4750.0,,13.071,69.437,20.0,78.0291,0.48525734824534317
Albania,ALB,2015,11.1775503158569,,4660.0,,12.431,73.326,20.714,78.358,0.5209088023608597
Albania,ALB,2015,11.1775503158569,,4660.0,,12.431,73.325,20.714,78.358,0.5209088023608597
Albania,ALB,2016,13.596960067749,,4670.0,,11.873,76.662,22.857,78.6433,0.5090065469703302
Albania,ALB,2016,13.596960067749,,4670.0,,11.873,76.662,22.857,78.6433,0.5090065469703302
Albania,ALB,2017,12.3852100372315,,4700.0,,11.416,74.511,27.857,78.9003,0.5106175788392531
Albania,ALB,2017,12.3852100372315,,4700.0,,11.416,74.51,27.857,78.9003,0.5106175788392531
Albania,ALB,2018,10.8817322436585,,5400.0,,10.898,76.118,27.857,79.2377,0.5106175788392531
Albania,ALB,2018,10.8817322436585,,5400.0,,10.898,76.118,27.857,79.2377,0.5106175788392531
Albania,ALB,2019,13.4334001541138,,5900.0,,10.757,77.834,29.508,79.4669,0.506075766818067
Albania,ALB,2019,13.4334001541138,,5900.0,,10.757,77.834,29.508,79.4669,0.506075766818067
Albania,ALB,2020,10.267430305481,,5970.0,,10.536,78.227,29.508,77.8241,0.500228768298483
Albania,ALB,2020,10.267430305481,,5970.0,,10.536,78.228,29.508,77.8241,0.500228768298483
Albania,ALB,2021,9.40900993347168,,6940.0,,10.512,78.2,35.714,76.8442,0.49157360941185785
Albania,ALB,2021,9.40900993347168,,6940.0,,10.512,78.2,35.714,76.8442,0.49157360941185785
Albania,ALB,2022,9.01408958435059,,7720.0,,10.305,82.737,35.714,78.7688,0.487371486399233
Albania,ALB,2022,9.01408958435059,,7720.0,,10.305,82.737,35.714,78.7688,0.487371486399233
Albania,ALB,2023,10.8565797805786,,8730.0,,10.244,82.724,35.714,79.6019,0.48408722839027163
Albania,ALB,2023,10.8565797805786,,8730.0,,10.244,82.725,35.714,79.6019,0.48408722839027163
Albania,ALB,2024,,,9910.0,,10.131,82.934,35.714,,0.4828477843306903
Andorra,AND,2000,,,,,11.54,,7.143,81.8633,
Andorra,AND,2001,,,,,11.405,,14.286,82.1618,
Andorra,AND,2002,,,,,10.728,,14.286,82.4485,
Andorra,AND,2003,,,,,9.537,,14.286,82.7183,
Andorra,AND,2004,,,,,10.253,,14.286,82.8153,
Andorra,AND,2005,,,,,10.502,,28.571,83.086,
Andorra,AND,2006,,,,,10.498,,28.571,83.3745,
Andorra,AND,2007,,,,,10.04,,28.571,83.6324,
Andorra,AND,2008,,,,,10.46,,25.0,83.8546,
Andorra,AND,2009,,,,,10.101,,35.714,84.0997,
Andorra,AND,2010,,,,,10.742,,35.714,84.1974,
Andorra,AND,2011,,,,,10.469,,50.0,84.2965,
Andorra,AND,2012,9.84161391329076,,,,10.172,,50.0,84.3339,
Andorra,AND,2013,6.19552993774414,,,,9.03,,50.0,84.4065,
Andorra,AND,2014,13.3152103424072,,,,8.973,,50.0,84.4853,
Andorra,AND,2015,10.4428100585938,,,,9.132,,39.286,84.5316,
Andorra,AND,2016,9.99098014831543,,,,8.432,,32.143,84.4885,
Andorra,AND,2017,9.39243984222412,,,,7.831,,32.143,84.3595,
Andorra,AND,2018,13.4619197845459,,,,7.159,,32.143,84.2416,
Andorra,AND,2019,10.8952398300171,,,,6.993,,46.429,84.098,
Andorra,AND,2020,8.99186922593895,,,,6.831,,46.429,79.4177,
Andorra,AND,2021,10.264735366383,,,,6.828,,46.429,82.3311,
Andorra,AND,2022,6.96124982833862,,,,6.85,,46.429,84.0164,
Andorra,AND,2023,12.769515368941,,,,6.859,,50.0,84.0406,
Andorra,AND,2024,12.0045154081126,,,,6.852,,50.0,,
Arab World,ARB,2000,,,2431.9894302226508,,29.48347127483269,28.304,3.771,,
Arab World,ARB,2001,,,2526.3319349355015,,29.11359881702125,28.589,4.621,,
Arab World,ARB,2002,,,2475.522247487449,,28.734821350479173,27.923,6.131,,
Arab World,ARB,2003,,,2616.394432602371,,28.565773390025804,28.19,6.048,,
Arab World,ARB,2004,,,3044.993587419928,,28.397411343293527,28.398,6.693,,
Arab World,ARB,2005,,,3487.1658724219797,,28.32681150258816,28.635,7.037,,
Arab World,ARB,2006,,,4027.2330689482405,,28.34457334814587,29.002,9.35,,
Arab World,ARB,2007,,,4613.921437583309,,28.407364012499674,29.942,9.754,,
Arab World,ARB,2007,,,4613.921437583309,,28.407364012499674,28.894,9.754,,
Arab World,ARB,2008,,,5392.980613678724,,28.360044041531214,29.457,9.802,,
Arab World,ARB,2008,,,5392.980613678724,,28.360044041531214,29.741,9.802,,
Arab World,ARB,2009,,,5459.921450616241,,28.341481251284048,29.992,9.902,,
Arab World,ARB,2009,,,5459.921450616241,,28.341481251284048,29.407,9.902,,
Arab World,ARB,2010,,,5774.981239121055,,28.409109617044027,30.018,11.92,,
Arab World,ARB,2011,,,6088.034559985226,,28.34866449600155,30.204,11.329,,
Arab World,ARB,2012,,,6953.254326714817,,28.368001476943387,30.185,14.872,,
Arab World,ARB,2012,,,6953.254326714817,,28.368001476943387,29.125,14.872,,
Arab World,ARB,2013,,,7360.490201434982,,28.141890921933662,30.469,17.369,,
Arab World,ARB,2014,,,7407.961859897135,,27.821503842211047,30.789,17.793,,
Arab World,ARB,2014,,,7407.961859897135,,27.821503842211047,27.655,17.793,,
Arab World,ARB,2015,,,6936.644789507251,,27.38462492623583,31.305,18.78,,
Arab World,ARB,2016,,,6479.267311699552,,26.654421038837814,31.606,19.276,,
Arab World,ARB,2016,,,6479.267311699552,,26.654421038837814,32.676,19.276,,
Arab World,ARB,2017,,,6048.461306863939,,26.250675491823806,30.875,18.884,,
Arab World,ARB,2018,,,6328.949739787266,,25.37974810965214,29.627,19.061,,
Arab World,ARB,2019,,,6590.574169002689,,24.7918834648583,29.019,17.567,,
Arab World,ARB,2020,,,6062.329318188145,,24.40787864435655,29.141,19.547,,
Arab World,ARB,2021,,,6472.7415672444,,23.888973522515894,29.304,18.225,,
Arab World,ARB,2022,,,7279.320431071397,,23.542827215826083,28.988,18.246,,
Arab World,ARB,2023,,,7649.383468370629,,23.437402024944905,30.39,17.728,,
Arab World,ARB,2024,,,7650.333718267643,,23.16396739707438,30.265,18.152,,
United Arab Emirates,ARE,2000,,,28170.0,,16.314,37.865,0.0,76.347,
United Arab Emirates,ARE,2001,,,28360.0,,15.978,38.511,0.0,77.6207,
United Arab Emirates,ARE,2002,,,27200.0,,15.779,39.108,0.0,78.7211,
United Arab Emirates,ARE,2003,,,29030.0,,15.647,39.652,0.0,79.5995,
United Arab Emirates,ARE,2004,,,33220.0,,15.115,40.132,0.0,80.2724,
United Arab Emirates,ARE,2005,,,36880.0,,14.343,40.61,0.0,80.779,
United Arab Emirates,ARE,2005,,,36880.0,,14.343,40.744,0.0,80.779,
United Arab Emirates,ARE,2006,,,41670.0,,12.292,41.67,5.0,81.1553,
United Arab Emirates,ARE,2007,,,43420.0,,11.127,42.968,22.5,81.4384,
United Arab Emirates,ARE,2008,,,44890.0,,9.999,44.44,22.5,81.5915,
United Arab Emirates,ARE,2008,,,44890.0,,9.999,46.794,22.5,81.5915,
United Arab Emirates,ARE,2009,,,41310.0,,11.083,45.911,22.5,81.6794,
United Arab Emirates,ARE,2009,,,41310.0,,11.083,47.307,22.5,81.6794,
United Arab Emirates,ARE,2010,,,42380.0,,11.249,47.001,22.5,81.886,
United Arab Emirates,ARE,2011,,,45610.0,,11.372,47.971,17.5,81.8984,
United Arab Emirates,ARE,2012,,,51180.0,,11.678,48.999,17.5,81.9129,0.639379483317044
United Arab Emirates,ARE,2013,,,53780.0,,11.819,50.091,17.5,81.95,0.639379483317044
United Arab Emirates,ARE,2014,,,53360.0,,11.471,51.202,17.5,81.9902,0.6544406185570238
United Arab Emirates,ARE,2015,,,49990.0,,11.02,52.304,22.5,82.0759,0.6519986297878685
United Arab Emirates,ARE,2016,,,46180.0,,10.747,53.281,22.5,82.1946,0.6558664675688413
United Arab Emirates,ARE,2016,,,46180.0,,10.747,54.935,22.5,82.1946,0.6558664675688413
United Arab Emirates,ARE,2017,,,42230.0,,10.661,55.273,22.5,82.3884,0.647437636880194
United Arab Emirates,ARE,2017,,,42230.0,,10.661,56.985,22.5,82.3884,0.647437636880194
United Arab Emirates,ARE,2018,,,44570.0,,10.248,55.445,22.5,82.4493,0.647437636880194
United Arab Emirates,ARE,2018,,,44570.0,,10.248,56.674,22.5,82.4493,0.647437636880194
United Arab Emirates,ARE,2019,,,46690.0,,10.094,59.323,50.0,82.5961,0.6415679068403112
United Arab Emirates,ARE,2019,,,46690.0,,10.094,62.596,50.0,82.5961,0.6415679068403112
United Arab Emirates,ARE,2020,,,41310.0,,10.465,65.459,50.0,81.9363,0.6455845323466618
United Arab Emirates,ARE,2020,,,41310.0,,10.465,69.514,50.0,81.9363,0.6455845323466618
United Arab Emirates,ARE,2021,,,43230.0,,9.279,55.924,50.0,79.0831,0.6395489719639679
United Arab Emirates,ARE,2021,,,43230.0,,9.279,58.229,50.0,79.0831,0.6395489719639679
United Arab Emirates,ARE,2022,,,46990.0,,9.295,59.422,50.0,80.4868,0.633819721093575
United Arab Emirates,ARE,2022,,,46990.0,,9.295,61.838,50.0,80.4868,0.633819721093575
United Arab Emirates,ARE,2023,,,51100.0,,9.774,57.267,50.0,82.9091,0.6353856766192295
United Arab Emirates,ARE,2023,,,51100.0,,9.774,59.996,50.0,82.9091,0.6353856766192295
United Arab Emirates,ARE,2024,,,51550.0,,9.819,57.349,50.0,,0.6352985778209921
United Arab Emirates,ARE,2024,,,51550.0,,9.819,59.974,50.0,,0.6352985778209921
Argentina,ARG,2000,16.2261505126953,,7400.0,51.0,19.328,67.567,26.459,73.91,
Argentina,ARG,2000,16.2261505126953,,7400.0,51.0,19.328,60.145,26.459,73.91,
Argentina,ARG,2001,16.3559608459473,,6930.0,53.3,18.94,67.009,,74.1542,
Argentina,ARG,2001,16.3559608459473,,6930.0,53.3,18.94,59.504,,74.1542,
Argentina,ARG,2002,16.4422092437744,,4010.0,53.8,18.702,65.598,30.739,74.3122,
Argentina,ARG,2002,16.4422092437744,,4010.0,53.8,18.702,63.245,30.739,74.3122,
Argentina,ARG,2003,14.3547201156616,,3620.0,51.0,18.41,66.27,30.739,74.3073,
Argentina,ARG,2003,14.3547201156616,,3620.0,51.0,18.41,66.808,30.739,74.3073,
Argentina,ARG,2004,15.1393003463745,,3340.0,48.5,18.295,66.964,33.725,74.8713,
Argentina,ARG,2004,15.1393003463745,,3340.0,48.5,18.295,66.963,33.725,74.8713,
Argentina,ARG,2005,15.8031702041626,,4230.0,47.8,18.306,65.79,36.187,75.2306,
Argentina,ARG,2005,15.8031702041626,,4230.0,47.8,18.306,65.791,36.187,75.2306,
Argentina,ARG,2006,15.5098400115967,,5440.0,46.4,18.161,66.743,35.019,75.2791,
Argentina,ARG,2006,15.5098400115967,,5440.0,46.4,18.161,66.743,35.019,75.2791,
Argentina,ARG,2007,15.1015701293945,,6460.0,46.3,17.967,66.091,40.0,74.7827,
Argentina,ARG,2007,15.1015701293945,,6460.0,46.3,17.967,65.287,40.0,74.7827,
Argentina,ARG,2008,15.7478399276733,,7600.0,45.0,18.462,65.439,40.0,75.4281,
Argentina,ARG,2008,15.7478399276733,,7600.0,45.0,18.462,65.44,40.0,75.4281,
Argentina,ARG,2009,16.0206699371338,,7720.0,43.8,18.231,66.477,38.521,75.5773,
Argentina,ARG,2009,16.0206699371338,,7720.0,43.8,18.231,66.477,38.521,75.5773,
Argentina,ARG,2010,15.0479698181152,,9160.0,43.7,18.314,65.048,38.521,75.68,
Argentina,ARG,2010,15.0479698181152,,9160.0,43.7,18.314,65.048,38.521,75.68,
Argentina,ARG,2011,15.1585597991943,,10590.0,42.7,18.172,64.81,37.354,76.0998,
Argentina,ARG,2011,15.1585597991943,,10590.0,42.7,18.172,64.81,37.354,76.0998,
Argentina,ARG,2012,14.5182600021362,,11770.0,41.4,17.48,65.597,37.354,75.8024,0.5053773469495756
Argentina,ARG,2012,14.5182600021362,,11770.0,41.4,17.48,65.597,37.354,75.8024,0.5053773469495756
Argentina,ARG,2013,14.457929611206,,12760.0,41.1,17.683,65.396,36.576,75.8292,0.5053773469495756
Argentina,ARG,2013,14.457929611206,,12760.0,41.1,17.683,65.395,36.576,75.8292,0.5053773469495756
Argentina,ARG,2014,13.7993297576904,,12240.0,41.8,18.019,65.851,36.576,76.2678,0.5031358858848481
Argentina,ARG,2014,13.7993297576904,,12240.0,41.8,18.019,65.851,36.576,76.2678,0.5031358858848481
Argentina,ARG,2015,13.9633102416992,,12500.0,,17.665,66.451,,76.5995,0.5248263270367435
Argentina,ARG,2016,13.3555402755737,,12130.0,42.3,16.789,67.066,35.798,76.105,0.5568561614072642
Argentina,ARG,2017,13.2639198303223,,13070.0,41.4,16.155,67.694,38.132,76.5434,0.5832800939825291
Argentina,ARG,2017,13.2639198303223,,13070.0,41.4,16.155,67.694,38.132,76.5434,0.5832800939825291
Argentina,ARG,2018,12.5233402252197,,12390.0,41.7,15.332,69.744,38.911,76.7698,0.5832800939825291
Argentina,ARG,2018,12.5233402252197,,12390.0,41.7,15.332,69.744,38.911,76.7698,0.5832800939825291
Argentina,ARG,2019,12.5144596099853,,11210.0,43.3,13.902,70.441,40.157,76.8475,0.5823450902141338
Argentina,ARG,2019,12.5144596099853,,11210.0,43.3,13.902,70.441,40.157,76.8475,0.5823450902141338
Argentina,ARG,2020,12.4222898483276,,9040.0,42.7,11.799,70.513,40.856,75.8781,0.579584308361676
Argentina,ARG,2020,12.4222898483276,,9040.0,42.7,11.799,70.514,40.856,75.8781,0.579584308361676
Argentina,ARG,2021,12.2848997116089,,10070.0,42.4,11.682,70.953,44.747,73.9485,0.5583883972940098
Argentina,ARG,2021,12.2848997116089,,10070.0,42.4,11.682,70.953,44.747,73.9485,0.5583883972940098
Argentina,ARG,2022,12.7075796127319,,11890.0,40.7,10.926,72.59,44.747,75.8061,0.5486330350786329
Argentina,ARG,2022,12.7075796127319,,11890.0,40.7,10.926,72.591,44.747,75.8061,0.5486330350786329
Argentina,ARG,2023,13.2239599227905,,12920.0,42.4,11.064,73.61,43.191,77.3947,0.545862220490145
Argentina,ARG,2023,13.2239599227905,,12920.0,42.4,11.064,73.61,43.191,77.3947,0.545862220490145
Argentina,ARG,2024,,,13530.0,42.4,11.086,72.846,42.412,,0.545865122456575
Argentina,ARG,2024,,,13530.0,42.4,11.086,73.755,42.412,,0.545865122456575
Armenia,ARM,2000,0.0,,630.0,,10.6,76.321,3.053,70.8123,
Armenia,ARM,2000,0.0,,630.0,,10.6,86.07,3.053,70.8123,
Armenia,ARM,2001,0.0,42.1139106750488,680.0,35.4,10.0,76.431,3.053,71.1744,
Armenia,ARM,2001,0.0,42.1139106750488,680.0,35.4,10.0,77.912,3.053,71.1744,
Armenia,ARM,2002,0.0,,760.0,34.8,10.1,76.451,3.053,71.4859,
Armenia,ARM,2003,0.0,,910.0,33.0,11.3,76.448,4.58,71.7343,
Armenia,ARM,2004,0.0,,1120.0,37.5,11.8,76.423,5.344,71.9262,
Armenia,ARM,2005,13.6480903625488,,1460.0,36.0,11.9,76.379,5.344,72.0822,
Armenia,ARM,2006,13.578519821167,,1910.0,29.7,12.0,76.32,5.344,72.2188,
Armenia,ARM,2007,13.4655895233154,48.4774989653387,2600.0,31.2,12.9,76.245,9.16,72.3589,
Armenia,ARM,2007,13.4655895233154,48.4774989653387,2600.0,31.2,12.9,64.549,9.16,72.3589,
Armenia,ARM,2008,14.2684497833252,,3390.0,29.2,13.3,76.013,8.397,72.5193,
Armenia,ARM,2008,14.2684497833252,,3390.0,29.2,13.3,75.674,8.397,72.5193,
Armenia,ARM,2009,13.4512195587158,45.9335606466228,3140.0,28.0,14.5,76.325,9.16,72.7136,
Armenia,ARM,2009,13.4512195587158,45.9335606466228,3140.0,28.0,14.5,73.913,9.16,72.7136,
Armenia,ARM,2010,12.4005098342896,46.4075829316943,3280.0,30.0,14.7,76.172,9.16,72.9381,
Armenia,ARM,2010,12.4005098342896,46.4075829316943,3280.0,30.0,14.7,72.199,9.16,72.9381,
Armenia,ARM,2011,12.593339920044,46.9643898010254,3360.0,29.4,14.3,75.989,8.397,73.1852,
Armenia,ARM,2011,12.593339920044,46.9643898010254,3360.0,29.4,14.3,73.302,8.397,73.1852,
Armenia,ARM,2012,12.3689699172974,48.1518557063472,3700.0,29.6,14.0,75.815,10.687,73.4396,
Armenia,ARM,2012,12.3689699172974,48.1518557063472,3700.0,29.6,14.0,72.618,10.687,73.4396,
Armenia,ARM,2013,11.1367597579956,48.5207602032111,3940.0,30.6,13.8,75.702,10.687,73.7131,
Armenia,ARM,2013,11.1367597579956,48.5207602032111,3940.0,30.6,13.8,72.535,10.687,73.7131,
Armenia,ARM,2014,9.36711978912354,,4000.0,31.5,14.3,75.615,10.687,73.98,
Armenia,ARM,2014,9.36711978912354,,4000.0,31.5,14.3,75.498,10.687,73.98,
Armenia,ARM,2015,10.6563596725464,,3910.0,32.4,13.9,75.568,10.687,74.229,
Armenia,ARM,2015,10.6563596725464,,3910.0,32.4,13.9,74.846,10.687,74.229,
Armenia,ARM,2016,10.1971998214722,,3690.0,32.5,13.5,75.472,10.687,74.4937,
Armenia,ARM,2016,10.1971998214722,,3690.0,32.5,13.5,73.829,10.687,74.4937,
Armenia,ARM,2017,10.4031295776367,46.7269706726074,3900.0,33.6,12.6,75.596,18.095,74.7441,
Armenia,ARM,2017,10.4031295776367,46.7269706726074,3900.0,33.6,12.6,74.768,18.095,74.7441,
Armenia,ARM,2018,8.67858759584602,50.2304503267111,4220.0,34.4,12.3,75.585,18.095,74.9783,
Armenia,ARM,2018,8.67858759584602,50.2304503267111,4220.0,34.4,12.3,77.074,18.095,74.9783,
Armenia,ARM,2019,8.57524427236558,53.1227483072284,4650.0,30.0,12.2,74.005,23.485,75.1931,
Armenia,ARM,2019,8.57524427236558,53.1227483072284,4650.0,30.0,12.2,75.865,23.485,75.1931,
Armenia,ARM,2020,8.82777976989746,46.5191802978516,4230.0,25.1,12.3,77.775,23.485,68.8898,
Armenia,ARM,2020,8.82777976989746,46.5191802978516,4230.0,25.1,12.3,79.409,23.485,68.8898,
Armenia,ARM,2021,9.6553201675415,54.2532991310583,4580.0,27.9,12.4,78.347,33.645,72.5524,
Armenia,ARM,2021,9.6553201675415,54.2532991310583,4580.0,27.9,12.4,79.823,33.645,72.5524,
Armenia,ARM,2022,9.4465503692627,48.4743385314941,5690.0,27.9,12.3,72.46,35.514,74.6333,
Armenia,ARM,2022,9.4465503692627,48.4743385314941,5690.0,27.9,12.3,73.973,35.514,74.6333,
Armenia,ARM,2023,9.03689956665039,52.4674283801442,6850.0,27.2,12.3,73.261,35.514,75.6827,
Armenia,ARM,2023,9.03689956665039,52.4674283801442,6850.0,27.2,12.3,74.866,35.514,75.6827,
Armenia,ARM,2024,9.44001466301154,,7810.0,27.4,11.1,73.644,36.449,,
American Samoa,ASM,2000,,,,,29.234,,,71.4429,
American Samoa,ASM,2001,,,,,28.79,,,71.5734,
American Samoa,ASM,2002,,,,,28.465,,,71.7547,
American Samoa,ASM,2003,,,,,28.502,,,71.6979,
American Samoa,ASM,2004,,,,,28.479,,,72.2768,
American Samoa,ASM,2005,,,,,27.578,,,72.3817,
American Samoa,ASM,2006,,,,,26.017,,,72.3975,
American Samoa,ASM,2007,,,,,24.482,,,72.3649,
American Samoa,ASM,2008,,,,,23.625,,,72.43,
American Samoa,ASM,2009,,,,,22.976,,,70.8391,
American Samoa,ASM,2010,,,,,22.361,,,72.5866,
American Samoa,ASM,2011,,,,,21.784,,,72.6621,
American Samoa,ASM,2012,,,,,21.266,,,72.7093,
American Samoa,ASM,2013,,,,,20.73,,,72.7692,
American Samoa,ASM,2014,,,,,20.317,,,72.6873,
American Samoa,ASM,2015,,,,,19.821,,,72.6543,
American Samoa,ASM,2016,,,,,19.141,,,72.6399,
American Samoa,ASM,2017,,,,,18.206,,,72.8009,
American Samoa,ASM,2018,,,,,17.204,,,72.794,
American Samoa,ASM,2019,,,,,16.304,,,72.7511,
American Samoa,ASM,2020,,,,,15.658,,,72.6717,
American Samoa,ASM,2021,,,,,15.649,,,72.708,
American Samoa,ASM,2022,,,,,15.522,,,72.7521,
American Samoa,ASM,2023,,,,,15.388,,,72.8518,
American Samoa,ASM,2024,,,,,14.994,,,,
Antigua and Barbuda,ATG,2000,,,11200.0,,19.72,,5.263,74.8191,
Antigua and Barbuda,ATG,2001,,,10610.0,,17.973,84.673,5.263,75.1082,
Antigua and Barbuda,ATG,2002,11.7015399932861,,10710.0,,17.106,,5.263,75.237,
Antigua and Barbuda,ATG,2003,,,11680.0,,16.443,,5.263,75.3125,
Antigua and Barbuda,ATG,2004,,,12850.0,,15.947,,10.526,75.3295,
Antigua and Barbuda,ATG,2005,,,14050.0,,15.613,,10.526,75.3638,
Antigua and Barbuda,ATG,2006,,,15740.0,,15.461,,10.526,75.5059,
Antigua and Barbuda,ATG,2007,,,17310.0,,15.59,,10.526,75.72,
Antigua and Barbuda,ATG,2008,,,17750.0,,16.994,,10.526,76.0753,
Antigua and Barbuda,ATG,2009,6.92814016342163,,15750.0,,16.578,,10.526,76.3856,
Antigua and Barbuda,ATG,2010,,,14390.0,,14.66,,10.526,76.7013,
Antigua and Barbuda,ATG,2011,,,14100.0,,14.259,,10.526,77.0227,
Antigua and Barbuda,ATG,2012,10.1432566158553,,14530.0,,13.456,,10.526,77.1,
Antigua and Barbuda,ATG,2013,10.7302337628903,,14500.0,,12.436,,10.526,77.0496,
Antigua and Barbuda,ATG,2014,10.3166237216653,,14830.0,,12.31,,11.111,76.9122,
Antigua and Barbuda,ATG,2015,7.63021186110744,,14550.0,,12.587,,11.111,76.8924,
Antigua and Barbuda,ATG,2016,6.48356977771811,,15080.0,,11.657,,11.111,76.9684,0.6659836103966758
Antigua and Barbuda,ATG,2017,7.17285462739055,,15860.0,,11.796,,11.111,77.0296,0.6305318805771736
Antigua and Barbuda,ATG,2018,7.58762543454399,,17460.0,,10.822,89.849,11.111,77.1325,0.6305318805771736
Antigua and Barbuda,ATG,2019,9.5436641711259,,18250.0,,11.5,,11.111,77.1681,0.6279565729485633
Antigua and Barbuda,ATG,2020,7.37875673022059,,15460.0,,12.18,,11.111,77.1613,0.6308740060092073
Antigua and Barbuda,ATG,2021,6.85999508093725,,16660.0,,12.135,,11.111,77.197,0.6337097857151336
Antigua and Barbuda,ATG,2022,7.80537969275292,,18820.0,,12.001,,11.111,77.4833,0.631118464558285
Antigua and Barbuda,ATG,2023,8.66960664463981,,19970.0,,11.848,,5.556,77.5976,0.6346829535245659
Antigua and Barbuda,ATG,2024,11.0358980547858,,21150.0,,11.747,,5.556,,0.6366817220726585
Australia,AUS,2000,,,21340.0,,13.0,75.623,22.973,79.6207,
Australia,AUS,2000,,,21340.0,,13.0,75.607,22.973,79.6207,
Australia,AUS,2001,,47.0831673281004,20370.0,,12.7,76.608,,80.006,
Australia,AUS,2001,,47.0831673281004,20370.0,,12.7,76.604,,80.006,
Australia,AUS,2002,,,20240.0,,12.8,76.964,25.333,80.0515,
Australia,AUS,2002,,,20240.0,,12.8,76.949,25.333,80.0515,
Australia,AUS,2003,,,21420.0,,12.6,78.163,25.333,80.4396,
Australia,AUS,2003,,,21420.0,,12.6,78.157,25.333,80.4396,
Australia,AUS,2004,,33.364990234375,25890.0,,12.3,77.872,24.667,80.7334,
Australia,AUS,2004,,33.364990234375,25890.0,,12.3,77.873,24.667,80.7334,
Australia,AUS,2005,,34.2044906616211,30790.0,,12.8,79.018,24.667,81.0923,
Australia,AUS,2005,,34.2044906616211,30790.0,,12.8,79.03,24.667,81.0923,
Australia,AUS,2006,,35.7297897338867,34670.0,,12.9,79.61,24.667,81.2581,
Australia,AUS,2006,,35.7297897338867,34670.0,,12.9,79.626,24.667,81.2581,
Australia,AUS,2007,,36.7352409362793,37470.0,,14.1,80.065,26.667,81.2324,
Australia,AUS,2007,,36.7352409362793,37470.0,,14.1,80.084,26.667,81.2324,
Australia,AUS,2008,,39.3568687438965,42510.0,,14.0,80.609,26.667,81.4267,
Australia,AUS,2008,,39.3568687438965,42510.0,,14.0,80.624,26.667,81.4267,
Australia,AUS,2009,,40.5558280944824,44230.0,,13.9,81.239,27.333,81.7283,
Australia,AUS,2009,,40.5558280944824,44230.0,,13.9,81.249,27.333,81.7283,
Australia,AUS,2010,,41.795711517334,46900.0,,13.7,80.997,24.667,82.0132,
Australia,AUS,2010,,41.795711517334,46900.0,,13.7,81.002,24.667,82.0132,
Australia,AUS,2011,,42.7026596069336,50570.0,,13.6,81.561,24.667,82.0911,
Australia,AUS,2011,,42.7026596069336,50570.0,,13.6,81.563,24.667,82.0911,
Australia,AUS,2012,,46.461971282959,60500.0,,13.7,81.925,24.667,82.2966,0.8250114848719082
Australia,AUS,2012,,46.461971282959,60500.0,,13.7,81.932,24.667,82.2966,0.8250114848719082
Australia,AUS,2013,,41.6412010192871,66360.0,,13.3,82.186,26.0,82.5511,0.8250114848719082
Australia,AUS,2013,,41.6412010192871,66360.0,,13.3,82.198,26.0,82.5511,0.8250114848719082
Australia,AUS,2014,,44.2573318481445,65500.0,,13.2,82.637,26.0,82.5182,0.8015303646295603
Australia,AUS,2014,,44.2573318481445,65500.0,,13.2,82.669,26.0,82.5182,0.8015303646295603
Australia,AUS,2015,,45.3547706604004,60780.0,,12.9,83.105,26.667,82.605,0.8148909656794577
Australia,AUS,2015,,45.3547706604004,60780.0,,12.9,83.149,26.667,82.605,0.8148909656794577
Australia,AUS,2016,,46.4734306335449,54330.0,,12.9,83.992,28.667,82.8014,0.8083358308792077
Australia,AUS,2016,,46.4734306335449,54330.0,,12.9,84.104,28.667,82.8014,0.8083358308792077
Australia,AUS,2017,,47.6669883728027,51700.0,,12.6,84.583,28.667,82.7184,0.8084698423181195
Australia,AUS,2017,,47.6669883728027,51700.0,,12.6,85.097,28.667,82.7184,0.8084698423181195
Australia,AUS,2018,,48.3026695251465,53280.0,,12.6,85.219,28.667,83.2582,0.8084698423181195
Australia,AUS,2018,,48.3026695251465,53280.0,,12.6,85.274,28.667,83.2582,0.8084698423181195
Australia,AUS,2019,,49.6182403564453,55090.0,,12.1,85.588,30.464,83.2412,0.8049546008051173
Australia,AUS,2019,,49.6182403564453,55090.0,,12.1,85.655,30.464,83.2412,0.8049546008051173
Australia,AUS,2020,,51.5605506896973,53770.0,,11.5,85.813,30.464,83.6639,0.8028566344790442
Australia,AUS,2020,,51.5605506896973,53770.0,,11.5,85.879,30.464,83.6639,0.8028566344790442
Australia,AUS,2021,,52.3691101074219,57220.0,,12.1,86.731,31.126,83.564,0.7934554595653917
Australia,AUS,2021,,52.3691101074219,57220.0,,12.1,86.78,31.126,83.564,0.7934554595653917
Australia,AUS,2022,,53.8625793457031,60790.0,,11.6,87.576,38.411,82.7662,0.7940767171822989
Australia,AUS,2022,,53.8625793457031,60790.0,,11.6,87.706,38.411,82.7662,0.7940767171822989
Australia,AUS,2023,,51.6690628907133,63320.0,,10.8,87.382,38.411,83.9228,0.7983333497557877
Australia,AUS,2023,,51.6690628907133,63320.0,,10.8,87.629,38.411,83.9228,0.7983333497557877
Australia,AUS,2024,,52.4247406832061,62680.0,,10.7,88.337,38.0,,0.7979644923723296
Australia,AUS,2024,,52.4247406832061,62680.0,,10.7,88.639,38.0,,0.7979644923723296
Austria,AUT,2000,11.0332202911377,,26660.0,29.0,9.8,71.264,26.776,78.235,
Austria,AUT,2000,11.0332202911377,,26660.0,29.0,9.8,71.737,26.776,78.235,
Austria,AUT,2001,10.816780090332,,25190.0,,9.4,72.137,26.776,78.7184,
Austria,AUT,2001,10.816780090332,,25190.0,,9.4,72.682,26.776,78.7184,
Austria,AUT,2002,10.7776603698731,,24860.0,,9.7,73.722,,78.8464,
Austria,AUT,2002,10.7776603698731,,24860.0,,9.7,74.353,,78.8464,
Austria,AUT,2003,10.4178800582886,,27950.0,29.5,9.5,73.94,33.88,78.8491,
Austria,AUT,2003,10.4178800582886,,27950.0,29.5,9.5,74.446,33.88,78.8491,
Austria,AUT,2004,9.83547019958496,,33610.0,29.8,9.7,76.023,33.88,79.3624,
Austria,AUT,2004,9.83547019958496,,33610.0,29.8,9.7,76.68,33.88,79.3624,
Austria,AUT,2005,10.2281703948975,23.8370304107666,38510.0,28.7,9.5,77.269,33.88,79.5202,
Austria,AUT,2005,10.2281703948975,23.8370304107666,38510.0,28.7,9.5,77.948,33.88,79.5202,
Austria,AUT,2006,10.3371200561523,,41170.0,29.6,9.4,77.947,32.24,79.9648,
Austria,AUT,2006,10.3371200561523,,41170.0,29.6,9.4,78.633,32.24,79.9648,
Austria,AUT,2007,10.4166803359985,23.867000579834,44230.0,30.6,9.2,78.178,32.787,80.1664,
Austria,AUT,2007,10.4166803359985,23.867000579834,44230.0,30.6,9.2,78.874,32.787,80.1664,
Austria,AUT,2008,10.5120296478272,23.595760345459,48890.0,30.4,9.3,78.972,27.322,80.3633,
Austria,AUT,2008,10.5120296478272,23.595760345459,48890.0,30.4,9.3,79.688,27.322,80.3633,
Austria,AUT,2009,10.5603704452515,25.6225490570068,48900.0,31.5,9.2,80.182,27.869,80.2064,
Austria,AUT,2009,10.5603704452515,25.6225490570068,48900.0,31.5,9.2,80.92,27.869,80.2064,
Austria,AUT,2010,10.7506904602051,26.1673908233643,49460.0,30.3,9.4,80.606,27.869,80.4634,
Austria,AUT,2010,10.7506904602051,26.1673908233643,49460.0,30.3,9.4,81.354,27.869,80.4634,
Austria,AUT,2011,10.9618196487427,26.338830947876,50380.0,30.8,9.3,81.36,27.869,80.8281,
Austria,AUT,2011,10.9618196487427,26.338830947876,50380.0,30.8,9.3,82.122,27.869,80.8281,
Austria,AUT,2012,10.6584596633911,26.9906406402588,49760.0,30.5,9.4,82.04,27.869,80.8407,0.8055518341854857
Austria,AUT,2012,10.6584596633911,26.9906406402588,49760.0,30.5,9.4,82.8,27.869,80.8407,0.8055518341854857
Austria,AUT,2013,10.670069694519,27.8275604248047,50260.0,30.8,9.4,82.411,33.333,81.078,0.8055518341854857
Austria,AUT,2013,10.670069694519,27.8275604248047,50260.0,30.8,9.4,83.175,33.333,81.078,0.8055518341854857
Austria,AUT,2014,10.4925403594971,27.9757099151611,49960.0,30.5,9.6,83.074,32.24,81.39,0.824482607652602
Austria,AUT,2014,10.4925403594971,27.9757099151611,49960.0,30.5,9.6,83.842,32.24,81.39,0.824482607652602
Austria,AUT,2015,10.7222204208374,29.1428203582764,47190.0,30.5,9.8,83.162,30.601,81.1592,0.8348832183811679
Austria,AUT,2015,10.7222204208374,29.1428203582764,47190.0,30.5,9.8,83.927,30.601,81.1592,0.8348832183811679
Austria,AUT,2016,10.8798904418945,29.9815807342529,45980.0,30.8,10.0,83.46,30.601,81.5922,0.8370502894883436
Austria,AUT,2016,10.8798904418945,29.9815807342529,45980.0,30.8,10.0,84.225,30.601,81.5922,0.8370502894883436
Austria,AUT,2017,10.8424501419067,30.6283702850342,44800.0,29.7,10.0,83.556,34.426,81.6387,0.8165358980752723
Austria,AUT,2017,10.8424501419067,30.6283702850342,44800.0,29.7,10.0,84.323,34.426,81.6387,0.8165358980752723
Austria,AUT,2018,10.6811504364014,31.2313404768137,48710.0,30.8,9.7,83.12,34.426,81.6859,0.8165358980752723
Austria,AUT,2018,10.6811504364014,31.2313404768137,48710.0,30.8,9.7,83.875,34.426,81.6859,0.8165358980752723
Austria,AUT,2019,10.6711502075195,32.1179618835449,50900.0,30.2,9.6,83.425,39.344,81.9072,0.8223094598777593
Austria,AUT,2019,10.6711502075195,32.1179618835449,50900.0,30.2,9.6,84.163,39.344,81.9072,0.8223094598777593
Austria,AUT,2020,9.73538017272949,32.3859698792452,49000.0,29.8,9.4,83.991,39.344,81.8037,0.817179478138428
Austria,AUT,2020,9.73538017272949,32.3859698792452,49000.0,29.8,9.4,84.759,39.344,81.8037,0.817179478138428
Austria,AUT,2021,9.78234004974365,30.8872604370117,53440.0,30.7,9.6,83.656,40.437,81.8204,0.8124222256771909
Austria,AUT,2021,9.78234004974365,30.8872604370117,53440.0,30.7,9.6,84.429,40.437,81.8204,0.8124222256771909
Austria,AUT,2022,9.95557975769043,,56310.0,30.9,9.1,83.962,40.984,81.2959,0.802697464515259
Austria,AUT,2022,9.95557975769043,,56310.0,30.9,9.1,84.803,40.984,81.2959,0.802697464515259
Austria,AUT,2023,,,55890.0,31.2,8.5,84.397,40.984,81.9559,0.8001856623998076
Austria,AUT,2023,,,55890.0,31.2,8.5,85.278,40.984,81.9559,0.8001856623998076
Austria,AUT,2024,,,54760.0,,8.4,84.153,36.066,,0.7935704110462956
Austria,AUT,2024,,,54760.0,,8.4,85.418,36.066,,0.7935704110462956
Azerbaijan,AZE,2000,21.1190795898438,,630.0,,14.5,87.849,,65.3772,
Azerbaijan,AZE,2000,21.1190795898438,,630.0,,14.5,87.908,,65.3772,
Azerbaijan,AZE,2001,20.8775501251221,,680.0,,13.6,88.252,10.484,66.0429,
Azerbaijan,AZE,2001,20.8775501251221,,680.0,,13.6,87.717,10.484,66.0429,
Azerbaijan,AZE,2002,13.6307201385498,,740.0,,13.5,89.68,10.484,66.769,
Azerbaijan,AZE,2002,13.6307201385498,,740.0,,13.5,87.532,10.484,66.769,
Azerbaijan,AZE,2003,15.1708402633667,,840.0,,13.8,88.752,10.484,67.036,
Azerbaijan,AZE,2003,15.1708402633667,,840.0,,13.8,87.353,10.484,67.036,
Azerbaijan,AZE,2004,14.2350397109985,,960.0,,15.8,88.821,10.484,67.4882,
Azerbaijan,AZE,2004,14.2350397109985,,960.0,,15.8,87.785,10.484,67.4882,
Azerbaijan,AZE,2005,13.2231502532959,,1290.0,,16.9,89.138,13.043,67.7103,
Azerbaijan,AZE,2005,13.2231502532959,,1290.0,,16.9,87.688,13.043,67.7103,
Azerbaijan,AZE,2006,10.100419998169,,1920.0,,17.6,88.657,11.29,68.489,
Azerbaijan,AZE,2006,10.100419998169,,1920.0,,17.6,86.765,11.29,68.489,
Azerbaijan,AZE,2007,9.77937030792236,29.6719398498535,2740.0,,17.7,82.992,11.382,68.6587,
Azerbaijan,AZE,2007,9.77937030792236,29.6719398498535,2740.0,,17.7,86.186,11.382,68.6587,
Azerbaijan,AZE,2008,7.76384019851685,29.7996292114258,3900.0,,17.4,85.684,11.382,69.355,
Azerbaijan,AZE,2008,7.76384019851685,29.7996292114258,3900.0,,17.4,87.597,11.382,69.355,
Azerbaijan,AZE,2009,9.3439302444458,29.8219203948975,4820.0,,17.0,90.366,11.382,69.8743,
Azerbaijan,AZE,2009,9.3439302444458,29.8219203948975,4820.0,,17.0,90.15,11.382,69.8743,
Azerbaijan,AZE,2010,8.70083999633789,29.9682292938232,5400.0,,18.3,96.307,16.0,70.3088,
Azerbaijan,AZE,2010,8.70083999633789,29.9682292938232,5400.0,,18.3,91.346,16.0,70.3088,
Azerbaijan,AZE,2011,7.2198600769043,30.0022201538086,5490.0,,19.2,94.056,16.0,70.5651,
Azerbaijan,AZE,2011,7.2198600769043,30.0022201538086,5490.0,,19.2,91.111,16.0,70.5651,
Azerbaijan,AZE,2012,5.64367008209229,30.0363502502441,6440.0,,18.8,92.158,16.0,71.0799,
Azerbaijan,AZE,2012,5.64367008209229,30.0363502502441,6440.0,,18.8,90.56,16.0,71.0799,
Azerbaijan,AZE,2013,6.46412992477417,30.0366497039795,7450.0,,18.3,91.644,15.574,71.4849,
Azerbaijan,AZE,2013,6.46412992477417,30.0366497039795,7450.0,,18.3,90.294,15.574,71.4849,
Azerbaijan,AZE,2014,7.23872995376587,30.0571193695068,7740.0,,17.9,91.806,15.574,71.9304,
Azerbaijan,AZE,2014,7.23872995376587,30.0571193695068,7740.0,,17.9,90.776,15.574,71.9304,
Azerbaijan,AZE,2015,7.62711000442505,30.0416603088379,6610.0,,17.2,92.145,16.935,72.3486,
Azerbaijan,AZE,2015,7.62711000442505,30.0416603088379,6610.0,,17.2,91.095,16.935,72.3486,
Azerbaijan,AZE,2016,8.19577980041504,30.0917091369629,4790.0,,16.3,91.793,16.8,72.5678,
Azerbaijan,AZE,2016,8.19577980041504,30.0917091369629,4790.0,,16.3,90.36,16.8,72.5678,
Azerbaijan,AZE,2017,6.95455980300903,30.0558700561523,4110.0,,14.6,91.241,16.8,72.6943,
Azerbaijan,AZE,2017,6.95455980300903,30.0558700561523,4110.0,,14.6,90.244,16.8,72.6943,
Azerbaijan,AZE,2018,7.39965009689331,30.0552501678467,4080.0,,14.0,91.497,16.8,73.0156,
Azerbaijan,AZE,2018,7.39965009689331,30.0552501678467,4080.0,,14.0,90.531,16.8,73.0156,
Azerbaijan,AZE,2019,9.76756954193115,30.0201396942139,4510.0,,14.1,91.451,16.807,73.29,
Azerbaijan,AZE,2019,9.76756954193115,30.0201396942139,4510.0,,14.1,90.818,16.807,73.29,
Azerbaijan,AZE,2020,10.7878503799438,,4480.0,,12.5,91.545,17.355,70.3116,
Azerbaijan,AZE,2020,10.7878503799438,,4480.0,,12.5,91.691,17.355,70.3116,
Azerbaijan,AZE,2021,11.5088195800781,,4910.0,,11.1,92.052,18.182,70.9994,
Azerbaijan,AZE,2021,11.5088195800781,,4910.0,,11.1,91.583,18.182,70.9994,
Azerbaijan,AZE,2022,11.6396102905273,,5670.0,,12.1,91.938,18.333,74.125,
Azerbaijan,AZE,2022,11.6396102905273,,5670.0,,12.1,88.937,18.333,74.125,
Azerbaijan,AZE,2023,11.1845502853394,32.532039642334,6680.0,,11.1,91.936,18.644,74.4286,
Azerbaijan,AZE,2024,11.4496007629151,,7330.0,,10.0,92.029,20.8,,
Burundi,BDI,2000,10.7352600097656,,130.0,,42.726,101.743,14.407,47.6166,
Burundi,BDI,2001,11.4331302642822,,130.0,,43.035,101.58,14.407,48.5094,
Burundi,BDI,2002,12.4860801696777,,130.0,,44.042,101.329,18.436,49.9237,
Burundi,BDI,2003,,,120.0,,44.528,100.97,18.436,50.997,
Burundi,BDI,2004,9.17908000946045,,120.0,,45.29,100.466,18.436,52.2171,
Burundi,BDI,2005,10.9592695236206,,130.0,,46.154,99.81,30.508,53.0529,
Burundi,BDI,2006,,,150.0,,46.575,98.972,30.508,53.962,
Burundi,BDI,2006,,,150.0,,46.575,97.452,30.508,53.962,
Burundi,BDI,2007,,,160.0,,46.726,99.996,30.508,54.8317,
Burundi,BDI,2008,12.6155395507812,,180.0,,46.656,100.896,30.508,55.5813,
Burundi,BDI,2008,12.6155395507812,,180.0,,46.656,100.473,30.508,55.5813,
Burundi,BDI,2009,16.3016891479492,,190.0,,46.489,101.61,31.356,56.4215,
Burundi,BDI,2010,16.5881004333496,,200.0,,46.963,102.225,32.075,57.0883,
Burundi,BDI,2011,14.9792995452881,,220.0,,45.978,102.807,30.476,57.8039,
Burundi,BDI,2012,16.4283199310303,,230.0,,44.758,103.289,30.476,58.5008,
Burundi,BDI,2013,17.2432594299316,,240.0,,43.899,103.678,30.476,59.1786,
Burundi,BDI,2014,23.8400001525879,,240.0,,42.901,104.009,30.476,59.7644,
Burundi,BDI,2014,23.8400001525879,,240.0,,42.901,102.487,30.476,59.7644,
Burundi,BDI,2015,27.4972400665283,,240.0,,42.257,103.361,36.364,60.1068,
Burundi,BDI,2016,20.784610748291,,240.0,,40.096,102.787,36.364,60.7887,
Burundi,BDI,2017,19.7648506164551,,240.0,,38.618,102.561,36.364,61.3452,
Burundi,BDI,2018,19.5192604064941,,250.0,,37.215,102.653,36.364,61.8065,
Burundi,BDI,2019,21.2221666369194,,250.0,,36.579,102.973,36.364,62.1801,
Burundi,BDI,2020,20.7419523430914,,250.0,,35.855,100.031,38.211,62.5694,
Burundi,BDI,2020,20.7419523430914,,250.0,,35.855,99.13,38.211,62.5694,
Burundi,BDI,2021,20.4385400056007,,260.0,,35.06,103.654,38.211,62.1013,
Burundi,BDI,2022,20.6370838073023,,290.0,,34.306,102.99,38.211,62.8819,
Burundi,BDI,2023,,,280.0,,33.667,103.092,38.211,63.6511,
Burundi,BDI,2024,,,260.0,,33.211,103.255,38.211,,
Belgium,BEL,2000,,,25890.0,33.1,11.4,70.993,23.333,77.7684,
Belgium,BEL,2000,,,25890.0,33.1,11.4,70.967,23.333,77.7684,
Belgium,BEL,2001,,,24460.0,,11.2,69.206,23.333,78.0824,
Belgium,BEL,2001,,,24460.0,,11.2,69.194,23.333,78.0824,
Belgium,BEL,2002,,,24060.0,,10.9,70.555,23.333,78.1678,
Belgium,BEL,2002,,,24060.0,,10.9,70.534,23.333,78.1678,
Belgium,BEL,2003,,,27100.0,28.1,11.0,71.281,35.333,78.3203,
Belgium,BEL,2003,,,27100.0,28.1,11.0,71.252,35.333,78.3203,
Belgium,BEL,2004,,,32910.0,30.5,11.3,73.402,34.667,78.9605,
Belgium,BEL,2004,,,32910.0,30.5,11.3,73.38,34.667,78.9605,
Belgium,BEL,2005,11.1755199432373,,37780.0,29.3,11.4,74.435,34.667,79.0532,
Belgium,BEL,2005,11.1755199432373,,37780.0,29.3,11.4,74.44,34.667,79.0532,
Belgium,BEL,2006,,28.205659866333,39940.0,28.1,11.6,75.294,34.667,79.3894,
Belgium,BEL,2006,,28.205659866333,39940.0,28.1,11.6,75.295,34.667,79.3894,
Belgium,BEL,2007,,28.3861982634594,42740.0,29.2,11.7,76.187,35.333,79.5284,
Belgium,BEL,2007,,28.3861982634594,42740.0,29.2,11.7,76.178,35.333,79.5284,
Belgium,BEL,2008,12.4724502563477,29.3872299194336,46570.0,28.4,11.9,77.103,35.333,79.5793,
Belgium,BEL,2008,12.4724502563477,29.3872299194336,46570.0,28.4,11.9,77.095,35.333,79.5793,
Belgium,BEL,2009,11.8001499176025,30.6177597045898,47120.0,28.6,11.8,77.749,38.0,79.8489,
Belgium,BEL,2009,11.8001499176025,30.6177597045898,47120.0,28.6,11.8,77.764,38.0,79.8489,
Belgium,BEL,2010,11.948920249939,31.7404499053955,47110.0,28.4,11.9,78.448,39.333,80.04,
Belgium,BEL,2010,11.948920249939,31.7404499053955,47110.0,28.4,11.9,78.478,39.333,80.04,
Belgium,BEL,2011,11.6030197143555,32.1562805175781,46720.0,28.1,11.7,78.741,38.0,80.3664,
Belgium,BEL,2011,11.6030197143555,32.1562805175781,46720.0,28.1,11.7,78.761,38.0,80.3664,
Belgium,BEL,2012,11.6744003295898,32.7122497558594,47170.0,27.5,11.5,78.82,38.0,80.2604,0.7464980419518404
Belgium,BEL,2012,11.6744003295898,32.7122497558594,47170.0,27.5,11.5,78.842,38.0,80.2604,0.7464980419518404
Belgium,BEL,2013,11.8087701797485,32.9851608276367,47950.0,27.7,11.3,80.029,38.0,80.4668,0.7464980419518404
Belgium,BEL,2013,11.8087701797485,32.9851608276367,47950.0,27.7,11.3,80.061,38.0,80.4668,0.7464980419518404
Belgium,BEL,2014,11.8351898193359,32.8034515380859,48050.0,28.1,11.2,81.147,39.333,81.0802,0.75519117453327
Belgium,BEL,2014,11.8351898193359,32.8034515380859,48050.0,28.1,11.2,81.176,39.333,81.0802,0.75519117453327
Belgium,BEL,2015,12.007269859314,33.2611503601074,45520.0,27.7,10.8,81.496,39.333,80.8889,0.780809159666071
Belgium,BEL,2015,12.007269859314,33.2611503601074,45520.0,27.7,10.8,81.527,39.333,80.8889,0.780809159666071
Belgium,BEL,2016,12.1512203216553,33.7627182006836,43240.0,27.6,10.8,81.35,39.333,81.2647,0.7909299951134015
Belgium,BEL,2016,12.1512203216553,33.7627182006836,43240.0,27.6,10.8,81.362,39.333,81.2647,0.7909299951134015
Belgium,BEL,2017,12.3418598175049,36.3806114196777,42310.0,27.4,10.5,81.381,38.0,81.3624,0.7748242970016875
Belgium,BEL,2017,12.3418598175049,36.3806114196777,42310.0,27.4,10.5,82.337,38.0,81.3624,0.7748242970016875
Belgium,BEL,2018,12.1805801391602,35.3145695496548,45980.0,27.2,10.4,82.95,38.0,81.4805,0.7748242970016875
Belgium,BEL,2018,12.1805801391602,35.3145695496548,45980.0,27.2,10.4,83.888,38.0,81.4805,0.7748242970016875
Belgium,BEL,2019,12.2196102142334,37.0678596496582,48070.0,27.2,10.2,83.345,42.0,81.8353,0.7917163447825408
Belgium,BEL,2019,12.2196102142334,37.0678596496582,48070.0,27.2,10.2,84.281,42.0,81.8353,0.7917163447825408
Belgium,BEL,2020,11.5557899475098,37.3419961174088,46330.0,26.0,9.9,83.455,41.333,80.7977,0.78741061624632
Belgium,BEL,2020,11.5557899475098,37.3419961174088,46330.0,26.0,9.9,84.368,41.333,80.7977,0.78741061624632
Belgium,BEL,2021,11.6143798828125,39.8384313167123,51140.0,26.6,10.2,83.772,42.0,81.6591,0.7917665859498764
Belgium,BEL,2021,11.6143798828125,39.8384313167123,51140.0,26.6,10.2,84.653,42.0,81.6591,0.7917665859498764
Belgium,BEL,2022,12.0103797912598,38.3174323634107,54330.0,26.4,9.8,84.333,42.667,81.1589,0.791336903264229
Belgium,BEL,2022,12.0103797912598,38.3174323634107,54330.0,26.4,9.8,85.313,42.667,81.1589,0.791336903264229
Belgium,BEL,2023,,39.4220903547413,55520.0,26.8,9.4,84.208,42.667,82.115,0.7837721970064109
Belgium,BEL,2023,,39.4220903547413,55520.0,26.8,9.4,85.241,42.667,82.115,0.7837721970064109
Belgium,BEL,2024,,,55290.0,,9.2,84.269,41.333,,0.7813573659390064
Belgium,BEL,2024,,,55290.0,,9.2,84.893,41.333,,0.7813573659390064
Benin,BEN,2000,13.5131998062134,,450.0,,42.079,78.579,6.024,56.5945,
Benin,BEN,2001,15.3105802536011,,510.0,,41.695,80.781,6.024,56.6542,
Benin,BEN,2001,15.3105802536011,,510.0,,41.695,103.138,6.024,56.6542,
Benin,BEN,2002,14.1290798187256,,510.0,,41.48,83.112,6.024,56.851,
Benin,BEN,2002,14.1290798187256,,510.0,,41.48,83.112,6.024,56.851,
Benin,BEN,2003,16.6825294494629,,570.0,,41.475,84.212,6.024,57.0924,
Benin,BEN,2003,16.6825294494629,,570.0,,41.475,102.5,6.024,57.0924,
Benin,BEN,2004,19.2139492034912,,690.0,,41.329,85.331,7.229,57.3465,
Benin,BEN,2005,18.7903900146484,,780.0,,41.087,86.469,7.229,57.7384,
Benin,BEN,2006,19.7096099853516,,810.0,,41.341,87.623,7.229,57.9659,
Benin,BEN,2007,14.9486904144287,,870.0,,40.961,88.801,10.843,58.2488,
Benin,BEN,2008,19.0885791778564,,970.0,,40.371,89.996,10.843,58.099,
Benin,BEN,2009,18.1756191253662,,1020.0,,39.982,91.213,10.843,58.258,
Benin,BEN,2010,26.1439609527588,,1020.0,,39.77,92.451,10.843,58.3873,
Benin,BEN,2010,26.1439609527588,,1020.0,,39.77,98.107,10.843,58.3873,
Benin,BEN,2011,,,1030.0,,39.691,93.712,8.434,58.4618,
Benin,BEN,2011,,,1030.0,,39.691,93.712,8.434,58.4618,
Benin,BEN,2012,25.0213108062744,,1050.0,,39.706,94.281,8.434,58.5585,
Benin,BEN,2013,22.3412208557129,,1140.0,,39.582,94.841,8.434,58.8634,
Benin,BEN,2013,22.3412208557129,,1140.0,,39.582,62.131,8.434,58.8634,
Benin,BEN,2014,22.2277107238769,,1180.0,,39.342,95.388,8.434,59.0082,
Benin,BEN,2015,17.4795207977295,,1100.0,,38.996,95.922,7.229,59.1233,
Benin,BEN,2016,18.7914009094238,,1040.0,,38.554,96.449,7.229,59.2826,
Benin,BEN,2017,19.8796501159668,,1020.0,,37.84,96.961,7.229,59.5278,
Benin,BEN,2018,17.7091808319092,,1120.0,,36.955,97.462,7.229,59.7097,
Benin,BEN,2019,18.8681161491591,,1170.0,,36.036,97.953,7.229,59.8875,0.4987129282645515
Benin,BEN,2019,18.8681161491591,,1170.0,,36.036,97.954,7.229,59.8875,0.4987129282645515
Benin,BEN,2020,15.7203538987759,,1190.0,,35.331,96.838,7.229,60.154,0.49693438541162493
Benin,BEN,2021,14.7747873406015,,1280.0,,34.779,96.564,8.434,59.6103,0.48556215593689517
Benin,BEN,2022,14.9914706871899,,1360.0,,34.35,95.75,7.407,60.4751,0.4872771325185635
Benin,BEN,2022,14.9914706871899,,1360.0,,34.35,95.75,7.407,60.4751,0.4872771325185635
Benin,BEN,2023,15.797556817439,,1390.0,,33.879,96.194,26.606,60.7738,0.4841215522397362
Benin,BEN,2024,17.9680318219226,,1430.0,,33.419,96.67,26.606,,0.47632851377400626
Burkina Faso,BFA,2000,,,260.0,,45.239,88.63,8.108,50.8081,
Burkina Faso,BFA,2001,,,270.0,,44.907,88.558,8.108,51.1884,
Burkina Faso,BFA,2002,,,260.0,,44.483,88.488,11.712,51.4475,
Burkina Faso,BFA,2003,,,310.0,,44.491,88.418,11.712,51.9586,
Burkina Faso,BFA,2004,,,370.0,,44.124,88.346,11.712,52.5999,
Burkina Faso,BFA,2005,19.4941902160644,,440.0,,44.058,88.275,11.712,53.271,
Burkina Faso,BFA,2005,19.4941902160644,,440.0,,44.058,92.043,11.712,53.271,
Burkina Faso,BFA,2006,18.2017002105713,,470.0,,44.381,88.206,11.712,53.7837,
Burkina Faso,BFA,2006,18.2017002105713,,470.0,,44.381,70.411,11.712,53.7837,
Burkina Faso,BFA,2007,17.8638191223144,,490.0,,44.191,88.135,15.315,54.3768,
Burkina Faso,BFA,2007,17.8638191223144,,490.0,,44.191,94.549,15.315,54.3768,
Burkina Faso,BFA,2008,,,550.0,,43.923,88.065,15.315,55.1985,
Burkina Faso,BFA,2009,,,590.0,,43.511,87.997,15.315,55.7909,
Burkina Faso,BFA,2010,16.1728191375732,,630.0,,43.2,87.928,15.315,56.343,
Burkina Faso,BFA,2011,19.5006103515625,,660.0,,42.76,87.859,15.315,57.0011,
Burkina Faso,BFA,2012,15.8953800201416,,710.0,,42.28,87.791,15.748,57.4574,0.5285220298083892
Burkina Faso,BFA,2013,16.1652793884277,,750.0,,41.703,87.723,15.748,57.9033,0.5285220298083892
Burkina Faso,BFA,2014,19.3681106567383,,730.0,,40.862,87.656,,58.3315,0.5065094226117193
Burkina Faso,BFA,2014,19.3681106567383,,730.0,,40.862,77.972,,58.3315,0.5065094226117193
Burkina Faso,BFA,2015,18.0270805358887,,680.0,,40.043,87.589,9.449,58.7777,0.47444193874655394
Burkina Faso,BFA,2016,,,650.0,,38.925,87.524,9.449,59.1732,0.48941302648407775
Burkina Faso,BFA,2017,21.4440002441406,,650.0,,37.727,87.457,11.024,59.5775,0.5079342730399945
Burkina Faso,BFA,2018,22.661169052124,,730.0,,36.006,87.392,11.024,59.9719,0.5079342730399945
Burkina Faso,BFA,2018,22.661169052124,,730.0,,36.006,71.632,11.024,59.9719,0.5079342730399945
Burkina Faso,BFA,2019,21.6566204230503,,760.0,,34.325,87.328,13.386,60.1842,0.5090465741035151
Burkina Faso,BFA,2019,21.6566204230503,,760.0,,34.325,87.328,13.386,60.1842,0.5090465741035151
Burkina Faso,BFA,2020,20.9924587920549,,770.0,,32.738,85.589,6.299,60.4536,0.5085532657608706
Burkina Faso,BFA,2021,21.3924651599231,,820.0,,32.416,84.014,6.299,60.0463,0.504129980084221
Burkina Faso,BFA,2022,21.9580967321077,,840.0,,32.043,82.238,16.901,60.7,0.4916462242307862
Burkina Faso,BFA,2022,21.9580967321077,,840.0,,32.043,82.239,16.901,60.7,0.4916462242307862
Burkina Faso,BFA,2023,20.2971969686914,,840.0,,31.643,83.077,16.901,61.092,0.473656642968758
Burkina Faso,BFA,2023,20.2971969686914,,840.0,,31.643,76.765,16.901,61.092,0.473656642968758
Burkina Faso,BFA,2024,,,850.0,,31.336,84.114,18.31,,0.4614152863254806
Burkina Faso,BFA,2024,,,850.0,,31.336,84.113,18.31,,0.4614152863254806
Bangladesh,BGD,2000,20.4904193878174,,410.0,,29.589,33.111,9.091,62.0487,
Bangladesh,BGD,2000,20.4904193878174,,410.0,,29.589,64.056,9.091,62.0487,
Bangladesh,BGD,2001,18.5847797393799,4.2086501121521,420.0,,29.174,33.345,,62.8358,
Bangladesh,BGD,2002,15.6937999725342,,420.0,,28.526,33.429,2.0,63.5914,
Bangladesh,BGD,2003,16.6816291809082,,440.0,,27.745,33.487,2.0,64.2877,
Bangladesh,BGD,2003,16.6816291809082,,440.0,,27.745,29.832,2.0,64.2877,
Bangladesh,BGD,2004,15.9531202316284,,490.0,,26.994,33.541,2.0,64.9118,
Bangladesh,BGD,2005,,,530.0,,26.055,33.601,14.783,65.5087,
Bangladesh,BGD,2006,17.3365306854248,,550.0,,25.252,33.631,15.072,66.0479,
Bangladesh,BGD,2006,17.3365306854248,,550.0,,25.252,33.632,15.072,66.0479,
Bangladesh,BGD,2007,18.1534004211426,,580.0,,24.526,35.876,,66.4578,
Bangladesh,BGD,2008,17.8161907196045,,640.0,,23.685,38.261,6.333,67.0471,
Bangladesh,BGD,2009,14.0298700332642,,700.0,,22.829,40.794,18.551,67.5269,
Bangladesh,BGD,2010,,,780.0,,21.874,43.485,18.551,68.0091,
Bangladesh,BGD,2010,,,780.0,,21.874,43.484,18.551,68.0091,
Bangladesh,BGD,2011,16.7939701080322,10.2457599639893,870.0,,21.114,42.665,19.714,68.4988,
Bangladesh,BGD,2011,16.7939701080322,10.2457599639893,870.0,,21.114,10.57,19.714,68.4988,
Bangladesh,BGD,2012,15.7451200485229,10.507209777832,950.0,,20.709,41.851,19.714,68.9894,0.3953182154239653
Bangladesh,BGD,2013,14.034649848938,9.41856002807617,1010.0,,20.55,41.047,19.714,69.4874,0.3953182154239653
Bangladesh,BGD,2013,14.034649848938,9.41856002807617,1010.0,,20.55,41.047,19.714,69.4874,0.3953182154239653
Bangladesh,BGD,2014,13.3063279357793,10.2895097732544,1080.0,,20.298,41.281,19.828,70.0162,0.3926017463849904
Bangladesh,BGD,2015,12.0441031435219,13.9909801483154,1200.0,,20.254,41.532,20.0,70.5429,0.41712812879023
Bangladesh,BGD,2016,11.0494499206543,14.3473196029663,1400.0,,20.226,41.801,20.0,71.0752,0.40806672243427394
Bangladesh,BGD,2016,11.0494499206543,14.3473196029663,1400.0,,20.226,41.801,20.0,71.0752,0.40806672243427394
Bangladesh,BGD,2017,,14.9236602783203,1640.0,,19.991,45.053,20.286,71.6056,0.4101693673178451
Bangladesh,BGD,2017,,14.9236602783203,1640.0,,19.991,45.053,20.286,71.6056,0.4101693673178451
Bangladesh,BGD,2018,14.2451717852618,15.5677995681763,2020.0,,20.069,46.901,20.286,72.1217,0.4101693673178451
Bangladesh,BGD,2019,8.73295021057129,16.2052707672119,2220.0,,20.131,48.586,20.63,72.6254,0.4147564947282847
Bangladesh,BGD,2020,15.0307025894897,,2320.0,,20.289,50.058,20.917,71.4211,0.4083184446006163
Bangladesh,BGD,2021,12.769976047482,17.8183307647705,2600.0,,20.414,51.863,20.857,71.1035,0.39680305836747387
Bangladesh,BGD,2022,12.4040438079191,,2850.0,,20.583,53.679,20.857,74.2647,0.39067526930635516
Bangladesh,BGD,2022,12.4040438079191,,2850.0,,20.583,53.679,20.857,74.2647,0.39067526930635516
Bangladesh,BGD,2023,13.0012248166938,8.07693897617594,2880.0,,20.353,51.501,20.857,74.6723,0.38480022458779906
Bangladesh,BGD,2023,13.0012248166938,8.07693897617594,2880.0,,20.353,51.501,20.857,74.6723,0.38480022458779906
Bangladesh,BGD,2024,11.9930164022657,,2820.0,,19.988,48.03,,,0.38610905411789714
Bangladesh,BGD,2024,11.9930164022657,,2820.0,,19.988,48.029,,,0.38610905411789714
Bulgaria,BGR,2000,,,1660.0,,9.0,79.162,10.833,71.5746,
Bulgaria,BGR,2000,,,1660.0,,9.0,79.45,10.833,71.5746,
Bulgaria,BGR,2001,9.27773952484131,18.0455703735352,1770.0,32.7,8.5,82.394,26.25,71.8788,
Bulgaria,BGR,2001,9.27773952484131,18.0455703735352,1770.0,32.7,8.5,81.866,26.25,71.8788,
Bulgaria,BGR,2002,9.65431976318359,,1970.0,,8.5,82.384,26.25,72.128,
Bulgaria,BGR,2002,9.65431976318359,,1970.0,,8.5,82.213,26.25,72.128,
Bulgaria,BGR,2003,11.1802501678467,,2370.0,28.9,8.7,80.337,26.25,72.3727,
Bulgaria,BGR,2003,11.1802501678467,,2370.0,28.9,8.7,80.679,26.25,72.3727,
Bulgaria,BGR,2004,12.2791795730591,,3060.0,,9.1,80.916,26.25,72.5754,
Bulgaria,BGR,2004,12.2791795730591,,3060.0,,9.1,81.023,26.25,72.5754,
Bulgaria,BGR,2005,12.0725202560425,,3800.0,,9.3,79.698,22.083,72.5591,
Bulgaria,BGR,2005,12.0725202560425,,3800.0,,9.3,80.109,22.083,72.5591,
Bulgaria,BGR,2006,12.010479927063,19.5046501159668,4300.0,35.7,9.7,81.04,22.083,72.6899,
Bulgaria,BGR,2006,12.010479927063,19.5046501159668,4300.0,35.7,9.7,81.797,22.083,72.6899,
Bulgaria,BGR,2007,11.113920211792,19.8160705566406,4820.0,36.1,10.0,80.877,21.667,73.008,
Bulgaria,BGR,2007,11.113920211792,19.8160705566406,4820.0,36.1,10.0,81.6,21.667,73.008,
Bulgaria,BGR,2008,12.6122598648071,20.1886596679688,6070.0,33.6,10.4,79.873,21.667,73.3385,
Bulgaria,BGR,2008,12.6122598648071,20.1886596679688,6070.0,33.6,10.4,80.854,21.667,73.3385,
Bulgaria,BGR,2009,12.6567497253418,20.5309906005859,6680.0,33.8,10.9,79.327,20.833,73.6808,
Bulgaria,BGR,2009,12.6567497253418,20.5309906005859,6680.0,33.8,10.9,80.545,20.833,73.6808,
Bulgaria,BGR,2010,11.1634197235107,20.7176494598389,7010.0,35.7,10.2,80.221,20.833,73.814,
Bulgaria,BGR,2010,11.1634197235107,20.7176494598389,7010.0,35.7,10.2,80.369,20.833,73.814,
Bulgaria,BGR,2011,11.1000499725342,20.8099594116211,7260.0,34.3,9.6,80.965,20.833,74.1693,
Bulgaria,BGR,2011,11.1000499725342,20.8099594116211,7260.0,34.3,9.6,81.076,20.833,74.1693,
Bulgaria,BGR,2012,10.6909198760986,21.5111198425293,7490.0,36.0,9.5,81.597,22.917,74.3373,0.5469260477441923
Bulgaria,BGR,2012,10.6909198760986,21.5111198425293,7490.0,36.0,9.5,81.438,22.917,74.3373,0.5469260477441923
Bulgaria,BGR,2013,11.4398002624512,22.9197101593018,7700.0,36.6,9.3,81.245,24.583,74.8277,0.5469260477441923
Bulgaria,BGR,2013,11.4398002624512,22.9197101593018,7700.0,36.6,9.3,81.399,24.583,74.8277,0.5469260477441923
Bulgaria,BGR,2014,11.3103504180908,24.0630607604981,7850.0,37.4,9.6,80.698,20.0,74.4664,0.533593220235949
Bulgaria,BGR,2014,11.3103504180908,24.0630607604981,7850.0,37.4,9.6,80.9,20.0,74.4664,0.533593220235949
Bulgaria,BGR,2015,10.4063396453857,24.4709796905518,7620.0,38.6,9.4,81.058,20.417,74.6208,0.5623106999709573
Bulgaria,BGR,2015,10.4063396453857,24.4709796905518,7620.0,38.6,9.4,80.918,20.417,74.6208,0.5623106999709573
Bulgaria,BGR,2016,11.6558198928833,24.6281509399414,7630.0,40.6,9.4,79.54,20.417,74.8271,0.5527482519438985
Bulgaria,BGR,2016,11.6558198928833,24.6281509399414,7630.0,40.6,9.4,80.151,20.417,74.8271,0.5527482519438985
Bulgaria,BGR,2017,12.7309503555298,24.7128791809082,7900.0,40.4,9.4,80.438,23.75,74.7977,0.5356046255012888
Bulgaria,BGR,2017,12.7309503555298,24.7128791809082,7900.0,40.4,9.4,80.293,23.75,74.7977,0.5356046255012888
Bulgaria,BGR,2018,11.7900295257568,26.018898200181,8860.0,41.3,9.3,79.37,23.75,74.9325,0.5356046255012888
Bulgaria,BGR,2018,11.7900295257568,26.018898200181,8860.0,41.3,9.3,79.472,23.75,74.9325,0.5356046255012888
Bulgaria,BGR,2019,11.7067098617554,25.088540364632,9920.0,40.3,9.3,79.403,25.833,75.0874,0.5442211329309555
Bulgaria,BGR,2019,11.7067098617554,25.088540364632,9920.0,40.3,9.3,78.968,25.833,75.0874,0.5442211329309555
Bulgaria,BGR,2020,11.914999961853,26.0534706115723,10090.0,40.5,9.0,78.873,26.667,73.5992,0.546990617498422
Bulgaria,BGR,2020,11.914999961853,26.0534706115723,10090.0,40.5,9.0,78.414,26.667,73.5992,0.546990617498422
Bulgaria,BGR,2021,12.2527103424072,31.4436702728271,11720.0,39.0,9.0,79.18,23.75,71.4137,0.541395467987182
Bulgaria,BGR,2021,12.2527103424072,31.4436702728271,11720.0,39.0,9.0,78.647,23.75,71.4137,0.541395467987182
Bulgaria,BGR,2022,11.9818496704102,26.2808790038911,13100.0,38.2,8.8,80.398,24.167,74.0342,0.5469055381532942
Bulgaria,BGR,2022,11.9818496704102,26.2808790038911,13100.0,38.2,8.8,79.578,24.167,74.0342,0.5469055381532942
Bulgaria,BGR,2023,,26.6898161756616,14240.0,39.5,8.9,80.643,24.167,75.6363,0.5562763070958534
Bulgaria,BGR,2023,,26.6898161756616,14240.0,39.5,8.9,80.047,24.167,75.6363,0.5562763070958534
Bulgaria,BGR,2024,,,15370.0,,8.3,80.682,20.833,,0.5579610315843088
Bulgaria,BGR,2024,,,15370.0,,8.3,79.785,20.833,,0.5579610315843088
Bahrain,BHR,2000,,,12500.0,,20.431,40.553,,74.6726,
Bahrain,BHR,2000,,,12500.0,,20.431,40.531,,74.6726,
Bahrain,BHR,2001,,,12730.0,,19.082,41.573,,74.9419,
Bahrain,BHR,2001,,,12730.0,,19.082,41.31,,74.9419,
Bahrain,BHR,2002,,,12480.0,,19.147,42.881,,75.2086,
Bahrain,BHR,2002,,,12480.0,,19.147,42.276,,75.2086,
Bahrain,BHR,2003,,,13180.0,,19.692,44.174,0.0,75.4857,
Bahrain,BHR,2003,,,13180.0,,19.692,43.291,0.0,75.4857,
Bahrain,BHR,2004,,,14680.0,,19.86,45.334,0.0,75.7869,
Bahrain,BHR,2004,,,14680.0,,19.86,45.096,0.0,75.7869,
Bahrain,BHR,2005,,,16550.0,,19.354,46.218,0.0,76.1249,
Bahrain,BHR,2005,,,16550.0,,19.354,40.899,0.0,76.1249,
Bahrain,BHR,2006,11.9186601638794,,17850.0,,18.079,46.962,2.5,76.5101,
Bahrain,BHR,2006,11.9186601638794,,17850.0,,18.079,46.073,2.5,76.5101,
Bahrain,BHR,2007,11.0267295837402,,19600.0,,16.962,47.633,2.5,76.9519,
Bahrain,BHR,2008,10.5586700439453,,21070.0,,16.186,48.322,2.5,77.4565,
Bahrain,BHR,2009,,,18940.0,,15.462,49.116,2.5,78.0162,
Bahrain,BHR,2010,8.62552422968448,,19510.0,,15.486,50.148,2.5,78.5933,
Bahrain,BHR,2010,8.62552422968448,,19510.0,,15.486,50.017,2.5,78.5933,
Bahrain,BHR,2011,8.76965450044426,,20040.0,,15.441,49.235,10.0,79.1409,
Bahrain,BHR,2011,8.76965450044426,,20040.0,,15.441,49.225,10.0,79.1409,
Bahrain,BHR,2012,8.17982959747314,,24670.0,,15.438,49.373,10.0,79.6218,
Bahrain,BHR,2013,7.45860004425049,,25970.0,,15.585,49.518,10.0,79.9981,
Bahrain,BHR,2014,8.6840295791626,,25480.0,,15.625,49.778,7.5,80.2139,
Bahrain,BHR,2015,7.32818984985352,,23640.0,,15.36,50.025,7.5,80.3378,
Bahrain,BHR,2015,7.32818984985352,,23640.0,,15.36,50.081,7.5,80.3378,
Bahrain,BHR,2016,9.62066806104186,,22720.0,,14.623,50.032,7.5,80.407,
Bahrain,BHR,2017,7.22384977340698,,22360.0,,14.071,49.966,7.5,80.4067,
Bahrain,BHR,2018,9.25130901584206,,24200.0,,13.641,49.623,15.0,80.4118,
Bahrain,BHR,2019,8.55740317815593,,25800.0,,13.318,49.028,15.0,80.4706,
Bahrain,BHR,2020,7.1386052862896,,23870.0,,12.813,48.674,15.0,78.6833,
Bahrain,BHR,2021,7.66467244701359,,25240.0,,13.042,48.963,15.0,78.0826,
Bahrain,BHR,2022,7.66017986372767,,28300.0,,13.282,49.251,20.0,80.9921,
Bahrain,BHR,2023,7.72491437544958,,28460.0,,12.46,49.187,20.0,81.2835,
Bahrain,BHR,2024,8.7409747478851,,28090.0,,12.033,49.306,20.0,,
"Bahamas, The",BHS,2000,19.7952098846436,,23880.0,,17.254,84.16,15.0,72.4812,
"Bahamas, The",BHS,2001,,,24520.0,,16.787,84.609,15.0,72.7654,
"Bahamas, The",BHS,2001,,,24520.0,,16.787,87.026,15.0,72.7654,
"Bahamas, The",BHS,2002,,,25220.0,,16.299,85.062,,73.0234,
"Bahamas, The",BHS,2002,,,25220.0,,16.299,88.005,,73.0234,
"Bahamas, The",BHS,2003,,,25900.0,,16.024,85.521,20.0,73.2126,
"Bahamas, The",BHS,2004,,,27470.0,,15.967,85.986,20.0,73.235,
"Bahamas, The",BHS,2005,,,28880.0,,16.086,86.449,20.0,73.4132,
"Bahamas, The",BHS,2006,,,29230.0,,16.028,86.912,20.0,73.4558,
"Bahamas, The",BHS,2007,,,29690.0,,16.125,87.363,12.195,73.4628,
"Bahamas, The",BHS,2008,,,29660.0,,15.831,87.789,12.195,73.4454,
"Bahamas, The",BHS,2009,,,27920.0,,15.918,88.183,12.195,73.4551,
"Bahamas, The",BHS,2009,,,27920.0,,15.918,88.138,12.195,73.4551,
"Bahamas, The",BHS,2010,12.4952255987713,,27320.0,,14.565,88.546,12.195,73.4487,
"Bahamas, The",BHS,2011,12.3615014826565,,26990.0,,14.273,88.896,12.195,73.5712,
"Bahamas, The",BHS,2011,12.3615014826565,,26990.0,,14.273,92.8,12.195,73.5712,
"Bahamas, The",BHS,2012,12.1764484167983,,27910.0,,14.075,89.232,13.158,73.7069,
"Bahamas, The",BHS,2012,12.1764484167983,,27910.0,,14.075,87.508,13.158,73.7069,
"Bahamas, The",BHS,2013,12.1424660852394,,26870.0,,13.902,89.555,13.158,73.9304,
"Bahamas, The",BHS,2013,12.1424660852394,,26870.0,,13.902,91.721,13.158,73.9304,
"Bahamas, The",BHS,2014,12.0861684638054,,27220.0,,13.503,89.872,13.158,74.0286,
"Bahamas, The",BHS,2015,11.5541169421682,,27620.0,,12.607,90.186,13.158,73.8047,
"Bahamas, The",BHS,2016,11.6442261202761,,27820.0,,11.983,90.502,13.158,74.0421,0.6091089342860609
"Bahamas, The",BHS,2017,11.5325187865534,,29570.0,,11.421,90.82,12.821,74.0314,0.6020146118104637
"Bahamas, The",BHS,2018,12.7988041921042,,30650.0,,11.263,91.144,12.821,74.062,0.6020146118104637
"Bahamas, The",BHS,2019,12.9164965230537,,31630.0,,11.195,91.471,12.821,71.4084,0.6107875634510892
"Bahamas, The",BHS,2019,12.9164965230537,,31630.0,,11.195,91.956,12.821,71.4084,0.6107875634510892
"Bahamas, The",BHS,2020,12.6566403628894,,25180.0,,11.115,91.374,12.821,72.9936,0.605148229682833
"Bahamas, The",BHS,2021,10.6851768495684,,29910.0,,11.023,91.879,17.949,70.752,0.6079583949680412
"Bahamas, The",BHS,2022,10.3566126185111,,33790.0,,10.942,91.119,17.949,74.4911,0.6054675748201597
"Bahamas, The",BHS,2023,11.5972390755357,,35180.0,,10.852,91.488,17.949,74.5518,0.5933427835529892
"Bahamas, The",BHS,2023,11.5972390755357,,35180.0,,10.852,101.963,17.949,74.5518,0.5933427835529892
"Bahamas, The",BHS,2024,10.8463655256369,,37020.0,,10.817,91.705,17.949,,0.589543069114535
Bosnia and Herzegovina,BIH,2000,,,1340.0,,10.231,62.637,,75.292,
Bosnia and Herzegovina,BIH,2001,,,1430.0,,9.977,62.743,7.143,75.5725,
Bosnia and Herzegovina,BIH,2001,,,1430.0,,9.977,51.643,7.143,75.5725,
Bosnia and Herzegovina,BIH,2002,,,1590.0,,10.11,63.142,,75.9938,
Bosnia and Herzegovina,BIH,2003,,,1860.0,,10.068,63.152,16.667,76.4487,
Bosnia and Herzegovina,BIH,2004,,,2360.0,,10.125,63.238,16.667,76.4891,
Bosnia and Herzegovina,BIH,2005,,,2810.0,,9.81,63.179,16.667,76.4243,
Bosnia and Herzegovina,BIH,2006,,,3160.0,,9.551,63.386,14.286,76.0275,
Bosnia and Herzegovina,BIH,2006,,,3160.0,,9.551,55.297,14.286,76.0275,
Bosnia and Herzegovina,BIH,2007,,,3680.0,,9.555,63.483,11.905,76.1618,
Bosnia and Herzegovina,BIH,2007,,,3680.0,,9.555,54.184,11.905,76.1618,
Bosnia and Herzegovina,BIH,2008,,,4500.0,,9.533,63.515,11.905,76.3005,
Bosnia and Herzegovina,BIH,2008,,,4500.0,,9.533,56.14,11.905,76.3005,
Bosnia and Herzegovina,BIH,2009,,,4790.0,,9.761,63.29,19.048,76.7013,
Bosnia and Herzegovina,BIH,2009,,,4790.0,,9.761,57.512,19.048,76.7013,
Bosnia and Herzegovina,BIH,2010,,,4820.0,,9.464,63.281,16.667,76.827,
Bosnia and Herzegovina,BIH,2010,,,4820.0,,9.464,58.983,16.667,76.827,
Bosnia and Herzegovina,BIH,2011,,,4900.0,,8.865,62.592,21.429,76.9632,
Bosnia and Herzegovina,BIH,2011,,,4900.0,,8.865,59.101,21.429,76.9632,
Bosnia and Herzegovina,BIH,2012,,,4900.0,,8.87,62.493,21.429,77.0365,0.5728947872864789
Bosnia and Herzegovina,BIH,2012,,,4900.0,,8.87,58.129,21.429,77.0365,0.5728947872864789
Bosnia and Herzegovina,BIH,2013,,,5170.0,,8.735,62.466,21.429,77.1292,0.5728947872864789
Bosnia and Herzegovina,BIH,2013,,,5170.0,,8.735,58.931,21.429,77.1292,0.5728947872864789
Bosnia and Herzegovina,BIH,2014,,,5180.0,,8.399,62.248,21.429,77.089,0.5543311903900274
Bosnia and Herzegovina,BIH,2014,,,5180.0,,8.399,60.397,21.429,77.089,0.5543311903900274
Bosnia and Herzegovina,BIH,2015,,,5140.0,,8.515,62.213,21.429,77.0733,0.5630160055335252
Bosnia and Herzegovina,BIH,2015,,,5140.0,,8.515,60.946,21.429,77.0733,0.5630160055335252
Bosnia and Herzegovina,BIH,2016,,,5070.0,,8.482,62.206,21.429,77.1241,0.5613183603964449
Bosnia and Herzegovina,BIH,2016,,,5070.0,,8.482,58.61,21.429,77.1241,0.5613183603964449
Bosnia and Herzegovina,BIH,2017,,,5070.0,,8.568,62.478,21.429,77.3855,0.532351778937329
Bosnia and Herzegovina,BIH,2017,,,5070.0,,8.568,61.259,21.429,77.3855,0.532351778937329
Bosnia and Herzegovina,BIH,2018,,,5720.0,,8.803,62.605,21.429,77.9425,0.532351778937329
Bosnia and Herzegovina,BIH,2018,,,5720.0,,8.803,59.263,21.429,77.9425,0.532351778937329
Bosnia and Herzegovina,BIH,2019,,,6180.0,,8.561,62.846,21.429,77.3939,0.527841678464469
Bosnia and Herzegovina,BIH,2019,,,6180.0,,8.561,64.151,21.429,77.3939,0.527841678464469
Bosnia and Herzegovina,BIH,2020,,,6160.0,,8.353,62.695,26.19,76.0395,0.520230742554148
Bosnia and Herzegovina,BIH,2020,,,6160.0,,8.353,61.977,26.19,76.0395,0.520230742554148
Bosnia and Herzegovina,BIH,2021,,,6970.0,,8.011,63.015,26.19,74.5673,0.5158852598332724
Bosnia and Herzegovina,BIH,2021,,,6970.0,,8.011,65.898,26.19,74.5673,0.5158852598332724
Bosnia and Herzegovina,BIH,2022,,,7710.0,,7.748,63.702,16.667,76.7772,0.5203739810969736
Bosnia and Herzegovina,BIH,2022,,,7710.0,,7.748,66.53,16.667,76.7772,0.5203739810969736
Bosnia and Herzegovina,BIH,2023,,,8280.0,,7.714,65.21,19.048,77.8504,0.5139384886950648
Bosnia and Herzegovina,BIH,2023,,,8280.0,,7.714,67.942,19.048,77.8504,0.5139384886950648
Bosnia and Herzegovina,BIH,2024,,,8790.0,,7.72,65.28,19.048,,0.5193721947044518
Bosnia and Herzegovina,BIH,2024,,,8790.0,,7.72,67.422,19.048,,0.5193721947044518
Belarus,BLR,2000,0.0,,1380.0,31.2,9.4,80.782,,68.4637,
Belarus,BLR,2001,,,1300.0,30.6,9.2,81.383,10.309,68.4351,
Belarus,BLR,2002,,,1380.0,30.3,8.9,81.851,10.309,68.2983,
Belarus,BLR,2003,,,1630.0,28.8,9.0,82.206,10.309,68.4289,
Belarus,BLR,2004,12.5523500442505,,2170.0,26.5,9.1,82.439,29.358,68.6879,
Belarus,BLR,2005,12.6201095581055,,2820.0,27.6,9.3,82.593,29.091,68.9822,
Belarus,BLR,2006,12.4503202438354,,3510.0,28.3,9.9,82.735,29.091,69.436,
Belarus,BLR,2006,12.4503202438354,,3510.0,28.3,9.9,94.12,29.091,69.436,
Belarus,BLR,2007,10.1337203979492,,4310.0,29.6,10.7,82.831,29.091,69.9855,
Belarus,BLR,2007,10.1337203979492,,4310.0,29.6,10.7,93.586,29.091,69.9855,
Belarus,BLR,2008,,,5470.0,27.8,11.1,82.884,31.818,70.3485,
Belarus,BLR,2008,,,5470.0,27.8,11.1,94.559,31.818,70.3485,
Belarus,BLR,2009,8.44954967498779,,5660.0,27.7,11.4,82.886,31.818,70.4088,
Belarus,BLR,2009,8.44954967498779,,5660.0,27.7,11.4,80.331,31.818,70.4088,
Belarus,BLR,2010,11.7781295776367,,6150.0,28.6,11.4,82.861,31.818,70.5005,
Belarus,BLR,2011,11.6266498565674,,6350.0,27.2,11.5,82.83,31.818,71.0679,
Belarus,BLR,2012,12.7523002624512,,6630.0,26.5,12.2,82.802,26.606,71.8,0.5261336846559185
Belarus,BLR,2013,12.2739896774292,,7030.0,26.6,12.5,82.758,26.606,72.6808,0.5261336846559185
Belarus,BLR,2014,12.406720161438,,7620.0,27.2,12.5,82.722,26.606,73.245,0.5095620911093394
Belarus,BLR,2015,11.4617300033569,,6740.0,25.6,12.5,82.68,27.273,73.7607,0.5338166130667339
Belarus,BLR,2015,11.4617300033569,,6740.0,25.6,12.5,108.365,27.273,73.7607,0.5338166130667339
Belarus,BLR,2016,12.1587800979614,,5640.0,25.3,12.4,82.625,34.545,74.1532,0.5421920614185256
Belarus,BLR,2016,12.1587800979614,,5640.0,25.3,12.4,88.985,34.545,74.1532,0.5421920614185256
Belarus,BLR,2017,12.2816896438599,,5320.0,25.4,10.8,81.941,34.545,74.3618,0.5137264016759633
Belarus,BLR,2017,12.2816896438599,,5320.0,25.4,10.8,88.498,34.545,74.3618,0.5137264016759633
Belarus,BLR,2018,12.7802095413208,,5730.0,25.2,9.9,80.713,34.545,74.3344,0.5137264016759633
Belarus,BLR,2018,12.7802095413208,,5730.0,25.2,9.9,86.966,34.545,74.3344,0.5137264016759633
Belarus,BLR,2019,13.3307399749756,,6370.0,25.3,9.3,81.656,40.0,74.2555,0.5169211717152459
Belarus,BLR,2019,13.3307399749756,,6370.0,25.3,9.3,87.873,40.0,74.2555,0.5169211717152459
Belarus,BLR,2020,12.7811498641968,,6410.0,24.4,8.886,81.12,40.0,72.269,0.5141914234280482
Belarus,BLR,2020,12.7811498641968,,6410.0,24.4,8.886,87.033,40.0,72.269,0.5141914234280482
Belarus,BLR,2021,12.8159999847412,,7040.0,,8.624,81.522,40.0,72.2206,0.4758061686871691
Belarus,BLR,2021,12.8159999847412,,7040.0,,8.624,87.796,40.0,72.2206,0.4758061686871691
Belarus,BLR,2022,12.1773300170898,,7210.0,,8.062,81.104,40.0,74.3612,0.4607129069170329
Belarus,BLR,2022,12.1773300170898,,7210.0,,8.062,87.411,40.0,74.3612,0.4607129069170329
Belarus,BLR,2023,12.2770299911499,,7850.0,,7.136,80.975,40.0,74.4339,0.45190210562813043
Belarus,BLR,2023,12.2770299911499,,7850.0,,7.136,87.183,40.0,74.4339,0.45190210562813043
Belarus,BLR,2024,12.3419198989868,,8260.0,,7.031,81.257,33.636,,0.44654316879937656
Belarus,BLR,2024,12.3419198989868,,8260.0,,7.031,88.695,33.636,,0.44654316879937656
Belize,BLZ,2000,15.6122598648071,,4470.0,,30.213,50.333,6.897,68.9108,
Belize,BLZ,2001,18.3053703308106,,4470.0,,29.412,50.983,6.897,68.944,
Belize,BLZ,2002,,,4550.0,,28.691,51.636,6.897,69.5285,
Belize,BLZ,2003,16.0251903533936,,4820.0,,27.92,52.294,3.333,69.8185,
Belize,BLZ,2004,16.3242797851562,,5000.0,,27.272,52.953,6.667,70.1521,
Belize,BLZ,2005,,,5050.0,,26.722,53.617,6.667,70.3347,
Belize,BLZ,2005,,,5050.0,,26.722,56.851,6.667,70.3347,
Belize,BLZ,2006,,,5160.0,,25.52,54.282,6.667,70.5352,
Belize,BLZ,2007,,,5210.0,,24.448,54.951,3.333,70.6524,
Belize,BLZ,2008,19.4965991973877,,5170.0,,23.683,55.623,0.0,70.6651,
Belize,BLZ,2009,22.0576095581055,,5280.0,,22.749,56.297,0.0,70.8058,
Belize,BLZ,2010,22.6104698181152,,5060.0,,21.974,56.974,0.0,70.8753,
Belize,BLZ,2011,21.5642707347762,,5160.0,,22.011,57.653,0.0,70.9755,
Belize,BLZ,2012,21.23012168502,,5330.0,,22.002,58.335,3.125,71.1342,
Belize,BLZ,2012,21.23012168502,,5330.0,,22.002,65.74,3.125,71.1342,
Belize,BLZ,2013,23.1328201293945,,5580.0,,22.055,59.017,3.125,71.2757,
Belize,BLZ,2013,23.1328201293945,,5580.0,,22.055,59.018,3.125,71.2757,
Belize,BLZ,2014,21.5630798339844,,5670.0,,21.972,59.537,3.125,71.4372,
Belize,BLZ,2014,21.5630798339844,,5670.0,,21.972,59.537,3.125,71.4372,
Belize,BLZ,2015,21.59255027771,,5790.0,,21.698,60.713,3.125,71.6467,0.49042717956080606
Belize,BLZ,2015,21.59255027771,,5790.0,,21.698,60.472,3.125,71.6467,0.49042717956080606
Belize,BLZ,2016,20.4853000640869,,5640.0,,21.374,61.894,3.125,71.8433,0.4800830759839488
Belize,BLZ,2016,20.4853000640869,,5640.0,,21.374,61.894,3.125,71.8433,0.4800830759839488
Belize,BLZ,2017,21.5186595916748,,5490.0,,21.286,61.41,9.375,72.062,0.4758473937987451
Belize,BLZ,2017,21.5186595916748,,5490.0,,21.286,61.411,9.375,72.062,0.4758473937987451
Belize,BLZ,2018,22.149019241333,,5610.0,,21.144,67.305,9.375,72.3215,0.4758473937987451
Belize,BLZ,2018,22.149019241333,,5610.0,,21.144,67.304,9.375,72.3215,0.4758473937987451
Belize,BLZ,2019,22.2200603485107,,5850.0,,19.335,69.38,9.375,72.5766,0.4776658450662384
Belize,BLZ,2019,22.2200603485107,,5850.0,,19.335,69.381,9.375,72.5766,0.4776658450662384
Belize,BLZ,2020,18.9935398101807,,5170.0,,18.353,61.126,9.677,71.5801,0.47816481977411357
Belize,BLZ,2021,17.9535694122314,,6120.0,,16.539,63.336,12.5,70.917,0.4780738050061973
Belize,BLZ,2022,17.8313503265381,,6710.0,,17.391,59.657,12.5,72.1904,0.48743911655266625
Belize,BLZ,2023,18.0593795776367,,6850.0,,18.025,62.036,15.625,73.5656,0.49158612131350965
Belize,BLZ,2024,18.9034569346512,,7150.0,,18.051,62.829,15.625,,0.49503105342914655
Bermuda,BMU,2000,,,,,12.86,85.436,,78.2508,
Bermuda,BMU,2001,,,,,13.356,,,78.6366,
Bermuda,BMU,2002,,,,,12.635,,,78.8406,
Bermuda,BMU,2003,,,,,12.096,,,78.7147,
Bermuda,BMU,2004,,,,,11.583,,,78.8981,
Bermuda,BMU,2005,,,,,11.379,,,78.8737,
Bermuda,BMU,2006,,,,,11.128,,,78.8695,
Bermuda,BMU,2007,,,,,11.608,,,79.0056,
Bermuda,BMU,2008,,,,,11.469,,,79.1011,
Bermuda,BMU,2009,,,,,11.768,91.86,,79.2293,
Bermuda,BMU,2010,,,105750.0,,11.579,93.103,,79.4139,
Bermuda,BMU,2011,,,102930.0,,10.082,,,79.6515,
Bermuda,BMU,2012,,,101910.0,,9.632,,,79.8475,
Bermuda,BMU,2013,,,104040.0,,9.393,,,80.0156,
Bermuda,BMU,2014,,,102450.0,,8.844,,,80.1986,
Bermuda,BMU,2015,,,103940.0,,9.055,,,80.3378,
Bermuda,BMU,2016,,,105430.0,,9.171,,,80.4761,
Bermuda,BMU,2017,,,113460.0,,8.81,,,80.6861,
Bermuda,BMU,2018,,,117160.0,,8.407,,,80.9856,
Bermuda,BMU,2019,,,116920.0,,8.375,,,81.2507,
Bermuda,BMU,2020,,,110960.0,,8.678,,,81.4562,
Bermuda,BMU,2021,,,120410.0,,8.21,,,81.7451,
Bermuda,BMU,2022,,,132200.0,,8.183,,,82.0616,
Bermuda,BMU,2023,,,134500.0,,8.046,,,82.3089,
Bermuda,BMU,2024,,,145150.0,,7.92,,,,
Bolivia,BOL,2000,,,960.0,61.6,29.846,72.667,11.538,62.0572,
Bolivia,BOL,2000,,,960.0,61.6,29.846,72.492,11.538,62.0572,
Bolivia,BOL,2001,,16.8349895477295,930.0,57.4,29.12,72.689,11.538,62.5381,
Bolivia,BOL,2001,,16.8349895477295,930.0,57.4,29.12,79.315,11.538,62.5381,
Bolivia,BOL,2002,,,900.0,59.3,28.53,72.711,18.462,63.0676,
Bolivia,BOL,2002,,,900.0,59.3,28.53,74.012,18.462,63.0676,
Bolivia,BOL,2003,,,890.0,,28.135,72.737,18.462,63.4553,
Bolivia,BOL,2003,,,890.0,,28.135,76.711,18.462,63.4553,
Bolivia,BOL,2004,,,940.0,55.0,27.689,72.764,19.231,63.8186,
Bolivia,BOL,2004,,,940.0,55.0,27.689,76.711,19.231,63.8186,
Bolivia,BOL,2005,,,1000.0,58.5,27.332,72.791,16.923,64.1822,
Bolivia,BOL,2005,,,1000.0,58.5,27.332,75.362,16.923,64.1822,
Bolivia,BOL,2006,21.5667705535889,20.9168796539307,1090.0,56.7,27.342,72.82,16.923,64.529,
Bolivia,BOL,2006,21.5667705535889,20.9168796539307,1090.0,56.7,27.342,77.302,16.923,64.529,
Bolivia,BOL,2007,20.5818996429443,,1210.0,54.5,26.874,72.852,16.923,64.9386,
Bolivia,BOL,2007,20.5818996429443,,1210.0,54.5,26.874,77.23,16.923,64.9386,
Bolivia,BOL,2008,19.0274791717529,20.535120010376,1460.0,50.8,26.441,72.886,16.923,65.2987,
Bolivia,BOL,2008,19.0274791717529,20.535120010376,1460.0,50.8,26.441,76.012,16.923,65.2987,
Bolivia,BOL,2009,22.8131809234619,22.7695903778076,1600.0,49.2,26.017,72.922,22.308,65.6555,
Bolivia,BOL,2009,22.8131809234619,22.7695903778076,1600.0,49.2,26.017,76.708,22.308,65.6555,
Bolivia,BOL,2010,22.1394195556641,,1760.0,,25.619,72.959,25.385,66.0033,
Bolivia,BOL,2011,18.2445392608643,,1970.0,46.1,25.221,72.997,25.385,66.2816,
Bolivia,BOL,2011,18.2445392608643,,1970.0,46.1,25.221,75.396,25.385,66.2816,
Bolivia,BOL,2012,18.3915691375732,24.0322399139404,2220.0,46.6,24.83,73.039,25.385,66.5858,0.403886618577124
Bolivia,BOL,2012,18.3915691375732,24.0322399139404,2220.0,46.6,24.83,72.466,25.385,66.5858,0.403886618577124
Bolivia,BOL,2013,19.1963806152344,,2550.0,47.6,24.437,73.081,25.385,66.7773,0.403886618577124
Bolivia,BOL,2013,19.1963806152344,,2550.0,47.6,24.437,73.666,25.385,66.7773,0.403886618577124
Bolivia,BOL,2014,18.1302604675293,,2800.0,47.8,24.041,73.126,53.077,66.9697,0.3900488710554912
Bolivia,BOL,2014,18.1302604675293,,2800.0,47.8,24.041,75.007,53.077,66.9697,0.3900488710554912
Bolivia,BOL,2015,18.2940692901611,26.620979309082,2920.0,46.7,23.653,73.173,53.077,67.2052,0.41320295647953426
Bolivia,BOL,2015,18.2940692901611,26.620979309082,2920.0,46.7,23.653,68.656,53.077,67.2052,0.41320295647953426
Bolivia,BOL,2016,20.3791904449463,19.2934431101902,3000.0,45.2,23.272,73.221,53.077,67.3925,0.40229988247032505
Bolivia,BOL,2016,20.3791904449463,19.2934431101902,3000.0,45.2,23.272,73.221,53.077,67.3925,0.40229988247032505
Bolivia,BOL,2017,20.95578956604,21.4027925032566,3250.0,44.6,22.911,75.682,53.077,67.5357,0.38459323245538507
Bolivia,BOL,2017,20.95578956604,21.4027925032566,3250.0,44.6,22.911,75.682,53.077,67.5357,0.38459323245538507
Bolivia,BOL,2018,21.2533798217773,,3730.0,42.6,22.574,79.448,53.077,67.6992,0.38459323245538507
Bolivia,BOL,2018,21.2533798217773,,3730.0,42.6,22.574,79.447,53.077,67.6992,0.38459323245538507
Bolivia,BOL,2019,22.3840599060059,31.0992298126221,4170.0,41.6,22.257,80.737,53.077,67.8198,0.382031409801857
Bolivia,BOL,2019,22.3840599060059,31.0992298126221,4170.0,41.6,22.257,80.737,53.077,67.8198,0.382031409801857
Bolivia,BOL,2020,22.9417705535889,31.4803104400635,3620.0,43.6,21.996,81.779,46.154,62.906,0.3833388087447744
Bolivia,BOL,2020,22.9417705535889,31.4803104400635,3620.0,43.6,21.996,74.102,46.154,62.906,0.3833388087447744
Bolivia,BOL,2021,22.9013805389404,27.3726907244492,3990.0,40.9,21.808,84.034,46.154,61.4268,0.3867225041705197
Bolivia,BOL,2021,22.9013805389404,27.3726907244492,3990.0,40.9,21.808,83.944,46.154,61.4268,0.3867225041705197
Bolivia,BOL,2022,21.0422992706299,29.5106228077371,4190.0,41.2,21.566,84.497,46.154,67.4342,0.37531330448533873
Bolivia,BOL,2022,21.0422992706299,29.5106228077371,4190.0,41.2,21.566,84.451,46.154,67.4342,0.37531330448533873
Bolivia,BOL,2023,20.3996295928955,30.7542204009059,4230.0,42.1,21.247,85.891,46.154,68.5814,0.37355336553412016
Bolivia,BOL,2023,20.3996295928955,30.7542204009059,4230.0,42.1,21.247,85.839,46.154,68.5814,0.37355336553412016
Bolivia,BOL,2024,20.1601600646973,,4160.0,40.9,21.026,85.846,46.154,,0.36758421887006226
Bolivia,BOL,2024,20.1601600646973,,4160.0,40.9,21.026,87.165,46.154,,0.36758421887006226
Brazil,BRA,2000,0.0,,3950.0,,19.879,64.638,5.653,69.5842,
Brazil,BRA,2001,9.65944004058838,,3370.0,58.4,19.185,66.573,6.823,69.98,
Brazil,BRA,2001,9.65944004058838,,3370.0,58.4,19.185,67.331,6.823,69.98,
Brazil,BRA,2002,8.42879009246826,,3120.0,58.1,18.49,68.381,6.238,70.3958,
Brazil,BRA,2002,8.42879009246826,,3120.0,58.1,18.49,69.095,6.238,70.3958,
Brazil,BRA,2003,,,3010.0,57.6,17.819,68.949,8.577,70.8841,
Brazil,BRA,2003,,,3010.0,57.6,17.819,69.591,8.577,70.8841,
Brazil,BRA,2004,10.0161695480347,,3370.0,56.5,17.5,69.986,8.577,71.3611,
Brazil,BRA,2004,10.0161695480347,,3370.0,56.5,17.5,70.621,8.577,71.3611,
Brazil,BRA,2005,10.6975202560425,,4030.0,56.3,17.176,71.385,8.577,71.8319,
Brazil,BRA,2005,10.6975202560425,,4030.0,56.3,17.176,71.965,8.577,71.8319,
Brazil,BRA,2006,11.4433298110962,,4890.0,55.6,16.691,71.323,8.772,72.2963,
Brazil,BRA,2006,11.4433298110962,,4890.0,55.6,16.691,71.924,8.772,72.2963,
Brazil,BRA,2007,12.3272495269775,,6240.0,54.9,16.243,71.497,8.967,72.7297,
Brazil,BRA,2007,12.3272495269775,,6240.0,54.9,16.243,72.147,8.967,72.7297,
Brazil,BRA,2008,13.1999702453613,,7680.0,54.0,15.801,71.169,8.967,73.1109,
Brazil,BRA,2008,13.1999702453613,,7680.0,54.0,15.801,71.722,8.967,73.1109,
Brazil,BRA,2009,13.4780702590942,,8400.0,53.7,15.564,71.908,8.772,73.4569,
Brazil,BRA,2009,13.4780702590942,,8400.0,53.7,15.564,72.447,8.772,73.4569,
Brazil,BRA,2010,14.2950096130371,,9750.0,,15.338,70.857,8.577,73.779,
Brazil,BRA,2011,14.5740699768066,,11210.0,52.9,15.141,69.781,8.577,74.0473,
Brazil,BRA,2011,14.5740699768066,,11210.0,52.9,15.141,70.398,8.577,74.0473,
Brazil,BRA,2012,14.8948698043823,,12460.0,53.4,14.935,69.178,8.577,74.3346,0.5767918018982051
Brazil,BRA,2012,14.8948698043823,,12460.0,53.4,14.935,69.144,8.577,74.3346,0.5767918018982051
Brazil,BRA,2013,14.6777896881103,,12950.0,52.7,14.785,69.241,8.577,74.6093,0.5767918018982051
Brazil,BRA,2013,14.6777896881103,,12950.0,52.7,14.785,69.2,8.577,74.6093,0.5767918018982051
Brazil,BRA,2014,14.3591403961182,,12280.0,52.1,14.784,69.491,9.942,74.8225,0.5446235925769045
Brazil,BRA,2014,14.3591403961182,,12280.0,52.1,14.784,69.457,9.942,74.8225,0.5446235925769045
Brazil,BRA,2015,13.5114603042603,,10330.0,51.9,14.684,70.432,9.942,75.1064,0.5526212690045934
Brazil,BRA,2015,13.5114603042603,,10330.0,51.9,14.684,70.401,9.942,75.1064,0.5526212690045934
Brazil,BRA,2016,13.8761100769043,,9050.0,53.4,14.146,70.853,9.942,75.0805,0.5587614681054109
Brazil,BRA,2016,13.8761100769043,,9050.0,53.4,14.146,70.831,9.942,75.0805,0.5587614681054109
Brazil,BRA,2017,14.2683095932007,,8830.0,53.3,14.123,72.316,10.721,75.3835,0.5379202724381371
Brazil,BRA,2017,14.2683095932007,,8830.0,53.3,14.123,72.288,10.721,75.3835,0.5379202724381371
Brazil,BRA,2018,13.7809400558472,,9320.0,53.9,14.022,72.89,15.01,75.6335,0.5379202724381371
Brazil,BRA,2018,13.7809400558472,,9320.0,53.9,14.022,72.856,15.01,75.6335,0.5379202724381371
Brazil,BRA,2019,13.8547201156616,,9410.0,53.5,13.548,73.823,15.01,75.8093,0.5305600597367404
Brazil,BRA,2019,13.8547201156616,,9410.0,53.5,13.548,73.781,15.01,75.8093,0.5305600597367404
Brazil,BRA,2020,12.4982500076294,,8080.0,48.8,12.995,70.798,14.62,74.5058,0.5150901498998987
Brazil,BRA,2020,12.4982500076294,,8080.0,48.8,12.995,70.733,14.62,74.5058,0.5150901498998987
Brazil,BRA,2021,13.6161603927612,,8060.0,52.9,12.754,71.978,15.205,73.0377,0.5001347367970206
Brazil,BRA,2021,13.6161603927612,,8060.0,52.9,12.754,71.875,15.205,73.0377,0.5001347367970206
Brazil,BRA,2022,12.9340095520019,,8440.0,51.9,12.555,73.115,17.739,74.8719,0.49426575123650235
Brazil,BRA,2022,12.9340095520019,,8440.0,51.9,12.555,72.985,17.739,74.8719,0.49426575123650235
Brazil,BRA,2023,,,9310.0,51.5,12.322,72.768,17.544,75.8482,0.48994909116764224
Brazil,BRA,2023,,,9310.0,51.5,12.322,72.637,17.544,75.8482,0.48994909116764224
Brazil,BRA,2024,,,9930.0,50.3,12.133,72.792,17.544,,0.49739227734833985
Brazil,BRA,2024,,,9930.0,50.3,12.133,72.648,17.544,,0.49739227734833985
Barbados,BRB,2000,22.1503505706787,,11170.0,,15.147,84.023,10.714,74.5803,
Barbados,BRB,2001,26.8888206481934,,11030.0,,15.053,84.236,10.714,74.7065,
Barbados,BRB,2002,24.7244892120361,,11030.0,,14.219,84.472,10.714,74.8203,
Barbados,BRB,2003,18.5845603942871,,11660.0,,14.044,84.685,13.333,74.8653,
Barbados,BRB,2003,18.5845603942871,,11660.0,,14.044,85.126,13.333,74.8653,
Barbados,BRB,2004,18.6181392669678,,12660.0,,13.472,84.907,13.333,75.1499,
Barbados,BRB,2004,18.6181392669678,,12660.0,,13.472,85.385,13.333,75.1499,
Barbados,BRB,2005,18.2429790496826,,13610.0,,12.913,85.275,13.333,74.9602,
Barbados,BRB,2006,,,14630.0,,12.553,85.653,13.333,75.0485,
Barbados,BRB,2007,17.2209701538086,,15950.0,,12.85,86.055,13.333,75.2625,
Barbados,BRB,2008,15.7106504440308,,16600.0,,12.756,86.446,10.0,75.3002,
Barbados,BRB,2009,16.1005802154541,,16150.0,,12.756,86.8,10.0,75.4582,
Barbados,BRB,2009,16.1005802154541,,16150.0,,12.756,85.9,10.0,75.4582,
Barbados,BRB,2010,18.0963306427002,,17180.0,,12.768,87.124,10.0,75.4882,
Barbados,BRB,2010,18.0963306427002,,17180.0,,12.768,86.212,10.0,75.4882,
Barbados,BRB,2011,,,17890.0,,12.46,87.443,10.0,75.5985,
Barbados,BRB,2011,,,17890.0,,12.46,86.736,10.0,75.5985,
Barbados,BRB,2012,16.7026901245117,,19740.0,,12.153,86.324,10.0,75.7373,
Barbados,BRB,2012,16.7026901245117,,19740.0,,12.153,84.872,10.0,75.7373,
Barbados,BRB,2013,14.844820022583,,19560.0,,12.029,87.527,16.667,75.816,
Barbados,BRB,2013,14.844820022583,,19560.0,,12.029,86.063,16.667,75.816,
Barbados,BRB,2014,17.4510593414307,,19730.0,,11.905,90.536,16.667,75.9263,
Barbados,BRB,2014,17.4510593414307,,19730.0,,11.905,89.37,16.667,75.9263,
Barbados,BRB,2015,17.8095471935802,,19150.0,,11.798,88.721,16.667,76.0546,
Barbados,BRB,2015,17.8095471935802,,19150.0,,11.798,90.205,16.667,76.0546,
Barbados,BRB,2016,13.3624496459961,,19200.0,,11.706,89.301,16.667,76.1681,0.6713873712482403
Barbados,BRB,2016,13.3624496459961,,19200.0,,11.706,89.232,16.667,76.1681,0.6713873712482403
Barbados,BRB,2017,12.879150390625,,19370.0,,11.628,89.002,16.667,76.2365,0.650753920448264
Barbados,BRB,2017,12.879150390625,,19370.0,,11.628,88.191,16.667,76.2365,0.650753920448264
Barbados,BRB,2018,16.3585713461348,,19910.0,,11.539,87.692,20.0,76.3784,0.650753920448264
Barbados,BRB,2018,16.3585713461348,,19910.0,,11.539,87.402,20.0,76.3784,0.650753920448264
Barbados,BRB,2019,13.8598604202271,,20520.0,,11.446,89.721,20.0,76.4951,0.6510165804419152
Barbados,BRB,2019,13.8598604202271,,20520.0,,11.446,89.61,20.0,76.4951,0.6510165804419152
Barbados,BRB,2020,16.1424694061279,,18740.0,,11.334,89.208,20.0,76.6465,0.646271362669722
Barbados,BRB,2021,14.8447303771973,,19880.0,,11.287,89.071,20.0,76.5797,0.6506847140370327
Barbados,BRB,2021,14.8447303771973,,19880.0,,11.287,88.219,20.0,76.5797,0.6506847140370327
Barbados,BRB,2022,12.7307195663452,,24300.0,,11.249,87.224,26.667,75.6761,0.6575833090683438
Barbados,BRB,2022,12.7307195663452,,24300.0,,11.249,87.285,26.667,75.6761,0.6575833090683438
Barbados,BRB,2023,12.4731502532959,,24960.0,,11.173,88.197,26.667,76.1782,0.6578130710220251
Barbados,BRB,2023,12.4731502532959,,24960.0,,11.173,86.728,26.667,76.1782,0.6578130710220251
Barbados,BRB,2024,11.8397173396086,,25140.0,,11.117,88.964,26.667,,0.6588176470963782
Brunei Darussalam,BRN,2000,,,19390.0,,19.803,68.789,,74.0169,
Brunei Darussalam,BRN,2001,,,19270.0,,19.298,70.233,,74.2089,
Brunei Darussalam,BRN,2001,,,19270.0,,19.298,71.133,,74.2089,
Brunei Darussalam,BRN,2002,,,18960.0,,18.685,70.757,,74.3652,
Brunei Darussalam,BRN,2003,,,19840.0,,18.036,71.293,,74.5091,
Brunei Darussalam,BRN,2004,,,22190.0,,17.365,71.822,,74.6033,
Brunei Darussalam,BRN,2005,,,25670.0,,16.713,72.338,,74.6831,
Brunei Darussalam,BRN,2006,,,30720.0,,16.262,72.861,,74.7534,
Brunei Darussalam,BRN,2007,,,33470.0,,15.943,73.516,,74.793,
Brunei Darussalam,BRN,2008,,,36700.0,,16.015,74.269,,74.8138,
Brunei Darussalam,BRN,2009,,,35470.0,,16.241,74.973,,74.8144,
Brunei Darussalam,BRN,2010,,,35370.0,,16.577,75.623,,74.8195,
Brunei Darussalam,BRN,2011,,,36520.0,,16.966,76.218,,74.8355,
Brunei Darussalam,BRN,2011,,,36520.0,,16.966,74.505,,74.8355,
Brunei Darussalam,BRN,2012,,,41690.0,,17.096,76.794,,74.8428,
Brunei Darussalam,BRN,2013,,,44580.0,,16.913,77.396,,74.8544,
Brunei Darussalam,BRN,2014,,,42370.0,,16.627,78.014,,74.862,
Brunei Darussalam,BRN,2014,,,42370.0,,16.627,80.485,,74.862,
Brunei Darussalam,BRN,2015,,,38180.0,,16.239,78.638,,74.8802,
Brunei Darussalam,BRN,2016,,,32570.0,,15.785,79.262,6.452,74.9054,
Brunei Darussalam,BRN,2017,,,29230.0,,15.334,79.869,9.091,74.9429,
Brunei Darussalam,BRN,2017,,,29230.0,,15.334,82.005,9.091,74.9429,
Brunei Darussalam,BRN,2018,,,28790.0,,14.924,77.978,9.091,74.9915,
Brunei Darussalam,BRN,2018,,,28790.0,,14.924,78.792,9.091,74.9915,
Brunei Darussalam,BRN,2019,,,31550.0,,14.572,75.158,9.091,75.049,
Brunei Darussalam,BRN,2019,,,31550.0,,14.572,75.546,9.091,75.049,
Brunei Darussalam,BRN,2020,,,30810.0,,14.284,75.471,9.091,75.1138,
Brunei Darussalam,BRN,2020,,,30810.0,,14.284,74.565,9.091,75.1138,
Brunei Darussalam,BRN,2021,,,29890.0,,14.06,76.321,9.091,74.8692,
Brunei Darussalam,BRN,2021,,,29890.0,,14.06,76.613,9.091,74.8692,
Brunei Darussalam,BRN,2022,,,30970.0,,13.847,73.456,9.091,72.9171,
Brunei Darussalam,BRN,2022,,,30970.0,,13.847,73.865,9.091,72.9171,
Brunei Darussalam,BRN,2023,,,34390.0,,13.59,74.738,11.765,75.3266,
Brunei Darussalam,BRN,2023,,,34390.0,,13.59,75.22,11.765,75.3266,
Brunei Darussalam,BRN,2024,,,36020.0,,13.328,74.887,11.765,,
Brunei Darussalam,BRN,2024,,,36020.0,,13.328,76.567,11.765,,
Bhutan,BTN,2000,13.9203901290894,,710.0,,25.18,74.786,9.333,61.8417,
Bhutan,BTN,2001,13.2260999679565,,780.0,,23.865,76.98,9.333,63.3226,
Bhutan,BTN,2002,,,860.0,,22.657,79.282,9.333,63.984,
Bhutan,BTN,2003,,,960.0,,21.706,81.629,9.333,64.6619,
Bhutan,BTN,2004,18.6066303253174,,1090.0,,21.261,84.003,9.211,65.2898,
Bhutan,BTN,2005,22.8328609466553,,1260.0,,21.114,85.924,9.333,65.8746,
Bhutan,BTN,2005,22.8328609466553,,1260.0,,21.114,66.741,9.333,65.8746,
Bhutan,BTN,2006,,,1390.0,,20.971,87.12,2.667,66.4992,
Bhutan,BTN,2006,,,1390.0,,20.971,77.285,2.667,66.4992,
Bhutan,BTN,2007,,,1700.0,,20.795,88.064,2.667,67.1518,
Bhutan,BTN,2008,15.1049098968506,,1850.0,,20.293,88.977,8.511,67.7329,
Bhutan,BTN,2009,12.8447103500366,,1980.0,,19.641,89.753,8.511,68.1565,
Bhutan,BTN,2009,12.8447103500366,,1980.0,,19.641,89.753,8.511,68.1565,
Bhutan,BTN,2010,10.2955198287964,,2180.0,,18.901,87.721,8.511,68.7648,
Bhutan,BTN,2010,10.2955198287964,,2180.0,,18.901,87.721,8.511,68.7648,
Bhutan,BTN,2011,11.3875102996826,,2430.0,,18.224,86.987,8.511,69.2802,
Bhutan,BTN,2011,11.3875102996826,,2430.0,,18.224,86.988,8.511,69.2802,
Bhutan,BTN,2012,,,2620.0,,17.589,96.284,8.511,69.7589,
Bhutan,BTN,2012,,,2620.0,,17.589,96.284,8.511,69.7589,
Bhutan,BTN,2013,15.6869497299194,,2630.0,,17.065,81.692,6.383,70.1611,
Bhutan,BTN,2013,15.6869497299194,,2630.0,,17.065,81.692,6.383,70.1611,
Bhutan,BTN,2014,17.4541397094727,,2670.0,,16.422,77.207,8.511,70.5035,
Bhutan,BTN,2014,17.4541397094727,,2670.0,,16.422,77.207,8.511,70.5035,
Bhutan,BTN,2015,25.3450698852539,,2740.0,,15.656,78.59,8.511,70.7971,
Bhutan,BTN,2015,25.3450698852539,,2740.0,,15.656,78.589,8.511,70.7971,
Bhutan,BTN,2016,24.3686199188232,,2880.0,,14.81,78.754,8.511,71.1193,
Bhutan,BTN,2017,23.0447292327881,,2960.0,,13.759,78.923,8.511,71.4127,
Bhutan,BTN,2018,21.8548202514648,,3150.0,,12.941,79.096,14.894,71.7113,
Bhutan,BTN,2018,21.8548202514648,,3150.0,,12.941,79.095,14.894,71.7113,
Bhutan,BTN,2019,18.0860352556706,,3370.0,,12.421,85.152,14.894,72.0049,
Bhutan,BTN,2019,18.0860352556706,,3370.0,,12.421,85.154,14.894,72.0049,
Bhutan,BTN,2020,16.2551386021737,,3040.0,,12.952,87.609,14.894,72.2531,
Bhutan,BTN,2020,16.2551386021737,,3040.0,,12.952,87.608,14.894,72.2531,
Bhutan,BTN,2021,16.9022955201722,,3300.0,,12.892,89.328,17.021,72.4482,
Bhutan,BTN,2021,16.9022955201722,,3300.0,,12.892,89.328,17.021,72.4482,
Bhutan,BTN,2022,22.1064354322847,,3600.0,,12.807,72.817,17.391,72.754,
Bhutan,BTN,2022,22.1064354322847,,3600.0,,12.807,72.819,17.391,72.754,
Bhutan,BTN,2023,19.1911106109619,,3730.0,,12.663,78.474,17.391,72.9753,
Bhutan,BTN,2023,19.1911106109619,,3730.0,,12.663,78.474,17.391,72.9753,
Bhutan,BTN,2024,17.1757535347175,,,,12.525,78.688,4.255,,
Bhutan,BTN,2024,17.1757535347175,,,,12.525,72.103,4.255,,
Botswana,BWA,2000,,,3110.0,,27.936,72.411,17.021,52.2631,
Botswana,BWA,2000,,,3110.0,,27.936,71.783,17.021,52.2631,
Botswana,BWA,2001,,,3190.0,,27.907,73.462,17.021,52.2104,
Botswana,BWA,2001,,,3190.0,,27.907,71.085,17.021,52.2104,
Botswana,BWA,2002,,,2860.0,,27.647,74.583,17.021,52.3733,
Botswana,BWA,2003,,,3300.0,,27.393,75.76,17.021,52.8508,
Botswana,BWA,2004,,,3830.0,,27.309,76.983,11.111,53.5729,
Botswana,BWA,2005,25.8235301971436,,4830.0,,27.706,78.273,11.111,54.3862,
Botswana,BWA,2006,,,5400.0,,28.141,79.654,11.111,55.1119,
Botswana,BWA,2006,,,5400.0,,28.141,79.472,11.111,55.1119,
Botswana,BWA,2007,26.5077896118164,,5620.0,,28.335,79.771,11.111,56.7351,
Botswana,BWA,2008,,,5470.0,,28.396,79.994,11.111,57.6607,
Botswana,BWA,2009,20.4773998260498,,4890.0,,28.396,80.314,7.937,58.2975,
Botswana,BWA,2009,20.4773998260498,,4890.0,,28.396,80.123,7.937,58.2975,
Botswana,BWA,2010,23.5505284733403,,5370.0,,28.365,79.964,7.937,59.1373,
Botswana,BWA,2010,23.5505284733403,,5370.0,,28.365,79.708,7.937,59.1373,
Botswana,BWA,2011,24.1945001555283,,6500.0,,28.038,80.501,7.937,59.7149,
Botswana,BWA,2011,24.1945001555283,,6500.0,,28.038,75.577,7.937,59.7149,
Botswana,BWA,2012,21.6718195795171,,6910.0,,27.742,81.037,7.937,60.3844,0.7000005992055843
Botswana,BWA,2013,20.9129197657803,,6950.0,,27.183,81.534,7.937,61.2167,0.7000005992055843
Botswana,BWA,2013,20.9129197657803,,6950.0,,27.183,82.296,7.937,61.2167,0.7000005992055843
Botswana,BWA,2014,22.6601252010259,,6990.0,,26.795,82.004,9.524,62.1675,0.6671451564922767
Botswana,BWA,2015,23.0535528099878,,6140.0,,26.475,82.447,9.524,63.215,0.6339074764286978
Botswana,BWA,2016,22.0042910314722,,6060.0,,26.254,82.876,9.524,64.3199,0.5794516584044571
Botswana,BWA,2017,22.8162628925243,,6210.0,,26.073,83.296,9.524,65.4203,0.5852892315073068
Botswana,BWA,2018,22.5610664576916,,6680.0,,25.897,83.707,9.524,66.3709,0.5852892315073068
Botswana,BWA,2019,22.3420010369273,,7520.0,,25.751,84.123,10.769,67.1668,0.5905614855428245
Botswana,BWA,2019,22.3420010369273,,7520.0,,25.751,84.327,10.769,67.1668,0.5905614855428245
Botswana,BWA,2020,21.4650874064137,,6600.0,,25.532,84.4,10.769,67.6426,0.6004287324839294
Botswana,BWA,2020,21.4650874064137,,6600.0,,25.532,83.882,10.769,67.6426,0.6004287324839294
Botswana,BWA,2021,,,7530.0,,25.422,85.303,10.769,63.3025,0.5911816371327457
Botswana,BWA,2021,,,7530.0,,25.422,85.448,10.769,63.3025,0.5911816371327457
Botswana,BWA,2022,,,8250.0,,25.253,86.401,11.111,68.7487,0.5927356022849644
Botswana,BWA,2022,,,8250.0,,25.253,86.156,11.111,68.7487,0.5927356022849644
Botswana,BWA,2023,,,8360.0,,24.713,86.653,11.111,69.1631,0.5927500982203533
Botswana,BWA,2023,,,8360.0,,24.713,86.244,11.111,69.1631,0.5927500982203533
Botswana,BWA,2024,,,7750.0,,24.361,86.008,8.696,,0.5892981689825921
Botswana,BWA,2024,,,7750.0,,24.361,88.864,8.696,,0.5892981689825921
Central African Republic,CAF,2000,9.93076992034912,,240.0,,42.058,82.822,7.339,46.6095,
Central African Republic,CAF,2001,,,240.0,,41.95,82.864,7.339,46.7338,
Central African Republic,CAF,2002,9.19987010955811,,240.0,,41.407,82.959,7.339,46.8395,
Central African Republic,CAF,2003,12.0125799179077,,250.0,,41.704,83.12,,47.3059,
Central African Republic,CAF,2004,12.0471296310425,,290.0,,41.558,83.187,,47.6964,
Central African Republic,CAF,2005,9.66650009155273,,320.0,,41.775,83.254,10.476,48.207,
Central African Republic,CAF,2006,10.0542402267456,,330.0,,42.193,83.186,10.476,48.6867,
Central African Republic,CAF,2007,9.86948013305664,,360.0,,42.192,83.03,10.476,49.3267,
Central African Republic,CAF,2008,7.8600001335144,,390.0,,42.457,82.929,10.476,49.8728,
Central African Republic,CAF,2009,7.84172010421753,,460.0,,43.644,82.65,9.615,14.6655,
Central African Republic,CAF,2010,6.47537994384766,,500.0,,44.961,82.296,9.615,46.8707,
Central African Republic,CAF,2011,7.8254599571228,,510.0,,45.314,81.913,12.5,50.107,
Central African Republic,CAF,2012,10.6165691254814,,540.0,,45.147,81.295,12.5,51.3355,
Central African Republic,CAF,2013,8.08344390393141,,360.0,,44.657,80.631,,49.4871,
Central African Republic,CAF,2014,9.38718751677231,,380.0,,44.647,79.798,,40.2652,
Central African Republic,CAF,2015,8.38674186180161,,390.0,,43.338,79.282,,51.9338,
Central African Republic,CAF,2016,7.31902194047271,,400.0,,43.391,79.288,7.194,50.9988,
Central African Republic,CAF,2017,8.89504990083298,,420.0,,43.742,79.265,8.571,45.2315,
Central African Republic,CAF,2018,9.13549641953096,,470.0,,43.838,79.244,8.571,52.2973,
Central African Republic,CAF,2019,9.79781209629898,,500.0,,44.108,79.27,8.571,31.5302,
Central African Republic,CAF,2020,9.78244273272612,,490.0,,44.475,79.27,8.571,50.5959,
Central African Republic,CAF,2021,9.08869199724264,,510.0,,45.226,79.489,12.857,40.2791,
Central African Republic,CAF,2022,10.7420521886098,,520.0,,45.425,79.242,12.857,18.8177,
Central African Republic,CAF,2023,9.9939281561116,,530.0,,46.358,79.233,12.857,57.4077,
Central African Republic,CAF,2024,,,510.0,,46.193,79.157,11.429,,
Canada,CAN,2000,12.9826002120972,47.5545451706984,22740.0,33.4,10.7,81.306,,79.233,
Canada,CAN,2000,12.9826002120972,47.5545451706984,22740.0,33.4,10.7,82.104,,79.233,
Canada,CAN,2001,12.2122402191162,49.1189791452776,23120.0,33.6,10.8,81.829,20.598,79.4494,
Canada,CAN,2001,12.2122402191162,49.1189791452776,23120.0,33.6,10.8,82.687,20.598,79.4494,
Canada,CAN,2002,12.1478996276856,50.0226777314496,23590.0,33.6,10.5,82.603,20.598,79.5658,
Canada,CAN,2002,12.1478996276856,50.0226777314496,23590.0,33.6,10.5,83.42,20.598,79.5658,
Canada,CAN,2003,,51.1924327058183,25480.0,33.8,10.6,83.513,20.598,79.7363,
Canada,CAN,2003,,51.1924327058183,25480.0,33.8,10.6,84.303,20.598,79.7363,
Canada,CAN,2004,,51.8652600976164,29530.0,33.8,10.6,83.943,21.104,80.029,
Canada,CAN,2004,,51.8652600976164,29530.0,33.8,10.6,84.718,21.104,80.029,
Canada,CAN,2005,12.1780700683594,53.2947168868184,34310.0,33.6,10.7,83.942,21.104,80.131,
Canada,CAN,2005,12.1780700683594,53.2947168868184,34310.0,33.6,10.7,84.692,21.104,80.131,
Canada,CAN,2006,,55.9819297790527,37900.0,34.1,11.0,84.426,20.779,80.5398,
Canada,CAN,2006,,55.9819297790527,37900.0,34.1,11.0,85.155,20.779,80.5398,
Canada,CAN,2007,12.3285598754883,55.230569171924,41540.0,33.8,11.3,85.051,21.311,80.5422,
Canada,CAN,2007,12.3285598754883,55.230569171924,41540.0,33.8,11.3,85.749,21.311,80.5422,
Canada,CAN,2008,12.0099601745606,55.7530808348945,44930.0,33.9,11.5,85.011,22.078,80.7304,
Canada,CAN,2008,12.0099601745606,55.7530808348945,44930.0,33.9,11.5,85.669,22.078,80.7304,
Canada,CAN,2009,12.4836397171021,56.2153842607609,43230.0,34.0,11.4,85.739,22.078,81.0648,
Canada,CAN,2009,12.4836397171021,56.2153842607609,43230.0,34.0,11.4,86.373,22.078,81.0648,
Canada,CAN,2010,12.3359603881836,57.3237544197165,44490.0,33.6,11.2,86.219,22.078,81.3363,
Canada,CAN,2010,12.3359603881836,57.3237544197165,44490.0,33.6,11.2,86.813,22.078,81.3363,
Canada,CAN,2011,12.2191400527954,59.640308380127,47190.0,32.7,11.0,85.968,24.756,81.5133,
Canada,CAN,2011,12.2191400527954,59.640308380127,47190.0,32.7,11.0,86.55,24.756,81.5133,
Canada,CAN,2012,,58.954696308336,51080.0,33.5,11.0,86.295,24.675,81.7037,0.7930357105649793
Canada,CAN,2012,,58.954696308336,51080.0,33.5,11.0,86.885,24.675,81.7037,0.7930357105649793
Canada,CAN,2013,11.2129096984863,59.443279748808,52800.0,33.8,10.9,86.571,24.675,81.7852,0.7930357105649793
Canada,CAN,2013,11.2129096984863,59.443279748808,52800.0,33.8,10.9,87.178,24.675,81.7852,0.7930357105649793
Canada,CAN,2014,12.1208801269531,59.8476750385394,52200.0,33.2,10.9,86.231,25.081,81.8373,0.784040159706135
Canada,CAN,2014,12.1208801269531,59.8476750385394,52200.0,33.2,10.9,86.835,25.081,81.8373,0.784040159706135
Canada,CAN,2015,12.351619720459,60.8823698031383,47580.0,33.7,10.7,85.942,26.036,81.9084,0.788475361457548
Canada,CAN,2015,12.351619720459,60.8823698031383,47580.0,33.7,10.7,86.55,26.036,81.9084,0.788475361457548
Canada,CAN,2016,12.0354995727539,60.4142990112305,43900.0,32.7,10.6,86.321,26.036,82.0301,0.8107932118931929
Canada,CAN,2016,12.0354995727539,60.4142990112305,43900.0,32.7,10.6,86.922,26.036,82.0301,0.8107932118931929
Canada,CAN,2017,12.1707401275635,62.2785266558158,42900.0,33.3,10.3,86.459,26.269,81.9195,0.8126916097743649
Canada,CAN,2017,12.1707401275635,62.2785266558158,42900.0,33.3,10.3,87.073,26.269,81.9195,0.8126916097743649
Canada,CAN,2018,12.0848703384399,63.1919587123481,45060.0,32.5,10.1,86.788,26.946,81.9247,0.8126916097743649
Canada,CAN,2018,12.0848703384399,63.1919587123481,45060.0,32.5,10.1,87.398,26.946,81.9247,0.8126916097743649
Canada,CAN,2019,11.7379398345947,64.5579129981896,46580.0,31.8,9.9,86.913,28.994,82.2848,0.808633971143177
Canada,CAN,2019,11.7379398345947,64.5579129981896,46580.0,31.8,9.9,87.504,28.994,82.2848,0.808633971143177
Canada,CAN,2020,12.0423498153687,65.3256540083141,43900.0,29.9,9.5,86.148,28.994,81.6536,0.8073865050226301
Canada,CAN,2020,12.0423498153687,65.3256540083141,43900.0,29.9,9.5,86.746,28.994,81.6536,0.8073865050226301
Canada,CAN,2021,9.0687198638916,62.2103805541992,49080.0,31.1,9.8,86.79,30.473,81.976,0.7995584230165087
Canada,CAN,2021,9.0687198638916,62.2103805541992,49080.0,31.1,9.8,87.421,30.473,81.976,0.7995584230165087
Canada,CAN,2022,10.6535596847534,67.2747046340003,53850.0,31.5,9.1,87.781,30.473,81.2493,0.7998839636229774
Canada,CAN,2022,10.6535596847534,67.2747046340003,53850.0,31.5,9.1,88.457,30.473,81.2493,0.7998839636229774
Canada,CAN,2023,,68.0393148389312,54660.0,,8.8,87.719,30.655,82.6302,0.8000092553385451
Canada,CAN,2023,,68.0393148389312,54660.0,,8.8,88.439,30.655,82.6302,0.8000092553385451
Canada,CAN,2024,,68.8471425492681,53400.0,,8.9,87.344,30.655,,0.7973354466155428
Canada,CAN,2024,,68.8471425492681,53400.0,,8.9,88.149,30.655,,0.7973354466155428
Central Europe and the Baltics,CEB,2000,10.2823801040649,,4099.022714806294,,9.770927434191766,75.816,12.96,,
Central Europe and the Baltics,CEB,2000,10.2823801040649,,4099.022714806294,,9.770927434191766,77.532,12.96,,
Central Europe and the Baltics,CEB,2001,11.1316599845886,,4174.691852548604,,9.436892193827047,76.392,15.567,,
Central Europe and the Baltics,CEB,2001,11.1316599845886,,4174.691852548604,,9.436892193827047,77.859,15.567,,
Central Europe and the Baltics,CEB,2002,10.9223499298096,,4425.156699892928,,9.27703769430054,76.246,16.117,,
Central Europe and the Baltics,CEB,2002,10.9223499298096,,4425.156699892928,,9.27703769430054,77.263,16.117,,
Central Europe and the Baltics,CEB,2003,11.6752195358276,,5184.966382339062,,9.284178678741753,76.176,16.268,,
Central Europe and the Baltics,CEB,2003,11.6752195358276,,5184.966382339062,,9.284178678741753,76.955,16.268,,
Central Europe and the Baltics,CEB,2004,12.122260093689,,6384.439101343076,,9.499468536744013,75.958,17.142,,
Central Europe and the Baltics,CEB,2004,12.122260093689,,6384.439101343076,,9.499468536744013,76.633,17.142,,
Central Europe and the Baltics,CEB,2005,12.0725202560425,,7729.698396683948,,9.760673840883536,75.573,16.723,,
Central Europe and the Baltics,CEB,2005,12.0725202560425,,7729.698396683948,,9.760673840883536,76.105,16.723,,
Central Europe and the Baltics,CEB,2006,12.3009099960327,,8849.147705996707,,9.958498469653936,75.57,17.099,,
Central Europe and the Baltics,CEB,2006,12.3009099960327,,8849.147705996707,,9.958498469653936,76.161,17.099,,
Central Europe and the Baltics,CEB,2007,11.3483295440674,,10311.551909547268,,10.207634861063259,75.304,16.844,,
Central Europe and the Baltics,CEB,2007,11.3483295440674,,10311.551909547268,,10.207634861063259,75.705,16.844,,
Central Europe and the Baltics,CEB,2008,11.410249710083,,12373.796125997977,,10.74505599009115,75.359,16.815,,
Central Europe and the Baltics,CEB,2008,11.410249710083,,12373.796125997977,,10.74505599009115,75.465,16.815,,
Central Europe and the Baltics,CEB,2009,11.0830497741699,,12736.714614358334,,10.782550863438358,75.192,17.07,,
Central Europe and the Baltics,CEB,2009,11.0830497741699,,12736.714614358334,,10.782550863438358,75.765,17.07,,
Central Europe and the Baltics,CEB,2010,11.0278196334839,,12812.164837317185,,10.544200781856622,75.953,17.028,,
Central Europe and the Baltics,CEB,2010,11.0278196334839,,12812.164837317185,,10.544200781856622,75.686,17.028,,
Central Europe and the Baltics,CEB,2011,10.8593997955322,,13022.823387404173,,9.973222786084188,75.944,18.433,,
Central Europe and the Baltics,CEB,2011,10.8593997955322,,13022.823387404173,,9.973222786084188,75.78,18.433,,
Central Europe and the Baltics,CEB,2012,10.94321489334105,,13192.369067715272,,9.970896108663823,76.148,19.267,,
Central Europe and the Baltics,CEB,2012,10.94321489334105,,13192.369067715272,,9.970896108663823,75.999,19.267,,
Central Europe and the Baltics,CEB,2013,9.87994956970215,,13442.074086310911,,9.643967055846696,76.017,19.21,,
Central Europe and the Baltics,CEB,2013,9.87994956970215,,13442.074086310911,,9.643967055846696,75.84,19.21,,
Central Europe and the Baltics,CEB,2014,10.93962001800535,,13623.668325140272,,9.942226737176798,76.034,19.705,,
Central Europe and the Baltics,CEB,2014,10.93962001800535,,13623.668325140272,,9.942226737176798,75.85,19.705,,
Central Europe and the Baltics,CEB,2015,10.971745014190649,,13304.617877666797,,9.893994840422845,76.096,20.116,,
Central Europe and the Baltics,CEB,2015,10.971745014190649,,13304.617877666797,,9.893994840422845,75.692,20.116,,
Central Europe and the Baltics,CEB,2016,11.45518970489505,,12898.90784688105,,10.160523463603104,75.979,19.892,,
Central Europe and the Baltics,CEB,2016,11.45518970489505,,12898.90784688105,,10.160523463603104,75.586,19.892,,
Central Europe and the Baltics,CEB,2017,10.8128595352173,,13154.496267062283,,10.398034206444029,76.061,22.304,,
Central Europe and the Baltics,CEB,2017,10.8128595352173,,13154.496267062283,,10.398034206444029,75.717,22.304,,
Central Europe and the Baltics,CEB,2018,11.1106195449829,,14821.253202042028,,10.129875191479579,76.048,22.721,,
Central Europe and the Baltics,CEB,2018,11.1106195449829,,14821.253202042028,,10.129875191479579,75.642,22.721,,
Central Europe and the Baltics,CEB,2019,11.1711702346802,,16115.806140097931,,9.939853040134562,75.727,23.693,,
Central Europe and the Baltics,CEB,2019,11.1711702346802,,16115.806140097931,,9.939853040134562,75.279,23.693,,
Central Europe and the Baltics,CEB,2020,10.4621200561523,,16121.721072374034,,9.717127459682342,75.285,24.988,,
Central Europe and the Baltics,CEB,2020,10.4621200561523,,16121.721072374034,,9.717127459682342,74.871,24.988,,
Central Europe and the Baltics,CEB,2021,10.6040897369385,,18068.998840934997,,9.54356119967269,76.089,24.213,,
Central Europe and the Baltics,CEB,2021,10.6040897369385,,18068.998840934997,,9.54356119967269,76.093,24.213,,
Central Europe and the Baltics,CEB,2022,10.4187250137329,,19542.044096776248,,8.854546428936061,77.065,25.069,,
Central Europe and the Baltics,CEB,2022,10.4187250137329,,19542.044096776248,,8.854546428936061,77.212,25.069,,
Central Europe and the Baltics,CEB,2023,,,20538.138163194002,,8.100148376422124,77.629,25.532,,
Central Europe and the Baltics,CEB,2023,,,20538.138163194002,,8.100148376422124,77.504,25.532,,
Central Europe and the Baltics,CEB,2024,,,21833.058389373604,,7.47191716196893,78.058,25.463,,
Central Europe and the Baltics,CEB,2024,,,21833.058389373604,,7.47191716196893,78.413,25.463,,
Switzerland,CHE,2000,14.4521598815918,,44580.0,33.4,10.9,74.153,23.0,79.834,
Switzerland,CHE,2000,14.4521598815918,,44580.0,33.4,10.9,74.1,23.0,79.834,
Switzerland,CHE,2001,15.2553396224976,,42010.0,,10.0,76.006,23.0,80.2511,
Switzerland,CHE,2001,15.2553396224976,,42010.0,,10.0,76.002,23.0,80.2511,
Switzerland,CHE,2002,15.1812601089478,,40640.0,31.7,9.9,77.388,23.0,80.4438,
Switzerland,CHE,2002,15.1812601089478,,40640.0,31.7,9.9,77.305,23.0,80.4438,
Switzerland,CHE,2003,16.1994209289551,,46660.0,,9.8,77.526,25.0,80.5325,
Switzerland,CHE,2003,16.1994209289551,,46660.0,,9.8,77.441,25.0,80.5325,
Switzerland,CHE,2004,16.096399307251,,55000.0,31.6,9.9,77.895,25.0,81.0549,
Switzerland,CHE,2004,16.096399307251,,55000.0,31.6,9.9,77.814,25.0,81.0549,
Switzerland,CHE,2005,15.703989982605,,62770.0,,9.8,79.09,25.0,81.2362,
Switzerland,CHE,2005,15.703989982605,,62770.0,,9.8,79.018,25.0,81.2362,
Switzerland,CHE,2006,15.8538799285889,,65290.0,33.9,9.8,79.314,25.0,81.5495,
Switzerland,CHE,2006,15.8538799285889,,65290.0,33.9,9.8,79.236,25.0,81.5495,
Switzerland,CHE,2007,15.5604200363159,,64120.0,34.3,9.9,79.192,28.5,81.7028,
Switzerland,CHE,2007,15.5604200363159,,64120.0,34.3,9.9,79.106,28.5,81.7028,
Switzerland,CHE,2008,15.8850402832031,,64870.0,33.8,10.0,81.321,28.5,81.9709,
Switzerland,CHE,2008,15.8850402832031,,64870.0,33.8,10.0,81.229,28.5,81.9709,
Switzerland,CHE,2009,15.5221395492554,33.6509704589844,71800.0,32.9,10.1,81.94,29.0,81.9891,
Switzerland,CHE,2009,15.5221395492554,33.6509704589844,71800.0,32.9,10.1,81.824,29.0,81.9891,
Switzerland,CHE,2010,15.2876396179199,36.1044883728027,79040.0,32.6,10.3,80.747,29.0,82.2873,
Switzerland,CHE,2010,15.2876396179199,36.1044883728027,79040.0,32.6,10.3,80.675,29.0,82.2873,
Switzerland,CHE,2011,15.4470500946045,36.4034004211426,81330.0,31.7,10.2,81.096,28.5,82.5738,
Switzerland,CHE,2011,15.4470500946045,36.4034004211426,81330.0,31.7,10.2,81.053,28.5,82.5738,
Switzerland,CHE,2012,15.474570274353,37.760368347168,86720.0,31.6,10.3,81.697,29.0,82.6167,
Switzerland,CHE,2012,15.474570274353,37.760368347168,86720.0,31.6,10.3,81.667,29.0,82.6167,
Switzerland,CHE,2013,15.0943098068237,,90590.0,32.5,10.2,82.447,31.0,82.6892,
Switzerland,CHE,2013,15.0943098068237,,90590.0,32.5,10.2,82.417,31.0,82.6892,
Switzerland,CHE,2014,15.3216896057129,34.0826565106592,88250.0,32.5,10.4,83.526,31.0,83.0841,
Switzerland,CHE,2014,15.3216896057129,34.0826565106592,88250.0,32.5,10.4,83.492,31.0,83.0841,
Switzerland,CHE,2015,15.3883600234985,35.4597988324787,86810.0,32.3,10.5,83.955,32.0,82.8461,
Switzerland,CHE,2015,15.3883600234985,35.4597988324787,86810.0,32.3,10.5,83.913,32.0,82.8461,
Switzerland,CHE,2016,15.3604698181152,36.6043286063333,83360.0,33.0,10.5,84.39,32.0,83.4457,
Switzerland,CHE,2016,15.3604698181152,36.6043286063333,83360.0,33.0,10.5,84.346,32.0,83.4457,
Switzerland,CHE,2017,15.4610500335693,37.864109457113,80770.0,32.7,10.3,84.116,32.5,83.414,
Switzerland,CHE,2017,15.4610500335693,37.864109457113,80770.0,32.7,10.3,84.071,32.5,83.414,
Switzerland,CHE,2018,15.5259704589844,38.9846808461516,82470.0,33.1,10.3,84.793,32.5,83.5639,
Switzerland,CHE,2018,15.5259704589844,38.9846808461516,82470.0,33.1,10.3,84.744,32.5,83.5639,
Switzerland,CHE,2019,15.676739692688,39.555597158669,83160.0,34.0,10.0,85.567,41.5,83.7804,
Switzerland,CHE,2019,15.676739692688,39.555597158669,83160.0,34.0,10.0,85.518,41.5,83.7804,
Switzerland,CHE,2020,14.2745599746704,40.4104658667547,81740.0,33.7,9.9,85.239,41.5,83.0626,
Switzerland,CHE,2020,14.2745599746704,40.4104658667547,81740.0,33.7,9.9,85.18,41.5,83.0626,
Switzerland,CHE,2021,14.6093101501465,39.9859430595539,89120.0,33.8,10.3,85.818,42.5,83.6477,
Switzerland,CHE,2021,14.6093101501465,39.9859430595539,89120.0,33.8,10.3,85.768,42.5,83.6477,
Switzerland,CHE,2022,15.4151697158813,39.9547282957949,95600.0,33.8,9.4,85.586,41.5,83.2003,
Switzerland,CHE,2022,15.4151697158813,39.9547282957949,95600.0,33.8,9.4,85.556,41.5,83.2003,
Switzerland,CHE,2023,,41.2647756874978,95740.0,,9.0,85.84,38.5,83.9536,
Switzerland,CHE,2023,,41.2647756874978,95740.0,,9.0,85.868,38.5,83.9536,
Switzerland,CHE,2024,,41.6142824106006,95220.0,,8.7,87.102,38.5,,
Switzerland,CHE,2024,,41.6142824106006,95220.0,,8.7,87.156,38.5,,
Channel Islands,CHI,2000,,,,,11.4,70.39,,,
Channel Islands,CHI,2001,,,,,11.1,71.085,,,
Channel Islands,CHI,2002,,,,,10.8,72.457,,,
Channel Islands,CHI,2003,,,,,10.9,73.254,,,
Channel Islands,CHI,2004,,,,,10.7,73.468,,,
Channel Islands,CHI,2005,,,,,10.2,74.285,,,
Channel Islands,CHI,2006,,,,,10.2,74.863,,,
Channel Islands,CHI,2007,,,,,10.5,75.575,,,
Channel Islands,CHI,2008,,,,,10.5,75.896,,,
Channel Islands,CHI,2009,,,,,10.5,76.386,,,
Channel Islands,CHI,2010,,,,,10.5,78.262,,,
Channel Islands,CHI,2011,,,,,10.5,76.828,,,
Channel Islands,CHI,2012,,,,,10.3,77.006,,,
Channel Islands,CHI,2013,,,,,10.1,78.511,,,
Channel Islands,CHI,2014,,,,,9.8,76.281,,,
Channel Islands,CHI,2015,,,,,9.5,76.451,,,
Channel Islands,CHI,2016,,,,,9.2,77.411,,,
Channel Islands,CHI,2017,,,,,8.8,77.54,,,
Channel Islands,CHI,2018,,,,,8.5,77.697,,,
Channel Islands,CHI,2019,,,,,8.3,78.132,,,
Channel Islands,CHI,2020,,,,,8.2,78.025,,,
Channel Islands,CHI,2021,,,,,8.2,78.326,,,
Channel Islands,CHI,2022,,,,,8.2,78.573,,,
Channel Islands,CHI,2023,,,,,8.2,77.682,,,
Channel Islands,CHI,2024,,,,,8.2,77.521,,,
Chile,CHL,2000,16.4279098510742,,5030.0,,16.322,50.495,10.833,77.1276,
Chile,CHL,2000,16.4279098510742,,5030.0,,16.322,48.126,10.833,77.1276,
Chile,CHL,2001,,,4780.0,,15.914,49.733,10.833,77.5798,
Chile,CHL,2001,,,4780.0,,15.914,47.602,10.833,77.5798,
Chile,CHL,2002,17.4505996704102,,4520.0,,15.249,49.852,12.5,77.8397,
Chile,CHL,2002,17.4505996704102,,4520.0,,15.249,47.952,12.5,77.8397,
Chile,CHL,2003,17.6372203826904,,4570.0,,14.789,51.945,12.5,77.8841,
Chile,CHL,2003,17.6372203826904,,4570.0,,14.789,50.112,12.5,77.8841,
Chile,CHL,2004,17.0210494995117,,5200.0,,14.415,54.42,12.5,78.2765,
Chile,CHL,2004,17.0210494995117,,5200.0,,14.415,52.614,12.5,78.2765,
Chile,CHL,2005,16.199089050293,,6200.0,,14.23,55.904,15.0,78.4589,
Chile,CHL,2005,16.199089050293,,6200.0,,14.23,54.204,15.0,78.4589,
Chile,CHL,2006,16.2312793731689,,7350.0,,13.995,56.636,15.0,78.5328,
Chile,CHL,2006,16.2312793731689,,7350.0,,13.995,53.707,15.0,78.5328,
Chile,CHL,2007,16.7464103698731,,8700.0,,14.194,57.952,15.0,78.6519,
Chile,CHL,2007,16.7464103698731,,8700.0,,14.194,54.8,15.0,78.6519,
Chile,CHL,2008,17.4011306762695,,9950.0,,14.353,60.276,15.0,78.7518,
Chile,CHL,2008,17.4011306762695,,9950.0,,14.353,56.936,15.0,78.7518,
Chile,CHL,2009,17.0356101989746,,9880.0,,14.363,61.588,14.167,78.8901,
Chile,CHL,2009,17.0356101989746,,9880.0,,14.363,58.157,14.167,78.8901,
Chile,CHL,2010,17.8533096313477,,10720.0,,14.23,63.118,14.167,79.0954,
Chile,CHL,2010,17.8533096313477,,10720.0,,14.23,63.12,14.167,79.0954,
Chile,CHL,2011,17.7475700378418,,11860.0,,14.017,65.353,14.167,79.2357,
Chile,CHL,2011,17.7475700378418,,11860.0,,14.017,65.354,14.167,79.2357,
Chile,CHL,2012,,,14170.0,,13.776,66.004,14.167,79.2211,0.6885321244352831
Chile,CHL,2012,,,14170.0,,13.776,66.004,14.167,79.2211,0.6885321244352831
Chile,CHL,2013,19.6776504516602,,15080.0,,13.622,66.864,15.833,79.5509,0.6885321244352831
Chile,CHL,2013,19.6776504516602,,15080.0,,13.622,66.865,15.833,79.5509,0.6885321244352831
Chile,CHL,2014,19.9210090637207,,14690.0,,13.473,67.744,15.833,79.7137,0.6799865454283309
Chile,CHL,2014,19.9210090637207,,14690.0,,13.473,67.745,15.833,79.7137,0.6799865454283309
Chile,CHL,2015,19.5937099456787,,14080.0,,13.147,67.63,15.833,80.0079,0.6870553832620754
Chile,CHL,2015,19.5937099456787,,14080.0,,13.147,67.63,15.833,80.0079,0.6870553832620754
Chile,CHL,2016,21.1555995941162,,13310.0,,12.685,68.439,15.833,80.2949,0.6855267856458949
Chile,CHL,2016,21.1555995941162,,13310.0,,12.685,68.439,15.833,80.2949,0.6855267856458949
Chile,CHL,2017,21.3112392425537,,13200.0,,11.763,69.525,,80.6096,0.6670613236091486
Chile,CHL,2017,21.3112392425537,,13200.0,,11.763,69.549,,80.6096,0.6670613236091486
Chile,CHL,2018,21.3660697937012,,14460.0,,11.698,70.604,22.581,80.5594,0.6670613236091486
Chile,CHL,2018,21.3660697937012,,14460.0,,11.698,70.605,22.581,80.5594,0.6670613236091486
Chile,CHL,2019,21.2336292266846,,14690.0,,10.94,71.419,22.581,80.3243,0.675458659850345
Chile,CHL,2019,21.2336292266846,,14690.0,,10.94,71.416,22.581,80.3243,0.675458659850345
Chile,CHL,2020,19.3545894622803,,12960.0,,10.097,67.306,22.581,79.3488,0.6696359678026285
Chile,CHL,2020,19.3545894622803,,12960.0,,10.097,67.328,22.581,79.3488,0.6696359678026285
Chile,CHL,2021,14.8808498382568,,14790.0,,9.07,67.729,35.484,78.8764,0.6640359615389807
Chile,CHL,2021,14.8808498382568,,14790.0,,9.07,67.744,35.484,78.8764,0.6640359615389807
Chile,CHL,2022,18.3798809051514,,15440.0,,9.672,70.976,35.484,79.1762,0.6626549135648871
Chile,CHL,2022,18.3798809051514,,15440.0,,9.672,70.998,35.484,79.1762,0.6626549135648871
Chile,CHL,2023,,,15950.0,,8.963,72.881,35.484,81.1667,0.662146934237039
Chile,CHL,2023,,,15950.0,,8.963,72.889,35.484,81.1667,0.662146934237039
Chile,CHL,2024,,,15750.0,,8.723,73.292,35.484,,0.6572476647326451
Chile,CHL,2024,,,15750.0,,8.723,73.3,35.484,,0.6572476647326451
China,CHN,2000,,,950.0,,14.03,84.525,21.783,72.2885,
China,CHN,2000,,,950.0,,14.03,84.525,21.783,72.2885,
China,CHN,2001,,,1020.0,,13.38,84.24,21.783,72.6755,
China,CHN,2002,,,1130.0,42.0,12.86,83.951,21.783,73.0339,
China,CHN,2003,,,1300.0,,12.41,83.66,20.235,73.3853,
China,CHN,2004,,,1530.0,,12.29,83.366,20.235,73.7274,
China,CHN,2005,,,1790.0,40.9,12.4,83.069,20.268,74.085,
China,CHN,2006,,,2090.0,,12.09,82.768,20.268,74.4037,
China,CHN,2007,,,2550.0,,12.1,82.465,20.621,74.7886,
China,CHN,2008,,,3140.0,43.0,12.14,82.159,21.326,74.8333,
China,CHN,2009,,,3740.0,,11.95,81.851,21.326,75.3174,
China,CHN,2010,,,4410.0,43.7,11.9,81.538,21.326,75.6679,
China,CHN,2010,,,4410.0,43.7,11.9,81.538,21.326,75.6679,
China,CHN,2011,,,5130.0,42.4,13.27,81.724,21.323,75.8891,
China,CHN,2012,,,6010.0,42.2,14.57,81.9,21.323,76.2,0.47788646901425247
China,CHN,2013,,,6860.0,39.7,13.03,82.1,23.401,76.4521,0.47788646901425247
China,CHN,2014,,,7600.0,39.2,13.83,82.315,23.401,76.7143,0.4524334882669324
China,CHN,2015,,,8040.0,38.6,11.99,82.54,23.623,76.9755,0.4811160388759326
China,CHN,2016,,,8360.0,38.5,13.57,82.781,23.623,77.214,0.48594222269995657
China,CHN,2017,,,8830.0,39.1,12.64,83.046,24.248,77.2353,0.5008251323429005
China,CHN,2018,,,9720.0,38.5,10.86,83.331,24.899,77.709,0.5008251323429005
China,CHN,2019,,,10510.0,38.2,10.41,83.604,24.941,77.9396,0.4861897322532638
China,CHN,2020,,,10740.0,37.1,8.52,83.387,24.941,78.0191,0.47872685247099145
China,CHN,2021,,,12220.0,35.7,7.52,83.905,24.941,78.1166,0.46963170379815944
China,CHN,2022,,,13170.0,36.0,6.77,84.182,24.941,78.2021,0.47180559340345174
China,CHN,2023,,,13750.0,,6.39,84.414,26.537,77.9529,0.4673506118962086
China,CHN,2024,,,13660.0,,6.77,84.603,26.537,,0.473118078756562
Cote d'Ivoire,CIV,2000,20.8069496154785,,610.0,,44.278,62.697,,51.3927,
Cote d'Ivoire,CIV,2001,23.2020301818848,,550.0,,43.902,64.48,8.52,51.4284,
Cote d'Ivoire,CIV,2002,22.5923004150391,,530.0,,43.4,66.302,8.52,51.5441,
Cote d'Ivoire,CIV,2003,22.648229598999,,580.0,,42.802,68.162,8.52,51.4432,
Cote d'Ivoire,CIV,2004,22.1071605682373,,710.0,,42.276,70.06,8.52,51.9392,
Cote d'Ivoire,CIV,2005,21.8456897735596,,850.0,,41.927,72.001,8.52,52.4324,
Cote d'Ivoire,CIV,2006,20.0178909301758,,850.0,,41.441,73.981,8.52,52.8853,
Cote d'Ivoire,CIV,2007,20.755880355835,,880.0,,40.961,76.003,8.867,53.4517,
Cote d'Ivoire,CIV,2008,21.5269107818604,,1000.0,,40.474,78.07,8.867,54.1794,
Cote d'Ivoire,CIV,2009,22.1895599365234,,1080.0,,40.745,80.182,8.867,54.7441,
Cote d'Ivoire,CIV,2010,22.7727508544922,,1120.0,,40.936,82.339,8.867,55.282,
Cote d'Ivoire,CIV,2011,22.4268608093262,,1020.0,,40.846,84.544,11.024,55.9724,
Cote d'Ivoire,CIV,2012,20.8587608337402,,1140.0,,40.688,86.797,10.442,56.5698,0.4545367856507338
Cote d'Ivoire,CIV,2012,20.8587608337402,,1140.0,,40.688,86.798,10.442,56.5698,0.4545367856507338
Cote d'Ivoire,CIV,2013,21.5747299194336,,1240.0,,40.451,84.399,10.442,57.0571,0.4545367856507338
Cote d'Ivoire,CIV,2013,21.5747299194336,,1240.0,,40.451,86.006,10.442,57.0571,0.4545367856507338
Cote d'Ivoire,CIV,2014,21.7667808532715,,1860.0,,39.841,82.055,9.449,57.7719,0.45507976721948445
Cote d'Ivoire,CIV,2015,21.1732196807861,,1880.0,,38.768,79.765,9.163,58.2807,0.47408437087445915
Cote d'Ivoire,CIV,2016,22.3875999450684,,1880.0,,37.742,77.527,9.163,58.8136,0.4771846086541673
Cote d'Ivoire,CIV,2016,22.3875999450684,,1880.0,,37.742,77.526,9.163,58.8136,0.4771846086541673
Cote d'Ivoire,CIV,2017,20.6334991455078,,1870.0,,36.58,77.411,10.588,59.3151,0.47337439073147214
Cote d'Ivoire,CIV,2017,20.6334991455078,,1870.0,,36.58,70.322,10.588,59.3151,0.47337439073147214
Cote d'Ivoire,CIV,2018,18.2889003753662,,2010.0,,35.081,77.305,10.588,59.7946,0.47337439073147214
Cote d'Ivoire,CIV,2019,19.8460693359375,,2120.0,,34.306,77.209,10.98,60.2741,0.4643159884099982
Cote d'Ivoire,CIV,2019,19.8460693359375,,2120.0,,34.306,77.209,10.98,60.2741,0.4643159884099982
Cote d'Ivoire,CIV,2020,18.5902500152588,,2120.0,,33.651,77.496,11.373,60.1397,0.46267028072943067
Cote d'Ivoire,CIV,2021,16.2662792205811,,2300.0,,33.081,77.94,14.173,60.2897,0.4471310553855027
Cote d'Ivoire,CIV,2022,15.9030103683472,,2440.0,,32.5,78.886,14.173,61.5622,0.44560572471215865
Cote d'Ivoire,CIV,2022,15.9030103683472,,2440.0,,32.5,78.886,14.173,61.5622,0.44560572471215865
Cote d'Ivoire,CIV,2023,15.9464597702026,,2510.0,,31.99,79.382,13.725,61.9438,0.4487467366172904
Cote d'Ivoire,CIV,2024,17.6227703094482,,2530.0,,31.564,79.904,13.386,,0.4505793984236586
Cameroon,CMR,2000,11.6836996078491,,730.0,,40.878,90.358,5.556,53.3376,
Cameroon,CMR,2001,15.7333097457886,,700.0,,40.669,90.557,5.556,53.5983,
Cameroon,CMR,2001,15.7333097457886,,700.0,,40.669,85.733,5.556,53.5983,
Cameroon,CMR,2002,,,700.0,,40.8,90.773,8.889,53.9219,
Cameroon,CMR,2003,21.4420204162598,,820.0,,41.074,90.967,8.889,54.2528,
Cameroon,CMR,2004,20.8471202850342,,1030.0,,41.275,91.115,8.889,54.5782,
Cameroon,CMR,2005,21.3776092529297,,1140.0,,41.319,91.224,8.889,54.9042,
Cameroon,CMR,2005,21.3776092529297,,1140.0,,41.319,72.574,8.889,54.9042,
Cameroon,CMR,2006,20.3126602172852,,1200.0,,41.115,91.314,8.889,55.3014,
Cameroon,CMR,2007,21.3793392181396,,1250.0,,40.897,91.408,13.889,55.7101,
Cameroon,CMR,2007,21.3793392181396,,1250.0,,40.897,91.407,13.889,55.7101,
Cameroon,CMR,2008,15.7006101608276,,1360.0,,40.665,89.737,13.889,56.1164,
Cameroon,CMR,2009,19.7797908782959,,1460.0,,40.359,87.887,13.889,56.4855,
Cameroon,CMR,2010,18.7538890838623,,1450.0,,39.837,85.856,13.889,56.9652,
Cameroon,CMR,2010,18.7538890838623,,1450.0,,39.837,85.857,13.889,56.9652,
Cameroon,CMR,2011,14.8677701950073,,1470.0,,39.217,85.997,13.889,57.482,
Cameroon,CMR,2012,15.1762199401856,,1470.0,,38.651,86.181,13.889,58.1696,0.34502335216959756
Cameroon,CMR,2013,13.8249502182007,,1530.0,,38.076,86.414,31.111,58.7305,0.34502335216959756
Cameroon,CMR,2014,12.8797597885132,,1570.0,,37.548,86.698,31.111,59.1301,0.3858296262983336
Cameroon,CMR,2014,12.8797597885132,,1570.0,,37.548,86.698,31.111,59.1301,0.3858296262983336
Cameroon,CMR,2015,13.243989944458,,1530.0,,37.719,85.473,31.111,59.6866,0.39205401314840194
Cameroon,CMR,2016,12.6946897506714,,1470.0,,37.775,84.143,31.111,60.2934,0.3763053548834637
Cameroon,CMR,2017,15.9128103256226,,1410.0,,37.516,82.747,31.111,60.8174,0.3688065451341576
Cameroon,CMR,2018,16.8831596374512,,1520.0,,36.899,81.359,31.111,61.1888,0.3688065451341576
Cameroon,CMR,2019,14.1786984993157,,1560.0,,36.183,80.025,31.111,61.6952,0.3760450706983081
Cameroon,CMR,2020,14.4511222046888,,1540.0,,35.438,78.528,33.889,61.6738,0.3593821036145096
Cameroon,CMR,2021,15.0479038536836,,1610.0,,34.778,77.455,33.889,61.1463,0.35183720117170775
Cameroon,CMR,2021,15.0479038536836,,1610.0,,34.778,77.454,33.889,61.1463,0.35183720117170775
Cameroon,CMR,2022,12.7669754975237,,1660.0,,34.268,76.914,33.889,62.4428,0.35544640938311206
Cameroon,CMR,2023,13.0829510944935,,1680.0,,33.743,76.954,33.889,63.6996,0.35421284209470116
Cameroon,CMR,2024,13.830376525189,,1700.0,,33.344,77.022,33.889,,0.35741488102647595
"Congo, Dem. Rep.",COD,2000,,,130.0,,45.298,96.747,,51.8871,
"Congo, Dem. Rep.",COD,2001,,,130.0,,44.977,96.689,,52.2054,
"Congo, Dem. Rep.",COD,2002,,,180.0,,44.559,96.611,,52.3712,
"Congo, Dem. Rep.",COD,2003,,,160.0,,44.155,96.492,,52.9519,
"Congo, Dem. Rep.",COD,2004,,,180.0,,43.781,96.41,12.0,53.5341,
"Congo, Dem. Rep.",COD,2005,,,190.0,,43.728,96.394,12.0,54.0014,
"Congo, Dem. Rep.",COD,2005,,,190.0,,43.728,96.395,12.0,54.0014,
"Congo, Dem. Rep.",COD,2006,,,220.0,,43.973,95.543,8.4,54.4977,
"Congo, Dem. Rep.",COD,2007,,,260.0,,43.961,94.65,8.4,54.9543,
"Congo, Dem. Rep.",COD,2008,,,300.0,,44.011,93.717,8.4,55.3884,
"Congo, Dem. Rep.",COD,2009,,,300.0,,44.032,92.743,8.4,55.7981,
"Congo, Dem. Rep.",COD,2010,,,320.0,,43.92,91.732,8.4,56.4111,
"Congo, Dem. Rep.",COD,2011,,,330.0,,43.981,90.679,,56.9106,
"Congo, Dem. Rep.",COD,2012,,,380.0,,43.95,89.589,8.943,57.3502,
"Congo, Dem. Rep.",COD,2012,,,380.0,,43.95,89.59,8.943,57.3502,
"Congo, Dem. Rep.",COD,2013,,,410.0,,43.69,89.677,8.943,57.7953,
"Congo, Dem. Rep.",COD,2014,,,440.0,,43.505,89.752,10.643,58.2355,
"Congo, Dem. Rep.",COD,2015,,,460.0,,43.236,89.813,8.943,58.6576,
"Congo, Dem. Rep.",COD,2016,,,460.0,,42.875,90.021,8.943,59.0814,
"Congo, Dem. Rep.",COD,2016,,,460.0,,42.875,83.266,8.943,59.0814,
"Congo, Dem. Rep.",COD,2017,,,440.0,,42.976,90.263,8.943,59.4952,
"Congo, Dem. Rep.",COD,2018,,,460.0,,42.887,90.29,8.943,59.9265,
"Congo, Dem. Rep.",COD,2019,,,460.0,,42.549,90.214,10.0,60.2425,0.3335226808071904
"Congo, Dem. Rep.",COD,2020,,,480.0,,42.19,90.312,12.8,60.4283,0.3421232951774103
"Congo, Dem. Rep.",COD,2020,,,480.0,,42.19,90.312,12.8,60.4283,0.3421232951774103
"Congo, Dem. Rep.",COD,2021,,,530.0,,41.937,90.448,12.8,60.0444,0.3460646170740352
"Congo, Dem. Rep.",COD,2022,,,610.0,,41.623,91.167,12.8,60.9789,0.3420430813564069
"Congo, Dem. Rep.",COD,2023,,,680.0,,41.305,91.896,12.8,61.895,0.3446856363527592
"Congo, Dem. Rep.",COD,2024,,,670.0,,40.885,92.338,12.998,,0.3432413866467525
"Congo, Rep.",COG,2000,,,560.0,,36.164,94.485,12.0,55.3706,
"Congo, Rep.",COG,2001,,,620.0,,37.087,95.429,12.0,55.8849,
"Congo, Rep.",COG,2002,9.05484962463379,,670.0,,37.316,95.48,,56.414,
"Congo, Rep.",COG,2003,9.5199499130249,,690.0,,36.955,95.728,8.527,57.1313,
"Congo, Rep.",COG,2004,8.56180953979492,,760.0,,37.113,96.255,8.527,57.9574,
"Congo, Rep.",COG,2005,7.59781980514526,,1100.0,,37.033,96.787,8.527,58.7302,
"Congo, Rep.",COG,2005,7.59781980514526,,1100.0,,37.033,96.787,8.527,58.7302,
"Congo, Rep.",COG,2006,,,1560.0,,37.097,97.3,8.527,59.474,
"Congo, Rep.",COG,2007,,,1650.0,,37.217,97.662,7.299,60.0502,
"Congo, Rep.",COG,2008,,,2090.0,,38.0,97.672,7.299,60.7903,
"Congo, Rep.",COG,2009,,,2410.0,,38.009,97.932,7.299,61.2148,
"Congo, Rep.",COG,2009,,,2410.0,,38.009,111.008,7.299,61.2148,
"Congo, Rep.",COG,2010,24.7277793884277,,2640.0,,38.911,98.116,7.299,61.7311,
"Congo, Rep.",COG,2011,6.49370929175093,,2580.0,,38.403,97.722,7.299,62.2862,
"Congo, Rep.",COG,2012,,,3330.0,,37.82,97.138,7.353,62.6616,
"Congo, Rep.",COG,2012,,,3330.0,,37.82,66.874,7.353,62.6616,
"Congo, Rep.",COG,2013,14.7248982435275,,3560.0,,36.824,96.449,7.353,62.9689,
"Congo, Rep.",COG,2014,6.55592012405396,,3800.0,,35.819,95.874,7.353,63.3491,
"Congo, Rep.",COG,2015,7.95039987564087,,3080.0,,34.932,95.433,7.353,63.6622,
"Congo, Rep.",COG,2016,8.70963067131179,,2260.0,,34.093,95.176,7.353,63.9108,
"Congo, Rep.",COG,2017,15.68577003479,,1740.0,,33.413,95.115,11.258,64.2028,
"Congo, Rep.",COG,2018,15.5829000473022,,2070.0,,32.784,95.179,11.258,64.472,
"Congo, Rep.",COG,2019,17.0074221576097,,2180.0,,32.183,95.369,11.258,63.1523,
"Congo, Rep.",COG,2020,17.0091400358236,,2230.0,,31.741,94.972,11.258,64.3907,
"Congo, Rep.",COG,2021,16.5610048503404,,2040.0,,31.377,95.431,11.258,64.1918,0.4180775058444352
"Congo, Rep.",COG,2022,15.5095016256821,,2170.0,,30.941,93.621,14.57,65.0003,0.40570027316098867
"Congo, Rep.",COG,2023,14.7291528247263,,2310.0,,30.627,93.534,14.57,65.772,0.4006965756117835
"Congo, Rep.",COG,2024,,,2280.0,,30.424,93.564,14.57,,0.4024435195148965
Colombia,COL,2000,,,2370.0,58.4,22.258,64.792,11.801,70.905,
Colombia,COL,2000,,,2370.0,58.4,22.258,77.193,11.801,70.905,
Colombia,COL,2001,,,2360.0,57.3,21.722,64.768,11.801,71.1853,
Colombia,COL,2001,,,2360.0,57.3,21.722,64.768,11.801,71.1853,
Colombia,COL,2002,,,2410.0,56.0,21.352,64.309,12.048,71.5366,
Colombia,COL,2002,,,2410.0,56.0,21.352,64.31,12.048,71.5366,
Colombia,COL,2003,,,2410.0,53.6,20.928,65.72,12.048,72.3086,
Colombia,COL,2003,,,2410.0,53.6,20.928,65.721,12.048,72.3086,
Colombia,COL,2004,,,2650.0,55.0,20.278,65.376,12.048,72.7605,
Colombia,COL,2004,,,2650.0,55.0,20.278,65.378,12.048,72.7605,
Colombia,COL,2005,,,3030.0,53.9,19.579,63.828,12.121,73.1557,
Colombia,COL,2005,,,3030.0,53.9,19.579,63.828,12.121,73.1557,
Colombia,COL,2006,,,3540.0,,18.965,63.781,8.434,73.4974,
Colombia,COL,2007,,,4170.0,,18.552,63.755,8.434,73.7509,
Colombia,COL,2007,,,4170.0,,18.552,63.844,8.434,73.7509,
Colombia,COL,2008,,,4770.0,55.0,18.191,64.126,8.434,74.2057,
Colombia,COL,2008,,,4770.0,55.0,18.191,64.096,8.434,74.2057,
Colombia,COL,2009,,,5200.0,54.1,17.656,66.936,8.434,74.5306,
Colombia,COL,2009,,,5200.0,54.1,17.656,66.77,8.434,74.5306,
Colombia,COL,2010,,,5690.0,54.4,16.93,67.763,12.651,74.8757,
Colombia,COL,2010,,,5690.0,54.4,16.93,67.763,12.651,74.8757,
Colombia,COL,2011,,,6370.0,53.3,16.321,68.138,12.121,75.1803,
Colombia,COL,2011,,,6370.0,53.3,16.321,68.139,12.121,75.1803,
Colombia,COL,2012,,,7340.0,53.6,15.986,69.432,12.121,75.6106,0.49449864119118503
Colombia,COL,2012,,,7340.0,53.6,15.986,69.432,12.121,75.6106,0.49449864119118503
Colombia,COL,2013,,,8010.0,53.5,15.63,69.322,12.121,75.8343,0.49449864119118503
Colombia,COL,2013,,,8010.0,53.5,15.63,69.322,12.121,75.8343,0.49449864119118503
Colombia,COL,2014,,,8280.0,53.6,15.258,69.174,19.88,75.9497,0.493344203472852
Colombia,COL,2014,,,8280.0,53.6,15.258,69.174,19.88,75.9497,0.493344203472852
Colombia,COL,2015,,,7420.0,52.0,14.764,69.671,19.88,76.0665,0.5118543513809191
Colombia,COL,2015,,,7420.0,52.0,14.764,69.671,19.88,76.0665,0.5118543513809191
Colombia,COL,2016,,,6560.0,51.7,14.271,69.586,19.88,76.2285,0.5070253685256639
Colombia,COL,2016,,,6560.0,51.7,14.271,69.586,19.88,76.2285,0.5070253685256639
Colombia,COL,2017,,,6030.0,50.9,14.177,69.497,18.675,76.4178,0.5054831484391077
Colombia,COL,2017,,,6030.0,50.9,14.177,69.496,18.675,76.4178,0.5054831484391077
Colombia,COL,2018,,,6350.0,51.6,14.195,68.482,18.129,76.5791,0.5054831484391077
Colombia,COL,2018,,,6350.0,51.6,14.195,68.482,18.129,76.5791,0.5054831484391077
Colombia,COL,2019,,,6630.0,52.5,14.218,68.266,18.713,76.7927,0.49633301846951433
Colombia,COL,2019,,,6630.0,52.5,14.218,68.266,18.713,76.7927,0.49633301846951433
Colombia,COL,2020,,,5850.0,54.4,14.106,67.026,18.343,74.7565,0.5003080660904219
Colombia,COL,2020,,,5850.0,54.4,14.106,67.58,18.343,74.7565,0.5003080660904219
Colombia,COL,2021,,,6310.0,55.1,13.947,66.649,18.824,72.6983,0.4894321250255854
Colombia,COL,2021,,,6310.0,55.1,13.947,66.65,18.824,72.6983,0.4894321250255854
Colombia,COL,2022,,,6560.0,54.8,13.731,67.059,28.877,76.5081,0.48385825165732904
Colombia,COL,2022,,,6560.0,54.8,13.731,67.06,28.877,76.5081,0.48385825165732904
Colombia,COL,2023,,,6720.0,54.6,13.475,68.048,28.877,77.7246,0.4817334729705595
Colombia,COL,2023,,,6720.0,54.6,13.475,68.049,28.877,77.7246,0.4817334729705595
Colombia,COL,2024,,,7040.0,54.4,13.251,68.175,29.412,,0.4805351321974791
Colombia,COL,2024,,,7040.0,54.4,13.251,68.175,29.412,,0.4805351321974791
Comoros,COM,2000,,,670.0,,35.359,61.989,,58.9407,
Comoros,COM,2001,,,680.0,,35.089,62.434,,59.5867,
Comoros,COM,2002,15.789719581604,,700.0,,34.744,62.752,,59.7228,
Comoros,COM,2003,,,810.0,,34.459,63.2,,60.2402,
Comoros,COM,2004,,,980.0,,34.333,64.146,3.03,60.5567,
Comoros,COM,2004,,,980.0,,34.333,64.146,3.03,60.5567,
Comoros,COM,2005,,,1140.0,,34.445,63.451,3.03,60.8827,
Comoros,COM,2006,,,1140.0,,34.3,62.774,3.03,61.2291,
Comoros,COM,2007,,,1190.0,,34.137,62.115,3.03,61.4753,
Comoros,COM,2008,29.2331199645996,,1340.0,,34.099,61.472,3.03,61.9548,
Comoros,COM,2009,,,1440.0,,34.279,60.844,0.0,62.3017,
Comoros,COM,2010,,,1450.0,,34.437,60.234,3.03,62.7473,
Comoros,COM,2011,21.4148693084717,,1490.0,,34.512,59.639,3.03,63.1048,
Comoros,COM,2012,18.4915103912354,,1510.0,,34.241,59.059,3.03,63.4626,
Comoros,COM,2013,16.0707302093506,,1590.0,,33.856,58.494,3.03,63.8388,
Comoros,COM,2014,18.8928909301758,,1590.0,,33.322,57.944,3.03,64.1427,
Comoros,COM,2014,18.8928909301758,,1590.0,,33.322,57.945,3.03,64.1427,
Comoros,COM,2015,13.3536500930786,,1480.0,,32.78,60.368,3.03,64.4727,
Comoros,COM,2016,,,1410.0,,32.093,62.77,3.03,64.7916,
Comoros,COM,2017,,,1380.0,,31.35,65.337,6.061,65.1272,
Comoros,COM,2018,,,1490.0,,30.91,68.006,6.061,65.4009,
Comoros,COM,2019,,,1530.0,,30.447,70.571,6.061,65.6622,
Comoros,COM,2020,11.4759646720252,,1520.0,,29.985,72.32,16.667,65.7559,
Comoros,COM,2021,10.2856868371706,,1570.0,,29.498,74.332,16.667,65.2009,
Comoros,COM,2021,10.2856868371706,,1570.0,,29.498,74.333,16.667,65.2009,
Comoros,COM,2022,10.476023026001,,1590.0,,29.062,73.602,16.667,66.4806,
Comoros,COM,2023,11.0260827119111,,1580.0,,28.653,73.789,16.667,66.7768,
Comoros,COM,2024,9.93337765550271,,1590.0,,28.232,74.059,16.667,,
Cabo Verde,CPV,2000,,,1330.0,,27.862,59.765,11.111,68.1167,
Cabo Verde,CPV,2001,,,1270.0,,26.762,61.248,11.111,68.7073,
Cabo Verde,CPV,2002,19.7662296295166,,1230.0,,25.701,62.809,11.111,69.4471,
Cabo Verde,CPV,2003,,,1440.0,,24.746,64.454,11.111,70.0058,
Cabo Verde,CPV,2004,20.8404808044434,,1810.0,,23.943,66.191,11.111,70.4988,
Cabo Verde,CPV,2005,,,2070.0,,22.797,68.023,11.111,70.9365,
Cabo Verde,CPV,2006,17.5405807495117,,2200.0,,21.612,69.959,15.278,71.341,
Cabo Verde,CPV,2007,18.3287506103516,,2770.0,,20.583,72.005,18.056,71.487,
Cabo Verde,CPV,2008,18.2409896850586,,3360.0,,19.857,74.169,18.056,71.8877,
Cabo Verde,CPV,2009,15.886549949646,,3650.0,,19.504,76.46,18.056,72.1424,
Cabo Verde,CPV,2009,15.886549949646,,3650.0,,19.504,76.46,18.056,72.1424,
Cabo Verde,CPV,2010,14.2168998718262,,3600.0,,20.42,76.732,18.056,72.5066,
Cabo Verde,CPV,2011,15.1532802581787,,3760.0,,20.578,77.001,20.833,72.9131,
Cabo Verde,CPV,2012,16.1216750633724,,3730.0,,19.108,77.27,20.833,73.3148,
Cabo Verde,CPV,2013,14.7782297134399,,3840.0,,18.401,77.539,20.833,73.4812,
Cabo Verde,CPV,2014,16.282190322876,,3750.0,,18.079,77.806,20.833,73.7885,
Cabo Verde,CPV,2015,16.7482299804688,,3620.0,,17.459,78.071,20.833,74.0963,
Cabo Verde,CPV,2015,16.7482299804688,,3620.0,,17.459,87.128,20.833,74.0963,
Cabo Verde,CPV,2016,17.8430099487305,,3580.0,,17.32,78.334,23.611,74.3504,
Cabo Verde,CPV,2017,16.4125804901123,,3620.0,,16.8,78.598,23.611,74.7103,
Cabo Verde,CPV,2017,16.4125804901123,,3620.0,,16.8,78.598,23.611,74.7103,
Cabo Verde,CPV,2018,17.5685407932949,,4040.0,,15.451,77.952,23.611,74.8397,
Cabo Verde,CPV,2018,17.5685407932949,,4040.0,,15.451,77.952,23.611,74.8397,
Cabo Verde,CPV,2019,15.1536998748779,,4420.0,,14.288,78.389,23.611,75.4486,
Cabo Verde,CPV,2019,15.1536998748779,,4420.0,,14.288,78.39,23.611,75.4486,
Cabo Verde,CPV,2020,17.0901870718553,,3510.0,,13.142,78.073,25.0,73.8177,
Cabo Verde,CPV,2021,15.112982003011,,3870.0,,12.569,78.667,38.889,74.4235,
Cabo Verde,CPV,2022,15.6936041858917,,4550.0,,12.438,77.67,38.889,75.9068,
Cabo Verde,CPV,2023,14.704723114991,,4740.0,,12.33,78.653,41.667,76.0587,
Cabo Verde,CPV,2024,13.4088559521816,,4950.0,,12.222,79.468,38.889,,
Costa Rica,CRI,2000,18.8195095062256,,3590.0,47.4,20.237,48.341,19.298,77.3175,
Costa Rica,CRI,2000,18.8195095062256,,3590.0,47.4,20.237,39.283,19.298,77.3175,
Costa Rica,CRI,2001,19.1528205871582,,3700.0,51.5,19.408,52.165,19.298,77.609,
Costa Rica,CRI,2001,19.1528205871582,,3700.0,51.5,19.408,52.165,19.298,77.609,
Costa Rica,CRI,2002,19.24049949646,,3790.0,51.8,18.188,51.977,35.088,77.9394,
Costa Rica,CRI,2002,19.24049949646,,3790.0,51.8,18.188,51.978,35.088,77.9394,
Costa Rica,CRI,2003,20.1517200469971,,4050.0,49.3,17.572,52.209,35.088,78.2142,
Costa Rica,CRI,2003,20.1517200469971,,4050.0,49.3,17.572,52.21,35.088,78.2142,
Costa Rica,CRI,2004,20.4308891296387,,4400.0,48.4,17.136,50.618,35.088,78.5116,
Costa Rica,CRI,2004,20.4308891296387,,4400.0,48.4,17.136,50.618,35.088,78.5116,
Costa Rica,CRI,2005,,,4670.0,47.5,17.253,54.83,35.088,78.8766,
Costa Rica,CRI,2005,,,4670.0,47.5,17.253,54.829,35.088,78.8766,
Costa Rica,CRI,2006,20.6433391571045,,5090.0,49.3,16.429,55.035,38.596,79.049,
Costa Rica,CRI,2006,20.6433391571045,,5090.0,49.3,16.429,55.035,38.596,79.049,
Costa Rica,CRI,2007,21.0218906402588,,5710.0,49.3,16.604,55.896,36.842,79.0981,
Costa Rica,CRI,2007,21.0218906402588,,5710.0,49.3,16.604,55.896,36.842,79.0981,
Costa Rica,CRI,2008,20.8109607696533,,6440.0,48.6,16.806,56.947,36.842,79.1802,
Costa Rica,CRI,2008,20.8109607696533,,6440.0,48.6,16.806,56.947,36.842,79.1802,
Costa Rica,CRI,2009,23.4082202911377,,6570.0,50.6,16.525,58.384,36.842,79.3718,
Costa Rica,CRI,2009,23.4082202911377,,6570.0,50.6,16.525,58.385,36.842,79.3718,
Costa Rica,CRI,2010,22.8808898925781,,7290.0,48.0,15.407,58.875,38.596,79.354,
Costa Rica,CRI,2010,22.8808898925781,,7290.0,48.0,15.407,58.875,38.596,79.354,
Costa Rica,CRI,2011,23.0096206665039,,8130.0,48.8,15.759,61.7,38.596,79.624,
Costa Rica,CRI,2011,23.0096206665039,,8130.0,48.8,15.759,61.7,38.596,79.624,
Costa Rica,CRI,2012,23.5015602111816,,9330.0,48.4,15.461,66.164,38.596,79.925,
Costa Rica,CRI,2012,23.5015602111816,,9330.0,48.4,15.461,66.163,38.596,79.925,
Costa Rica,CRI,2013,22.8309097290039,,9990.0,49.2,14.77,66.937,38.596,80.1892,
Costa Rica,CRI,2013,22.8309097290039,,9990.0,49.2,14.77,66.937,38.596,80.1892,
Costa Rica,CRI,2014,23.1095294952393,,10410.0,48.6,14.848,66.213,33.333,80.2313,
Costa Rica,CRI,2014,23.1095294952393,,10410.0,48.6,14.848,66.213,33.333,80.2313,
Costa Rica,CRI,2015,23.3734302520752,,10770.0,48.4,14.704,65.827,33.333,80.4069,0.6881313304127836
Costa Rica,CRI,2015,23.3734302520752,,10770.0,48.4,14.704,65.827,33.333,80.4069,0.6881313304127836
Costa Rica,CRI,2016,23.4232006072998,,11170.0,48.7,14.184,62.288,33.333,79.9879,0.6886393055839433
Costa Rica,CRI,2016,23.4232006072998,,11170.0,48.7,14.184,62.289,33.333,79.9879,0.6886393055839433
Costa Rica,CRI,2017,30.1514205932617,,11580.0,48.3,13.812,61.765,35.088,79.9944,0.6866217185790618
Costa Rica,CRI,2017,30.1514205932617,,11580.0,48.3,13.812,61.766,35.088,79.9944,0.6866217185790618
Costa Rica,CRI,2018,26.086669921875,,12070.0,48.0,13.622,63.794,45.614,80.0896,0.6866217185790618
Costa Rica,CRI,2018,26.086669921875,,12070.0,48.0,13.622,63.793,45.614,80.0896,0.6866217185790618
Costa Rica,CRI,2019,32.5915794372559,,12240.0,48.2,12.661,69.159,45.614,80.2963,0.6859071501087661
Costa Rica,CRI,2019,32.5915794372559,,12240.0,48.2,12.661,69.16,45.614,80.2963,0.6859071501087661
Costa Rica,CRI,2020,30.0822105407715,,11700.0,49.2,11.366,66.569,45.614,79.7252,0.6824145888355023
Costa Rica,CRI,2020,30.0822105407715,,11700.0,49.2,11.366,66.57,45.614,79.7252,0.6824145888355023
Costa Rica,CRI,2021,31.1666202545166,,12630.0,48.7,10.543,68.154,45.614,78.0501,0.6772089690881233
Costa Rica,CRI,2021,31.1666202545166,,12630.0,48.7,10.543,68.154,45.614,78.0501,0.6772089690881233
Costa Rica,CRI,2022,21.5819606781006,,13210.0,47.2,10.319,68.745,47.368,79.3164,0.6820307330900326
Costa Rica,CRI,2022,21.5819606781006,,13210.0,47.2,10.319,68.746,47.368,79.3164,0.6820307330900326
Costa Rica,CRI,2023,20.3788299560547,,14260.0,46.7,10.179,62.909,47.368,80.7995,0.6822407203761989
Costa Rica,CRI,2023,20.3788299560547,,14260.0,46.7,10.179,62.909,47.368,80.7995,0.6822407203761989
Costa Rica,CRI,2024,,,15620.0,45.8,9.991,65.823,49.123,,0.6757425878179707
Costa Rica,CRI,2024,,,15620.0,45.8,9.991,65.823,49.123,,0.6757425878179707
Caribbean small states,CSS,2000,11.7311201095581,,5923.701063179799,,20.02752008137041,62.253,,,
Caribbean small states,CSS,2001,12.1654300689697,,6145.040490014246,,19.57722280175978,62.8,14.848,,
Caribbean small states,CSS,2002,14.2852096557617,,6478.508098354426,,18.907313290846314,63.395,16.364,,
Caribbean small states,CSS,2003,13.9100704193115,,7125.417617291862,,18.375218709747497,64.729,16.622,,
Caribbean small states,CSS,2004,,,8028.768000045455,,17.956709608635464,66.074,18.817,,
Caribbean small states,CSS,2005,,,8983.022958445807,,17.821255305635212,67.369,18.817,,
Caribbean small states,CSS,2006,,,10023.841314228046,,17.72313770532214,68.133,18.133,,
Caribbean small states,CSS,2007,,,11073.259031459094,,17.66678035939305,67.724,18.848,,
Caribbean small states,CSS,2008,,,12416.505228150745,,17.574361690738787,68.894,18.135,,
Caribbean small states,CSS,2009,,,11996.368530179769,,17.447823547426644,68.649,18.016,,
Caribbean small states,CSS,2010,12.9033102202913,,12215.791432929182,,17.088865904366653,69.229,15.544,,
Caribbean small states,CSS,2011,11.1150541951613,,11908.547070129194,,16.89132485175931,69.52,16.364,,
Caribbean small states,CSS,2012,11.2732949708338,,13231.327573816061,,16.782191604005728,70.883,16.754,,
Caribbean small states,CSS,2012,11.2732949708338,,13231.327573816061,,16.782191604005728,74.929,16.754,,
Caribbean small states,CSS,2013,11.7303844582749,,13930.457414232164,,16.666312011794215,71.256,17.801,,
Caribbean small states,CSS,2013,11.7303844582749,,13930.457414232164,,16.666312011794215,74.123,17.801,,
Caribbean small states,CSS,2014,10.5093876319068,,14200.79060960395,,16.507447186382695,72.055,17.895,,
Caribbean small states,CSS,2015,12.3070447486926,,14134.7073429995,,16.22992499497588,71.76,20.888,,
Caribbean small states,CSS,2016,11.7850028841985,,13101.304188390244,,15.913285851603643,72.979,20.888,,
Caribbean small states,CSS,2017,9.88690577318633,,12922.971444213563,,15.569148750154598,73.356,21.875,,
Caribbean small states,CSS,2018,10.6522780521634,,13154.87518334248,,15.230910259371305,74.168,22.656,,
Caribbean small states,CSS,2019,10.4561041957235,,13547.500163522494,,15.192525329643445,74.947,23.438,,
Caribbean small states,CSS,2019,10.4561041957235,,13547.500163522494,,15.192525329643445,75.902,23.438,,
Caribbean small states,CSS,2020,11.7162704467773,,11995.781873673255,,14.802311346484272,73.902,25.0,,
Caribbean small states,CSS,2021,10.0265197753906,,12957.483944514866,,14.449201748673357,74.634,25.455,,
Caribbean small states,CSS,2022,10.4055900573731,,14596.403291649653,,14.361563187772244,75.565,25.459,,
Caribbean small states,CSS,2023,9.82689952850342,,17064.543551536506,,14.203829096812674,75.653,26.357,,
Caribbean small states,CSS,2024,9.14688932489539,,17761.861285661795,,14.052090616999996,75.412,27.32,,
Cuba,CUB,2000,,,2620.0,,12.857,50.884,27.621,75.9224,
Cuba,CUB,2001,,,2760.0,,12.424,51.715,27.621,76.4287,
Cuba,CUB,2002,,,2830.0,,12.534,52.422,27.621,76.7655,
Cuba,CUB,2002,,,2830.0,,12.534,53.478,27.621,76.7655,
Cuba,CUB,2003,,,3100.0,,12.114,53.373,35.961,77.4048,
Cuba,CUB,2004,,,3490.0,,11.262,54.558,35.961,77.3261,
Cuba,CUB,2004,,,3490.0,,11.262,56.796,35.961,77.3261,
Cuba,CUB,2005,,,3960.0,,10.619,56.454,35.961,77.5401,
Cuba,CUB,2006,,,4410.0,,9.874,58.504,35.961,77.4055,
Cuba,CUB,2006,,,4410.0,,9.874,59.033,35.961,77.4055,
Cuba,CUB,2007,,,4740.0,,10.021,60.026,35.961,77.5503,
Cuba,CUB,2007,,,4740.0,,10.021,60.945,35.961,77.5503,
Cuba,CUB,2008,,,5030.0,,10.911,61.173,43.16,77.5891,
Cuba,CUB,2008,,,5030.0,,10.911,60.902,43.16,77.5891,
Cuba,CUB,2009,,,5080.0,,11.536,61.736,43.16,77.5835,
Cuba,CUB,2009,,,5080.0,,11.536,61.389,43.16,77.5835,
Cuba,CUB,2010,,,5170.0,,11.428,61.637,43.16,77.8757,
Cuba,CUB,2010,,,5170.0,,11.428,61.245,43.16,77.8757,
Cuba,CUB,2011,,,5590.0,,11.771,62.525,45.222,78.0506,
Cuba,CUB,2011,,,5590.0,,11.771,59.687,45.222,78.0506,
Cuba,CUB,2012,,,6090.0,,11.241,63.495,45.222,78.1618,
Cuba,CUB,2012,,,6090.0,,11.241,59.797,45.222,78.1618,
Cuba,CUB,2013,,,6640.0,,11.156,64.436,48.856,78.0279,
Cuba,CUB,2013,,,6640.0,,11.156,65.786,48.856,78.0279,
Cuba,CUB,2014,,,6850.0,,10.873,65.069,48.856,77.8245,
Cuba,CUB,2015,,,7270.0,,10.938,66.015,48.856,77.7453,
Cuba,CUB,2016,,,7530.0,,10.299,66.367,48.856,77.5706,
Cuba,CUB,2017,,,8010.0,,10.115,66.81,48.856,77.3003,
Cuba,CUB,2018,,,8710.0,,10.172,67.308,53.223,77.4259,
Cuba,CUB,2019,,,9010.0,,9.668,67.471,53.223,77.4133,
Cuba,CUB,2020,,,,,9.257,66.928,53.223,77.4075,
Cuba,CUB,2021,,,,,8.814,66.763,53.413,73.2006,
Cuba,CUB,2022,,,,,8.662,63.605,53.413,77.6291,
Cuba,CUB,2023,,,,,8.706,62.658,55.745,78.0855,
Cuba,CUB,2024,,,,,8.62,61.746,55.745,,
Curacao,CUW,2000,,,,,16.479,,,73.2829,
Curacao,CUW,2001,,,,,16.374,,,73.3602,
Curacao,CUW,2002,,,,,15.248,,,73.4722,
Curacao,CUW,2003,,,,,14.452,,,73.6031,
Curacao,CUW,2004,,,,,13.791,,,73.7354,
Curacao,CUW,2005,,,17910.0,,13.391,,,73.8731,
Curacao,CUW,2006,,,17930.0,,13.6,,,73.9777,
Curacao,CUW,2007,,,18390.0,,13.4,,,74.1368,
Curacao,CUW,2008,,,19020.0,,13.8,,,74.3137,
Curacao,CUW,2009,,,19100.0,,13.0,,,74.4853,
Curacao,CUW,2010,25.7154520613022,,19540.0,,13.6,,,75.1167,
Curacao,CUW,2011,16.5767136332286,,19420.0,,13.1,,,75.5757,
Curacao,CUW,2012,16.1475990687922,,19330.0,,13.4,,,75.9604,
Curacao,CUW,2013,18.3317821479687,,19020.0,,12.7,,,76.2386,
Curacao,CUW,2014,18.0502135697369,,18980.0,,12.6,,,76.3837,
Curacao,CUW,2015,17.1713626951197,,18780.0,,11.9,,,76.4823,
Curacao,CUW,2016,11.7775564767399,,18260.0,,11.2,,,76.3222,
Curacao,CUW,2017,16.1659551623167,,18230.0,,9.7,,,76.4226,
Curacao,CUW,2018,16.9818702238554,,18820.0,,10.5,86.315,,76.4929,
Curacao,CUW,2019,17.0293342762015,,19140.0,,10.1,,,76.4917,
Curacao,CUW,2020,13.7589443706295,,16190.0,,8.7,90.987,,76.5011,
Curacao,CUW,2021,14.2706196185563,,17950.0,,8.5,,,75.6857,
Curacao,CUW,2022,11.8802495147707,,20480.0,,8.0,,,76.7287,
Curacao,CUW,2023,16.2344533900858,,21450.0,,7.6,,,76.7996,
Curacao,CUW,2024,16.4377072477499,,22590.0,,7.2,,,,
Cayman Islands,CYM,2000,,,,,15.444,,,74.3779,
Cayman Islands,CYM,2001,,,,,15.211,,,74.5295,
Cayman Islands,CYM,2002,,,,,15.025,,,74.6095,
Cayman Islands,CYM,2003,,,,,14.916,,,74.6388,
Cayman Islands,CYM,2004,,,,,14.875,,,74.5957,
Cayman Islands,CYM,2005,,,,,14.777,,,74.8632,
Cayman Islands,CYM,2006,,,,,14.739,91.346,,75.0002,
Cayman Islands,CYM,2007,,,,,14.803,93.303,,75.1518,
Cayman Islands,CYM,2008,,,,,14.915,92.373,,75.3859,
Cayman Islands,CYM,2009,,,,,15.015,91.619,,75.6706,
Cayman Islands,CYM,2010,,,73550.0,,14.69,,,76.0687,
Cayman Islands,CYM,2011,,,73950.0,,14.099,92.005,,76.5618,
Cayman Islands,CYM,2012,,,51150.0,,13.072,93.487,,77.1205,
Cayman Islands,CYM,2013,,,44990.0,,12.215,94.169,,77.6516,
Cayman Islands,CYM,2014,,,43420.0,,11.241,94.228,,77.8646,
Cayman Islands,CYM,2015,,,44430.0,,10.64,95.698,,78.1191,
Cayman Islands,CYM,2016,,,47830.0,,10.296,,,78.3669,
Cayman Islands,CYM,2017,,,51890.0,,10.175,,,78.6149,
Cayman Islands,CYM,2018,,,57880.0,,10.584,,,78.8355,
Cayman Islands,CYM,2019,,,64520.0,,12.435,,,79.0516,
Cayman Islands,CYM,2020,,,62420.0,,12.716,,,79.2299,
Cayman Islands,CYM,2021,,,76260.0,,12.581,,,79.2996,
Cayman Islands,CYM,2022,,,74060.0,,12.192,,,79.9841,
Cayman Islands,CYM,2023,,,75720.0,,11.838,,,80.3576,
Cayman Islands,CYM,2024,,,,,11.56,,,,
Cyprus,CYP,2000,14.2683095932007,,14180.0,,12.493,69.28,7.143,77.9,
Cyprus,CYP,2000,14.2683095932007,,14180.0,,12.493,68.016,7.143,77.9,
Cyprus,CYP,2001,14.3215703964233,,14170.0,,12.045,72.314,10.714,78.1848,
Cyprus,CYP,2001,14.3215703964233,,14170.0,,12.045,71.374,10.714,78.1848,
Cyprus,CYP,2002,14.914210319519,,14510.0,,11.611,73.585,10.714,78.7582,
Cyprus,CYP,2002,14.914210319519,,14510.0,,11.611,72.687,10.714,78.7582,
Cyprus,CYP,2003,16.515230178833,,16710.0,,11.751,74.406,10.714,78.9081,
Cyprus,CYP,2003,16.515230178833,,16710.0,,11.751,73.365,10.714,78.9081,
Cyprus,CYP,2004,15.8329801559448,27.6797199249268,20260.0,30.1,11.894,73.795,16.071,79.0067,
Cyprus,CYP,2004,15.8329801559448,27.6797199249268,20260.0,30.1,11.894,72.672,16.071,79.0067,
Cyprus,CYP,2005,15.8393602371216,27.296329498291,23990.0,30.3,11.702,73.368,16.071,79.1975,
Cyprus,CYP,2005,15.8393602371216,27.296329498291,23990.0,30.3,11.702,72.245,16.071,79.1975,
Cyprus,CYP,2006,16.1796207427979,28.5707092285156,25600.0,31.1,12.023,75.245,14.286,79.4561,
Cyprus,CYP,2006,16.1796207427979,28.5707092285156,25600.0,31.1,12.023,74.072,14.286,79.4561,
Cyprus,CYP,2007,16.72047996521,30.9415702819824,27340.0,31.1,11.633,77.604,14.286,79.7982,
Cyprus,CYP,2007,16.72047996521,30.9415702819824,27340.0,31.1,11.633,75.815,14.286,79.7982,
Cyprus,CYP,2008,17.5907497406006,31.2834701538086,31970.0,31.7,11.987,78.916,14.286,79.9063,
Cyprus,CYP,2008,17.5907497406006,31.2834701538086,31970.0,31.7,11.987,76.507,14.286,79.9063,
Cyprus,CYP,2009,17.2012500762939,30.8750190734863,32820.0,32.1,12.07,80.306,12.5,80.3749,
Cyprus,CYP,2009,17.2012500762939,30.8750190734863,32820.0,32.1,12.07,79.354,12.5,80.3749,
Cyprus,CYP,2010,15.6494903564453,32.5500411987305,32170.0,31.5,11.844,82.116,12.5,80.6325,
Cyprus,CYP,2010,15.6494903564453,32.5500411987305,32170.0,31.5,11.844,81.02,12.5,80.6325,
Cyprus,CYP,2011,15.4976501464844,34.0431900024414,32680.0,32.6,11.344,82.119,10.714,80.8546,
Cyprus,CYP,2011,15.4976501464844,34.0431900024414,32680.0,32.6,11.344,81.301,10.714,80.8546,
Cyprus,CYP,2012,,35.6713409423828,29760.0,34.3,11.609,80.831,10.714,81.1284,
Cyprus,CYP,2012,,35.6713409423828,29760.0,34.3,11.609,80.562,10.714,81.1284,
Cyprus,CYP,2013,15.3621301651001,35.7547416687012,27820.0,37.0,11.027,81.25,10.714,81.3165,
Cyprus,CYP,2013,15.3621301651001,35.7547416687012,27820.0,37.0,11.027,81.196,10.714,81.3165,
Cyprus,CYP,2014,12.3347997665405,37.2242889404297,26350.0,35.6,11.141,83.907,12.5,81.3373,
Cyprus,CYP,2014,12.3347997665405,37.2242889404297,26350.0,35.6,11.141,84.321,12.5,81.3373,
Cyprus,CYP,2015,14.6587495803833,36.899299621582,25650.0,34.0,11.242,85.448,12.5,81.4637,
Cyprus,CYP,2015,14.6587495803833,36.899299621582,25650.0,34.0,11.242,85.696,12.5,81.4637,
Cyprus,CYP,2016,15.4384298324585,38.2378196716309,24400.0,32.9,11.505,84.244,17.857,81.5341,
Cyprus,CYP,2016,15.4384298324585,38.2378196716309,24400.0,32.9,11.505,84.629,17.857,81.5341,
Cyprus,CYP,2017,14.8294095993042,38.1182137315354,24600.0,31.4,11.158,84.447,17.857,81.5431,
Cyprus,CYP,2017,14.8294095993042,38.1182137315354,24600.0,31.4,11.158,84.942,17.857,81.5431,
Cyprus,CYP,2018,,39.1658592224121,27120.0,32.7,11.029,83.892,17.857,81.5558,
Cyprus,CYP,2018,,39.1658592224121,27120.0,32.7,11.029,84.599,17.857,81.5558,
Cyprus,CYP,2019,12.8255701065063,39.4722023304531,28380.0,31.2,11.014,83.382,17.857,81.4543,
Cyprus,CYP,2019,12.8255701065063,39.4722023304531,28380.0,31.2,11.014,83.454,17.857,81.4543,
Cyprus,CYP,2020,12.113320350647,40.1196594238281,26780.0,31.7,11.142,81.604,19.643,81.2302,
Cyprus,CYP,2020,12.113320350647,40.1196594238281,26780.0,31.7,11.142,81.746,19.643,81.2302,
Cyprus,CYP,2021,11.9215898513794,42.7269158621619,29570.0,31.3,11.236,81.145,14.286,80.5735,0.6829810423008369
Cyprus,CYP,2021,11.9215898513794,42.7269158621619,29570.0,31.3,11.236,82.401,14.286,80.5735,0.6829810423008369
Cyprus,CYP,2022,12.4829502105713,43.4773502070429,31810.0,31.5,11.048,82.745,14.286,80.4337,0.6829271023398986
Cyprus,CYP,2022,12.4829502105713,43.4773502070429,31810.0,31.5,11.048,83.908,14.286,80.4337,0.6829271023398986
Cyprus,CYP,2023,,45.172191340499,32340.0,31.8,10.799,85.191,14.286,81.648,0.6766143264680547
Cyprus,CYP,2023,,45.172191340499,32340.0,31.8,10.799,87.109,14.286,81.648,0.6766143264680547
Cyprus,CYP,2024,,,32870.0,,10.517,84.198,14.286,,0.6708921201027804
Cyprus,CYP,2024,,,32870.0,,10.517,86.142,14.286,,0.6708921201027804
Czechia,CZE,2000,8.91773986816406,32.7152999251055,6380.0,,8.9,73.917,15.0,74.9781,
Czechia,CZE,2000,8.91773986816406,32.7152999251055,6380.0,,8.9,73.938,15.0,74.9781,
Czechia,CZE,2001,8.61888980865479,33.92742124879,6380.0,,8.9,73.888,15.0,75.3141,
Czechia,CZE,2001,8.61888980865479,33.92742124879,6380.0,,8.9,73.907,15.0,75.3141,
Czechia,CZE,2002,8.86462020874023,,6680.0,26.6,9.1,73.52,17.0,75.4424,
Czechia,CZE,2002,8.86462020874023,,6680.0,26.6,9.1,73.548,17.0,75.4424,
Czechia,CZE,2003,8.38220977783203,,8130.0,,9.2,73.917,17.0,75.3959,
Czechia,CZE,2003,8.38220977783203,,8130.0,,9.2,73.96,17.0,75.3959,
Czechia,CZE,2004,9.43290042877197,,10280.0,27.5,9.6,73.819,17.0,75.9416,
Czechia,CZE,2004,9.43290042877197,,10280.0,27.5,9.6,73.85,17.0,75.9416,
Czechia,CZE,2005,9.12421035766602,,12480.0,26.9,10.0,73.682,17.0,76.1561,
Czechia,CZE,2005,9.12421035766602,,12480.0,26.9,10.0,73.721,17.0,76.1561,
Czechia,CZE,2006,10.1192798614502,14.0790796279907,13990.0,26.7,10.3,73.702,15.5,76.708,
Czechia,CZE,2006,10.1192798614502,14.0790796279907,13990.0,26.7,10.3,73.741,15.5,76.708,
Czechia,CZE,2007,9.51356029510498,14.0937299728394,15830.0,26.0,11.1,72.797,15.5,76.9189,
Czechia,CZE,2007,9.51356029510498,14.0937299728394,15830.0,26.0,11.1,72.84,15.5,76.9189,
Czechia,CZE,2008,9.11993980407715,14.6193599700928,18480.0,26.3,11.5,72.254,15.5,77.1722,
Czechia,CZE,2008,9.11993980407715,14.6193599700928,18480.0,26.3,11.5,72.315,15.5,77.1722,
Czechia,CZE,2009,9.34696960449219,15.717679977417,18790.0,26.2,11.3,72.506,15.5,77.2578,
Czechia,CZE,2009,9.34696960449219,15.717679977417,18790.0,26.2,11.3,72.519,15.5,77.2578,
Czechia,CZE,2010,9.24479961395264,16.9054698944092,19420.0,26.6,11.2,72.452,22.0,77.5677,
Czechia,CZE,2010,9.24479961395264,16.9054698944092,19420.0,26.6,11.2,72.481,22.0,77.5677,
Czechia,CZE,2011,9.82246017456055,18.1758708953857,19600.0,26.4,10.4,73.266,22.0,77.8144,
Czechia,CZE,2011,9.82246017456055,18.1758708953857,19600.0,26.4,10.4,73.274,22.0,77.8144,
Czechia,CZE,2012,9.44486045837402,19.0093002319336,19650.0,26.1,10.3,73.928,22.0,77.9977,0.6687641792299706
Czechia,CZE,2012,9.44486045837402,19.0093002319336,19650.0,26.1,10.3,73.927,22.0,77.9977,0.6687641792299706
Czechia,CZE,2013,9.4882698059082,19.9570407867432,19600.0,26.5,10.2,74.781,19.5,78.169,0.6687641792299706
Czechia,CZE,2013,9.4882698059082,19.9570407867432,19600.0,26.5,10.2,74.796,19.5,78.169,0.6687641792299706
Czechia,CZE,2014,9.3032398223877,18.9672508239746,19080.0,25.9,10.4,74.535,19.5,78.7439,0.6748532367960081
Czechia,CZE,2014,9.3032398223877,18.9672508239746,19080.0,25.9,10.4,74.578,19.5,78.7439,0.6748532367960081
Czechia,CZE,2015,13.7159204483032,19.5305309295654,18340.0,25.9,10.5,75.323,20.0,78.5609,0.7406035021133379
Czechia,CZE,2015,13.7159204483032,19.5305309295654,18340.0,25.9,10.5,75.354,20.0,78.5609,0.7406035021133379
Czechia,CZE,2016,13.9704904556274,20.2412490844727,17660.0,25.4,10.7,75.754,20.0,78.9744,0.7527812209249545
Czechia,CZE,2016,13.9704904556274,20.2412490844727,17660.0,25.4,10.7,75.842,20.0,78.9744,0.7527812209249545
Czechia,CZE,2017,9.76344966888428,,18350.0,24.9,10.8,76.186,22.0,78.926,0.7421509338117127
Czechia,CZE,2017,9.76344966888428,,18350.0,24.9,10.8,76.286,22.0,78.926,0.7421509338117127
Czechia,CZE,2018,10.5082101821899,,20700.0,25.0,10.7,76.68,22.0,78.9612,0.7421509338117127
Czechia,CZE,2018,10.5082101821899,,20700.0,25.0,10.7,76.799,22.0,78.9612,0.7421509338117127
Czechia,CZE,2019,11.0653696060181,,22440.0,25.3,10.5,76.592,22.5,79.1853,0.7270967184850722
Czechia,CZE,2019,11.0653696060181,,22440.0,25.3,10.5,76.731,22.5,79.1853,0.7270967184850722
Czechia,CZE,2020,9.9995002746582,,22190.0,26.2,10.3,75.896,22.5,78.237,0.7313439546010602
Czechia,CZE,2020,9.9995002746582,,22190.0,26.2,10.3,76.052,22.5,78.237,0.7313439546010602
Czechia,CZE,2021,10.3313598632812,24.3221206665039,25500.0,26.2,10.6,76.163,25.0,77.2342,0.728169329006638
Czechia,CZE,2021,10.3313598632812,24.3221206665039,25500.0,26.2,10.6,76.35,25.0,77.2342,0.728169329006638
Czechia,CZE,2022,10.0093603134155,,27210.0,25.9,9.5,76.9,25.5,79.1648,0.7317049062180452
Czechia,CZE,2022,10.0093603134155,,27210.0,25.9,9.5,76.827,25.5,79.1648,0.7317049062180452
Czechia,CZE,2023,,,28540.0,25.7,8.4,78.374,26.0,79.8341,0.7327818484677993
Czechia,CZE,2023,,,28540.0,25.7,8.4,75.5,26.0,79.8341,0.7327818484677993
Czechia,CZE,2024,,,29560.0,,7.7,79.037,26.0,,0.7398267952654254
Czechia,CZE,2024,,,29560.0,,7.7,78.484,26.0,,0.7398267952654254
Germany,DEU,2000,,,26380.0,28.7,9.3,72.43,30.942,78.0563,
Germany,DEU,2000,,,26380.0,28.7,9.3,73.299,30.942,78.0563,
Germany,DEU,2001,,,24990.0,29.9,8.9,73.551,31.081,78.4023,
Germany,DEU,2001,,,24990.0,29.9,8.9,74.467,31.081,78.4023,
Germany,DEU,2002,,,23920.0,29.9,8.7,74.434,32.172,78.4749,
Germany,DEU,2002,,,23920.0,29.9,8.7,75.139,32.172,78.4749,
Germany,DEU,2003,,,26470.0,29.9,8.6,75.401,32.172,78.5361,
Germany,DEU,2003,,,26470.0,29.9,8.6,76.088,32.172,78.5361,
Germany,DEU,2004,,,32080.0,30.1,8.6,75.657,32.75,79.1186,
Germany,DEU,2004,,,32080.0,30.1,8.6,76.359,32.75,79.1186,
Germany,DEU,2005,,,36310.0,31.6,8.3,76.175,31.759,79.254,
Germany,DEU,2005,,,36310.0,31.6,8.3,77.158,31.759,79.254,
Germany,DEU,2006,,27.1606197357178,38890.0,31.0,8.2,77.526,31.596,79.5862,
Germany,DEU,2006,,27.1606197357178,38890.0,31.0,8.2,78.403,31.596,79.5862,
Germany,DEU,2007,,27.7127704620361,41130.0,31.2,8.3,78.651,31.648,79.7306,
Germany,DEU,2007,,27.7127704620361,41130.0,31.2,8.3,79.741,31.648,79.7306,
Germany,DEU,2008,10.0711097717285,28.8160705566406,44360.0,30.6,8.3,78.018,32.19,79.8161,
Germany,DEU,2008,10.0711097717285,28.8160705566406,44360.0,30.6,8.3,78.998,32.19,79.8161,
Germany,DEU,2009,,29.8395595550537,44470.0,30.4,8.1,79.435,32.797,79.9151,
Germany,DEU,2009,,29.8395595550537,44470.0,30.4,8.1,80.493,32.797,79.9151,
Germany,DEU,2010,10.3819904327393,30.2569007873535,45530.0,30.2,8.3,78.908,32.797,80.0814,
Germany,DEU,2010,10.3819904327393,30.2569007873535,45530.0,30.2,8.3,79.444,32.797,80.0814,
Germany,DEU,2011,10.7915496826172,31.1494998931885,48200.0,30.4,8.3,80.875,32.903,80.3549,
Germany,DEU,2011,10.7915496826172,31.1494998931885,48200.0,30.4,8.3,81.926,32.903,80.3549,
Germany,DEU,2012,10.7168598175049,31.7936401367188,47480.0,30.9,8.4,80.569,32.903,80.5017,0.791050663297751
Germany,DEU,2012,10.7168598175049,31.7936401367188,47480.0,30.9,8.4,81.38,32.903,80.5017,0.791050663297751
Germany,DEU,2013,10.717679977417,32.3349189758301,48160.0,31.4,8.5,81.244,36.45,80.454,0.791050663297751
Germany,DEU,2013,10.717679977417,32.3349189758301,48160.0,31.4,8.5,82.188,36.45,80.454,0.791050663297751
Germany,DEU,2014,10.8451299667358,33.4242095947266,48610.0,30.8,8.8,81.786,36.45,80.9056,0.7951776776391034
Germany,DEU,2014,10.8451299667358,33.4242095947266,48610.0,30.8,8.8,82.687,36.45,80.9056,0.7951776776391034
Germany,DEU,2015,10.6987800598144,34.4100914001465,46590.0,31.4,9.0,82.164,36.45,80.5658,0.826823345637802
Germany,DEU,2015,10.6987800598144,34.4100914001465,46590.0,31.4,9.0,82.946,36.45,80.5658,0.826823345637802
Germany,DEU,2016,10.6515398025513,35.6527214050293,45340.0,31.3,9.6,82.748,36.45,80.8371,0.8360037207915987
Germany,DEU,2016,10.6515398025513,35.6527214050293,45340.0,31.3,9.6,83.472,36.45,80.8371,0.8360037207915987
Germany,DEU,2017,10.7217998504639,36.3194842354497,44730.0,31.3,9.5,83.045,30.748,80.9371,0.8358591564420209
Germany,DEU,2017,10.7217998504639,36.3194842354497,44730.0,31.3,9.5,83.852,30.748,80.9371,0.8358591564420209
Germany,DEU,2018,10.9289703369141,35.5881805419922,48770.0,31.9,9.5,82.745,30.748,80.8747,0.8358591564420209
Germany,DEU,2018,10.9289703369141,35.5881805419922,48770.0,31.9,9.5,83.561,30.748,80.8747,0.8358591564420209
Germany,DEU,2019,11.0342197418213,38.1207117388982,50350.0,32.2,9.4,83.0,30.889,81.1893,0.8352559105478707
Germany,DEU,2019,11.0342197418213,38.1207117388982,50350.0,32.2,9.4,84.035,30.889,81.1893,0.8352559105478707
Germany,DEU,2020,10.7882499694824,39.5349617004395,48540.0,32.5,9.3,83.443,31.171,81.0036,0.8363108489140108
Germany,DEU,2020,10.7882499694824,39.5349617004395,48540.0,32.5,9.3,84.149,31.171,81.0036,0.8363108489140108
Germany,DEU,2021,10.5759496688843,39.8979770808458,52850.0,33.6,9.6,83.386,34.918,81.1059,0.8395340197683173
Germany,DEU,2021,10.5759496688843,39.8979770808458,52850.0,33.6,9.6,83.959,34.918,81.1059,0.8395340197683173
Germany,DEU,2022,10.6821203231812,40.6190440937803,55200.0,33.7,8.9,83.721,34.918,80.5796,0.8342599000116827
Germany,DEU,2022,10.6821203231812,40.6190440937803,55200.0,33.7,8.9,84.456,34.918,80.5796,0.8342599000116827
Germany,DEU,2023,,42.4252277146632,55420.0,,8.3,83.968,35.19,81.3777,0.83446079593622
Germany,DEU,2023,,42.4252277146632,55420.0,,8.3,84.863,35.19,81.3777,0.83446079593622
Germany,DEU,2024,,,55090.0,,8.1,83.74,35.326,,0.834287846278717
Germany,DEU,2024,,,55090.0,,8.1,84.992,35.326,,0.834287846278717
Djibouti,DJI,2000,29.385950088501,,,,33.459,31.173,0.0,56.7341,
Djibouti,DJI,2001,26.2800197601318,,,,33.267,31.588,0.0,57.5059,
Djibouti,DJI,2002,25.4893093109131,,,,33.006,31.972,0.0,57.8239,
Djibouti,DJI,2003,24.2714900970459,,,,32.678,32.13,10.769,58.0406,
Djibouti,DJI,2004,24.7011394500732,,,,31.601,32.153,10.769,58.1033,
Djibouti,DJI,2005,22.7150497436523,,,,30.568,32.272,10.769,58.5483,
Djibouti,DJI,2006,24.7079601287842,,,,29.391,32.58,10.769,58.9617,
Djibouti,DJI,2007,22.5274391174316,,,,28.485,33.016,13.846,59.3617,
Djibouti,DJI,2008,,,,,27.554,33.485,13.846,59.815,
Djibouti,DJI,2009,,,,,26.905,33.965,13.846,60.3511,
Djibouti,DJI,2010,12.3283996582031,,,,26.291,34.428,13.846,60.7431,
Djibouti,DJI,2011,,,,,25.657,34.9,13.846,61.3373,
Djibouti,DJI,2012,,,,,25.061,35.384,13.846,61.7188,
Djibouti,DJI,2013,,,,,24.592,35.904,12.727,62.1162,
Djibouti,DJI,2014,,,,,24.094,36.496,12.727,62.4274,
Djibouti,DJI,2015,8.57643985748291,,,,23.567,37.164,12.727,62.8326,
Djibouti,DJI,2016,15.159589767456,,,,23.061,37.911,12.727,63.335,
Djibouti,DJI,2017,15.6437196731567,,,,22.703,38.725,10.769,63.71,
Djibouti,DJI,2017,15.6437196731567,,,,22.703,38.725,10.769,63.71,
Djibouti,DJI,2018,14.4741497039795,,,,22.313,39.583,26.154,64.1051,
Djibouti,DJI,2019,,,,,21.913,40.442,26.154,64.3809,
Djibouti,DJI,2020,,,,,21.578,40.312,26.154,64.2001,
Djibouti,DJI,2021,,,,,21.308,40.759,26.154,63.8301,
Djibouti,DJI,2022,,,,,21.032,41.19,26.154,65.5402,
Djibouti,DJI,2023,,,,,20.769,42.029,26.154,65.9865,
Djibouti,DJI,2024,,,,,20.931,42.988,26.154,,
Dominica,DMA,2000,,,4290.0,,17.923,,,71.7154,
Dominica,DMA,2001,,,4750.0,,18.017,64.179,18.75,71.8624,
Dominica,DMA,2002,,,4720.0,,16.187,,18.75,71.9275,
Dominica,DMA,2003,,,5310.0,,15.605,,18.75,71.9423,
Dominica,DMA,2004,,,5640.0,,15.239,,19.355,71.9865,
Dominica,DMA,2005,,,5670.0,,15.019,,12.903,72.0161,
Dominica,DMA,2006,,,6070.0,,15.546,,12.903,72.0071,
Dominica,DMA,2007,,,6280.0,,15.12,,16.129,71.9008,
Dominica,DMA,2008,,,6880.0,,14.668,,18.75,71.9446,
Dominica,DMA,2009,,,7080.0,,14.252,,14.286,71.8353,
Dominica,DMA,2010,,,7250.0,,13.986,,12.5,71.6797,
Dominica,DMA,2011,,,7510.0,,13.719,,12.5,71.5167,
Dominica,DMA,2012,,,7530.0,,13.87,,12.5,71.3909,
Dominica,DMA,2013,,,7440.0,,13.294,,12.5,71.2283,
Dominica,DMA,2014,,,7670.0,,13.684,,12.903,71.1892,
Dominica,DMA,2015,,,7510.0,,13.106,,21.875,69.9683,
Dominica,DMA,2016,,,8000.0,,12.922,,21.875,71.1889,0.6045892102122375
Dominica,DMA,2017,,,8070.0,,11.813,,25.0,68.6199,0.5991080693009101
Dominica,DMA,2018,,,8880.0,,11.636,,25.0,71.3779,0.5991080693009101
Dominica,DMA,2019,,,9350.0,,11.512,,25.0,71.3052,0.586541726536858
Dominica,DMA,2020,,,8230.0,,11.404,,34.375,71.2693,0.5828685826484846
Dominica,DMA,2021,,,8660.0,,11.251,,34.375,69.8318,0.5791963470231154
Dominica,DMA,2022,,,9740.0,,11.146,,34.375,71.0806,0.5772290829947324
Dominica,DMA,2023,,,9990.0,,11.09,,37.5,71.1325,0.5776881103590307
Dominica,DMA,2024,,,10230.0,,10.98,,37.5,,0.576446309395449
Denmark,DNK,2000,15.3018999099731,,32560.0,23.8,12.6,83.703,37.43,76.8152,
Denmark,DNK,2000,15.3018999099731,,32560.0,23.8,12.6,84.733,37.43,76.8152,
Denmark,DNK,2001,15.4932098388672,,31430.0,,12.2,84.102,,76.9736,
Denmark,DNK,2001,15.4932098388672,,31430.0,,12.2,84.195,,76.9736,
Denmark,DNK,2002,15.4544897079468,,30870.0,,11.9,83.897,37.989,77.0989,
Denmark,DNK,2002,15.4544897079468,,30870.0,,11.9,84.539,37.989,77.0989,
Denmark,DNK,2003,15.1582098007202,,34800.0,25.6,12.0,83.477,37.989,77.4012,
Denmark,DNK,2003,15.1582098007202,,34800.0,25.6,12.0,83.585,37.989,77.4012,
Denmark,DNK,2004,15.5099496841431,,42740.0,24.9,12.0,84.371,37.989,77.7853,
Denmark,DNK,2004,15.5099496841431,,42740.0,24.9,12.0,84.244,37.989,77.7853,
Denmark,DNK,2005,15.7961902618408,,49750.0,25.2,11.9,84.846,36.872,78.2259,
Denmark,DNK,2005,15.7961902618408,,49750.0,25.2,11.9,84.942,36.872,78.2259,
Denmark,DNK,2006,15.5222301483154,30.4313607331964,53630.0,25.9,12.0,85.641,36.872,78.2234,
Denmark,DNK,2006,15.5222301483154,30.4313607331964,53630.0,25.9,12.0,85.692,36.872,78.2234,
Denmark,DNK,2007,15.3610601425171,,55870.0,26.2,11.7,85.582,37.989,78.3494,
Denmark,DNK,2007,15.3610601425171,,55870.0,26.2,11.7,85.505,37.989,78.3494,
Denmark,DNK,2008,14.8002004623413,,60620.0,25.2,11.8,85.137,37.989,78.7144,
Denmark,DNK,2008,14.8002004623413,,60620.0,25.2,11.8,85.044,37.989,78.7144,
Denmark,DNK,2009,14.9351301193237,,60300.0,26.7,11.4,86.121,37.989,78.9574,
Denmark,DNK,2009,14.9351301193237,,60300.0,26.7,11.4,86.078,37.989,78.9574,
Denmark,DNK,2010,15.1291103363037,,61290.0,27.2,11.4,86.229,37.989,79.2473,
Denmark,DNK,2010,15.1291103363037,,61290.0,27.2,11.4,86.156,37.989,79.2473,
Denmark,DNK,2011,15.0597496032715,30.6870708465576,62050.0,27.3,10.6,86.636,39.106,79.786,
Denmark,DNK,2011,15.0597496032715,30.6870708465576,62050.0,27.3,10.6,86.604,39.106,79.786,
Denmark,DNK,2012,12.5129699707031,32.2839317321777,61570.0,27.8,10.4,87.4,39.106,80.0822,0.8788566230089492
Denmark,DNK,2012,12.5129699707031,32.2839317321777,61570.0,27.8,10.4,87.304,39.106,80.0822,0.8788566230089492
Denmark,DNK,2013,15.2367897033691,32.9676818847656,63400.0,28.5,10.0,88.174,39.106,80.3063,0.8788566230089492
Denmark,DNK,2013,15.2367897033691,32.9676818847656,63400.0,28.5,10.0,88.124,39.106,80.3063,0.8788566230089492
Denmark,DNK,2014,13.862250328064,33.294189453125,63650.0,28.4,10.1,86.915,39.106,80.6319,0.8755007693762465
Denmark,DNK,2014,13.862250328064,33.294189453125,63650.0,28.4,10.1,86.894,39.106,80.6319,0.8755007693762465
Denmark,DNK,2015,,34.8797302246094,60350.0,28.2,10.2,85.979,37.43,80.7394,0.8856100002034182
Denmark,DNK,2015,,34.8797302246094,60350.0,28.2,10.2,85.929,37.43,80.7394,0.8856100002034182
Denmark,DNK,2016,14.7375202178955,35.7636909484863,57830.0,28.2,10.8,87.514,37.43,80.8814,0.8897301109901286
Denmark,DNK,2016,14.7375202178955,35.7636909484863,57830.0,28.2,10.8,87.427,37.43,80.8814,0.8897301109901286
Denmark,DNK,2017,14.5648498535156,34.7350007359225,56600.0,28.7,10.6,87.474,37.43,81.1116,0.8933762858125075
Denmark,DNK,2017,14.5648498535156,34.7350007359225,56600.0,28.7,10.6,87.402,37.43,81.1116,0.8933762858125075
Denmark,DNK,2018,14.4371299743652,37.1166496276855,61090.0,28.2,10.6,87.007,37.43,80.9909,0.8933762858125075
Denmark,DNK,2018,14.4371299743652,37.1166496276855,61090.0,28.2,10.6,86.995,37.43,80.9909,0.8933762858125075
Denmark,DNK,2019,14.6080303192139,36.1817602394205,63020.0,27.7,10.5,86.75,39.106,81.4343,0.8991904367868767
Denmark,DNK,2019,14.6080303192139,36.1817602394205,63020.0,27.7,10.5,86.732,39.106,81.4343,0.8991904367868767
Denmark,DNK,2020,13.8466501235962,38.0218505859375,62710.0,27.5,10.4,87.048,39.665,81.5458,0.899466051644518
Denmark,DNK,2020,13.8466501235962,38.0218505859375,62710.0,27.5,10.4,87.041,39.665,81.5458,0.899466051644518
Denmark,DNK,2021,14.0789499282837,37.3742043144143,69810.0,28.3,10.8,86.453,39.665,81.4363,0.8994045019437296
Denmark,DNK,2021,14.0789499282837,37.3742043144143,69810.0,28.3,10.8,86.488,39.665,81.4363,0.8994045019437296
Denmark,DNK,2022,14.1607599258423,37.8661926541349,72040.0,29.3,9.9,88.16,43.575,81.2906,0.9018216684532507
Denmark,DNK,2022,14.1607599258423,37.8661926541349,72040.0,29.3,9.9,88.139,43.575,81.2906,0.9018216684532507
Denmark,DNK,2023,,38.5334287185228,72080.0,29.9,9.7,88.234,43.575,81.9328,0.8994638560763127
Denmark,DNK,2023,,38.5334287185228,72080.0,29.9,9.7,88.182,43.575,81.9328,0.8994638560763127
Denmark,DNK,2024,,,72540.0,,9.5,87.896,45.251,,0.8992152807180686
Denmark,DNK,2024,,,72540.0,,9.5,87.275,45.251,,0.8992152807180686
Dominican Republic,DOM,2000,13.399040222168,,2650.0,51.5,25.557,51.202,16.107,70.3647,
Dominican Republic,DOM,2000,13.399040222168,,2650.0,51.5,25.557,51.202,16.107,70.3647,
Dominican Republic,DOM,2001,13.2144804000854,,2700.0,50.0,25.069,50.148,16.107,70.5531,
Dominican Republic,DOM,2001,13.2144804000854,,2700.0,50.0,25.069,50.148,16.107,70.5531,
Dominican Republic,DOM,2002,11.6176204681397,,2850.0,49.7,24.385,53.105,17.333,70.7193,
Dominican Republic,DOM,2002,11.6176204681397,,2850.0,49.7,24.385,53.106,17.333,70.7193,
Dominican Republic,DOM,2003,10.7097902297974,,2600.0,52.1,23.738,52.67,17.333,70.8562,
Dominican Republic,DOM,2003,10.7097902297974,,2600.0,52.1,23.738,52.669,17.333,70.8562,
Dominican Republic,DOM,2004,,,2520.0,52.1,23.103,52.317,17.333,70.7303,
Dominican Republic,DOM,2004,,,2520.0,52.1,23.103,52.318,17.333,70.7303,
Dominican Republic,DOM,2005,,,3000.0,50.0,22.464,53.936,17.333,71.0435,
Dominican Republic,DOM,2005,,,3000.0,50.0,22.464,53.935,17.333,71.0435,
Dominican Republic,DOM,2006,,,3590.0,52.0,21.86,54.621,19.663,71.0542,
Dominican Republic,DOM,2006,,,3590.0,52.0,21.86,54.621,19.663,71.0542,
Dominican Republic,DOM,2007,12.5410499572754,,4380.0,48.9,21.829,54.078,19.663,71.0973,
Dominican Republic,DOM,2007,12.5410499572754,,4380.0,48.9,21.829,54.078,19.663,71.0973,
Dominican Republic,DOM,2008,,,4700.0,48.1,22.12,56.834,19.663,71.3307,
Dominican Republic,DOM,2008,,,4700.0,48.1,22.12,56.833,19.663,71.3307,
Dominican Republic,DOM,2009,,,4860.0,48.9,22.344,53.844,19.663,71.5866,
Dominican Republic,DOM,2009,,,4860.0,48.9,22.344,53.844,19.663,71.5866,
Dominican Republic,DOM,2010,9.87571810579762,,5260.0,47.3,22.167,57.835,20.765,72.0393,
Dominican Republic,DOM,2010,9.87571810579762,,5260.0,47.3,22.167,57.834,20.765,72.0393,
Dominican Republic,DOM,2011,10.6371803357903,,5460.0,47.7,21.871,59.84,20.765,72.4958,
Dominican Republic,DOM,2011,10.6371803357903,,5460.0,47.7,21.871,59.84,20.765,72.4958,
Dominican Republic,DOM,2012,,,5700.0,46.1,21.522,61.108,20.765,72.8165,0.5141586793558696
Dominican Republic,DOM,2012,,,5700.0,46.1,21.522,61.109,20.765,72.8165,0.5141586793558696
Dominican Republic,DOM,2013,21.7073064898109,,5940.0,47.7,21.179,61.111,20.765,73.0383,0.5141586793558696
Dominican Republic,DOM,2013,21.7073064898109,,5940.0,47.7,21.179,61.111,20.765,73.0383,0.5141586793558696
Dominican Republic,DOM,2014,21.5446042994354,,6230.0,44.3,20.844,61.282,20.765,73.1449,0.47373670349114166
Dominican Republic,DOM,2014,21.5446042994354,,6230.0,44.3,20.844,61.283,20.765,73.1449,0.47373670349114166
Dominican Republic,DOM,2015,22.313569934789,,6470.0,45.2,20.538,63.201,20.765,72.9821,0.48790931953285305
Dominican Republic,DOM,2015,22.313569934789,,6470.0,45.2,20.538,63.201,20.765,72.9821,0.48790931953285305
Dominican Republic,DOM,2016,21.9452020986914,,6750.0,45.7,20.239,63.883,26.842,72.8894,0.4714400924572568
Dominican Republic,DOM,2016,21.9452020986914,,6750.0,45.7,20.239,63.883,26.842,72.8894,0.4714400924572568
Dominican Republic,DOM,2017,22.3436003287715,,6920.0,42.2,20.009,64.43,26.842,73.3702,0.4672180976727319
Dominican Republic,DOM,2017,22.3436003287715,,6920.0,42.2,20.009,64.43,26.842,73.3702,0.4672180976727319
Dominican Republic,DOM,2018,22.1554688287358,,7600.0,43.7,19.848,64.794,26.842,73.5553,0.4672180976727319
Dominican Republic,DOM,2018,22.1554688287358,,7600.0,43.7,19.848,64.794,26.842,73.5553,0.4672180976727319
Dominican Republic,DOM,2019,22.3415073008317,,7940.0,41.9,19.43,67.218,26.842,73.1119,0.46343187805557945
Dominican Republic,DOM,2019,22.3415073008317,,7940.0,41.9,19.43,67.217,26.842,73.1119,0.46343187805557945
Dominican Republic,DOM,2020,20.63404198849,,7080.0,39.6,18.957,64.357,27.895,72.6358,0.4779929163857358
Dominican Republic,DOM,2020,20.63404198849,,7080.0,39.6,18.957,64.355,27.895,72.6358,0.4779929163857358
Dominican Republic,DOM,2021,19.5941780430939,,8160.0,38.5,18.571,67.51,27.895,71.7575,0.4779977516053394
Dominican Republic,DOM,2021,19.5941780430939,,8160.0,38.5,18.571,67.51,27.895,71.7575,0.4779977516053394
Dominican Republic,DOM,2022,19.2600265459877,,9150.0,37.0,18.255,66.121,27.895,74.2108,0.4833488943207812
Dominican Republic,DOM,2022,19.2600265459877,,9150.0,37.0,18.255,66.12,27.895,74.2108,0.4833488943207812
Dominican Republic,DOM,2023,20.5579835041991,,9700.0,38.4,17.931,68.664,27.895,73.7201,0.48795578858810035
Dominican Republic,DOM,2023,20.5579835041991,,9700.0,38.4,17.931,68.664,27.895,73.7201,0.48795578858810035
Dominican Republic,DOM,2024,21.8636977562292,,10280.0,39.0,17.62,69.746,36.842,,0.4933779292650581
Dominican Republic,DOM,2024,21.8636977562292,,10280.0,39.0,17.62,68.436,36.842,,0.4933779292650581
Algeria,DZA,2000,,,1600.0,,19.574,16.081,3.421,70.5759,
Algeria,DZA,2000,,,1600.0,,19.574,14.164,3.421,70.5759,
Algeria,DZA,2001,,,1720.0,,19.405,16.369,3.421,71.0245,
Algeria,DZA,2002,,,1840.0,,19.096,16.703,6.17,71.6437,
Algeria,DZA,2003,,,2090.0,,19.614,17.081,6.17,71.9064,
Algeria,DZA,2004,,,2440.0,,20.337,17.487,6.17,72.5359,
Algeria,DZA,2005,,,2910.0,,21.136,17.941,6.17,72.836,
Algeria,DZA,2006,,,3310.0,,21.998,18.427,6.17,73.1164,
Algeria,DZA,2007,,,3780.0,,22.873,18.959,7.712,73.346,
Algeria,DZA,2008,11.0207595825195,,4430.0,,23.735,19.534,7.712,73.6181,
Algeria,DZA,2009,,,4570.0,,24.189,20.147,7.712,73.8711,
Algeria,DZA,2009,,,4570.0,,24.189,20.318,7.712,73.8711,
Algeria,DZA,2010,17.7691567101443,,4870.0,,24.556,20.267,7.712,74.1435,
Algeria,DZA,2010,17.7691567101443,,4870.0,,24.556,20.563,7.712,74.1435,
Algeria,DZA,2011,17.5647159837077,,5050.0,,24.76,20.702,7.969,74.3834,
Algeria,DZA,2012,15.983725084802,,5630.0,,25.656,21.176,31.602,74.6086,
Algeria,DZA,2012,15.983725084802,,5630.0,,25.656,23.304,31.602,74.6086,
Algeria,DZA,2013,17.6460346655779,,5970.0,,25.524,21.683,31.602,74.8095,
Algeria,DZA,2013,17.6460346655779,,5970.0,,25.524,23.885,31.602,74.8095,
Algeria,DZA,2014,16.4692016361374,,6030.0,,26.063,22.226,31.602,74.9923,
Algeria,DZA,2014,16.4692016361374,,6030.0,,26.063,23.52,31.602,74.9923,
Algeria,DZA,2015,16.0845552688873,,5390.0,,25.811,22.311,31.602,75.1589,
Algeria,DZA,2015,16.0845552688873,,5390.0,,25.811,24.39,31.602,75.1589,
Algeria,DZA,2016,16.1110441504345,,4920.0,,25.439,21.98,31.602,75.3099,
Algeria,DZA,2016,16.1110441504345,,4920.0,,25.439,25.479,31.602,75.3099,
Algeria,DZA,2017,17.5560719808872,,4440.0,,25.015,21.781,25.758,75.4313,
Algeria,DZA,2017,17.5560719808872,,4440.0,,25.015,25.939,25.758,75.4313,
Algeria,DZA,2018,15.6197370582865,,4450.0,,24.063,21.592,25.758,75.5554,
Algeria,DZA,2019,16.0217587293579,,4480.0,,23.379,21.413,25.758,75.6818,0.505866853516083
Algeria,DZA,2020,16.549171340634,,4020.0,,22.43,21.355,25.758,73.2568,0.49440423564872177
Algeria,DZA,2021,16.0506977400169,,4120.0,,21.392,21.529,8.108,75.2077,0.49195382858117026
Algeria,DZA,2022,13.101506524289,,4430.0,,20.491,21.026,8.108,76.1289,0.4863289971877456
Algeria,DZA,2023,13.2610232294175,,4950.0,,19.625,21.207,7.862,76.261,0.48930395346578714
Algeria,DZA,2024,23.8884601593018,,5370.0,,18.837,21.359,7.862,,0.4940507135258926
East Asia & Pacific (excluding high income),EAP,2000,15.640765190124501,,916.5195272434293,,16.44571130418473,81.087,17.323,,
East Asia & Pacific (excluding high income),EAP,2000,15.640765190124501,,916.5195272434293,,16.44571130418473,81.167,17.323,,
East Asia & Pacific (excluding high income),EAP,2001,12.754899978637699,,988.0034405476904,,15.930202915015657,80.591,17.615,,
East Asia & Pacific (excluding high income),EAP,2002,15.2626600265503,,1070.3659865168029,,15.474267945177969,80.153,18.214,,
East Asia & Pacific (excluding high income),EAP,2003,,,1217.8979247548427,,15.081269434781488,79.899,16.859,,
East Asia & Pacific (excluding high income),EAP,2004,14.1702995300293,,1432.9569487952804,,14.927724910066726,79.453,17.191,,
East Asia & Pacific (excluding high income),EAP,2005,,,1650.995422929318,,14.946645133138567,79.289,17.295,,
East Asia & Pacific (excluding high income),EAP,2006,,,1909.5606345278811,,14.722749050755493,79.045,17.657,,
East Asia & Pacific (excluding high income),EAP,2007,14.939920425415,,2289.866479737948,,14.722400120339826,79.216,18.033,,
East Asia & Pacific (excluding high income),EAP,2008,14.0386400222778,,2791.6019823986903,,14.701920528266651,79.009,18.296,,
East Asia & Pacific (excluding high income),EAP,2009,14.511420249939,,3246.782241670075,,14.530801038638826,78.856,18.553,,
East Asia & Pacific (excluding high income),EAP,2010,14.7111396789551,,3796.827550525294,,14.458426270163507,78.646,17.939,,
East Asia & Pacific (excluding high income),EAP,2010,14.7111396789551,,3796.827550525294,,14.458426270163507,79.054,17.939,,
East Asia & Pacific (excluding high income),EAP,2011,12.737779611140901,,4387.270500707806,,15.40548871689821,78.753,17.927,,
East Asia & Pacific (excluding high income),EAP,2012,14.4072303771973,,5126.8723039979795,,16.22691156743417,78.847,18.237,,
East Asia & Pacific (excluding high income),EAP,2013,15.367449760437,,5762.390081199486,,15.048549393678977,78.861,19.317,,
East Asia & Pacific (excluding high income),EAP,2014,15.0920205488982,,6271.237578472424,,15.482275505417183,79.01,19.063,,
East Asia & Pacific (excluding high income),EAP,2015,14.55419432440555,,6528.668300407036,,14.136326881217926,79.158,19.763,,
East Asia & Pacific (excluding high income),EAP,2016,13.41561314679575,,6739.833859455213,,15.002681564146501,79.329,19.869,,
East Asia & Pacific (excluding high income),EAP,2017,12.6456203460693,,7083.011940562726,,14.190472931487031,79.517,20.128,,
East Asia & Pacific (excluding high income),EAP,2018,12.141559957951849,,7773.362178445279,,12.80484084872617,79.829,20.626,,
East Asia & Pacific (excluding high income),EAP,2019,11.4813636515408,,8375.14344999575,,12.383892179028564,80.018,20.856,,
East Asia & Pacific (excluding high income),EAP,2020,11.0687719907488,,8460.473198994305,,10.996875223690697,79.718,21.543,,
East Asia & Pacific (excluding high income),EAP,2021,11.5062064227785,,9496.815541050197,,10.19811003698951,80.264,21.573,,
East Asia & Pacific (excluding high income),EAP,2022,12.764900830194701,,10236.241752844653,,9.638471128563893,80.447,22.05,,
East Asia & Pacific (excluding high income),EAP,2023,12.0143851118856,,10664.247634310606,,9.327157493828732,80.66,22.8,,
East Asia & Pacific (excluding high income),EAP,2024,13.0909885057471,,10629.708060290766,,9.524549442582089,80.749,22.905,,
Early-demographic dividend,EAR,2000,16.4783306121826,,1255.069187292555,,27.481355656059815,46.913,9.673,,
Early-demographic dividend,EAR,2000,16.4783306121826,,1255.069187292555,,27.481355656059815,45.357,9.673,,
Early-demographic dividend,EAR,2001,16.6391296386719,,1273.4285580229925,,27.112521747273647,46.922,9.522,,
Early-demographic dividend,EAR,2001,16.6391296386719,,1273.4285580229925,,27.112521747273647,51.506,9.522,,
Early-demographic dividend,EAR,2002,16.31497955322265,,1244.4984390399636,,26.56143193684173,46.88,11.089,,
Early-demographic dividend,EAR,2003,,,1319.1486464388295,,26.010935390401425,47.132,11.266,,
Early-demographic dividend,EAR,2004,,,1494.985023456422,,25.53512089115169,47.191,12.146,,
Early-demographic dividend,EAR,2005,,,1708.7745101177718,,25.068254059677713,47.462,12.887,,
Early-demographic dividend,EAR,2005,,,1708.7745101177718,,25.068254059677713,49.108,12.887,,
Early-demographic dividend,EAR,2006,18.73088455200195,,1913.659188298184,,24.68189525679778,47.099,13.432,,
Early-demographic dividend,EAR,2007,17.906809806823752,,2159.087615609206,,24.348266049696466,47.286,14.721,,
Early-demographic dividend,EAR,2008,17.3801593780518,,2413.355976237292,,24.102527531129418,46.924,15.545,,
Early-demographic dividend,EAR,2009,,,2493.6867253155465,,23.81301294618861,46.885,16.988,,
Early-demographic dividend,EAR,2010,16.0323505401611,,2719.3459868161394,,23.42400723852301,46.735,17.421,,
Early-demographic dividend,EAR,2010,16.0323505401611,,2719.3459868161394,,23.42400723852301,45.325,17.421,,
Early-demographic dividend,EAR,2011,15.423680305481,,2967.714357849333,,23.09990215572337,46.448,17.558,,
Early-demographic dividend,EAR,2012,16.116702325115853,,3271.8469251596,,22.770030587711886,46.332,19.294,,
Early-demographic dividend,EAR,2012,16.116702325115853,,3271.8469251596,,22.770030587711886,44.59,19.294,,
Early-demographic dividend,EAR,2013,17.2339964069829,,3385.0351234150685,,22.326431215190738,46.256,20.069,,
Early-demographic dividend,EAR,2014,16.4692016361374,,3388.551379063672,,21.740238582085734,46.252,21.073,,
Early-demographic dividend,EAR,2015,16.0845552688873,,3277.712411910373,,21.46649826297715,46.508,22.163,,
Early-demographic dividend,EAR,2016,16.3329776387316,,3226.881711373726,,21.10869158375004,46.659,22.345,,
Early-demographic dividend,EAR,2017,17.0963897705078,,3281.5135892039743,,20.55103514759208,46.851,22.305,,
Early-demographic dividend,EAR,2018,15.71802349359025,,3457.869419288283,,20.231135469088596,47.125,22.79,,
Early-demographic dividend,EAR,2018,15.71802349359025,,3457.869419288283,,20.231135469088596,41.295,22.79,,
Early-demographic dividend,EAR,2019,14.54776932041915,,3526.5941023872315,,19.736785196849056,47.469,22.949,,
Early-demographic dividend,EAR,2019,14.54776932041915,,3526.5941023872315,,19.736785196849056,44.702,22.949,,
Early-demographic dividend,EAR,2020,15.7641649523771,,3253.27590097422,,19.25161495312055,46.885,24.451,,
Early-demographic dividend,EAR,2020,15.7641649523771,,3253.27590097422,,19.25161495312055,44.373,24.451,,
Early-demographic dividend,EAR,2021,15.3480166020191,,3580.838306182341,,18.981941767366962,48.042,24.279,,
Early-demographic dividend,EAR,2021,15.3480166020191,,3580.838306182341,,18.981941767366962,47.09,24.279,,
Early-demographic dividend,EAR,2022,14.1554744728238,,3940.9621848889174,,18.781190761574194,49.103,24.862,,
Early-demographic dividend,EAR,2022,14.1554744728238,,3940.9621848889174,,18.781190761574194,48.489,24.862,,
Early-demographic dividend,EAR,2023,13.2610232294175,,4188.390002302476,,18.561183281299662,49.988,25.137,,
Early-demographic dividend,EAR,2023,13.2610232294175,,4188.390002302476,,18.561183281299662,52.76,25.137,,
Early-demographic dividend,EAR,2024,16.30031520124995,,4303.469584524275,,18.350175072085083,50.502,25.146,,
East Asia & Pacific,EAS,2000,,,3884.435701594943,,15.852662133566128,79.518,16.358,,
East Asia & Pacific,EAS,2000,,,3884.435701594943,,15.852662133566128,79.493,16.358,,
East Asia & Pacific,EAS,2001,,,3971.32956882208,,15.310890863753242,79.168,16.554,,
East Asia & Pacific,EAS,2002,,,3925.970060456484,,14.861903172614962,78.81,17.217,,
East Asia & Pacific,EAS,2003,,,4111.741393049797,,14.480881593075685,78.615,16.07,,
East Asia & Pacific,EAS,2004,,,4626.272436854773,,14.32517145878213,78.302,16.625,,
East Asia & Pacific,EAS,2005,,,5069.006210245665,,14.305692949352634,78.217,16.909,,
East Asia & Pacific,EAS,2006,,,5357.313321541644,,14.135941352081295,78.053,17.286,,
East Asia & Pacific,EAS,2007,,,5726.455141190267,,14.167133789291977,78.229,17.75,,
East Asia & Pacific,EAS,2008,,,6238.690465102888,,14.140503214308948,78.1,17.958,,
East Asia & Pacific,EAS,2009,15.1887102127075,,6590.425603377733,,13.96529747139523,78.011,18.334,,
East Asia & Pacific,EAS,2010,16.222620010376,,7412.525760122836,,13.900890218882246,77.852,17.769,,
East Asia & Pacific,EAS,2010,16.222620010376,,7412.525760122836,,13.900890218882246,78.137,17.769,,
East Asia & Pacific,EAS,2011,15.567989343196551,,8223.329009758638,,14.75151345363881,77.971,17.699,,
East Asia & Pacific,EAS,2012,18.0904197692871,,9192.841084142085,,15.502266958653816,78.088,17.857,,
East Asia & Pacific,EAS,2013,16.703000545501702,,9794.365843418285,,14.395836153648718,78.183,18.827,,
East Asia & Pacific,EAS,2014,15.5285301208496,,10027.864705501252,,14.781607539624327,78.378,18.596,,
East Asia & Pacific,EAS,2015,15.1455329623945,,9917.498947205077,,13.579605251399567,78.56,19.287,,
East Asia & Pacific,EAS,2016,15.3664102554321,,9999.933946046971,,14.326387101301616,78.781,19.426,,
East Asia & Pacific,EAS,2017,14.68800747379675,,10343.009373724259,,13.559101396028359,79.027,19.811,,
East Asia & Pacific,EAS,2018,14.5594902038574,,11222.895047508699,,12.289639234044927,79.395,20.236,,
East Asia & Pacific,EAS,2019,13.4748601913452,,11831.87637621497,,11.874936375646396,79.649,20.504,,
East Asia & Pacific,EAS,2020,13.6221199035644,,11799.165879730333,,10.593887172725188,79.367,21.33,,
East Asia & Pacific,EAS,2021,12.1088399887085,,13027.552131793063,,9.865541205162314,79.94,21.384,,
East Asia & Pacific,EAS,2022,13.24874524848915,,13729.57964611969,,9.330998931927756,80.166,21.928,,
East Asia & Pacific,EAS,2023,12.954080104827849,,13982.482610060608,,9.015277697528399,80.447,22.527,,
East Asia & Pacific,EAS,2024,,,13764.415533985812,,9.182354691176096,80.634,23.016,,
Europe & Central Asia (excluding high income),ECA,2000,11.485135078430151,,1833.305340459481,,16.170730602867454,67.31,6.841,,
Europe & Central Asia (excluding high income),ECA,2001,,,1633.3123692275128,,15.839580520033227,67.583,7.51,,
Europe & Central Asia (excluding high income),ECA,2002,13.99584007263185,,1675.6978864170412,,15.623769067417472,68.19,,,
Europe & Central Asia (excluding high income),ECA,2002,13.99584007263185,,1675.6978864170412,,15.623769067417472,69.44,,,
Europe & Central Asia (excluding high income),ECA,2003,,,1919.659049370369,,15.659711716274657,68.093,7.912,,
Europe & Central Asia (excluding high income),ECA,2003,,,1919.659049370369,,15.659711716274657,69.256,7.912,,
Europe & Central Asia (excluding high income),ECA,2004,13.2457046508789,,2527.1345303329927,,15.988231903309376,67.179,9.475,,
Europe & Central Asia (excluding high income),ECA,2004,13.2457046508789,,2527.1345303329927,,15.988231903309376,70.301,9.475,,
Europe & Central Asia (excluding high income),ECA,2005,13.435620307922349,,3227.98101012656,,16.078540514313353,67.077,9.836,,
Europe & Central Asia (excluding high income),ECA,2005,13.435620307922349,,3227.98101012656,,16.078540514313353,66.973,9.836,,
Europe & Central Asia (excluding high income),ECA,2006,13.4226098060608,,3833.631846044085,,16.454165643966476,67.168,10.862,,
Europe & Central Asia (excluding high income),ECA,2006,13.4226098060608,,3833.631846044085,,16.454165643966476,68.298,10.862,,
Europe & Central Asia (excluding high income),ECA,2007,11.9444704055786,,4562.410992396205,,16.808422633388606,66.727,13.722,,
Europe & Central Asia (excluding high income),ECA,2007,11.9444704055786,,4562.410992396205,,16.808422633388606,64.535,13.722,,
Europe & Central Asia (excluding high income),ECA,2008,,,5302.8204901507215,,17.243211394596294,66.549,13.932,,
Europe & Central Asia (excluding high income),ECA,2008,,,5302.8204901507215,,17.243211394596294,67.557,13.932,,
Europe & Central Asia (excluding high income),ECA,2009,13.24605989456175,,5325.793139737832,,17.24469550505321,66.582,15.096,,
Europe & Central Asia (excluding high income),ECA,2009,13.24605989456175,,5325.793139737832,,17.24469550505321,67.898,15.096,,
Europe & Central Asia (excluding high income),ECA,2010,,,5789.672706424355,,17.132431615090823,66.847,15.203,,
Europe & Central Asia (excluding high income),ECA,2011,12.7295999526978,,6226.154736391028,,17.04269642080611,66.507,16.257,,
Europe & Central Asia (excluding high income),ECA,2011,12.7295999526978,,6226.154736391028,,17.04269642080611,67.404,16.257,,
Europe & Central Asia (excluding high income),ECA,2012,13.25920486450195,,6820.352846137905,,17.30806364013398,66.306,18.101,,
Europe & Central Asia (excluding high income),ECA,2012,13.25920486450195,,6820.352846137905,,17.30806364013398,67.532,18.101,,
Europe & Central Asia (excluding high income),ECA,2013,13.379804611206051,,7406.846264343332,,17.36029997718998,66.08,18.276,,
Europe & Central Asia (excluding high income),ECA,2014,13.32435035705565,,7411.974639824342,,17.639868497238275,65.614,19.239,,
Europe & Central Asia (excluding high income),ECA,2014,13.32435035705565,,7411.974639824342,,17.639868497238275,67.583,19.239,,
Europe & Central Asia (excluding high income),ECA,2015,12.2989859171737,,6953.229677809314,,17.31623199889652,65.557,19.154,,
Europe & Central Asia (excluding high income),ECA,2015,12.2989859171737,,6953.229677809314,,17.31623199889652,70.395,19.154,,
Europe & Central Asia (excluding high income),ECA,2016,13.13157987594605,,6316.046149063397,,16.937344244738004,65.397,20.014,,
Europe & Central Asia (excluding high income),ECA,2016,13.13157987594605,,6316.046149063397,,16.937344244738004,68.571,20.014,,
Europe & Central Asia (excluding high income),ECA,2017,12.9533596038818,,6123.637957630947,,16.31722633141817,65.22,20.833,,
Europe & Central Asia (excluding high income),ECA,2017,12.9533596038818,,6123.637957630947,,16.31722633141817,69.585,20.833,,
Europe & Central Asia (excluding high income),ECA,2018,12.73520469665525,,6134.910232791187,,16.0639720483463,65.022,21.332,,
Europe & Central Asia (excluding high income),ECA,2018,12.73520469665525,,6134.910232791187,,16.0639720483463,66.513,21.332,,
Europe & Central Asia (excluding high income),ECA,2019,13.3578996658325,,6112.381667185137,,15.72772853332386,65.057,23.548,,
Europe & Central Asia (excluding high income),ECA,2019,13.3578996658325,,6112.381667185137,,15.72772853332386,67.734,23.548,,
Europe & Central Asia (excluding high income),ECA,2020,12.7811498641968,,5906.6595110805865,,15.3757771794939,64.585,24.75,,
Europe & Central Asia (excluding high income),ECA,2020,12.7811498641968,,5906.6595110805865,,15.3757771794939,65.222,24.75,,
Europe & Central Asia (excluding high income),ECA,2021,12.6954898834228,,6472.2697759003,,15.186856209263366,64.745,26.424,,
Europe & Central Asia (excluding high income),ECA,2021,12.6954898834228,,6472.2697759003,,15.186856209263366,64.803,26.424,,
Europe & Central Asia (excluding high income),ECA,2022,13.1722602844238,,6931.460384910776,,14.630053374699534,62.995,26.32,,
Europe & Central Asia (excluding high income),ECA,2023,14.6913599967957,,7793.260479524718,,14.219834650185156,63.584,26.185,,
Europe & Central Asia (excluding high income),ECA,2024,17.60996122459165,,8622.876491072886,,13.831986217028538,64.025,27.117,,
Europe & Central Asia,ECS,2000,11.5805702209473,,12521.140413971969,,11.694909492519406,72.624,16.562,,
Europe & Central Asia,ECS,2000,11.5805702209473,,12521.140413971969,,11.694909492519406,73.302,16.562,,
Europe & Central Asia,ECS,2001,12.0893902778626,,12115.947272978376,,11.523646212526383,72.937,16.538,,
Europe & Central Asia,ECS,2001,12.0893902778626,,12115.947272978376,,11.523646212526383,73.922,16.538,,
Europe & Central Asia,ECS,2002,12.0111598968506,,12037.983689380331,,11.549423474625517,73.726,18.335,,
Europe & Central Asia,ECS,2002,12.0111598968506,,12037.983689380331,,11.549423474625517,75.406,18.335,,
Europe & Central Asia,ECS,2003,12.0988101959228,,13622.681433898098,,11.680168387412596,74.095,17.764,,
Europe & Central Asia,ECS,2003,12.0988101959228,,13622.681433898098,,11.680168387412596,75.761,17.764,,
Europe & Central Asia,ECS,2004,12.437940120697,,16577.193522475813,,11.859921173584878,74.25,18.812,,
Europe & Central Asia,ECS,2004,12.437940120697,,16577.193522475813,,11.859921173584878,76.306,18.812,,
Europe & Central Asia,ECS,2005,12.2496995925903,,19223.919710272174,,11.841985343485813,74.567,19.162,,
Europe & Central Asia,ECS,2005,12.2496995925903,,19223.919710272174,,11.841985343485813,76.269,19.162,,
Europe & Central Asia,ECS,2006,12.7120199203491,,20813.74989169211,,12.043281825421456,75.032,19.533,,
Europe & Central Asia,ECS,2006,12.7120199203491,,20813.74989169211,,12.043281825421456,76.784,19.533,,
Europe & Central Asia,ECS,2007,11.9444704055786,,22568.781505279992,,12.334705510594253,75.112,21.01,,
Europe & Central Asia,ECS,2007,11.9444704055786,,22568.781505279992,,12.334705510594253,76.536,21.01,,
Europe & Central Asia,ECS,2008,12.4724502563477,,24587.057211792486,,12.709624917273713,75.03,21.349,,
Europe & Central Asia,ECS,2008,12.4724502563477,,24587.057211792486,,12.709624917273713,76.749,21.349,,
Europe & Central Asia,ECS,2009,11.942720413208,,24371.360508668004,,12.679017783915286,75.54,21.895,,
Europe & Central Asia,ECS,2009,11.942720413208,,24371.360508668004,,12.679017783915286,77.306,21.895,,
Europe & Central Asia,ECS,2010,11.4719696044922,,24616.377759741274,,12.681867670731393,75.656,21.993,,
Europe & Central Asia,ECS,2010,11.4719696044922,,24616.377759741274,,12.681867670731393,77.0,21.993,,
Europe & Central Asia,ECS,2011,11.61483478546145,,25097.70103316804,,12.525297815259531,75.997,22.704,,
Europe & Central Asia,ECS,2011,11.61483478546145,,25097.70103316804,,12.525297815259531,77.86,22.704,,
Europe & Central Asia,ECS,2012,11.7688450813293,,25396.582016958044,,12.657039127554153,76.157,23.751,,
Europe & Central Asia,ECS,2012,11.7688450813293,,25396.582016958044,,12.657039127554153,78.117,23.751,,
Europe & Central Asia,ECS,2013,12.1239099502563,,26117.309225906778,,12.480005259717236,76.249,24.798,,
Europe & Central Asia,ECS,2013,12.1239099502563,,26117.309225906778,,12.480005259717236,78.169,24.798,,
Europe & Central Asia,ECS,2014,11.7028450965881,,26183.818746708843,,12.628458665413358,76.298,25.348,,
Europe & Central Asia,ECS,2014,11.7028450965881,,26183.818746708843,,12.628458665413358,78.537,25.348,,
Europe & Central Asia,ECS,2015,11.821204662323,,24781.85325197246,,12.492269873210367,76.28,25.743,,
Europe & Central Asia,ECS,2015,11.821204662323,,24781.85325197246,,12.492269873210367,78.988,25.743,,
Europe & Central Asia,ECS,2016,12.2832899093628,,23486.362139585115,,12.380164129704324,76.413,26.006,,
Europe & Central Asia,ECS,2016,12.2832899093628,,23486.362139585115,,12.380164129704324,78.753,26.006,,
Europe & Central Asia,ECS,2017,12.04839515686035,,22999.706357021354,,11.898919824425185,76.479,27.385,,
Europe & Central Asia,ECS,2017,12.04839515686035,,22999.706357021354,,11.898919824425185,78.09,27.385,,
Europe & Central Asia,ECS,2018,11.6014895439148,,24586.451508410853,,11.612683514731232,76.536,27.954,,
Europe & Central Asia,ECS,2018,11.6014895439148,,24586.451508410853,,11.612683514731232,77.874,27.954,,
Europe & Central Asia,ECS,2019,12.0098304748535,,25510.859792316256,,11.286859002431534,76.791,29.456,,
Europe & Central Asia,ECS,2019,12.0098304748535,,25510.859792316256,,11.286859002431534,78.087,29.456,,
Europe & Central Asia,ECS,2020,11.594709873199498,,24201.000228755263,,11.013749978760321,76.821,30.294,,
Europe & Central Asia,ECS,2020,11.594709873199498,,24201.000228755263,,11.013749978760321,77.412,30.294,,
Europe & Central Asia,ECS,2021,11.516789913177501,,26945.83539598562,,10.977263578897842,77.22,31.134,,
Europe & Central Asia,ECS,2021,11.516789913177501,,26945.83539598562,,10.977263578897842,78.312,31.134,,
Europe & Central Asia,ECS,2022,11.68499517440795,,28745.420417186233,,10.456690307927506,77.641,30.923,,
Europe & Central Asia,ECS,2022,11.68499517440795,,28745.420417186233,,10.456690307927506,79.028,30.923,,
Europe & Central Asia,ECS,2023,,,29454.538335733425,,10.01775456802156,77.93,31.118,,
Europe & Central Asia,ECS,2023,,,29454.538335733425,,10.01775456802156,79.258,31.118,,
Europe & Central Asia,ECS,2024,,,29916.82406084339,,9.750584430063562,78.19,31.45,,
Europe & Central Asia,ECS,2024,,,29916.82406084339,,9.750584430063562,79.775,31.45,,
Ecuador,ECU,2000,4.95730018615723,,1500.0,56.3,25.645,56.361,14.634,72.0896,
Ecuador,ECU,2000,4.95730018615723,,1500.0,56.3,25.645,56.361,14.634,72.0896,
Ecuador,ECU,2001,,,1490.0,,25.142,57.601,14.634,72.5709,
Ecuador,ECU,2001,,,1490.0,,25.142,64.906,14.634,72.5709,
Ecuador,ECU,2002,,,1650.0,,24.655,58.84,,73.1643,
Ecuador,ECU,2002,,,1650.0,,24.655,66.013,,73.1643,
Ecuador,ECU,2003,,,2010.0,53.5,24.18,60.078,16.0,73.632,
Ecuador,ECU,2003,,,2010.0,53.5,24.18,60.078,16.0,73.632,
Ecuador,ECU,2004,,,2410.0,53.9,23.73,63.892,16.0,73.8676,
Ecuador,ECU,2004,,,2410.0,53.9,23.73,63.893,16.0,73.8676,
Ecuador,ECU,2005,,,2750.0,53.1,23.317,63.035,16.0,73.9092,
Ecuador,ECU,2005,,,2750.0,53.1,23.317,63.035,16.0,73.9092,
Ecuador,ECU,2006,,,3000.0,52.3,22.968,63.096,25.0,74.0104,
Ecuador,ECU,2006,,,3000.0,52.3,22.968,63.096,25.0,74.0104,
Ecuador,ECU,2007,,11.4476299285889,3210.0,53.4,22.604,63.439,25.0,74.2259,
Ecuador,ECU,2007,,11.4476299285889,3210.0,53.4,22.604,63.439,25.0,74.2259,
Ecuador,ECU,2008,,10.9389495849609,3770.0,49.8,22.501,63.917,25.0,74.7085,
Ecuador,ECU,2008,,10.9389495849609,3770.0,49.8,22.501,63.916,25.0,74.7085,
Ecuador,ECU,2009,13.1725702285767,11.0747900009155,3970.0,48.5,22.427,63.128,32.258,74.9011,
Ecuador,ECU,2009,13.1725702285767,11.0747900009155,3970.0,48.5,22.427,63.128,32.258,74.9011,
Ecuador,ECU,2010,12.9965600967407,11.3620500564575,4290.0,48.8,21.887,61.811,32.258,75.1876,
Ecuador,ECU,2010,12.9965600967407,11.3620500564575,4290.0,48.8,21.887,61.811,32.258,75.1876,
Ecuador,ECU,2011,11.976110458374,10.6737604141235,4770.0,45.9,21.78,61.274,32.258,75.1794,
Ecuador,ECU,2011,11.976110458374,10.6737604141235,4770.0,45.9,21.78,61.273,32.258,75.1794,
Ecuador,ECU,2012,10.7788896560669,12.0028495788574,5320.0,46.1,20.944,62.338,32.258,75.4857,0.46230608604520407
Ecuador,ECU,2012,10.7788896560669,12.0028495788574,5320.0,46.1,20.944,62.339,32.258,75.4857,0.46230608604520407
Ecuador,ECU,2013,10.5497703552246,12.7312202453613,5880.0,46.9,19.656,62.763,38.686,75.8322,0.46230608604520407
Ecuador,ECU,2013,10.5497703552246,12.7312202453613,5880.0,46.9,19.656,62.713,38.686,75.8322,0.46230608604520407
Ecuador,ECU,2014,11.3429098129272,11.7284297943115,6190.0,45.0,18.896,61.255,41.606,76.1409,0.4503210645955352
Ecuador,ECU,2014,11.3429098129272,11.7284297943115,6190.0,45.0,18.896,61.154,41.606,76.1409,0.4503210645955352
Ecuador,ECU,2015,11.5806198120117,13.6028995513916,5970.0,46.0,18.357,65.139,41.606,76.2219,0.46865250828898836
Ecuador,ECU,2015,11.5806198120117,13.6028995513916,5970.0,46.0,18.357,65.067,41.606,76.2219,0.46865250828898836
Ecuador,ECU,2016,,13.4826698303223,5750.0,45.0,17.622,69.113,41.606,76.0942,0.45707334249788634
Ecuador,ECU,2016,,13.4826698303223,5750.0,45.0,17.622,69.045,41.606,76.0942,0.45707334249788634
Ecuador,ECU,2017,,13.9573402404785,5930.0,44.7,17.677,69.905,37.956,76.2197,0.4724762906408879
Ecuador,ECU,2017,,13.9573402404785,5930.0,44.7,17.677,69.849,37.956,76.2197,0.4724762906408879
Ecuador,ECU,2018,,,6120.0,45.4,17.523,68.91,37.956,77.2484,0.4724762906408879
Ecuador,ECU,2018,,,6120.0,45.4,17.523,68.874,37.956,77.2484,0.4724762906408879
Ecuador,ECU,2019,10.680290222168,,6100.0,45.7,16.924,69.596,37.956,77.2862,0.4758174582698622
Ecuador,ECU,2019,10.680290222168,,6100.0,45.7,16.924,69.598,37.956,77.2862,0.4758174582698622
Ecuador,ECU,2020,10.5995502471924,13.9266004562378,5410.0,47.3,16.391,66.955,39.416,72.0036,0.4851208594335419
Ecuador,ECU,2020,10.5995502471924,13.9266004562378,5410.0,47.3,16.391,66.973,39.416,72.0036,0.4851208594335419
Ecuador,ECU,2021,9.76185035705566,14.6871795654297,6100.0,45.8,15.882,68.763,39.416,72.7465,0.4847898573988434
Ecuador,ECU,2021,9.76185035705566,14.6871795654297,6100.0,45.8,15.882,68.729,39.416,72.7465,0.4847898573988434
Ecuador,ECU,2022,9.29922962188721,,6550.0,45.5,15.423,69.839,38.686,76.5767,0.48184314073804174
Ecuador,ECU,2022,9.29922962188721,,6550.0,45.5,15.423,69.822,38.686,76.5767,0.48184314073804174
Ecuador,ECU,2023,9.6813497543335,,6590.0,44.6,15.033,68.462,43.066,77.3924,0.47152801539697914
Ecuador,ECU,2023,9.6813497543335,,6590.0,44.6,15.033,68.453,43.066,77.3924,0.47152801539697914
Ecuador,ECU,2024,9.69404983520508,,6430.0,45.2,14.82,68.09,43.066,,0.4621518808448568
Ecuador,ECU,2024,9.69404983520508,,6430.0,45.2,14.82,68.068,43.066,,0.4621518808448568
"Egypt, Arab Rep.",EGY,2000,,,1330.0,,27.392,28.459,1.982,67.3323,
"Egypt, Arab Rep.",EGY,2000,,,1330.0,,27.392,29.869,1.982,67.3323,
"Egypt, Arab Rep.",EGY,2001,,,1350.0,,27.252,29.393,2.423,67.6118,
"Egypt, Arab Rep.",EGY,2001,,,1350.0,,27.252,29.392,2.423,67.6118,
"Egypt, Arab Rep.",EGY,2002,,,1250.0,,27.076,26.813,2.423,67.8456,
"Egypt, Arab Rep.",EGY,2002,,,1250.0,,27.076,26.813,2.423,67.8456,
"Egypt, Arab Rep.",EGY,2003,,,1160.0,,26.866,27.436,2.423,68.0451,
"Egypt, Arab Rep.",EGY,2004,,,1120.0,,26.569,28.074,2.863,68.211,
"Egypt, Arab Rep.",EGY,2005,,,1130.0,,26.566,28.727,1.982,68.3552,
"Egypt, Arab Rep.",EGY,2005,,,1130.0,,26.566,30.717,1.982,68.3552,
"Egypt, Arab Rep.",EGY,2006,,,1230.0,,26.562,29.397,2.036,68.4929,
"Egypt, Arab Rep.",EGY,2006,,,1230.0,,26.562,29.396,2.036,68.4929,
"Egypt, Arab Rep.",EGY,2007,,,1420.0,,26.849,32.302,1.81,68.6266,
"Egypt, Arab Rep.",EGY,2007,,,1420.0,,26.849,32.301,1.81,68.6266,
"Egypt, Arab Rep.",EGY,2008,,,1710.0,,26.976,30.031,1.81,68.7613,
"Egypt, Arab Rep.",EGY,2008,,,1710.0,,26.976,30.03,1.81,68.7613,
"Egypt, Arab Rep.",EGY,2009,,,1970.0,,27.209,31.549,1.762,68.915,
"Egypt, Arab Rep.",EGY,2009,,,1970.0,,27.209,31.55,1.762,68.915,
"Egypt, Arab Rep.",EGY,2010,,,2200.0,,27.491,30.79,12.695,69.0782,
"Egypt, Arab Rep.",EGY,2010,,,2200.0,,27.491,30.79,12.695,69.0782,
"Egypt, Arab Rep.",EGY,2011,,,2380.0,,27.476,30.122,1.969,69.2322,
"Egypt, Arab Rep.",EGY,2011,,,2380.0,,27.476,30.123,1.969,69.2322,
"Egypt, Arab Rep.",EGY,2012,,,2630.0,,28.117,30.314,1.969,69.4643,0.5004071459857224
"Egypt, Arab Rep.",EGY,2012,,,2630.0,,28.117,30.315,1.969,69.4643,0.5004071459857224
"Egypt, Arab Rep.",EGY,2013,,,2810.0,,28.591,31.248,,69.6317,0.5004071459857224
"Egypt, Arab Rep.",EGY,2013,,,2810.0,,28.591,31.247,,69.6317,0.5004071459857224
"Egypt, Arab Rep.",EGY,2014,,,3000.0,,28.393,31.795,,69.9112,0.4545042672915917
"Egypt, Arab Rep.",EGY,2014,,,3000.0,,28.393,31.795,,69.9112,0.4545042672915917
"Egypt, Arab Rep.",EGY,2015,,,3100.0,,28.184,32.145,,70.1346,0.42741102506827056
"Egypt, Arab Rep.",EGY,2015,,,3100.0,,28.184,32.144,,70.1346,0.42741102506827056
"Egypt, Arab Rep.",EGY,2016,,,3200.0,,26.679,32.939,14.933,70.4367,0.3646058799005727
"Egypt, Arab Rep.",EGY,2016,,,3200.0,,26.679,32.94,14.933,70.4367,0.3646058799005727
"Egypt, Arab Rep.",EGY,2017,,,2880.0,,26.1,32.825,14.933,70.7086,0.364268281792827
"Egypt, Arab Rep.",EGY,2017,,,2880.0,,26.1,32.826,14.933,70.7086,0.364268281792827
"Egypt, Arab Rep.",EGY,2018,,,2710.0,,23.592,27.066,14.933,70.9741,0.364268281792827
"Egypt, Arab Rep.",EGY,2018,,,2710.0,,23.592,27.066,14.933,70.9741,0.364268281792827
"Egypt, Arab Rep.",EGY,2019,,,2640.0,,22.267,23.19,14.933,71.2128,0.3576458538052173
"Egypt, Arab Rep.",EGY,2019,,,2640.0,,22.267,23.19,14.933,71.2128,0.3576458538052173
"Egypt, Arab Rep.",EGY,2020,,,2960.0,,22.004,21.336,27.411,69.7897,0.35810525343505833
"Egypt, Arab Rep.",EGY,2020,,,2960.0,,22.004,21.336,27.411,69.7897,0.35810525343505833
"Egypt, Arab Rep.",EGY,2021,,,3470.0,,21.154,22.201,27.703,68.9759,0.3479514666329639
"Egypt, Arab Rep.",EGY,2021,,,3470.0,,21.154,22.2,27.703,68.9759,0.3479514666329639
"Egypt, Arab Rep.",EGY,2022,,,4040.0,,21.091,21.677,27.58,71.0097,0.3526603064355095
"Egypt, Arab Rep.",EGY,2022,,,4040.0,,21.091,21.677,27.58,71.0097,0.3526603064355095
"Egypt, Arab Rep.",EGY,2023,,,3840.0,,21.004,26.136,27.534,71.6335,0.3483462725134664
"Egypt, Arab Rep.",EGY,2023,,,3840.0,,21.004,26.136,27.534,71.6335,0.3483462725134664
"Egypt, Arab Rep.",EGY,2024,,,3510.0,,20.915,26.174,27.703,,0.3508260793293175
"Egypt, Arab Rep.",EGY,2024,,,3510.0,,20.915,33.579,27.703,,0.3508260793293175
Euro area,EMU,2000,11.0332202911377,,21907.816150169427,,10.575242106401051,70.122,19.372,,
Euro area,EMU,2000,11.0332202911377,,21907.816150169427,,10.575242106401051,70.404,19.372,,
Euro area,EMU,2001,11.8278303146362,,21033.48323610556,,10.331413249406442,70.476,19.176,,
Euro area,EMU,2001,11.8278303146362,,21033.48323610556,,10.331413249406442,70.742,19.176,,
Euro area,EMU,2002,11.33931016922,,20538.58858787678,,10.272492646930681,71.311,19.133,,
Euro area,EMU,2002,11.33931016922,,20538.58858787678,,10.272492646930681,71.549,19.133,,
Euro area,EMU,2003,11.304699897766099,,23156.792713280003,,10.287604059794214,72.349,20.69,,
Euro area,EMU,2003,11.304699897766099,,23156.792713280003,,10.287604059794214,72.616,20.69,,
Euro area,EMU,2004,11.2846202850342,,28152.54965767713,,10.355680357416938,72.973,21.705,,
Euro area,EMU,2004,11.2846202850342,,28152.54965767713,,10.355680357416938,73.308,21.705,,
Euro area,EMU,2005,11.4476099014282,,32274.072076139848,,10.25346456548459,73.694,22.145,,
Euro area,EMU,2005,11.4476099014282,,32274.072076139848,,10.25346456548459,74.15,22.145,,
Euro area,EMU,2006,11.8504099845886,,34398.00459786333,,10.352077412066318,74.548,22.994,,
Euro area,EMU,2006,11.8504099845886,,34398.00459786333,,10.352077412066318,75.015,22.994,,
Euro area,EMU,2007,11.52030992507935,,36557.24757436756,,10.344793555899408,75.249,24.524,,
Euro area,EMU,2007,11.52030992507935,,36557.24757436756,,10.344793555899408,75.811,24.524,,
Euro area,EMU,2008,11.32800483703615,,39378.0677946157,,10.52594769757897,75.695,24.821,,
Euro area,EMU,2008,11.32800483703615,,39378.0677946157,,10.52594769757897,76.217,24.821,,
Euro area,EMU,2009,11.2416896820068,,39539.39781102188,,10.352271581783974,76.832,25.396,,
Euro area,EMU,2009,11.2416896820068,,39539.39781102188,,10.352271581783974,77.436,25.396,,
Euro area,EMU,2010,10.8892550468445,,39716.44292127976,,10.330222062481726,77.256,25.262,,
Euro area,EMU,2010,10.8892550468445,,39716.44292127976,,10.330222062481726,77.726,25.262,,
Euro area,EMU,2011,11.14899492263795,,40240.47000885872,,10.125680280241593,78.148,25.972,,
Euro area,EMU,2011,11.14899492263795,,40240.47000885872,,10.125680280241593,78.745,25.972,,
Euro area,EMU,2012,11.302044868469249,,39129.85600747664,,9.967423522247993,78.701,27.303,,
Euro area,EMU,2012,11.302044868469249,,39129.85600747664,,9.967423522247993,79.252,27.303,,
Euro area,EMU,2013,11.126540184021,,39433.22084388029,,9.71894563438853,79.209,29.759,,
Euro area,EMU,2013,11.126540184021,,39433.22084388029,,9.71894563438853,79.804,29.759,,
Euro area,EMU,2014,11.5191698074341,,39441.60496229886,,9.78333289357364,79.716,29.9,,
Euro area,EMU,2014,11.5191698074341,,39441.60496229886,,9.78333289357364,80.307,29.9,,
Euro area,EMU,2015,11.19296503067015,,37752.083556997895,,9.664297204812247,79.92,29.692,,
Euro area,EMU,2015,11.19296503067015,,37752.083556997895,,9.664297204812247,80.489,29.692,,
Euro area,EMU,2016,11.89499998092655,,36418.07052095466,,9.714230533859956,80.333,29.723,,
Euro area,EMU,2016,11.89499998092655,,36418.07052095466,,9.714230533859956,80.926,29.723,,
Euro area,EMU,2017,10.9470100402832,,35888.89297269732,,9.471669705840515,80.541,30.793,,
Euro area,EMU,2017,10.9470100402832,,35888.89297269732,,9.471669705840515,81.158,30.793,,
Euro area,EMU,2018,10.9289703369141,,38911.987071697746,,9.283313161425413,80.632,31.525,,
Euro area,EMU,2018,10.9289703369141,,38911.987071697746,,9.283313161425413,81.257,31.525,,
Euro area,EMU,2019,11.152704715728749,,40351.771234255706,,9.108021113272793,81.036,32.945,,
Euro area,EMU,2019,11.152704715728749,,40351.771234255706,,9.108021113272793,81.75,32.945,,
Euro area,EMU,2020,10.607569694519,,38242.75684242789,,8.890290076006169,81.122,33.765,,
Euro area,EMU,2020,10.607569694519,,38242.75684242789,,8.890290076006169,81.806,33.765,,
Euro area,EMU,2021,10.6934204101562,,42462.215634889384,,9.004963017865647,81.847,34.483,,
Euro area,EMU,2021,10.6934204101562,,42462.215634889384,,9.004963017865647,82.486,34.483,,
Euro area,EMU,2022,10.755105018615751,,44622.00363077337,,8.613580669089743,82.072,34.128,,
Euro area,EMU,2022,10.755105018615751,,44622.00363077337,,8.613580669089743,82.835,34.128,,
Euro area,EMU,2023,,,44789.80338936007,,8.13853665086886,82.566,34.533,,
Euro area,EMU,2023,,,44789.80338936007,,8.13853665086886,83.295,34.533,,
Euro area,EMU,2024,,,44691.47878898034,,7.964888667121769,82.555,33.988,,
Euro area,EMU,2024,,,44691.47878898034,,7.964888667121769,83.265,33.988,,
Eritrea,ERI,2000,,,310.0,,37.969,84.119,14.667,56.2852,
Eritrea,ERI,2001,,,320.0,,36.353,84.373,14.667,58.3587,
Eritrea,ERI,2002,,,310.0,,37.081,84.749,22.0,58.9406,
Eritrea,ERI,2003,,,310.0,,35.894,85.225,22.0,59.4551,
Eritrea,ERI,2004,,,350.0,,37.0,85.693,22.0,60.0625,
Eritrea,ERI,2005,,,410.0,,36.369,85.732,22.0,60.6276,
Eritrea,ERI,2006,,,440.0,,36.179,85.543,22.0,61.4567,
Eritrea,ERI,2007,,,450.0,,34.965,85.395,22.0,61.998,
Eritrea,ERI,2008,,,440.0,,34.136,85.433,22.0,62.422,
Eritrea,ERI,2009,,,520.0,,34.213,85.644,22.0,63.2029,
Eritrea,ERI,2010,,,550.0,,33.453,85.744,22.0,63.6653,
Eritrea,ERI,2011,,,650.0,,33.032,85.996,22.0,64.2314,
Eritrea,ERI,2012,,,,,32.41,86.133,22.0,64.6965,
Eritrea,ERI,2013,,,,,31.702,86.065,22.0,65.005,
Eritrea,ERI,2014,,,,,31.456,86.321,22.0,65.5166,
Eritrea,ERI,2015,,,,,30.554,85.88,22.0,65.9094,
Eritrea,ERI,2016,,,,,30.092,85.919,22.0,66.242,
Eritrea,ERI,2017,,,,,29.551,85.843,22.0,66.6115,
Eritrea,ERI,2018,,,,,29.195,86.238,22.0,66.9787,
Eritrea,ERI,2019,,,,,29.119,86.619,22.0,67.3061,
Eritrea,ERI,2020,,,,,28.872,86.347,,66.9802,
Eritrea,ERI,2021,,,,,28.818,86.87,,66.9396,
Eritrea,ERI,2022,,,,,28.675,86.552,,67.7892,
Eritrea,ERI,2023,,,,,28.544,86.592,,68.6239,
Eritrea,ERI,2024,,,,,28.719,86.604,,,
Spain,ESP,2000,10.6530303955078,,15770.0,34.1,9.8,61.804,28.286,79.4123,
Spain,ESP,2000,10.6530303955078,,15770.0,34.1,9.8,62.069,28.286,79.4123,
Spain,ESP,2001,10.7027397155762,,15530.0,,9.9,60.282,28.286,79.7387,
Spain,ESP,2001,10.7027397155762,,15530.0,,9.9,60.553,28.286,79.7387,
Spain,ESP,2002,10.7009696960449,,15630.0,,10.1,63.443,28.286,79.8177,
Spain,ESP,2002,10.7009696960449,,15630.0,,10.1,63.795,28.286,79.8177,
Spain,ESP,2003,10.8753499984741,,18080.0,31.8,10.4,64.94,28.286,79.7482,
Spain,ESP,2003,10.8753499984741,,18080.0,31.8,10.4,65.312,28.286,79.7482,
Spain,ESP,2004,10.7112703323364,21.7099800109863,22140.0,33.3,10.6,66.626,36.0,80.3283,
Spain,ESP,2004,10.7112703323364,21.7099800109863,22140.0,33.3,10.6,66.988,36.0,80.3283,
Spain,ESP,2005,10.7697601318359,23.3822193145752,25910.0,32.4,10.6,67.905,36.0,80.3196,
Spain,ESP,2005,10.7697601318359,23.3822193145752,25910.0,32.4,10.6,68.265,36.0,80.3196,
Spain,ESP,2006,10.8878297805786,23.6973991394043,27860.0,33.5,10.8,69.547,36.0,80.9627,
Spain,ESP,2006,10.8878297805786,23.6973991394043,27860.0,33.5,10.8,70.064,36.0,80.9627,
Spain,ESP,2007,10.8369398117065,24.2386608123779,29780.0,34.1,10.9,70.925,36.571,80.9696,
Spain,ESP,2007,10.8369398117065,24.2386608123779,29780.0,34.1,10.9,71.5,36.571,80.9696,
Spain,ESP,2008,10.926079750061,24.5520896911621,32270.0,34.2,11.3,72.875,36.286,81.2782,
Spain,ESP,2008,10.926079750061,24.5520896911621,32270.0,34.2,11.3,73.289,36.286,81.2782,
Spain,ESP,2009,10.6249799728394,24.9321708679199,32630.0,34.9,10.6,75.293,36.571,81.627,
Spain,ESP,2009,10.6249799728394,24.9321708679199,32630.0,34.9,10.6,75.859,36.571,81.627,
Spain,ESP,2010,10.548810005188,25.7000102996826,32060.0,35.2,10.4,76.872,36.571,82.0063,
Spain,ESP,2010,10.548810005188,25.7000102996826,32060.0,35.2,10.4,77.482,36.571,82.0063,
Spain,ESP,2011,10.2716302871704,26.5146598815918,31170.0,35.7,10.1,78.372,36.0,82.1804,
Spain,ESP,2011,10.2716302871704,26.5146598815918,31170.0,35.7,10.1,79.031,36.0,82.1804,
Spain,ESP,2012,9.05819034576416,26.9708194732666,29710.0,35.4,9.7,79.931,36.0,82.1905,0.7281308142378928
Spain,ESP,2012,9.05819034576416,26.9708194732666,29710.0,35.4,9.7,80.658,36.0,82.1905,0.7281308142378928
Spain,ESP,2013,9.37672996520996,28.261147599091,29400.0,36.2,9.1,80.403,36.0,82.6943,0.7281308142378928
Spain,ESP,2013,9.37672996520996,28.261147599091,29400.0,36.2,9.1,81.346,36.0,82.6943,0.7281308142378928
Spain,ESP,2014,9.48867034912109,28.9789295196533,29350.0,36.1,9.2,80.817,39.714,82.8283,0.6696335332953455
Spain,ESP,2014,9.48867034912109,28.9789295196533,29350.0,36.1,9.2,81.597,39.714,82.8283,0.6696335332953455
Spain,ESP,2015,9.72698974609375,29.2910804748535,28700.0,36.2,9.0,81.059,41.143,82.6109,0.6976581320231775
Spain,ESP,2015,9.72698974609375,29.2910804748535,28700.0,36.2,9.0,81.939,41.143,82.6109,0.6976581320231775
Spain,ESP,2016,9.95104026794434,29.8358497619629,27760.0,35.8,8.8,81.429,39.143,82.9999,0.7003064370607729
Spain,ESP,2016,9.95104026794434,29.8358497619629,27760.0,35.8,8.8,82.485,39.143,82.9999,0.7003064370607729
Spain,ESP,2017,10.1795501708984,31.621384572039,27290.0,34.7,8.4,81.55,39.143,82.9862,0.7045258223468991
Spain,ESP,2017,10.1795501708984,31.621384572039,27290.0,34.7,8.4,82.417,39.143,82.9862,0.7045258223468991
Spain,ESP,2018,9.99577045440674,31.1615695953369,29530.0,34.7,7.9,81.437,39.143,83.0956,0.7045258223468991
Spain,ESP,2018,9.99577045440674,31.1615695953369,29530.0,34.7,7.9,82.299,39.143,83.0956,0.7045258223468991
Spain,ESP,2019,10.0043096542358,32.9364029387337,30560.0,34.3,7.6,81.942,44.0,83.4794,0.7193142748173958
Spain,ESP,2019,10.0043096542358,32.9364029387337,30560.0,34.3,7.6,83.062,44.0,83.4794,0.7193142748173958
Spain,ESP,2020,9.43229007720947,33.5425910949707,27410.0,34.9,7.2,81.91,44.0,82.2413,0.7283673490439506
Spain,ESP,2020,9.43229007720947,33.5425910949707,27410.0,34.9,7.2,83.111,44.0,82.2413,0.7283673490439506
Spain,ESP,2021,9.72498035430908,35.1448711595995,30380.0,33.9,7.1,83.307,43.429,82.9508,0.7289153914595552
Spain,ESP,2021,9.72498035430908,35.1448711595995,30380.0,33.9,7.1,83.811,43.429,82.9508,0.7289153914595552
Spain,ESP,2022,9.87539005279541,34.7534476751461,32690.0,33.6,6.9,82.806,42.98,82.3661,0.7267480249543649
Spain,ESP,2022,9.87539005279541,34.7534476751461,32690.0,33.6,6.9,83.782,42.98,82.3661,0.7267480249543649
Spain,ESP,2023,,36.0503596549557,32980.0,33.4,6.6,84.232,44.286,83.6703,0.7210938629956952
Spain,ESP,2023,,36.0503596549557,32980.0,33.4,6.6,84.66,44.286,83.6703,0.7210938629956952
Spain,ESP,2024,,,33550.0,,6.5,84.797,44.286,,0.7145684665246717
Spain,ESP,2024,,,33550.0,,6.5,84.479,44.286,,0.7145684665246717
Estonia,EST,2000,14.685040473938,,4170.0,35.8,9.4,79.082,17.822,71.0142,
Estonia,EST,2000,14.685040473938,,4170.0,35.8,9.4,79.203,17.822,71.0142,
Estonia,EST,2001,14.8261499404907,,4310.0,36.0,9.1,79.769,17.822,70.8336,
Estonia,EST,2001,14.8261499404907,,4310.0,36.0,9.1,80.154,17.822,70.8336,
Estonia,EST,2002,15.1506299972534,,4620.0,35.8,9.4,79.68,17.822,71.3637,
Estonia,EST,2002,15.1506299972534,,4620.0,35.8,9.4,79.393,17.822,71.3637,
Estonia,EST,2003,15.0392198562622,,5730.0,37.2,9.5,78.625,18.812,71.923,
Estonia,EST,2003,15.0392198562622,,5730.0,37.2,9.5,78.462,18.812,71.923,
Estonia,EST,2004,14.3060798645019,,7500.0,33.6,10.3,80.889,18.812,72.3751,
Estonia,EST,2004,14.3060798645019,,7500.0,33.6,10.3,80.788,18.812,72.3751,
Estonia,EST,2005,14.2651500701904,,9730.0,33.4,10.6,82.726,18.812,73.0276,
Estonia,EST,2005,14.2651500701904,,9730.0,33.4,10.6,82.604,18.812,73.0276,
Estonia,EST,2006,,,11500.0,33.7,11.0,81.02,18.812,73.1995,
Estonia,EST,2006,,,11500.0,33.7,11.0,80.968,18.812,73.1995,
Estonia,EST,2007,13.6502599716187,,13430.0,31.2,11.8,79.141,20.792,73.1534,
Estonia,EST,2007,13.6502599716187,,13430.0,31.2,11.8,79.113,20.792,73.1534,
Estonia,EST,2008,13.8649301528931,,15190.0,31.9,12.0,79.686,20.792,74.2787,
Estonia,EST,2008,13.8649301528931,,15190.0,31.9,12.0,79.631,20.792,74.2787,
Estonia,EST,2009,12.9280996322632,,14570.0,31.4,11.8,80.522,22.772,75.1519,
Estonia,EST,2009,12.9280996322632,,14570.0,31.4,11.8,80.533,22.772,75.1519,
Estonia,EST,2010,13.5586395263672,,14580.0,32.0,11.9,82.233,22.772,75.8816,
Estonia,EST,2010,13.5586395263672,,14580.0,32.0,11.9,82.294,22.772,75.8816,
Estonia,EST,2011,13.2763795852661,,15900.0,32.5,11.1,81.86,19.802,76.3462,
Estonia,EST,2011,13.2763795852661,,15900.0,32.5,11.1,81.869,19.802,76.3462,
Estonia,EST,2012,11.8632898330688,,16910.0,32.9,10.6,81.183,20.792,76.4159,0.7592823212337553
Estonia,EST,2012,11.8632898330688,,16910.0,32.9,10.6,81.079,20.792,76.4159,0.7592823212337553
Estonia,EST,2013,12.4780702590942,,18370.0,35.1,10.3,81.044,20.792,77.252,0.7592823212337553
Estonia,EST,2013,12.4780702590942,,18370.0,35.1,10.3,81.02,20.792,77.252,0.7592823212337553
Estonia,EST,2014,11.5191698074341,,19210.0,34.6,10.3,79.282,19.0,77.1104,0.7645577089952286
Estonia,EST,2014,11.5191698074341,,19210.0,34.6,10.3,79.254,19.0,77.1104,0.7645577089952286
Estonia,EST,2015,12.8675603866577,,18900.0,32.7,10.6,80.847,23.762,77.665,0.7898990747462179
Estonia,EST,2015,12.8675603866577,,18900.0,32.7,10.6,81.05,23.762,77.665,0.7898990747462179
Estonia,EST,2016,12.9944200515747,,18640.0,31.2,10.7,80.34,23.762,77.7631,0.7876180058149642
Estonia,EST,2016,12.9944200515747,,18640.0,31.2,10.7,80.527,23.762,77.7631,0.7876180058149642
Estonia,EST,2017,12.51416015625,,19140.0,30.4,10.5,80.839,26.733,78.1814,0.7984860736207542
Estonia,EST,2017,12.51416015625,,19140.0,30.4,10.5,81.083,26.733,78.1814,0.7984860736207542
Estonia,EST,2018,13.2388801574707,,21600.0,30.3,10.9,81.018,26.733,78.3339,0.7984860736207542
Estonia,EST,2018,13.2388801574707,,21600.0,30.3,10.9,81.255,26.733,78.3339,0.7984860736207542
Estonia,EST,2019,13.2011098861694,,23490.0,30.8,10.6,82.073,29.703,78.7728,0.806870579383274
Estonia,EST,2019,13.2011098861694,,23490.0,30.8,10.6,82.291,29.703,78.7728,0.806870579383274
Estonia,EST,2020,12.1634101867676,,23580.0,30.7,9.9,81.842,28.713,78.8929,0.8071282574634323
Estonia,EST,2020,12.1634101867676,,23580.0,30.7,9.9,81.997,28.713,78.8929,0.8071282574634323
Estonia,EST,2021,12.3894596099853,,26490.0,31.8,10.0,83.286,25.743,77.4095,0.8067004148828267
Estonia,EST,2021,12.3894596099853,,26490.0,31.8,10.0,83.384,25.743,77.4095,0.8067004148828267
Estonia,EST,2022,13.0291900634766,,27580.0,32.3,8.6,84.953,25.743,78.1674,0.8165748261475662
Estonia,EST,2022,13.0291900634766,,27580.0,32.3,8.6,84.945,25.743,78.1674,0.8165748261475662
Estonia,EST,2023,,,27650.0,30.7,8.0,86.241,28.713,79.1535,0.8166897090964182
Estonia,EST,2023,,,27650.0,30.7,8.0,86.662,28.713,79.1535,0.8166897090964182
Estonia,EST,2024,,,28880.0,,7.1,87.252,29.703,,0.8170561525163944
Estonia,EST,2024,,,28880.0,,7.1,87.827,29.703,,0.8170561525163944
Ethiopia,ETH,2000,14.9077301025391,,120.0,,45.59,82.993,7.692,50.8802,
Ethiopia,ETH,2001,14.4617700576782,,120.0,,44.987,82.95,7.678,51.4276,
Ethiopia,ETH,2002,16.1877498626709,,120.0,,44.264,82.962,7.678,52.0851,
Ethiopia,ETH,2003,,,110.0,,43.334,83.014,7.678,52.8773,
Ethiopia,ETH,2004,,,130.0,,42.712,83.09,7.678,53.7349,
Ethiopia,ETH,2005,,,160.0,,42.104,83.187,21.429,54.364,
Ethiopia,ETH,2005,,,160.0,,42.104,83.186,21.429,54.364,
Ethiopia,ETH,2006,23.9753799438477,,180.0,,41.086,83.285,21.928,55.4017,
Ethiopia,ETH,2007,24.6994495391846,,210.0,,40.054,83.387,21.928,56.5665,
Ethiopia,ETH,2008,26.3557300567627,,270.0,,38.886,83.49,21.928,57.7325,
Ethiopia,ETH,2009,23.5837497711182,,330.0,,37.538,83.598,21.928,58.715,
Ethiopia,ETH,2010,26.3040409088135,,370.0,,36.571,83.709,27.788,59.7094,
Ethiopia,ETH,2011,29.674430847168,,380.0,,35.671,83.821,27.788,60.5947,
Ethiopia,ETH,2012,30.5395393371582,,400.0,,34.563,83.939,27.788,61.4426,0.4212157849150955
Ethiopia,ETH,2013,27.0210990905762,,450.0,,33.644,84.059,27.788,62.1613,0.4212157849150955
Ethiopia,ETH,2013,27.0210990905762,,450.0,,33.644,84.058,27.788,62.1613,0.4212157849150955
Ethiopia,ETH,2014,25.9183807373047,,530.0,,33.408,82.907,27.788,62.9272,0.4200448932119574
Ethiopia,ETH,2015,22.3498306099001,,570.0,,33.331,81.705,38.757,63.592,0.4100288398837832
Ethiopia,ETH,2016,23.0133628237675,,620.0,,33.329,80.446,38.757,64.1624,0.3931578808239721
Ethiopia,ETH,2017,23.3241718657101,,670.0,,33.222,79.131,38.757,64.7659,0.37995643923957195
Ethiopia,ETH,2018,22.991757345067,,730.0,,33.394,77.738,38.757,65.2573,0.37995643923957195
Ethiopia,ETH,2019,20.9222025193983,,790.0,,33.549,76.263,38.757,65.7413,0.38944991056823247
Ethiopia,ETH,2020,22.4477192882845,,820.0,,33.31,74.445,38.757,65.9688,0.41128521183795846
Ethiopia,ETH,2021,23.5620427455929,,880.0,,32.876,72.733,42.588,65.3299,0.4073285611102465
Ethiopia,ETH,2021,23.5620427455929,,880.0,,32.876,72.732,42.588,65.3299,0.4073285611102465
Ethiopia,ETH,2022,23.0064025033357,,960.0,,32.413,73.304,41.489,66.8971,0.39285608677771916
Ethiopia,ETH,2023,18.3326177345032,,1030.0,,31.903,73.633,41.314,67.315,0.38053132154438696
Ethiopia,ETH,2024,16.6954473535013,,1100.0,,31.469,74.174,41.314,,0.3712885120501373
European Union,EUU,2000,11.0332202911377,,18483.350145823122,,10.460129308518564,71.785,19.574,,
European Union,EUU,2000,11.0332202911377,,18483.350145823122,,10.460129308518564,72.389,19.574,,
European Union,EUU,2001,11.322305202484099,,17807.530048766468,,10.21820251780453,72.195,19.55,,
European Union,EUU,2001,11.322305202484099,,17807.530048766468,,10.21820251780453,72.75,19.55,,
European Union,EUU,2002,10.9223499298096,,17494.80766372392,,10.140548988913391,72.797,20.283,,
European Union,EUU,2002,10.9223499298096,,17494.80766372392,,10.140548988913391,73.219,20.283,,
European Union,EUU,2003,11.63733959198,,19782.818203175033,,10.156616598682108,73.54,21.378,,
European Union,EUU,2003,11.63733959198,,19782.818203175033,,10.156616598682108,73.929,21.378,,
European Union,EUU,2004,11.7034401893616,,24085.89349220488,,10.248175728541039,73.987,22.072,,
European Union,EUU,2004,11.7034401893616,,24085.89349220488,,10.248175728541039,74.4,22.072,,
European Union,EUU,2005,11.7196998596191,,27725.930578034615,,10.215985111636755,74.46,22.178,,
European Union,EUU,2005,11.7196998596191,,27725.930578034615,,10.215985111636755,74.936,22.178,,
European Union,EUU,2006,12.2838201522827,,29714.301024992754,,10.343095407291237,75.118,22.885,,
European Union,EUU,2006,12.2838201522827,,29714.301024992754,,10.343095407291237,75.612,22.885,,
European Union,EUU,2007,11.3483295440674,,31780.874243486905,,10.378152414624436,75.649,23.877,,
European Union,EUU,2007,11.3483295440674,,31780.874243486905,,10.378152414624436,76.167,23.877,,
European Union,EUU,2008,11.410249710083,,34523.37143186406,,10.624497675399576,75.968,24.154,,
European Union,EUU,2008,11.410249710083,,34523.37143186406,,10.624497675399576,76.377,24.154,,
European Union,EUU,2009,11.1813549995422,,34696.141003918936,,10.478054085396542,76.777,24.468,,
European Union,EUU,2009,11.1813549995422,,34696.141003918936,,10.478054085396542,77.369,24.468,,
European Union,EUU,2010,11.0278196334839,,34932.440652052755,,10.432756306774996,77.238,24.377,,
European Union,EUU,2010,11.0278196334839,,34932.440652052755,,10.432756306774996,77.608,24.377,,
European Union,EUU,2011,10.9618196487427,,35433.59618831885,,10.13106217240312,78.003,25.113,,
European Union,EUU,2011,10.9618196487427,,35433.59618831885,,10.13106217240312,78.509,25.113,,
European Union,EUU,2012,11.1955099105835,,34677.16938571691,,10.015845476789018,78.479,26.038,,
European Union,EUU,2012,11.1955099105835,,34677.16938571691,,10.015845476789018,78.947,26.038,,
European Union,EUU,2013,11.4398002624512,,35049.83027942023,,9.749255478706427,78.853,27.682,,
European Union,EUU,2013,11.4398002624512,,35049.83027942023,,9.749255478706427,79.349,27.682,,
European Union,EUU,2014,11.414760112762451,,35111.23060835321,,9.861819816469273,79.211,28.241,,
European Union,EUU,2014,11.414760112762451,,35111.23060835321,,9.861819816469273,79.696,28.241,,
European Union,EUU,2015,11.1296854019165,,33663.61188349114,,9.757106738805549,79.374,28.267,,
European Union,EUU,2015,11.1296854019165,,33663.61188349114,,9.757106738805549,79.793,28.267,,
European Union,EUU,2016,11.6558198928833,,32465.905859863014,,9.863391807582468,79.678,28.286,,
European Union,EUU,2016,11.6558198928833,,32465.905859863014,,9.863391807582468,80.12,28.286,,
European Union,EUU,2017,11.0439596176147,,32079.962013541335,,9.723324975131424,79.862,29.79,,
European Union,EUU,2017,11.0439596176147,,32079.962013541335,,9.723324975131424,80.322,29.79,,
European Union,EUU,2018,11.0197949409485,,34873.671876905806,,9.516145364188402,79.948,30.516,,
European Union,EUU,2018,11.0197949409485,,34873.671876905806,,9.516145364188402,80.407,30.516,,
European Union,EUU,2019,11.1711702346802,,36310.07855984308,,9.33480478849753,80.18,31.817,,
European Union,EUU,2019,11.1711702346802,,36310.07855984308,,9.33480478849753,80.705,31.817,,
European Union,EUU,2020,10.585855007171599,,34671.90219099209,,9.119784497953916,80.138,32.407,,
European Union,EUU,2020,10.585855007171599,,34671.90219099209,,9.119784497953916,80.634,32.407,,
European Union,EUU,2021,10.648755073547349,,38569.312143061536,,9.176316666544944,80.812,32.721,,
European Union,EUU,2021,10.648755073547349,,38569.312143061536,,9.176316666544944,81.292,32.721,,
European Union,EUU,2022,10.6821203231812,,40626.44887194614,,8.706647184384448,81.198,32.579,,
European Union,EUU,2022,10.6821203231812,,40626.44887194614,,8.706647184384448,81.803,32.579,,
European Union,EUU,2023,,,40917.51294517991,,8.168795413492406,81.726,32.954,,
European Union,EUU,2023,,,40917.51294517991,,8.168795413492406,82.248,32.954,,
European Union,EUU,2024,,,41062.25589543379,,7.909046177921672,81.819,32.56,,
European Union,EUU,2024,,,41062.25589543379,,7.909046177921672,82.442,32.56,,
Finland,FIN,2000,12.1709203720093,,26470.0,27.2,11.0,84.952,36.5,77.6713,
Finland,FIN,2000,12.1709203720093,,26470.0,27.2,11.0,85.104,36.5,77.6713,
Finland,FIN,2001,12.6344499588013,,25840.0,,10.8,85.654,36.5,78.1423,
Finland,FIN,2001,12.6344499588013,,25840.0,,10.8,85.542,36.5,78.1423,
Finland,FIN,2002,12.6825304031372,,25610.0,,10.7,86.421,36.5,78.27,
Finland,FIN,2002,12.6825304031372,,25610.0,,10.7,86.258,36.5,78.27,
Finland,FIN,2003,12.7759704589844,,28790.0,27.7,10.9,86.105,37.5,78.5334,
Finland,FIN,2003,12.7759704589844,,28790.0,27.7,10.9,86.08,37.5,78.5334,
Finland,FIN,2004,12.7789602279663,,35370.0,27.9,11.0,86.726,37.5,78.8458,
Finland,FIN,2004,12.7789602279663,,35370.0,27.9,11.0,86.627,37.5,78.8458,
Finland,FIN,2005,12.2496995925903,,40230.0,27.6,11.0,87.436,37.5,78.9711,
Finland,FIN,2005,12.2496995925903,,40230.0,27.6,11.0,87.306,37.5,78.9711,
Finland,FIN,2006,12.2838201522827,30.300628040462,42830.0,28.0,11.2,87.784,38.0,79.373,
Finland,FIN,2006,12.2838201522827,30.300628040462,42830.0,28.0,11.2,87.665,38.0,79.373,
Finland,FIN,2007,12.1499500274658,31.184409881022,46190.0,28.3,11.1,88.01,41.5,79.3911,
Finland,FIN,2007,12.1499500274658,31.184409881022,46190.0,28.3,11.1,87.879,41.5,79.3911,
Finland,FIN,2008,12.1785898208618,32.3550034227444,50160.0,27.8,11.2,87.313,41.5,79.695,
Finland,FIN,2008,12.1785898208618,32.3550034227444,50160.0,27.8,11.2,87.145,41.5,79.695,
Finland,FIN,2009,11.942720413208,32.9328085269499,48950.0,27.5,11.3,88.7,40.0,79.831,
Finland,FIN,2009,11.942720413208,32.9328085269499,48950.0,27.5,11.3,88.636,40.0,79.831,
Finland,FIN,2010,12.0410404205322,33.0673975314549,49750.0,27.7,11.4,87.617,40.0,80.0116,
Finland,FIN,2010,12.0410404205322,33.0673975314549,49750.0,27.7,11.4,87.436,40.0,80.0116,
Finland,FIN,2011,11.993260383606,34.7128626823827,50200.0,27.6,11.1,86.942,42.5,80.3916,
Finland,FIN,2011,11.993260383606,34.7128626823827,50200.0,27.6,11.1,86.802,42.5,80.3916,
Finland,FIN,2012,12.8759498596191,35.3136445768963,48820.0,27.1,11.0,87.971,42.5,80.5076,0.8693909852000233
Finland,FIN,2012,12.8759498596191,35.3136445768963,48820.0,27.1,11.0,87.91,42.5,80.5076,0.8693909852000233
Finland,FIN,2013,12.5255098342896,34.354549407959,49390.0,27.2,10.7,88.436,42.5,80.869,0.8693909852000233
Finland,FIN,2013,12.5255098342896,34.354549407959,49390.0,27.2,10.7,88.211,42.5,80.869,0.8693909852000233
Finland,FIN,2014,12.3875398635864,34.8222808837891,49210.0,26.8,10.5,88.689,42.5,81.0546,0.8373290680830443
Finland,FIN,2014,12.3875398635864,34.8222808837891,49210.0,26.8,10.5,88.72,42.5,81.0546,0.8373290680830443
Finland,FIN,2015,12.686710357666,35.0964317321777,46860.0,27.1,10.1,88.969,41.5,81.3775,0.8667616061831064
Finland,FIN,2015,12.686710357666,35.0964317321777,46860.0,27.1,10.1,88.998,41.5,81.3775,0.8667616061831064
Finland,FIN,2016,12.5376996994019,39.6492608468938,45160.0,27.1,9.6,88.296,41.5,81.3029,0.875995449140492
Finland,FIN,2016,12.5376996994019,39.6492608468938,45160.0,27.1,9.6,88.188,41.5,81.3029,0.875995449140492
Finland,FIN,2017,12.1255102157593,36.2037696838379,44520.0,27.4,9.1,88.098,42.0,81.4967,0.8721332388512401
Finland,FIN,2017,12.1255102157593,36.2037696838379,44520.0,27.4,9.1,88.09,42.0,81.4967,0.8721332388512401
Finland,FIN,2018,11.9958200454712,40.9936173890936,47900.0,27.3,8.6,88.282,42.0,81.6265,0.8721332388512401
Finland,FIN,2018,11.9958200454712,40.9936173890936,47900.0,27.3,8.6,88.497,42.0,81.6265,0.8721332388512401
Finland,FIN,2019,12.2682104110718,37.5727500915527,49590.0,27.7,8.3,88.618,47.0,81.8643,0.8749164804004791
Finland,FIN,2019,12.2682104110718,37.5727500915527,49590.0,27.7,8.3,88.453,47.0,81.8643,0.8749164804004791
Finland,FIN,2020,11.8351697921753,42.73804179674,49630.0,27.1,8.4,88.053,46.0,81.8219,0.874277981882805
Finland,FIN,2020,11.8351697921753,42.73804179674,49630.0,27.1,8.4,87.876,46.0,81.8219,0.874277981882805
Finland,FIN,2021,11.9451198577881,39.5137405395508,52810.0,27.7,9.0,87.731,46.0,81.8137,0.8777834451884273
Finland,FIN,2021,11.9451198577881,39.5137405395508,52810.0,27.7,9.0,88.189,46.0,81.8137,0.8777834451884273
Finland,FIN,2022,12.1127700805664,39.6287949355556,54120.0,27.9,8.1,89.917,45.5,81.2435,0.8707964443527102
Finland,FIN,2022,12.1127700805664,39.6287949355556,54120.0,27.9,8.1,90.637,45.5,81.2435,0.8707964443527102
Finland,FIN,2023,,40.3022795249719,52990.0,27.4,7.8,91.021,46.0,81.9102,0.8746572942738545
Finland,FIN,2023,,40.3022795249719,52990.0,27.4,7.8,91.726,46.0,81.9102,0.8746572942738545
Finland,FIN,2024,,,51650.0,,7.8,89.734,46.0,,0.8746967868565796
Finland,FIN,2024,,,51650.0,,7.8,90.338,46.0,,0.8746967868565796
Fiji,FJI,2000,21.7585906982422,,2150.0,,24.328,47.453,,66.1937,
Fiji,FJI,2001,19.6386394500732,,2050.0,,24.272,46.887,5.714,66.2047,
Fiji,FJI,2002,21.0378093719482,,2050.0,,24.339,46.323,5.714,65.4923,
Fiji,FJI,2003,,,2270.0,,24.265,45.762,5.714,65.6531,
Fiji,FJI,2004,23.7491493225098,,2820.0,,24.128,45.203,8.451,65.8405,
Fiji,FJI,2005,20.2661304473877,,3320.0,,24.003,44.647,8.451,65.9826,
Fiji,FJI,2005,20.2661304473877,,3320.0,,24.003,44.647,8.451,65.9826,
Fiji,FJI,2006,20.8432903289795,,3350.0,,23.964,46.637,,66.1258,
Fiji,FJI,2007,23.1704006195068,,3510.0,,23.716,48.658,,66.1612,
Fiji,FJI,2007,23.1704006195068,,3510.0,,23.716,50.551,,66.1612,
Fiji,FJI,2008,17.3697204589844,,3730.0,,23.293,50.703,,66.3199,
Fiji,FJI,2009,15.8536195755005,,3620.0,,22.839,52.767,,66.3466,
Fiji,FJI,2010,,,3450.0,,22.328,54.845,,66.7782,
Fiji,FJI,2011,15.2347898483276,,3570.0,,21.76,56.932,,66.8803,
Fiji,FJI,2011,15.2347898483276,,3570.0,,21.76,56.932,,66.8803,
Fiji,FJI,2012,16.7089696894799,,3910.0,,21.583,56.063,,65.8121,
Fiji,FJI,2013,14.3003902435303,,4460.0,,21.495,55.219,,66.5446,
Fiji,FJI,2014,16.1755757682398,,4740.0,,21.291,54.4,14.0,66.5808,
Fiji,FJI,2014,16.1755757682398,,4740.0,,21.291,54.399,14.0,66.5808,
Fiji,FJI,2015,17.3918548537011,,4820.0,,20.998,52.206,16.0,66.4798,
Fiji,FJI,2016,15.1698868550921,,5010.0,,20.55,50.069,16.0,66.657,
Fiji,FJI,2016,15.1698868550921,,5010.0,,20.55,50.069,16.0,66.657,
Fiji,FJI,2017,16.817186928258,,5120.0,,20.029,50.183,16.0,67.0596,
Fiji,FJI,2018,14.9348119384389,,5690.0,,19.601,50.277,19.608,66.9645,
Fiji,FJI,2019,16.8336992311715,,5570.0,,19.226,50.268,19.608,67.0088,
Fiji,FJI,2020,16.6401383541374,,4560.0,,18.828,50.053,19.608,66.924,
Fiji,FJI,2021,13.5591081164019,,4380.0,,18.55,50.143,21.569,64.9039,
Fiji,FJI,2022,12.6465342556156,,5250.0,,18.242,49.864,19.608,67.1481,
Fiji,FJI,2023,14.629110484794,,5670.0,,17.996,50.157,10.909,67.3157,
Fiji,FJI,2024,14.700035614954,,5820.0,,17.864,50.277,9.091,,
Fiji,FJI,2024,14.700035614954,,5820.0,,17.864,53.09,9.091,,
France,FRA,2000,,,24950.0,32.6,13.3,77.448,10.919,79.0438,
France,FRA,2000,,,24950.0,32.6,13.3,77.983,10.919,79.0438,
France,FRA,2001,,,23800.0,32.5,13.1,77.283,10.919,79.2208,
France,FRA,2001,,,23800.0,32.5,13.1,77.917,10.919,79.2208,
France,FRA,2002,,,23040.0,31.8,12.9,77.178,12.132,79.4109,
France,FRA,2002,,,23040.0,31.8,12.9,77.956,12.132,79.4109,
France,FRA,2003,,,25900.0,31.4,12.8,79.177,12.195,79.419,
France,FRA,2003,,,25900.0,31.4,12.8,79.804,12.195,79.419,
France,FRA,2004,,19.9048099517822,31340.0,30.6,12.8,79.081,12.195,80.3363,
France,FRA,2004,,19.9048099517822,31340.0,30.6,12.8,79.662,12.195,80.3363,
France,FRA,2005,,20.6372795104981,35870.0,29.8,12.8,80.359,12.195,80.3367,
France,FRA,2005,,20.6372795104981,35870.0,29.8,12.8,81.132,12.195,80.3367,
France,FRA,2006,,,37920.0,29.7,13.1,80.832,12.195,80.7449,
France,FRA,2006,,,37920.0,29.7,13.1,81.514,12.195,80.7449,
France,FRA,2007,,22.6165199279785,40200.0,32.4,12.8,81.619,18.198,80.9602,
France,FRA,2007,,22.6165199279785,40200.0,32.4,12.8,82.293,18.198,80.9602,
France,FRA,2008,,23.0357608795166,43580.0,33.0,12.9,81.796,18.198,81.0392,
France,FRA,2008,,23.0357608795166,43580.0,33.0,12.9,82.629,18.198,81.0392,
France,FRA,2009,,22.5689392089844,44090.0,32.7,12.8,82.298,18.891,81.1635,
France,FRA,2009,,22.5689392089844,44090.0,32.7,12.8,83.138,18.891,81.1635,
France,FRA,2010,,24.5197200775146,44040.0,33.7,12.9,82.614,18.891,81.4047,
France,FRA,2010,,24.5197200775146,44040.0,33.7,12.9,83.415,18.891,81.4047,
France,FRA,2011,,25.2229690551758,44610.0,33.3,12.7,82.896,18.891,81.781,
France,FRA,2011,,25.2229690551758,44610.0,33.3,12.7,83.713,18.891,81.781,
France,FRA,2012,,26.0628604888916,43500.0,33.1,12.6,82.935,26.863,81.739,0.7638798487503524
France,FRA,2012,,26.0628604888916,43500.0,33.1,12.6,83.797,26.863,81.739,0.7638798487503524
France,FRA,2013,,27.3704700469971,43950.0,32.5,12.4,83.192,26.863,81.9786,0.7638798487503524
France,FRA,2013,,27.3704700469971,43950.0,32.5,12.4,83.996,26.863,81.9786,0.7638798487503524
France,FRA,2014,,28.6629791259766,43470.0,32.3,12.4,83.68,26.17,82.4366,0.7421595817873928
France,FRA,2014,,28.6629791259766,43470.0,32.3,12.4,84.667,26.17,82.4366,0.7421595817873928
France,FRA,2015,,30.495080947876,41130.0,32.7,12.0,83.913,26.17,82.1487,0.7516598418225131
France,FRA,2015,,30.495080947876,41130.0,32.7,12.0,84.787,26.17,82.1487,0.7516598418225131
France,FRA,2016,,29.6249599456787,39020.0,31.9,11.8,84.157,26.17,82.4008,0.7198562038154728
France,FRA,2016,,29.6249599456787,39020.0,31.9,11.8,85.12,26.17,82.4008,0.7198562038154728
France,FRA,2017,,30.2273502349854,38120.0,31.6,11.5,83.925,38.995,82.4385,0.738109393259783
France,FRA,2017,,30.2273502349854,38120.0,31.6,11.5,84.982,38.995,82.4385,0.738109393259783
France,FRA,2018,,31.609806728064,40960.0,32.4,11.3,84.4,39.583,82.5682,0.738109393259783
France,FRA,2018,,31.609806728064,40960.0,32.4,11.3,85.412,39.583,82.5682,0.738109393259783
France,FRA,2019,,32.3046112060547,42720.0,31.2,11.2,84.835,39.688,82.7304,0.736548333549551
France,FRA,2019,,32.3046112060547,42720.0,31.2,11.2,85.901,39.688,82.7304,0.736548333549551
France,FRA,2020,,33.8622229007345,39690.0,30.7,10.9,85.003,39.515,82.1993,0.7272230118564906
France,FRA,2020,,33.8622229007345,39690.0,30.7,10.9,86.082,39.515,82.1993,0.7272230118564906
France,FRA,2021,,35.9849270237138,44300.0,31.5,10.9,86.212,39.515,82.3216,0.7207668050076173
France,FRA,2021,,35.9849270237138,44300.0,31.5,10.9,87.261,39.515,82.3216,0.7207668050076173
France,FRA,2022,,36.7356450911516,46010.0,31.2,10.7,86.197,37.262,82.4753,0.7307955398763429
France,FRA,2022,,36.7356450911516,46010.0,31.2,10.7,87.275,37.262,82.4753,0.7307955398763429
France,FRA,2023,,37.4195254038379,45770.0,31.8,9.9,86.688,37.782,83.3253,0.7280618488966639
France,FRA,2023,,37.4195254038379,45770.0,31.8,9.9,87.834,37.782,83.3253,0.7280618488966639
France,FRA,2024,,,45160.0,,9.7,86.438,36.049,,0.7247432014865005
France,FRA,2024,,,45160.0,,9.7,87.374,36.049,,0.7247432014865005
Faroe Islands,FRO,2000,,,,,15.3,,,78.2507,
Faroe Islands,FRO,2001,,,,,13.7,,,78.3251,
Faroe Islands,FRO,2002,,,,,15.1,,,78.3664,
Faroe Islands,FRO,2003,,,,,14.8,,,78.386,
Faroe Islands,FRO,2004,,,,,14.8,,,78.3755,
Faroe Islands,FRO,2005,,,,,14.7,,,78.365,
Faroe Islands,FRO,2006,,,,,13.8,,,78.3887,
Faroe Islands,FRO,2007,,,,,14.0,,,78.4389,
Faroe Islands,FRO,2008,,,,,13.8,,,78.5182,
Faroe Islands,FRO,2009,,,,,12.7,,,78.6199,
Faroe Islands,FRO,2010,,,49050.0,,13.2,,,78.7314,
Faroe Islands,FRO,2011,,,53420.0,,12.0,,,78.8897,
Faroe Islands,FRO,2012,,,56500.0,,12.8,,,79.0224,
Faroe Islands,FRO,2013,,,59530.0,,13.0,,,79.1536,
Faroe Islands,FRO,2014,,,60430.0,,13.3,,,79.2999,
Faroe Islands,FRO,2015,,,57670.0,,12.5,,,79.4259,
Faroe Islands,FRO,2016,,,57410.0,,13.8,,,79.5745,
Faroe Islands,FRO,2017,,,57920.0,,13.2,,,79.6943,
Faroe Islands,FRO,2018,,,62910.0,,13.6,,,79.8121,
Faroe Islands,FRO,2019,,,66010.0,,13.3,,,79.9058,
Faroe Islands,FRO,2020,,,64200.0,,13.1,,,79.9822,
Faroe Islands,FRO,2021,,,70040.0,,13.0,,,79.7923,
Faroe Islands,FRO,2022,,,72960.0,,11.8,,,79.2637,
Faroe Islands,FRO,2023,,,73400.0,,10.6,,,80.1792,
Faroe Islands,FRO,2024,,,73070.0,,10.8,,,,
"Micronesia, Fed. Sts.",FSM,2000,,,2090.0,,32.151,,0.0,64.3173,
"Micronesia, Fed. Sts.",FSM,2001,,,2120.0,,31.445,,0.0,64.8013,
"Micronesia, Fed. Sts.",FSM,2002,,,2120.0,,30.474,,0.0,63.9075,
"Micronesia, Fed. Sts.",FSM,2003,,,2220.0,,29.593,,0.0,64.9148,
"Micronesia, Fed. Sts.",FSM,2004,,,2280.0,,28.966,,0.0,64.8985,
"Micronesia, Fed. Sts.",FSM,2005,,,2390.0,,28.391,,0.0,64.9065,
"Micronesia, Fed. Sts.",FSM,2006,,,2390.0,,27.762,,0.0,64.8588,
"Micronesia, Fed. Sts.",FSM,2007,,,2400.0,,27.095,,0.0,64.8437,
"Micronesia, Fed. Sts.",FSM,2008,,,2420.0,,26.413,,0.0,64.8489,
"Micronesia, Fed. Sts.",FSM,2009,,,2640.0,,25.821,,0.0,64.8652,
"Micronesia, Fed. Sts.",FSM,2010,,,2720.0,,25.211,,0.0,64.8919,
"Micronesia, Fed. Sts.",FSM,2011,,,2910.0,,24.742,,0.0,64.9685,
"Micronesia, Fed. Sts.",FSM,2012,,,3020.0,,24.37,,0.0,65.0802,
"Micronesia, Fed. Sts.",FSM,2013,,,3080.0,,24.03,,0.0,65.1786,
"Micronesia, Fed. Sts.",FSM,2014,,,3070.0,,23.781,68.084,0.0,65.294,
"Micronesia, Fed. Sts.",FSM,2015,,,3440.0,,23.573,,0.0,65.3065,
"Micronesia, Fed. Sts.",FSM,2016,,,3390.0,,23.352,,0.0,65.5757,
"Micronesia, Fed. Sts.",FSM,2017,,,3440.0,,23.169,,0.0,65.7612,
"Micronesia, Fed. Sts.",FSM,2018,,,3400.0,,23.056,,0.0,65.9427,
"Micronesia, Fed. Sts.",FSM,2019,,,4050.0,,22.891,,0.0,66.1957,
"Micronesia, Fed. Sts.",FSM,2020,,,3990.0,,22.693,,0.0,65.8776,
"Micronesia, Fed. Sts.",FSM,2021,,,4040.0,,22.686,,7.143,66.1516,
"Micronesia, Fed. Sts.",FSM,2022,,,4050.0,,22.509,,7.143,66.9606,
"Micronesia, Fed. Sts.",FSM,2023,,,4130.0,,22.299,,14.286,67.1983,
"Micronesia, Fed. Sts.",FSM,2024,,,4240.0,,22.318,,15.385,,
Gabon,GAB,2000,17.7064895629883,,2980.0,,33.429,64.427,9.167,61.8098,
Gabon,GAB,2001,,,3290.0,,33.228,64.96,9.167,61.9818,
Gabon,GAB,2002,,,3460.0,,33.076,65.444,9.244,62.1752,
Gabon,GAB,2003,,,3700.0,,32.869,66.024,9.244,62.4627,
Gabon,GAB,2004,,,4110.0,,32.748,66.552,9.244,62.6944,
Gabon,GAB,2005,,,5240.0,,32.682,67.12,9.244,62.978,
Gabon,GAB,2005,,,5240.0,,32.682,78.69,9.244,62.978,
Gabon,GAB,2006,,,5450.0,,32.612,67.488,12.5,63.2589,
Gabon,GAB,2007,,,6240.0,,32.585,68.114,16.667,63.6186,
Gabon,GAB,2008,,,6920.0,,32.617,68.391,16.667,64.0109,
Gabon,GAB,2009,,,7170.0,,32.869,68.7,14.655,64.3612,
Gabon,GAB,2010,13.3304195404053,,7420.0,,33.031,69.135,14.655,64.7148,
Gabon,GAB,2010,13.3304195404053,,7420.0,,33.031,68.621,14.655,64.7148,
Gabon,GAB,2011,13.5340795516968,,7680.0,,33.011,69.491,14.167,65.1016,
Gabon,GAB,2012,12.5822696685791,,8610.0,,32.49,69.756,15.789,65.4384,
Gabon,GAB,2013,8.73756980895996,,8870.0,,31.919,70.027,15.789,65.7506,
Gabon,GAB,2014,11.225489616394,,8880.0,,31.384,70.203,15.0,66.0698,
Gabon,GAB,2015,11.6105217333224,,7610.0,,31.085,70.277,14.167,66.3361,
Gabon,GAB,2016,10.3015422456439,,6770.0,,30.983,70.18,14.167,66.5832,
Gabon,GAB,2017,15.2766716935965,,6230.0,,30.774,69.942,17.094,66.8163,
Gabon,GAB,2018,14.6146271384588,,6540.0,,30.537,69.701,,67.0426,
Gabon,GAB,2019,14.0744772919358,,6870.0,,30.146,69.598,17.91,67.3369,
Gabon,GAB,2020,15.7641649523771,,6820.0,,29.541,69.453,14.789,67.0725,
Gabon,GAB,2021,15.3551631854332,,7000.0,,28.938,69.95,16.197,67.0715,
Gabon,GAB,2022,13.8033786137402,,7430.0,,28.3,68.912,15.385,67.713,0.39095852997867064
Gabon,GAB,2023,13.5658233667537,,7760.0,,27.666,68.978,24.49,68.3367,0.3920421272750752
Gabon,GAB,2024,,,7790.0,,27.127,69.175,25.51,,0.3968026140441523
United Kingdom,GBR,2000,11.8517503738403,,29550.0,38.9,11.5,76.98,18.361,77.8491,
United Kingdom,GBR,2000,11.8517503738403,,29550.0,38.9,11.5,77.182,18.361,77.8491,
United Kingdom,GBR,2001,12.0821504592896,,29190.0,37.1,11.3,77.528,17.906,78.1208,
United Kingdom,GBR,2001,12.0821504592896,,29190.0,37.1,11.3,77.741,17.906,78.1208,
United Kingdom,GBR,2002,13.3061599731445,,29260.0,35.1,11.3,78.513,17.906,78.237,
United Kingdom,GBR,2002,13.3061599731445,,29260.0,35.1,11.3,78.683,17.906,78.237,
United Kingdom,GBR,2003,13.3586597442627,,32370.0,34.9,11.7,78.163,17.906,78.3302,
United Kingdom,GBR,2003,13.3586597442627,,32370.0,34.9,11.7,78.283,17.906,78.3302,
United Kingdom,GBR,2004,12.7254400253296,,37910.0,34.8,11.9,79.192,18.058,78.8998,
United Kingdom,GBR,2004,12.7254400253296,,37910.0,34.8,11.9,79.269,18.058,78.8998,
United Kingdom,GBR,2005,12.9602899551392,,42840.0,35.5,12.0,79.502,19.659,79.1061,
United Kingdom,GBR,2005,12.9602899551392,,42840.0,35.5,12.0,79.634,19.659,79.1061,
United Kingdom,GBR,2006,12.9464797973633,,44960.0,35.9,12.3,79.866,19.659,79.3474,
United Kingdom,GBR,2006,12.9464797973633,,44960.0,35.9,12.3,80.004,19.659,79.3474,
United Kingdom,GBR,2007,12.819169998169,,47640.0,34.4,12.6,79.634,19.505,79.5337,
United Kingdom,GBR,2007,12.819169998169,,47640.0,34.4,12.6,79.813,19.505,79.5337,
United Kingdom,GBR,2008,12.7018404006958,,48720.0,35.4,12.9,79.885,19.505,79.6554,
United Kingdom,GBR,2008,12.7018404006958,,48720.0,35.4,12.9,80.087,19.505,79.6554,
United Kingdom,GBR,2009,12.3606395721435,,44370.0,35.1,12.7,80.778,19.505,80.1556,
United Kingdom,GBR,2009,12.3606395721435,,44370.0,35.1,12.7,81.015,19.505,80.1556,
United Kingdom,GBR,2010,12.7691202163696,,42010.0,33.7,12.9,81.062,22.0,80.3908,
United Kingdom,GBR,2010,12.7691202163696,,42010.0,33.7,12.9,81.345,22.0,80.3908,
United Kingdom,GBR,2011,12.4644603729248,,41240.0,33.2,12.8,81.521,22.308,80.7961,
United Kingdom,GBR,2011,12.4644603729248,,41240.0,33.2,12.8,81.812,22.308,80.7961,
United Kingdom,GBR,2012,,,41940.0,33.1,12.8,81.719,22.462,80.8594,0.7825026495888378
United Kingdom,GBR,2012,,,41940.0,33.1,12.8,82.023,22.462,80.8594,0.7825026495888378
United Kingdom,GBR,2013,12.6864099502563,,42960.0,32.7,12.1,82.58,22.462,80.9232,0.7825026495888378
United Kingdom,GBR,2013,12.6864099502563,,42960.0,32.7,12.1,82.84,22.462,80.9232,0.7825026495888378
United Kingdom,GBR,2014,13.3875503540039,,44780.0,33.1,12.0,83.017,22.615,81.1529,0.7792390436335979
United Kingdom,GBR,2014,13.3875503540039,,44780.0,33.1,12.0,83.248,22.615,81.1529,0.7792390436335979
United Kingdom,GBR,2015,13.4870100021362,,44630.0,33.3,11.9,83.289,29.385,80.919,0.8000031404784088
United Kingdom,GBR,2015,13.4870100021362,,44630.0,33.3,11.9,83.503,29.385,80.919,0.8000031404784088
United Kingdom,GBR,2016,13.427209854126,,43310.0,33.1,11.8,83.879,29.584,81.0675,0.8113551989309511
United Kingdom,GBR,2016,13.427209854126,,43310.0,33.1,11.8,84.125,29.584,81.0675,0.8113551989309511
United Kingdom,GBR,2017,13.7579402923584,,42140.0,32.6,11.4,84.43,32.0,81.164,0.8094273864444882
United Kingdom,GBR,2017,13.7579402923584,,42140.0,32.6,11.4,84.719,32.0,81.164,0.8094273864444882
United Kingdom,GBR,2018,13.2917604446411,,42540.0,33.7,11.0,84.608,32.154,81.1229,0.8094273864444882
United Kingdom,GBR,2018,13.2917604446411,,42540.0,33.7,11.0,84.927,32.154,81.1229,0.8094273864444882
United Kingdom,GBR,2019,13.5348701477051,,43640.0,32.8,10.645,86.036,32.0,81.4426,0.8023871469284701
United Kingdom,GBR,2019,13.5348701477051,,43640.0,32.8,10.645,86.388,32.0,81.4426,0.8023871469284701
United Kingdom,GBR,2020,14.0322599411011,,39340.0,32.7,10.204,86.86,33.846,80.3854,0.7887926116118521
United Kingdom,GBR,2020,14.0322599411011,,39340.0,32.7,10.204,87.264,33.846,80.3854,0.7887926116118521
United Kingdom,GBR,2021,11.8168001174927,,45870.0,32.4,10.241,87.74,34.259,80.708,0.7853998515166649
United Kingdom,GBR,2021,11.8168001174927,,45870.0,32.4,10.241,88.192,34.259,80.708,0.7853998515166649
United Kingdom,GBR,2022,,,49720.0,,10.1,87.011,34.568,81.0744,0.7877440337347904
United Kingdom,GBR,2022,,,49720.0,,10.1,87.53,34.568,81.0744,0.7877440337347904
United Kingdom,GBR,2023,,,48830.0,,10.023,86.338,34.615,81.3015,0.784222156854433
United Kingdom,GBR,2023,,,48830.0,,10.023,87.315,34.615,81.3015,0.784222156854433
United Kingdom,GBR,2024,,,49470.0,,9.892,87.344,40.462,,0.7849804611446007
United Kingdom,GBR,2024,,,49470.0,,9.892,88.762,40.462,,0.7849804611446007
Georgia,GEO,2000,12.5407199859619,,790.0,40.5,12.452,83.913,7.234,70.0909,
Georgia,GEO,2000,12.5407199859619,,790.0,40.5,12.452,73.642,7.234,70.0909,
Georgia,GEO,2001,12.3619604110718,,780.0,39.6,12.248,83.286,7.234,70.3705,
Georgia,GEO,2001,12.3619604110718,,780.0,39.6,12.248,76.733,7.234,70.3705,
Georgia,GEO,2002,13.6035099029541,48.3394203186035,840.0,37.2,12.206,82.686,7.234,70.438,
Georgia,GEO,2002,13.6035099029541,48.3394203186035,840.0,37.2,12.206,73.947,7.234,70.438,
Georgia,GEO,2003,12.4929399490356,,990.0,36.6,12.132,81.684,7.234,71.3766,
Georgia,GEO,2003,12.4929399490356,,990.0,36.6,12.132,75.618,7.234,71.3766,
Georgia,GEO,2004,15.0367603302002,,1210.0,36.2,12.326,81.169,9.362,71.0115,
Georgia,GEO,2004,15.0367603302002,,1210.0,36.2,12.326,76.713,9.362,71.0115,
Georgia,GEO,2005,11.1812496185303,,1520.0,37.4,12.563,80.43,9.362,70.6895,
Georgia,GEO,2005,11.1812496185303,,1520.0,37.4,12.563,75.976,9.362,70.6895,
Georgia,GEO,2006,12.8953895568848,,1910.0,36.9,12.906,79.796,9.362,70.9829,
Georgia,GEO,2006,12.8953895568848,,1910.0,36.9,12.906,74.238,9.362,70.9829,
Georgia,GEO,2007,9.48665046691895,,2380.0,38.1,13.591,79.114,9.362,70.9852,
Georgia,GEO,2007,9.48665046691895,,2380.0,38.1,13.591,75.034,9.362,70.9852,
Georgia,GEO,2008,8.93760013580322,,2820.0,38.5,14.697,78.986,6.0,70.9494,
Georgia,GEO,2008,8.93760013580322,,2820.0,38.5,14.697,72.699,6.0,70.9494,
Georgia,GEO,2009,8.99825000762939,,2950.0,38.2,15.939,79.12,5.109,71.0578,
Georgia,GEO,2009,8.99825000762939,,2950.0,38.2,15.939,71.518,5.109,71.0578,
Georgia,GEO,2010,8.18535815123577,,3220.0,39.5,15.638,78.812,6.522,71.7318,
Georgia,GEO,2010,8.18535815123577,,3220.0,39.5,15.638,72.506,6.522,71.7318,
Georgia,GEO,2011,9.26943016052246,,3580.0,39.6,14.987,78.5,6.569,72.4846,
Georgia,GEO,2011,9.26943016052246,,3580.0,39.6,14.987,71.863,6.569,72.4846,
Georgia,GEO,2012,6.70775985717773,49.6711807250977,4250.0,39.0,14.856,78.297,12.0,72.6721,0.6332675492021892
Georgia,GEO,2012,6.70775985717773,49.6711807250977,4250.0,39.0,14.856,71.897,12.0,72.6721,0.6332675492021892
Georgia,GEO,2013,9.55353370115153,56.231895194525,4680.0,38.6,15.065,78.182,12.0,73.0247,0.6332675492021892
Georgia,GEO,2013,9.55353370115153,56.231895194525,4680.0,38.6,15.065,70.815,12.0,73.0247,0.6332675492021892
Georgia,GEO,2014,9.66660503771528,49.4118804931641,4850.0,37.6,16.09,78.119,12.0,73.1051,0.603828163972426
Georgia,GEO,2014,9.66660503771528,49.4118804931641,4850.0,37.6,16.09,71.84,12.0,73.1051,0.603828163972426
Georgia,GEO,2015,10.129154395962,56.6638114241936,4500.0,36.5,16.021,78.08,11.333,73.241,0.6590164152857906
Georgia,GEO,2015,10.129154395962,56.6638114241936,4500.0,36.5,16.021,73.524,11.333,73.241,0.6590164152857906
Georgia,GEO,2016,12.6661996841431,51.034538269043,4180.0,36.6,15.818,78.051,16.0,73.1358,0.6582770893888882
Georgia,GEO,2016,12.6661996841431,51.034538269043,4180.0,36.6,15.818,71.75,16.0,73.1358,0.6582770893888882
Georgia,GEO,2017,12.9533596038818,59.2362289428711,4130.0,37.9,14.905,78.033,16.0,73.4347,0.6107865925987175
Georgia,GEO,2017,12.9533596038818,59.2362289428711,4130.0,37.9,14.905,78.033,16.0,73.4347,0.6107865925987175
Georgia,GEO,2018,12.9514999389648,57.9514686582899,4580.0,36.4,14.334,75.504,16.0,73.9847,0.6107865925987175
Georgia,GEO,2018,12.9514999389648,57.9514686582899,4580.0,36.4,14.334,75.504,16.0,73.9847,0.6107865925987175
Georgia,GEO,2019,13.3578996658325,57.004451751709,4780.0,35.9,13.588,75.102,14.765,74.1649,0.6087182667745364
Georgia,GEO,2019,13.3578996658325,57.004451751709,4780.0,35.9,13.588,75.102,14.765,74.1649,0.6087182667745364
Georgia,GEO,2020,10.3446787622305,55.1197047604292,4330.0,34.5,13.053,75.301,20.667,73.5094,0.6021514022599317
Georgia,GEO,2020,10.3446787622305,55.1197047604292,4330.0,34.5,13.053,75.3,20.667,73.5094,0.6021514022599317
Georgia,GEO,2021,11.5247602462769,54.334284560371,4760.0,34.2,12.881,75.117,19.333,71.6353,0.6053622121151395
Georgia,GEO,2021,11.5247602462769,54.334284560371,4760.0,34.2,12.881,76.183,19.333,71.6353,0.6053622121151395
Georgia,GEO,2022,13.1722602844238,54.0724792480469,5690.0,33.5,11.612,76.087,19.048,74.1409,0.6019864615331734
Georgia,GEO,2022,13.1722602844238,54.0724792480469,5690.0,33.5,11.612,75.768,19.048,74.1409,0.6019864615331734
Georgia,GEO,2023,12.496190071106,53.7755895454522,6710.0,34.8,11.494,76.577,18.44,74.4965,0.6037545451743024
Georgia,GEO,2023,12.496190071106,53.7755895454522,6710.0,34.8,11.494,76.141,18.44,74.4965,0.6037545451743024
Georgia,GEO,2024,12.2066941472686,52.8601188659668,8110.0,33.9,11.289,76.997,22.667,,0.5956362567403845
Georgia,GEO,2024,12.2066941472686,52.8601188659668,8110.0,33.9,11.289,78.216,22.667,,0.5956362567403845
Ghana,GHA,2000,,,330.0,,35.898,90.418,,58.1392,
Ghana,GHA,2000,,,330.0,,35.898,94.73,,58.1392,
Ghana,GHA,2001,15.7411098480225,,290.0,,35.62,90.237,9.0,58.403,
Ghana,GHA,2002,,,270.0,,35.223,90.057,9.0,58.7086,
Ghana,GHA,2003,,,310.0,,34.779,89.875,9.0,59.0141,
Ghana,GHA,2004,22.3792495727539,,370.0,,34.282,89.694,10.87,59.3159,
Ghana,GHA,2005,23.4299602508545,,450.0,,34.403,89.511,10.87,59.6381,
Ghana,GHA,2006,24.161979675293,,570.0,,33.877,89.33,10.87,59.9753,
Ghana,GHA,2006,24.161979675293,,570.0,,33.877,95.177,10.87,59.9753,
Ghana,GHA,2007,22.3170204162598,,770.0,,33.223,89.147,10.87,60.2822,
Ghana,GHA,2008,24.0375003814697,,1120.0,,32.789,88.964,7.895,60.5785,
Ghana,GHA,2009,22.4951305389404,,1160.0,,32.585,88.781,8.261,60.9278,
Ghana,GHA,2010,20.6961402893066,,1200.0,,32.672,88.597,8.261,61.2974,
Ghana,GHA,2010,20.6961402893066,,1200.0,,32.672,95.825,8.261,61.2974,
Ghana,GHA,2011,30.6343097686768,,1350.0,,32.685,88.414,8.261,61.6169,
Ghana,GHA,2012,26.5813903808594,,1490.0,,32.519,88.23,,61.9954,0.5873810619300226
Ghana,GHA,2013,21.2222099304199,,1790.0,,32.219,88.045,10.909,62.3969,0.5873810619300226
Ghana,GHA,2013,21.2222099304199,,1790.0,,32.219,93.352,10.909,62.3969,0.5873810619300226
Ghana,GHA,2014,20.9851398468018,,1830.0,,31.547,88.234,10.909,62.8321,0.5698513821662243
Ghana,GHA,2015,23.8087997436523,,1880.0,,31.114,88.47,10.909,63.1749,0.5991405453564446
Ghana,GHA,2015,23.8087997436523,,1880.0,,31.114,88.471,10.909,63.1749,0.5991405453564446
Ghana,GHA,2016,22.0933208465576,,1760.0,,30.172,88.679,10.909,63.5216,0.5785769522017092
Ghana,GHA,2017,20.0976390838623,,1830.0,,28.926,88.929,12.727,63.829,0.5927186633522735
Ghana,GHA,2017,20.0976390838623,,1830.0,,28.926,94.61,12.727,63.829,0.5927186633522735
Ghana,GHA,2018,18.5981693267822,,2060.0,,28.388,89.012,12.727,64.1382,0.5927186633522735
Ghana,GHA,2019,14.2717185267026,,2170.0,,27.891,89.09,13.091,64.4554,0.5770186138784015
Ghana,GHA,2020,13.6294748829413,,2250.0,,27.43,88.713,13.091,64.3089,0.5659018250110208
Ghana,GHA,2021,12.1674144053659,,2300.0,,27.034,88.848,14.545,64.2862,0.5534343119765303
Ghana,GHA,2021,12.1674144053659,,2300.0,,27.034,83.5,14.545,64.2862,0.5534343119765303
Ghana,GHA,2022,13.1793045277004,,2400.0,,26.596,88.452,14.545,65.246,0.5519759710497253
Ghana,GHA,2022,13.1793045277004,,2400.0,,26.596,94.839,14.545,65.246,0.5519759710497253
Ghana,GHA,2023,,,2280.0,,26.31,88.614,14.545,65.4979,0.5489999240258274
Ghana,GHA,2024,,,2310.0,,25.92,89.261,14.545,,0.5475778643934084
Gibraltar,GIB,2000,,,,,14.723,,,80.1446,
Gibraltar,GIB,2001,,,,,14.107,73.002,,80.4187,
Gibraltar,GIB,2002,,,,,11.162,,,80.5898,
Gibraltar,GIB,2003,,,,,10.776,,,80.7126,
Gibraltar,GIB,2004,,,,,11.086,,,80.8559,
Gibraltar,GIB,2005,,,,,11.462,,,80.9906,
Gibraltar,GIB,2006,,,,,11.733,,,81.1033,
Gibraltar,GIB,2007,,,,,12.024,,,81.2695,
Gibraltar,GIB,2008,,,,,12.322,,,81.5414,
Gibraltar,GIB,2009,,,,,12.428,,,81.8073,
Gibraltar,GIB,2010,7.96277066350702,,,,12.551,,,82.0797,
Gibraltar,GIB,2011,5.93010765120719,,,,12.629,,,82.3334,
Gibraltar,GIB,2012,4.72002283342756,,,,12.734,,,82.5267,
Gibraltar,GIB,2013,5.35553550602099,,,,13.284,,,82.5861,
Gibraltar,GIB,2014,6.23995507095586,,,,13.127,,,82.6444,
Gibraltar,GIB,2015,7.03128364344241,,,,12.993,,,82.6682,
Gibraltar,GIB,2016,8.01170959504777,,,,12.042,,,82.741,
Gibraltar,GIB,2017,7.62687268144891,,,,12.023,,,82.8576,
Gibraltar,GIB,2018,7.75997539575426,,,,12.0,,,83.0279,
Gibraltar,GIB,2019,7.36537988033103,,,,11.975,,,83.1834,
Gibraltar,GIB,2020,7.68057194049974,,,,11.984,,,83.0698,
Gibraltar,GIB,2021,7.13664449331123,,,,12.0,,,80.2743,
Gibraltar,GIB,2022,7.82075632582232,,,,12.026,,,83.5167,
Gibraltar,GIB,2023,7.93787253264524,,,,12.07,,,83.553,
Gibraltar,GIB,2024,9.4819334929474,,,,12.205,,,,
Guinea,GIN,2000,15.2369203567505,,580.0,,41.833,95.804,8.772,52.4197,
Guinea,GIN,2001,10.3699197769165,,530.0,,41.318,95.033,8.772,52.669,
Guinea,GIN,2002,13.2051401138306,,500.0,,40.56,94.604,,53.2002,
Guinea,GIN,2002,13.2051401138306,,500.0,,40.56,94.605,,53.2002,
Guinea,GIN,2003,11.6490497589111,,500.0,,40.284,93.014,19.298,53.5891,
Guinea,GIN,2004,12.3493995666504,,550.0,,40.244,91.4,19.298,53.9748,
Guinea,GIN,2005,10.9662103652954,,530.0,,40.411,89.768,19.298,54.4217,
Guinea,GIN,2006,,,500.0,,40.307,88.114,19.298,54.8753,
Guinea,GIN,2007,,,530.0,,40.207,86.444,19.298,55.2331,
Guinea,GIN,2008,15.6947803497315,,610.0,,40.08,84.759,,55.7034,
Guinea,GIN,2009,13.6039304733276,,660.0,,39.928,83.06,,56.052,
Guinea,GIN,2010,12.4387702941894,,680.0,,39.635,81.349,,56.4305,
Guinea,GIN,2011,14.2724199295044,,670.0,,39.165,79.63,,56.7776,
Guinea,GIN,2012,9.69552040100098,,680.0,,38.7,77.902,,57.1169,
Guinea,GIN,2013,14.1452102661133,,680.0,,38.379,76.168,,57.4588,
Guinea,GIN,2014,12.0756196975708,,730.0,,38.046,74.432,21.93,57.5815,
Guinea,GIN,2014,12.0756196975708,,730.0,,38.046,65.075,21.93,57.5815,
Guinea,GIN,2015,11.6095399856567,,740.0,,37.767,72.693,21.93,57.8986,
Guinea,GIN,2016,15.831259727478,,760.0,,37.414,70.954,21.93,58.49,
Guinea,GIN,2017,13.4363498687744,,800.0,,36.891,69.219,21.93,58.7151,
Guinea,GIN,2018,14.9808397293091,,860.0,,36.329,67.486,21.93,59.0434,
Guinea,GIN,2019,12.4843502044678,,970.0,,35.952,65.762,22.807,59.3785,0.4360556730560039
Guinea,GIN,2019,12.4843502044678,,970.0,,35.952,65.762,22.807,59.3785,0.4360556730560039
Guinea,GIN,2020,14.3359003067017,,1030.0,,35.518,65.763,16.667,59.3499,0.41909433842205474
Guinea,GIN,2021,11.5016680422659,,1120.0,,34.983,65.637,,59.3728,0.41319484086757013
Guinea,GIN,2022,11.9496957293769,,1280.0,,34.381,66.699,29.63,60.4316,0.40989861294948604
Guinea,GIN,2023,10.0269182759838,,1340.0,,33.848,67.319,29.63,60.7405,0.41300720845605127
Guinea,GIN,2024,9.29380350181851,,1440.0,,33.325,67.786,29.63,,0.4107994494233924
"Gambia, The",GMB,2000,11.921799659729,,560.0,,41.055,88.234,2.041,56.8994,
"Gambia, The",GMB,2001,8.2052698135376,,510.0,,40.517,88.957,2.041,57.2832,
"Gambia, The",GMB,2002,10.9475202560425,,410.0,,40.027,87.481,5.66,57.7361,
"Gambia, The",GMB,2003,8.46883964538574,,360.0,,39.728,88.446,13.208,58.2232,
"Gambia, The",GMB,2004,5.02954006195068,,430.0,,39.709,89.46,13.208,58.7491,
"Gambia, The",GMB,2005,5.34417009353638,,480.0,,39.686,88.171,13.208,59.1098,
"Gambia, The",GMB,2006,5.36076021194458,,600.0,,39.884,87.333,13.208,59.667,
"Gambia, The",GMB,2007,7.2975001335144,,650.0,,39.537,87.349,9.434,60.0014,
"Gambia, The",GMB,2008,18.8817100524902,,750.0,,39.151,88.117,9.434,60.4734,
"Gambia, The",GMB,2009,13.293740272522,,820.0,,38.941,88.995,7.547,60.7348,
"Gambia, The",GMB,2010,17.6112308502197,,830.0,,38.872,89.705,7.547,61.1675,
"Gambia, The",GMB,2011,15.118330001831,,710.0,,38.808,86.877,7.547,61.5612,
"Gambia, The",GMB,2012,13.7955303192139,,710.0,,38.814,87.399,7.547,61.9,
"Gambia, The",GMB,2012,13.7955303192139,,710.0,,38.814,72.708,7.547,61.9,
"Gambia, The",GMB,2013,10.5854196548462,,680.0,,38.097,87.372,7.547,62.2525,
"Gambia, The",GMB,2014,11.7523202896118,,600.0,,36.907,86.335,9.434,62.5759,
"Gambia, The",GMB,2015,11.0329303741455,,590.0,,35.746,86.631,9.434,62.9713,
"Gambia, The",GMB,2016,10.4499597549438,,590.0,,34.593,86.456,9.434,63.3862,
"Gambia, The",GMB,2017,15.4411375607626,,620.0,,33.451,86.978,10.345,63.7076,
"Gambia, The",GMB,2018,12.444580078125,,680.0,,32.324,88.092,10.345,64.0339,
"Gambia, The",GMB,2018,12.444580078125,,680.0,,32.324,84.07,10.345,64.0339,
"Gambia, The",GMB,2019,16.8520454483021,,720.0,,31.921,89.009,10.345,64.4275,
"Gambia, The",GMB,2020,14.2760600158847,,720.0,,31.525,88.555,8.621,64.4183,0.5034018461369965
"Gambia, The",GMB,2021,15.6218187612312,,760.0,,31.171,89.243,8.621,63.8475,0.4876461816484097
"Gambia, The",GMB,2022,17.1251741785773,,830.0,,30.771,90.013,8.621,64.859,0.48740342674777687
"Gambia, The",GMB,2023,18.6955495729083,,870.0,,30.429,90.625,8.621,65.8603,0.4880343050644366
"Gambia, The",GMB,2023,18.6955495729083,,870.0,,30.429,90.625,8.621,65.8603,0.4880343050644366
"Gambia, The",GMB,2024,15.1034721791599,,880.0,,29.857,91.509,,,0.4899861006015324
Guinea-Bissau,GNB,2000,,,410.0,,42.346,75.935,7.843,50.5646,
Guinea-Bissau,GNB,2001,,,350.0,,41.794,76.166,7.843,51.0536,
Guinea-Bissau,GNB,2002,,,330.0,,41.564,76.387,7.843,51.6083,
Guinea-Bissau,GNB,2003,,,360.0,,41.296,76.595,,52.186,
Guinea-Bissau,GNB,2004,,,410.0,,40.801,76.808,14.0,52.7998,
Guinea-Bissau,GNB,2005,,,470.0,,40.571,77.002,14.0,52.9489,
Guinea-Bissau,GNB,2006,,,470.0,,40.253,77.159,14.0,54.0885,
Guinea-Bissau,GNB,2007,,,480.0,,40.016,77.322,14.0,54.8705,
Guinea-Bissau,GNB,2008,,,540.0,,39.348,77.51,10.0,55.3,
Guinea-Bissau,GNB,2009,,,590.0,,38.748,77.729,10.0,56.2974,
Guinea-Bissau,GNB,2010,,,620.0,,38.308,77.966,10.0,56.9992,
Guinea-Bissau,GNB,2011,,,660.0,,38.019,78.199,10.0,57.6626,
Guinea-Bissau,GNB,2012,,,630.0,,37.577,78.437,14.0,58.27,
Guinea-Bissau,GNB,2013,,,660.0,,37.082,78.694,14.0,58.8789,
Guinea-Bissau,GNB,2014,,,660.0,,36.096,78.985,13.725,59.476,
Guinea-Bissau,GNB,2015,,,670.0,,35.199,79.329,13.725,60.0708,
Guinea-Bissau,GNB,2016,,,670.0,,34.217,79.724,13.725,60.6187,
Guinea-Bissau,GNB,2017,,,710.0,,33.036,80.199,13.725,61.1484,
Guinea-Bissau,GNB,2018,,,750.0,,32.374,80.752,13.725,61.6516,
Guinea-Bissau,GNB,2018,,,750.0,,32.374,80.753,13.725,61.6516,
Guinea-Bissau,GNB,2019,,,850.0,,31.848,81.644,13.725,62.1612,
Guinea-Bissau,GNB,2019,,,850.0,,31.848,84.879,13.725,62.1612,
Guinea-Bissau,GNB,2020,,,860.0,,31.406,82.757,13.725,61.343,
Guinea-Bissau,GNB,2021,,,910.0,,30.969,84.011,13.725,61.6528,
Guinea-Bissau,GNB,2022,,,960.0,,30.458,85.685,13.725,63.6045,
Guinea-Bissau,GNB,2022,,,960.0,,30.458,85.685,13.725,63.6045,
Guinea-Bissau,GNB,2023,,,990.0,,30.037,86.11,9.804,64.0849,
Guinea-Bissau,GNB,2024,,,990.0,,29.56,86.471,9.804,,
Equatorial Guinea,GNQ,2000,,,660.0,,40.795,74.504,5.0,53.3952,
Equatorial Guinea,GNQ,2001,,,760.0,,40.426,75.494,5.0,53.8271,
Equatorial Guinea,GNQ,2002,,,1050.0,,40.174,76.692,5.0,54.3235,
Equatorial Guinea,GNQ,2003,,,960.0,,39.991,77.977,5.0,54.7913,
Equatorial Guinea,GNQ,2004,,,1370.0,,39.832,79.189,18.0,55.3066,
Equatorial Guinea,GNQ,2005,,,3080.0,,39.915,79.958,18.0,55.7659,
Equatorial Guinea,GNQ,2006,,,6420.0,,39.682,80.272,18.0,56.3538,
Equatorial Guinea,GNQ,2007,,,9200.0,,39.388,80.413,18.0,56.857,
Equatorial Guinea,GNQ,2008,,,11310.0,,39.005,80.443,6.0,57.3841,
Equatorial Guinea,GNQ,2009,,,9950.0,,38.548,80.427,10.0,57.881,
Equatorial Guinea,GNQ,2010,,,7920.0,,38.018,80.392,10.0,58.3445,
Equatorial Guinea,GNQ,2011,,,9170.0,,37.495,80.25,10.0,58.8268,
Equatorial Guinea,GNQ,2012,,,11060.0,,36.773,80.031,10.0,59.3011,
Equatorial Guinea,GNQ,2013,,,11220.0,,36.034,79.859,12.121,59.784,
Equatorial Guinea,GNQ,2014,,,10610.0,,35.282,79.723,24.0,60.2279,
Equatorial Guinea,GNQ,2015,,,8720.0,,34.531,79.646,24.0,60.6347,
Equatorial Guinea,GNQ,2016,,,6660.0,,33.792,79.643,24.0,61.081,
Equatorial Guinea,GNQ,2017,,,5260.0,,33.07,79.714,,61.4808,
Equatorial Guinea,GNQ,2018,,,5450.0,,32.4,79.889,20.0,61.9151,
Equatorial Guinea,GNQ,2019,,,5130.0,,31.783,80.192,21.0,62.2965,
Equatorial Guinea,GNQ,2020,,,4790.0,,31.351,79.946,21.0,62.1408,
Equatorial Guinea,GNQ,2021,,,4820.0,,30.703,80.466,23.0,62.4468,
Equatorial Guinea,GNQ,2022,,,4570.0,,30.123,79.257,31.0,63.3545,
Equatorial Guinea,GNQ,2023,,,4840.0,,29.604,78.556,31.0,63.7071,
Equatorial Guinea,GNQ,2024,,,4740.0,,29.994,78.485,32.0,,
Greece,GRC,2000,,,13100.0,34.4,9.6,61.767,8.667,78.442,
Greece,GRC,2000,,,13100.0,34.4,9.6,62.055,8.667,78.442,
Greece,GRC,2001,,,12840.0,,9.4,61.279,8.667,78.9087,
Greece,GRC,2001,,,12840.0,,9.4,61.429,8.667,78.9087,
Greece,GRC,2002,,,12980.0,35.5,9.5,62.109,8.667,79.0305,
Greece,GRC,2002,,,12980.0,35.5,9.5,62.168,8.667,79.0305,
Greece,GRC,2003,,,15460.0,32.8,9.6,62.853,8.667,79.0848,
Greece,GRC,2003,,,15460.0,32.8,9.6,62.948,8.667,79.0848,
Greece,GRC,2004,,,19280.0,33.6,9.6,64.676,14.0,79.3503,
Greece,GRC,2004,,,19280.0,33.6,9.6,64.857,14.0,79.3503,
Greece,GRC,2005,,23.2665996551514,22430.0,34.6,9.8,64.941,13.0,79.6505,
Greece,GRC,2005,,23.2665996551514,22430.0,34.6,9.8,65.161,13.0,79.6505,
Greece,GRC,2006,,23.9963703155518,24160.0,35.1,10.2,65.29,13.0,79.7605,
Greece,GRC,2006,,23.9963703155518,24160.0,35.1,10.2,65.563,13.0,79.7605,
Greece,GRC,2007,,25.3001708984375,25960.0,34.0,10.1,65.267,14.667,79.6615,
Greece,GRC,2007,,25.3001708984375,25960.0,34.0,10.1,65.569,14.667,79.6615,
Greece,GRC,2008,,25.6896095275879,28330.0,33.6,10.7,65.232,14.667,80.1047,
Greece,GRC,2008,,25.6896095275879,28330.0,33.6,10.7,65.559,14.667,80.1047,
Greece,GRC,2009,,,29030.0,33.6,10.6,67.11,17.333,80.3677,
Greece,GRC,2009,,,29030.0,33.6,10.6,67.478,17.333,80.3677,
Greece,GRC,2010,,26.841739654541,27320.0,34.1,10.3,68.485,17.333,80.5727,
Greece,GRC,2010,,26.841739654541,27320.0,34.1,10.3,68.874,17.333,80.5727,
Greece,GRC,2011,,,24470.0,34.8,9.6,69.694,18.667,80.6248,
Greece,GRC,2011,,,24470.0,34.8,9.6,70.068,18.667,80.6248,
Greece,GRC,2012,,,22750.0,36.3,9.1,71.114,21.0,80.4221,0.6026436802944573
Greece,GRC,2012,,,22750.0,36.3,9.1,71.444,21.0,80.4221,0.6026436802944573
Greece,GRC,2013,,,22030.0,36.1,8.6,71.215,21.0,81.067,0.6026436802944573
Greece,GRC,2013,,,22030.0,36.1,8.6,71.441,21.0,81.067,0.6026436802944573
Greece,GRC,2014,,29.7684898376465,21670.0,35.8,8.5,73.005,21.0,81.1203,0.594402924216538
Greece,GRC,2014,,29.7684898376465,21670.0,35.8,8.5,73.097,21.0,81.1203,0.594402924216538
Greece,GRC,2015,,30.480489730835,19920.0,36.0,8.5,74.583,19.667,80.7894,0.6192017183590167
Greece,GRC,2015,,30.480489730835,19920.0,36.0,8.5,74.553,19.667,80.7894,0.6192017183590167
Greece,GRC,2016,,26.6989898681641,18500.0,35.0,8.6,74.904,19.667,81.2692,0.6072623672650187
Greece,GRC,2016,,26.6989898681641,18500.0,35.0,8.6,74.783,19.667,81.2692,0.6072623672650187
Greece,GRC,2017,,32.5901522443331,17890.0,34.4,8.2,74.437,18.333,80.9614,0.6066086700191067
Greece,GRC,2017,,32.5901522443331,17890.0,34.4,8.2,74.239,18.333,80.9614,0.6066086700191067
Greece,GRC,2018,,33.4398927278963,19060.0,32.9,8.1,73.678,18.667,81.4954,0.6066086700191067
Greece,GRC,2018,,33.4398927278963,19060.0,32.9,8.1,73.374,18.667,81.4954,0.6066086700191067
Greece,GRC,2019,,33.5626567966108,19770.0,33.1,7.8,73.955,20.667,81.3487,0.6158142963366106
Greece,GRC,2019,,33.5626567966108,19770.0,33.1,7.8,73.427,20.667,81.3487,0.6158142963366106
Greece,GRC,2020,,34.8261108398438,18030.0,33.6,7.9,73.649,21.667,81.5361,0.6101851204378472
Greece,GRC,2020,,34.8261108398438,18030.0,33.6,7.9,74.439,21.667,81.5361,0.6101851204378472
Greece,GRC,2021,,36.3093903906444,20350.0,32.9,8.1,74.591,21.667,80.5312,0.6073195328504315
Greece,GRC,2021,,36.3093903906444,20350.0,32.9,8.1,74.352,21.667,80.5312,0.6073195328504315
Greece,GRC,2022,,36.5751083591061,21980.0,33.4,7.3,74.182,21.0,79.9441,0.613401221037356
Greece,GRC,2022,,36.5751083591061,21980.0,33.4,7.3,74.01,21.0,79.9441,0.613401221037356
Greece,GRC,2023,,36.1350789160258,22300.0,33.4,6.8,74.96,23.0,81.8568,0.6050628329458976
Greece,GRC,2023,,36.1350789160258,22300.0,33.4,6.8,74.771,23.0,81.8568,0.6050628329458976
Greece,GRC,2024,,37.2714993928397,22730.0,,6.6,74.73,23.0,,0.6017106297476307
Greece,GRC,2024,,37.2714993928397,22730.0,,6.6,74.591,23.0,,0.6017106297476307
Grenada,GRD,2000,,,4410.0,,17.503,,26.667,72.9547,
Grenada,GRD,2001,,,4310.0,,17.283,,26.667,73.0336,
Grenada,GRD,2002,,,4450.0,,17.207,,26.667,73.1424,
Grenada,GRD,2003,10.9746398925781,,5050.0,,17.143,,26.667,73.2907,
Grenada,GRD,2004,,,5110.0,,17.07,,26.667,72.4468,
Grenada,GRD,2005,,,6340.0,,17.02,,26.667,73.7003,
Grenada,GRD,2006,,,6120.0,,16.903,,26.667,73.9302,
Grenada,GRD,2007,,,6500.0,,16.802,,26.667,74.1588,
Grenada,GRD,2008,,,6910.0,,16.674,,13.333,74.3745,
Grenada,GRD,2009,,,6390.0,,16.505,,13.333,74.567,
Grenada,GRD,2010,15.559810962219,,6610.0,,16.263,,13.333,74.7308,
Grenada,GRD,2011,14.7207735010439,,6730.0,,16.012,,13.333,74.8608,
Grenada,GRD,2012,10.7031186009691,,6700.0,,15.78,,13.333,74.9607,
Grenada,GRD,2013,,,7040.0,,15.401,85.773,33.333,75.0221,
Grenada,GRD,2014,11.79899890627,,7170.0,,14.529,94.467,33.333,75.0449,
Grenada,GRD,2015,9.90250040626071,,7410.0,,13.855,84.825,33.333,75.0375,
Grenada,GRD,2016,,,8000.0,,13.052,,33.333,75.0099,0.659194668378666
Grenada,GRD,2017,14.0616397857666,,8400.0,,11.645,,33.333,74.9766,0.611729060086673
Grenada,GRD,2018,10.080573203298,,9220.0,,12.395,82.583,46.667,74.9569,0.611729060086673
Grenada,GRD,2019,,,9400.0,,12.466,82.518,46.667,74.9711,0.6020685671713756
Grenada,GRD,2020,,,8390.0,,12.324,75.661,46.667,75.019,0.5913651923003203
Grenada,GRD,2021,10.0594640147698,,8890.0,,12.14,81.908,46.667,74.5221,0.5917348333535566
Grenada,GRD,2022,9.87272223310091,,9980.0,,11.935,,31.25,75.1508,0.5940802140312751
Grenada,GRD,2023,16.7185686705097,,10120.0,,11.711,86.761,31.25,75.2052,0.6022081274826676
Grenada,GRD,2024,14.5190942375745,,10510.0,,11.477,,31.25,,0.6013774066816704
Greenland,GRL,2000,,,,,15.6,,,65.6313,
Greenland,GRL,2001,,,,,16.7,,,66.2727,
Greenland,GRL,2002,,,,,16.9,,,67.0072,
Greenland,GRL,2003,,,,,15.5,,,67.6174,
Greenland,GRL,2004,,,,,15.7,,,67.5455,
Greenland,GRL,2005,,,,,15.6,,,67.7693,
Greenland,GRL,2006,,,,,14.8,,,68.1436,
Greenland,GRL,2007,,,,,15.1,,,68.3385,
Greenland,GRL,2008,,,,,14.8,,,68.4002,
Greenland,GRL,2009,,,,,15.9,,,68.3786,
Greenland,GRL,2010,,,,,15.4,93.364,,68.4548,
Greenland,GRL,2011,,,,,14.4,94.25,,68.7938,
Greenland,GRL,2012,,,,,13.8,93.849,,69.3516,
Greenland,GRL,2013,,,,,14.5,94.458,,69.8014,
Greenland,GRL,2014,,,,,14.3,94.513,,70.0861,
Greenland,GRL,2015,,,,,15.2,93.682,,70.2341,
Greenland,GRL,2016,,,,,14.8,,,70.3866,
Greenland,GRL,2017,,,,,15.2,,,70.3861,
Greenland,GRL,2018,,,,,14.6,,,70.354,
Greenland,GRL,2019,,,,,15.1,,,70.2573,
Greenland,GRL,2020,,,,,14.8,,,70.1558,
Greenland,GRL,2021,,,,,13.4,,,70.0489,
Greenland,GRL,2022,,,,,13.2,,,70.0519,
Greenland,GRL,2023,,,,,12.6,,,70.055,
Greenland,GRL,2024,,,,,12.0,,,,
Guatemala,GTM,2000,,,1660.0,,34.708,52.056,8.85,67.1018,
Guatemala,GTM,2000,,,1660.0,,34.708,51.877,8.85,67.1018,
Guatemala,GTM,2001,,,1590.0,,34.156,52.166,8.85,67.4365,
Guatemala,GTM,2002,,,1590.0,,33.267,52.453,8.85,67.8345,
Guatemala,GTM,2002,,,1590.0,,33.267,52.453,8.85,67.8345,
Guatemala,GTM,2003,,,1660.0,,32.47,54.315,8.228,68.2041,
Guatemala,GTM,2003,,,1660.0,,32.47,54.315,8.228,68.2041,
Guatemala,GTM,2004,,,1830.0,,31.726,49.464,8.228,68.2448,
Guatemala,GTM,2004,,,1830.0,,31.726,49.463,8.228,68.2448,
Guatemala,GTM,2005,,,1980.0,,30.777,49.81,8.228,68.167,
Guatemala,GTM,2006,20.3384494781494,,2130.0,,30.024,50.182,8.228,68.7902,
Guatemala,GTM,2006,20.3384494781494,,2130.0,,30.024,53.685,8.228,68.7902,
Guatemala,GTM,2007,21.2781600952148,,2340.0,,29.422,50.581,12.025,69.2993,
Guatemala,GTM,2008,23.3481597900391,,2570.0,,28.678,51.01,12.025,69.4929,
Guatemala,GTM,2009,,,2610.0,,28.199,51.468,12.025,69.6764,
Guatemala,GTM,2010,19.2969207763672,,2690.0,,27.821,51.959,12.025,69.885,
Guatemala,GTM,2010,19.2969207763672,,2690.0,,27.821,51.958,12.025,69.885,
Guatemala,GTM,2011,20.2464103698731,,2850.0,,27.516,47.997,13.291,70.3214,
Guatemala,GTM,2011,20.2464103698731,,2850.0,,27.516,47.997,13.291,70.3214,
Guatemala,GTM,2012,21.1051406860352,,3090.0,,27.231,52.29,13.291,70.7225,0.45894774404114436
Guatemala,GTM,2012,21.1051406860352,,3090.0,,27.231,52.29,13.291,70.7225,0.45894774404114436
Guatemala,GTM,2013,20.6379508972168,,3300.0,,26.716,48.67,13.291,70.878,0.45894774404114436
Guatemala,GTM,2013,20.6379508972168,,3300.0,,26.716,48.67,13.291,70.878,0.45894774404114436
Guatemala,GTM,2014,21.9593906402588,,3460.0,,26.467,48.588,13.291,70.9424,0.43837603485260135
Guatemala,GTM,2014,21.9593906402588,,3460.0,,26.467,48.588,13.291,70.9424,0.43837603485260135
Guatemala,GTM,2015,24.0855007171631,,3610.0,,26.222,45.979,13.924,70.9148,0.4397238504448934
Guatemala,GTM,2015,24.0855007171631,,3610.0,,26.222,45.979,13.924,70.9148,0.4397238504448934
Guatemala,GTM,2016,23.4347496032715,,3760.0,,25.957,47.82,13.924,71.215,0.44376767823092994
Guatemala,GTM,2016,23.4347496032715,,3760.0,,25.957,47.821,13.924,71.215,0.44376767823092994
Guatemala,GTM,2017,23.0880508422852,,3980.0,,25.171,45.983,12.658,71.5829,0.4422314666549363
Guatemala,GTM,2017,23.0880508422852,,3980.0,,25.171,45.982,12.658,71.5829,0.4422314666549363
Guatemala,GTM,2018,23.7495403289795,,4270.0,,24.315,46.042,12.658,71.4964,0.4422314666549363
Guatemala,GTM,2018,23.7495403289795,,4270.0,,24.315,46.042,12.658,71.4964,0.4422314666549363
Guatemala,GTM,2019,23.7553806304932,,4490.0,,23.089,45.228,19.375,71.6394,0.4591448474920469
Guatemala,GTM,2019,23.7553806304932,,4490.0,,23.089,45.227,19.375,71.6394,0.4591448474920469
Guatemala,GTM,2020,21.141170501709,,4360.0,,22.043,47.883,19.375,69.9707,0.44879728691312537
Guatemala,GTM,2021,22.9552707672119,,4800.0,,21.407,50.492,19.375,67.8582,0.4433005030896477
Guatemala,GTM,2021,22.9552707672119,,4800.0,,21.407,50.493,19.375,67.8582,0.4433005030896477
Guatemala,GTM,2022,22.4845294952393,,5220.0,,21.063,50.16,19.375,71.2064,0.4390686046971797
Guatemala,GTM,2022,22.4845294952393,,5220.0,,21.063,50.161,19.375,71.2064,0.4390686046971797
Guatemala,GTM,2023,22.63916015625,,5470.0,,20.809,46.592,20.0,72.6023,0.43764452599382253
Guatemala,GTM,2023,22.63916015625,,5470.0,,20.809,59.942,20.0,72.6023,0.43764452599382253
Guatemala,GTM,2024,22.9936695098877,,5780.0,,20.619,46.969,20.0,,0.4433956555552581
Guatemala,GTM,2024,22.9936695098877,,5780.0,,20.619,59.035,20.0,,0.4433956555552581
Guam,GUM,2000,,,,,23.039,79.894,,74.894,
Guam,GUM,2000,,,,,23.039,79.894,,74.894,
Guam,GUM,2001,,,,,21.96,79.781,,75.1948,
Guam,GUM,2001,,,,,21.96,79.781,,75.1948,
Guam,GUM,2002,,,,,19.807,77.621,,75.5056,
Guam,GUM,2002,,,,,19.807,77.62,,75.5056,
Guam,GUM,2003,,,,,20.092,76.153,,75.8847,
Guam,GUM,2004,,,,,20.678,74.682,,76.1138,
Guam,GUM,2004,,,,,20.678,74.682,,76.1138,
Guam,GUM,2005,,,,,19.442,81.63,,76.4271,
Guam,GUM,2005,,,,,19.442,81.63,,76.4271,
Guam,GUM,2006,,,,,20.461,78.978,,76.4766,
Guam,GUM,2006,,,,,20.461,78.977,,76.4766,
Guam,GUM,2007,,,,,20.961,72.189,,76.3967,
Guam,GUM,2007,,,,,20.961,72.189,,76.3967,
Guam,GUM,2008,,,,,20.771,74.372,,76.2332,
Guam,GUM,2009,,,,,20.497,76.496,,76.1415,
Guam,GUM,2009,,,,,20.497,76.496,,76.1415,
Guam,GUM,2010,,,,,20.939,85.326,,76.0954,
Guam,GUM,2010,,,,,20.939,85.325,,76.0954,
Guam,GUM,2011,,,,,20.152,81.53,,76.1529,
Guam,GUM,2011,,,,,20.152,81.53,,76.1529,
Guam,GUM,2012,,,,,21.7,81.828,,76.2375,
Guam,GUM,2013,,,,,19.939,82.085,,76.361,
Guam,GUM,2014,,,,,20.228,82.37,,76.4228,
Guam,GUM,2015,,,,,19.936,82.534,,76.4438,
Guam,GUM,2016,,,,,21.377,82.617,,76.4487,
Guam,GUM,2017,,,,,20.622,82.806,,76.4631,
Guam,GUM,2018,,,,,19.818,82.76,,76.5605,
Guam,GUM,2019,,,,,19.256,83.194,,76.6453,
Guam,GUM,2020,,,,,18.613,82.883,,75.5289,
Guam,GUM,2021,,,,,18.296,83.219,,75.4337,
Guam,GUM,2022,,,,,18.008,82.795,,77.1015,
Guam,GUM,2023,,,,,17.662,82.939,,77.2093,
Guam,GUM,2024,,,,,17.342,83.055,,,
Guyana,GUY,2000,17.6568393707275,,870.0,,26.231,44.527,18.462,64.0748,
Guyana,GUY,2001,16.5555591583252,,860.0,,25.039,44.008,18.462,64.3804,
Guyana,GUY,2002,16.9000091552734,,870.0,,23.763,43.498,20.0,64.1832,
Guyana,GUY,2002,16.9000091552734,,870.0,,23.763,43.454,20.0,64.1832,
Guyana,GUY,2003,13.8145599365234,,910.0,,22.703,44.58,20.0,64.1173,
Guyana,GUY,2004,11.0807399749756,,1010.0,,22.02,45.689,30.769,64.2138,
Guyana,GUY,2005,13.8234395980835,,1070.0,,21.664,46.831,30.769,64.392,
Guyana,GUY,2006,13.4816904067993,,1450.0,,21.72,48.009,28.986,64.848,
Guyana,GUY,2007,11.5261602401733,,2250.0,,21.887,49.216,28.986,65.4617,
Guyana,GUY,2008,,,3820.0,,22.028,50.453,30.0,65.7211,
Guyana,GUY,2009,10.338210105896,,4160.0,,22.055,51.72,30.0,66.0297,
Guyana,GUY,2010,11.9658098220825,,4520.0,,22.058,53.02,30.0,66.2043,
Guyana,GUY,2011,11.8228998184204,,4860.0,,22.252,54.354,31.343,66.4688,
Guyana,GUY,2012,10.2595901489258,,5350.0,,22.318,55.746,31.343,66.4433,
Guyana,GUY,2013,,,5610.0,,22.562,57.202,31.343,66.7099,
Guyana,GUY,2014,18.8775196075439,,5640.0,,22.606,58.695,31.343,67.3343,
Guyana,GUY,2015,17.9194202423096,,5530.0,,22.516,60.221,30.435,67.7193,
Guyana,GUY,2016,18.8135395050049,,5610.0,,22.332,61.778,30.435,68.0685,0.4967666056049772
Guyana,GUY,2017,17.7340602874756,,5870.0,,22.044,63.368,31.884,68.5431,0.5040286747698742
Guyana,GUY,2018,16.1520805358887,,6100.0,,21.236,64.947,31.884,68.8288,0.5040286747698742
Guyana,GUY,2018,16.1520805358887,,6100.0,,21.236,64.45,31.884,68.8288,0.5040286747698742
Guyana,GUY,2019,,,6380.0,,21.945,65.106,31.884,69.0673,0.5025962102036544
Guyana,GUY,2019,,,6380.0,,21.945,64.173,31.884,69.0673,0.5025962102036544
Guyana,GUY,2020,,,8090.0,,21.254,64.947,35.714,67.751,0.5034058217572573
Guyana,GUY,2021,,,7810.0,,20.961,65.182,35.714,64.3228,0.4997915854523789
Guyana,GUY,2022,,,9780.0,,20.748,70.865,35.385,69.8885,0.5002165178654931
Guyana,GUY,2023,,,17770.0,,20.287,73.015,36.62,70.1802,0.5012925569716871
Guyana,GUY,2024,,,20140.0,,19.883,74.502,39.437,,0.5002155886974443
High income,HIC,2000,12.112884998321551,,22500.43607028613,,11.870697939520138,73.128,17.705,,
High income,HIC,2000,12.112884998321551,,22500.43607028613,,11.870697939520138,74.15,17.705,,
High income,HIC,2001,12.1654300689697,,22522.84305901997,,11.574954575729885,73.501,17.626,,
High income,HIC,2001,12.1654300689697,,22522.84305901997,,11.574954575729885,74.604,17.626,,
High income,HIC,2002,12.4844598770142,,22445.853917706678,,11.494847053984294,74.014,18.319,,
High income,HIC,2002,12.4844598770142,,22445.853917706678,,11.494847053984294,75.055,18.319,,
High income,HIC,2003,12.7759704589844,,24248.508105475914,,11.527606957551589,74.451,18.788,,
High income,HIC,2003,12.7759704589844,,24248.508105475914,,11.527606957551589,75.917,18.788,,
High income,HIC,2004,12.75220012664795,,27772.908150303338,,11.518158929830573,74.76,19.445,,
High income,HIC,2004,12.75220012664795,,27772.908150303338,,11.518158929830573,76.336,19.445,,
High income,HIC,2005,12.21388483047485,,30723.017867057093,,11.424655006780304,75.123,19.847,,
High income,HIC,2005,12.21388483047485,,30723.017867057093,,11.424655006780304,76.55,19.847,,
High income,HIC,2006,12.715819835662849,,32403.78171407685,,11.612885484502991,75.492,20.326,,
High income,HIC,2006,12.715819835662849,,32403.78171407685,,11.612885484502991,76.549,20.326,,
High income,HIC,2007,12.3285598754883,,33887.08442759657,,11.817602080910351,75.661,21.22,,
High income,HIC,2007,12.3285598754883,,33887.08442759657,,11.817602080910351,76.714,21.22,,
High income,HIC,2008,12.6122598648071,,35609.76515822645,,11.914381252672154,75.841,21.427,,
High income,HIC,2008,12.6122598648071,,35609.76515822645,,11.914381252672154,76.667,21.427,,
High income,HIC,2009,12.4246501922607,,35055.125418651354,,11.73624624217008,76.441,21.892,,
High income,HIC,2009,12.4246501922607,,35055.125418651354,,11.73624624217008,77.357,21.892,,
High income,HIC,2010,11.948920249939,,36161.694482468716,,11.615338946893575,76.58,21.979,,
High income,HIC,2010,11.948920249939,,36161.694482468716,,11.615338946893575,78.332,21.979,,
High income,HIC,2011,12.2191400527954,,37462.052491084316,,11.458489835902647,76.818,22.506,,
High income,HIC,2011,12.2191400527954,,37462.052491084316,,11.458489835902647,78.03,22.506,,
High income,HIC,2012,11.50673007965085,,38882.132531059055,,11.505943213086034,76.906,23.033,,
High income,HIC,2012,11.50673007965085,,38882.132531059055,,11.505943213086034,78.181,23.033,,
High income,HIC,2013,11.769577319011699,,39805.82413735574,,11.217812142806519,77.035,24.39,,
High income,HIC,2013,11.769577319011699,,39805.82413735574,,11.217812142806519,78.24,24.39,,
High income,HIC,2014,12.1208801269531,,39955.626273210175,,11.284322442987651,77.278,24.757,,
High income,HIC,2014,12.1208801269531,,39955.626273210175,,11.284322442987651,78.671,24.757,,
High income,HIC,2015,12.351619720459,,38525.71784401394,,11.200738266883777,77.265,25.351,,
High income,HIC,2015,12.351619720459,,38525.71784401394,,11.200738266883777,78.563,25.351,,
High income,HIC,2016,12.5376996994019,,37535.70258505534,,11.081721429682478,77.514,25.359,,
High income,HIC,2016,12.5376996994019,,37535.70258505534,,11.081721429682478,78.495,25.359,,
High income,HIC,2017,12.1255102157593,,37758.87720599255,,10.675517528178588,77.857,26.78,,
High income,HIC,2017,12.1255102157593,,37758.87720599255,,10.675517528178588,78.317,26.78,,
High income,HIC,2018,11.9958200454712,,40497.051511001446,,10.39428087247756,78.242,27.443,,
High income,HIC,2018,11.9958200454712,,40497.051511001446,,10.39428087247756,78.664,27.443,,
High income,HIC,2019,12.2196102142334,,42126.228117696446,,10.049465131081632,78.781,28.537,,
High income,HIC,2019,12.2196102142334,,42126.228117696446,,10.049465131081632,79.242,28.537,,
High income,HIC,2020,11.9675798416138,,40698.18963858036,,9.677374044179405,78.886,29.486,,
High income,HIC,2020,11.9675798416138,,40698.18963858036,,9.677374044179405,79.348,29.486,,
High income,HIC,2021,11.715220451355,,44981.67391936872,,9.646467048708718,79.348,30.098,,
High income,HIC,2021,11.715220451355,,44981.67391936872,,9.646467048708718,79.784,30.098,,
High income,HIC,2022,11.996114730835,,47867.49528916246,,9.317814149984631,79.725,30.153,,
High income,HIC,2022,11.996114730835,,47867.49528916246,,9.317814149984631,80.32,30.153,,
High income,HIC,2023,,,48698.74666462539,,8.995743619619518,80.075,30.342,,
High income,HIC,2023,,,48698.74666462539,,8.995743619619518,80.92,30.342,,
High income,HIC,2024,,,49376.41055273002,,8.856533070636731,80.358,30.912,,
High income,HIC,2024,,,49376.41055273002,,8.856533070636731,81.321,30.912,,
"Hong Kong SAR, China",HKG,2000,,,26930.0,,8.1,66.831,,80.7045,
"Hong Kong SAR, China",HKG,2000,,,26930.0,,8.1,67.054,,80.7045,
"Hong Kong SAR, China",HKG,2001,22.4187793731689,,26350.0,,7.2,69.364,,80.992,
"Hong Kong SAR, China",HKG,2001,22.4187793731689,,26350.0,,7.2,69.459,,80.992,
"Hong Kong SAR, China",HKG,2002,22.2072906494141,,25270.0,,7.1,71.462,,81.18,
"Hong Kong SAR, China",HKG,2002,22.2072906494141,,25270.0,,7.1,71.645,,81.18,
"Hong Kong SAR, China",HKG,2003,23.2442893981934,,26340.0,,6.9,71.339,,81.1422,
"Hong Kong SAR, China",HKG,2003,23.2442893981934,,26340.0,,6.9,71.694,,81.1422,
"Hong Kong SAR, China",HKG,2004,23.1510601043701,,28120.0,,7.2,72.016,,81.4549,
"Hong Kong SAR, China",HKG,2004,23.1510601043701,,28120.0,,7.2,72.307,,81.4549,
"Hong Kong SAR, China",HKG,2005,22.4785804748535,,28890.0,,8.4,73.115,,81.6752,
"Hong Kong SAR, China",HKG,2005,22.4785804748535,,28890.0,,8.4,73.059,,81.6752,
"Hong Kong SAR, China",HKG,2006,23.282600402832,,30290.0,,9.6,74.021,,81.9469,
"Hong Kong SAR, China",HKG,2006,23.282600402832,,30290.0,,9.6,74.193,,81.9469,
"Hong Kong SAR, China",HKG,2007,22.8922290802002,,32070.0,,10.2,75.168,,82.1438,
"Hong Kong SAR, China",HKG,2007,22.8922290802002,,32070.0,,10.2,75.319,,82.1438,
"Hong Kong SAR, China",HKG,2008,22.922399520874,,33950.0,,11.3,76.075,,82.3403,
"Hong Kong SAR, China",HKG,2008,22.922399520874,,33950.0,,11.3,76.244,,82.3403,
"Hong Kong SAR, China",HKG,2009,24.0051593780518,,32350.0,,11.8,76.543,,82.5863,
"Hong Kong SAR, China",HKG,2009,24.0051593780518,,32350.0,,11.8,76.671,,82.5863,
"Hong Kong SAR, China",HKG,2010,19.9094104766846,,33620.0,,12.6,75.639,,82.8592,
"Hong Kong SAR, China",HKG,2010,19.9094104766846,,33620.0,,12.6,75.77,,82.8592,
"Hong Kong SAR, China",HKG,2011,20.1483306884766,,35690.0,,13.5,77.325,,83.1597,
"Hong Kong SAR, China",HKG,2011,20.1483306884766,,35690.0,,13.5,77.404,,83.1597,
"Hong Kong SAR, China",HKG,2012,18.6494808197021,,36340.0,,12.8,77.825,,83.4158,0.7855213596668746
"Hong Kong SAR, China",HKG,2012,18.6494808197021,,36340.0,,12.8,77.923,,83.4158,0.7855213596668746
"Hong Kong SAR, China",HKG,2013,20.3008003234863,,38570.0,,8.0,78.649,,83.6955,0.7855213596668746
"Hong Kong SAR, China",HKG,2013,20.3008003234863,,38570.0,,8.0,78.74,,83.6955,0.7855213596668746
"Hong Kong SAR, China",HKG,2014,17.6203994750977,,40240.0,,8.6,79.208,,83.9271,0.7635371046637452
"Hong Kong SAR, China",HKG,2014,17.6203994750977,,40240.0,,8.6,79.251,,83.9271,0.7635371046637452
"Hong Kong SAR, China",HKG,2015,18.6085700988769,,41180.0,,8.2,79.585,,84.147,0.7671806966212522
"Hong Kong SAR, China",HKG,2015,18.6085700988769,,41180.0,,8.2,79.529,,84.147,0.7671806966212522
"Hong Kong SAR, China",HKG,2016,18.1271896362305,,42970.0,,8.3,79.913,,84.3803,0.7757799169788305
"Hong Kong SAR, China",HKG,2016,18.1271896362305,,42970.0,,8.3,79.876,,84.3803,0.7757799169788305
"Hong Kong SAR, China",HKG,2017,17.8412799835205,,46380.0,,7.6,80.764,,84.6625,0.7720957179822401
"Hong Kong SAR, China",HKG,2017,17.8412799835205,,46380.0,,7.6,80.69,,84.6625,0.7720957179822401
"Hong Kong SAR, China",HKG,2018,18.7878398895264,,50050.0,,7.2,80.551,,84.9866,0.7720957179822401
"Hong Kong SAR, China",HKG,2018,18.7878398895264,,50050.0,,7.2,80.501,,84.9866,0.7720957179822401
"Hong Kong SAR, China",HKG,2019,20.3140106201172,,50480.0,,7.0,81.57,,85.2632,0.7666524482271773
"Hong Kong SAR, China",HKG,2019,20.3140106201172,,50480.0,,7.0,81.515,,85.2632,0.7666524482271773
"Hong Kong SAR, China",HKG,2020,20.6210594177246,,48550.0,,5.8,81.985,,84.7073,0.7634443076793231
"Hong Kong SAR, China",HKG,2020,20.6210594177246,,48550.0,,5.8,81.922,,84.7073,0.7634443076793231
"Hong Kong SAR, China",HKG,2021,13.1164598464966,,54380.0,,5.0,82.601,,85.0816,0.7479721131657903
"Hong Kong SAR, China",HKG,2021,13.1164598464966,,54380.0,,5.0,82.411,,85.0816,0.7479721131657903
"Hong Kong SAR, China",HKG,2022,14.3899803161621,,54000.0,,4.4,82.243,,83.4853,0.7273920921390004
"Hong Kong SAR, China",HKG,2022,14.3899803161621,,54000.0,,4.4,81.765,,83.4853,0.7273920921390004
"Hong Kong SAR, China",HKG,2023,13.1814804077148,,54910.0,,4.4,82.429,,85.5106,0.7260985262807433
"Hong Kong SAR, China",HKG,2023,13.1814804077148,,54910.0,,4.4,82.157,,85.5106,0.7260985262807433
"Hong Kong SAR, China",HKG,2024,15.7411403656006,,57070.0,,4.9,83.496,,,0.7218834204382155
"Hong Kong SAR, China",HKG,2024,15.7411403656006,,57070.0,,4.9,83.393,,,0.7218834204382155
Honduras,HND,2000,,,1060.0,,34.175,50.822,9.375,68.3018,
Honduras,HND,2000,,,1060.0,,34.175,50.821,9.375,68.3018,
Honduras,HND,2001,,,1050.0,55.4,33.357,50.726,9.375,68.4906,
Honduras,HND,2001,,,1050.0,55.4,33.357,50.159,9.375,68.4906,
Honduras,HND,2002,,,1070.0,55.7,32.375,50.646,5.469,68.7141,
Honduras,HND,2002,,,1070.0,55.7,32.375,44.353,5.469,68.7141,
Honduras,HND,2003,,,1130.0,58.1,31.355,50.581,5.469,68.8741,
Honduras,HND,2004,,,1210.0,58.1,30.487,50.532,5.469,69.0498,
Honduras,HND,2004,,,1210.0,58.1,30.487,57.696,5.469,69.0498,
Honduras,HND,2005,,,1290.0,59.5,29.613,50.5,23.438,69.1982,
Honduras,HND,2005,,,1290.0,59.5,29.613,50.499,23.438,69.1982,
Honduras,HND,2006,,,1360.0,57.5,28.743,47.318,23.438,69.3641,
Honduras,HND,2006,,,1360.0,57.5,28.743,47.318,23.438,69.3641,
Honduras,HND,2007,,,1490.0,55.8,28.114,47.22,23.438,69.5388,
Honduras,HND,2007,,,1490.0,55.8,28.114,47.22,23.438,69.5388,
Honduras,HND,2008,,,1620.0,55.5,27.525,49.468,23.438,69.6572,
Honduras,HND,2008,,,1620.0,55.5,27.525,49.468,23.438,69.6572,
Honduras,HND,2009,,,1670.0,51.3,26.96,50.699,17.969,69.8234,
Honduras,HND,2009,,,1670.0,51.3,26.96,50.699,17.969,69.8234,
Honduras,HND,2010,,,1730.0,53.1,26.316,52.545,17.969,69.7697,
Honduras,HND,2010,,,1730.0,53.1,26.316,52.544,17.969,69.7697,
Honduras,HND,2011,,,1860.0,52.6,25.776,49.729,19.531,70.116,
Honduras,HND,2011,,,1860.0,52.6,25.776,49.728,19.531,70.116,
Honduras,HND,2012,,,1950.0,53.4,25.306,48.777,19.531,70.4605,
Honduras,HND,2012,,,1950.0,53.4,25.306,48.779,19.531,70.4605,
Honduras,HND,2013,,,1990.0,50.0,24.803,52.993,,70.7648,
Honduras,HND,2013,,,1990.0,50.0,24.803,52.993,,70.7648,
Honduras,HND,2014,,,1980.0,49.9,24.388,55.901,25.781,71.0316,
Honduras,HND,2014,,,1980.0,49.9,24.388,55.901,25.781,71.0316,
Honduras,HND,2015,,,2030.0,49.2,24.084,57.028,25.781,71.323,0.4250174676535111
Honduras,HND,2015,,,2030.0,49.2,24.084,57.029,25.781,71.323,0.4250174676535111
Honduras,HND,2016,,,2090.0,49.8,23.804,56.875,25.781,71.6152,0.4209843579303885
Honduras,HND,2016,,,2090.0,49.8,23.804,56.875,25.781,71.6152,0.4209843579303885
Honduras,HND,2017,,,2210.0,49.4,23.504,55.161,,71.8046,0.40561419828185
Honduras,HND,2017,,,2210.0,49.4,23.504,55.163,,71.8046,0.40561419828185
Honduras,HND,2018,,,2280.0,48.9,23.392,60.3,21.094,72.0005,0.40561419828185
Honduras,HND,2018,,,2280.0,48.9,23.392,60.301,21.094,72.0005,0.40561419828185
Honduras,HND,2019,,,2330.0,48.2,23.111,54.418,21.094,72.1238,0.40144016277727385
Honduras,HND,2019,,,2330.0,48.2,23.111,54.418,21.094,72.1238,0.40144016277727385
Honduras,HND,2020,,,2120.0,,22.803,65.376,21.094,70.864,0.402229673285771
Honduras,HND,2020,,,2120.0,,22.803,65.376,21.094,70.864,0.402229673285771
Honduras,HND,2021,,,2440.0,,22.529,65.571,27.344,69.4924,0.3934512982263749
Honduras,HND,2021,,,2440.0,,22.529,65.571,27.344,69.4924,0.3934512982263749
Honduras,HND,2022,,,2700.0,,22.242,59.183,27.344,72.7151,0.40562311721041994
Honduras,HND,2022,,,2700.0,,22.242,59.182,27.344,72.7151,0.40562311721041994
Honduras,HND,2023,,,2880.0,46.8,21.963,53.468,27.344,72.8842,0.41227147386067814
Honduras,HND,2023,,,2880.0,46.8,21.963,53.467,27.344,72.8842,0.41227147386067814
Honduras,HND,2024,,,3020.0,45.7,21.649,53.835,27.344,,0.4168477016758153
Honduras,HND,2024,,,3020.0,45.7,21.649,54.937,27.344,,0.4168477016758153
Heavily indebted poor countries (HIPC),HPC,2000,14.04344987869265,,334.5530520639762,,43.439007267548625,82.255,,,
Heavily indebted poor countries (HIPC),HPC,2001,14.90204000473025,,331.37971562583346,,43.00179894328795,82.385,11.916,,
Heavily indebted poor countries (HIPC),HPC,2002,14.3271450996399,,336.9627990557032,,42.54909667085958,82.486,13.515,,
Heavily indebted poor countries (HIPC),HPC,2003,,,363.5549896327184,,42.20386882440478,82.542,13.521,,
Heavily indebted poor countries (HIPC),HPC,2004,14.96150970458985,,420.4240412667673,,41.9288098516532,82.633,14.057,,
Heavily indebted poor countries (HIPC),HPC,2005,16.9791898727417,,476.30755254408916,,41.64980575878412,82.716,16.896,,
Heavily indebted poor countries (HIPC),HPC,2006,17.62064456939695,,525.6873008720362,,41.30013609445888,82.616,17.112,,
Heavily indebted poor countries (HIPC),HPC,2007,,,594.6569375345742,,40.87835899799931,82.53,17.634,,
Heavily indebted poor countries (HIPC),HPC,2008,16.2581405639648,,693.991597891431,,40.435610605268444,82.383,17.592,,
Heavily indebted poor countries (HIPC),HPC,2009,18.1756191253662,,744.4248445779856,,40.06345134998729,82.232,17.714,,
Heavily indebted poor countries (HIPC),HPC,2010,17.6112308502197,,776.532497667175,,39.70386833417944,82.126,18.314,,
Heavily indebted poor countries (HIPC),HPC,2011,16.0484294891357,,801.2104633862128,,39.21568285323146,82.192,20.354,,
Heavily indebted poor countries (HIPC),HPC,2012,16.161849975585948,,836.8311054969732,,38.72972506934023,81.615,21.498,,
Heavily indebted poor countries (HIPC),HPC,2013,16.1913795471191,,886.4244961344523,,38.229406061237185,81.872,22.105,,
Heavily indebted poor countries (HIPC),HPC,2014,17.2971000671387,,942.2950340575832,,37.766886924521664,81.575,22.15,,
Heavily indebted poor countries (HIPC),HPC,2015,17.2212152481079,,935.7937023511575,,37.36488450281666,81.246,23.85,,
Heavily indebted poor countries (HIPC),HPC,2016,15.831259727478,,905.7533956675725,,36.942379315536044,80.864,24.029,,
Heavily indebted poor countries (HIPC),HPC,2017,16.137779712677,,893.9387327164823,,36.56519678001954,80.568,24.309,,
Heavily indebted poor countries (HIPC),HPC,2018,17.5215301513672,,942.2479881046236,,36.19974099967977,80.253,24.05,,
Heavily indebted poor countries (HIPC),HPC,2019,15.324447659025449,,975.0499951951683,,35.80219719937188,79.754,24.123,,
Heavily indebted poor countries (HIPC),HPC,2020,14.7968659004706,,956.2057188051281,,35.36312538590926,79.483,25.236,,
Heavily indebted poor countries (HIPC),HPC,2021,15.6218187612312,,1005.4274104072078,,34.970513055485455,79.522,26.453,,
Heavily indebted poor countries (HIPC),HPC,2022,14.9914706871899,,1075.025769035251,,34.60264563812692,79.264,26.579,,
Heavily indebted poor countries (HIPC),HPC,2023,15.797556817439,,1115.0476933176735,,34.21988866720153,81.383,27.295,,
Heavily indebted poor countries (HIPC),HPC,2024,15.2403410722657,,1138.0319336183852,,33.83776992505835,81.605,27.273,,
Croatia,HRV,2000,,,5310.0,31.3,9.8,71.928,20.53,74.0014,
Croatia,HRV,2000,,,5310.0,31.3,9.8,75.307,20.53,74.0014,
Croatia,HRV,2001,,,5360.0,31.1,9.2,72.619,20.53,74.3547,
Croatia,HRV,2001,,,5360.0,31.1,9.2,73.34,20.53,74.3547,
Croatia,HRV,2002,7.77331018447876,,5650.0,,9.0,73.297,20.53,74.6461,
Croatia,HRV,2002,7.77331018447876,,5650.0,,9.0,74.158,20.53,74.6461,
Croatia,HRV,2003,7.79530000686646,,6700.0,,8.9,73.118,,74.7093,
Croatia,HRV,2003,7.79530000686646,,6700.0,,8.9,72.942,,74.7093,
Croatia,HRV,2004,7.80251979827881,,8570.0,29.7,9.1,73.545,21.711,75.2665,
Croatia,HRV,2004,7.80251979827881,,8570.0,29.7,9.1,73.151,21.711,75.2665,
Croatia,HRV,2005,,,10200.0,,9.563,74.782,21.711,75.5705,
Croatia,HRV,2005,,,10200.0,,9.563,74.09,21.711,75.5705,
Croatia,HRV,2006,,13.9836539959695,11240.0,,9.33,76.332,21.711,75.6767,
Croatia,HRV,2006,,13.9836539959695,11240.0,,9.33,75.914,21.711,75.6767,
Croatia,HRV,2007,8.56842041015625,13.9305595179396,12510.0,,9.4,73.259,20.915,75.886,
Croatia,HRV,2007,8.56842041015625,13.9305595179396,12510.0,,9.4,73.362,20.915,75.886,
Croatia,HRV,2008,9.24820041656494,14.2314174219528,13990.0,33.7,9.9,74.495,20.915,76.0009,
Croatia,HRV,2008,9.24820041656494,14.2314174219528,13990.0,33.7,9.9,74.681,20.915,76.0009,
Croatia,HRV,2009,8.86186027526855,15.1844706284948,13960.0,32.6,10.1,77.399,23.529,76.3127,
Croatia,HRV,2009,8.86186027526855,15.1844706284948,13960.0,32.6,10.1,77.626,23.529,76.3127,
Croatia,HRV,2010,8.73968982696533,16.5552851103681,13890.0,32.4,9.8,77.095,23.529,76.6761,
Croatia,HRV,2010,8.73968982696533,16.5552851103681,13890.0,32.4,9.8,77.325,23.529,76.6761,
Croatia,HRV,2011,8.45287990570068,,13970.0,32.3,9.6,74.393,23.841,76.9926,
Croatia,HRV,2011,8.45287990570068,,13970.0,32.3,9.6,74.627,23.841,76.9926,
Croatia,HRV,2012,,17.0483033970949,13520.0,32.5,9.8,75.513,23.841,77.2841,0.581248208410969
Croatia,HRV,2012,,17.0483033970949,13520.0,32.5,9.8,76.3,23.841,77.2841,0.581248208410969
Croatia,HRV,2013,9.39710998535156,18.4548640871578,13940.0,32.0,9.4,77.039,23.841,77.51,0.581248208410969
Croatia,HRV,2013,9.39710998535156,18.4548640871578,13940.0,32.0,9.4,77.932,23.841,77.51,0.581248208410969
Croatia,HRV,2014,,19.4472803126217,13810.0,32.1,9.4,78.772,23.841,77.5144,0.5739104780309283
Croatia,HRV,2014,,19.4472803126217,13810.0,32.1,9.4,79.825,23.841,77.5144,0.5739104780309283
Croatia,HRV,2015,,20.7238514504304,13580.0,31.1,9.0,78.941,15.232,77.6329,0.6078244828440025
Croatia,HRV,2015,,20.7238514504304,13580.0,31.1,9.0,80.16,15.232,77.6329,0.6078244828440025
Croatia,HRV,2016,,20.9999493908669,13080.0,30.9,9.1,78.149,12.583,77.6294,0.6096465020936542
Croatia,HRV,2016,,20.9999493908669,13080.0,30.9,9.1,79.559,12.583,77.6294,0.6096465020936542
Croatia,HRV,2017,8.7887601852417,21.630715086276,13350.0,30.4,9.0,77.783,18.543,77.7264,0.6131809817982597
Croatia,HRV,2017,8.7887601852417,21.630715086276,13350.0,30.4,9.0,79.383,18.543,77.7264,0.6131809817982597
Croatia,HRV,2018,8.73954963684082,22.7722440487847,14670.0,29.7,9.3,78.344,18.543,77.8654,0.6131809817982597
Croatia,HRV,2018,8.73954963684082,22.7722440487847,14670.0,29.7,9.3,80.09,18.543,77.8654,0.6131809817982597
Croatia,HRV,2019,8.90884017944336,22.6993557251682,15800.0,28.9,9.1,77.788,20.53,78.197,0.6073438297609943
Croatia,HRV,2019,8.90884017944336,22.6993557251682,15800.0,28.9,9.1,79.498,20.53,78.197,0.6073438297609943
Croatia,HRV,2020,8.21537017822266,23.0411866472747,15130.0,29.5,9.2,76.443,31.126,77.4972,0.6142883227498228
Croatia,HRV,2020,8.21537017822266,23.0411866472747,15130.0,29.5,9.2,78.118,31.126,77.4972,0.6142883227498228
Croatia,HRV,2021,8.50407981872559,23.2777740191747,17420.0,28.9,9.4,77.979,31.126,77.1412,0.6081127872257238
Croatia,HRV,2021,8.50407981872559,23.2777740191747,17420.0,28.9,9.4,79.645,31.126,77.1412,0.6081127872257238
Croatia,HRV,2022,,23.4559760578485,19370.0,30.0,8.8,80.184,31.788,78.2779,0.6120419067384084
Croatia,HRV,2022,,23.4559760578485,19370.0,30.0,8.8,81.761,31.788,78.2779,0.6120419067384084
Croatia,HRV,2023,,25.5602639891871,20750.0,30.1,8.3,81.457,31.788,78.5803,0.6141188418113659
Croatia,HRV,2023,,25.5602639891871,20750.0,30.1,8.3,82.81,31.788,78.5803,0.6141188418113659
Croatia,HRV,2024,,,22250.0,,8.3,82.488,33.113,,0.6107784997701696
Croatia,HRV,2024,,,22250.0,,8.3,83.884,33.113,,0.6107784997701696
Haiti,HTI,2000,,,560.0,,32.153,82.517,,58.1749,
Haiti,HTI,2000,,,560.0,,32.153,82.517,,58.1749,
Haiti,HTI,2001,,,650.0,,31.278,82.845,3.614,58.5914,
Haiti,HTI,2002,,,740.0,,30.572,83.172,3.614,59.0411,
Haiti,HTI,2003,,,690.0,,30.164,83.497,3.614,59.4398,
Haiti,HTI,2003,,,690.0,,30.164,80.106,3.614,59.4398,
Haiti,HTI,2004,,,680.0,,29.642,83.82,3.614,58.5165,
Haiti,HTI,2005,,,710.0,,29.158,84.143,3.614,60.3182,
Haiti,HTI,2005,,,710.0,,29.158,84.142,3.614,60.3182,
Haiti,HTI,2006,,,800.0,,28.881,84.441,2.041,60.7404,
Haiti,HTI,2007,,,900.0,,28.55,84.739,4.082,61.0902,
Haiti,HTI,2007,,,900.0,,28.55,73.779,4.082,61.0902,
Haiti,HTI,2008,,,1010.0,,28.283,85.033,4.082,61.2801,
Haiti,HTI,2009,,,1160.0,,28.061,85.324,4.082,61.6945,
Haiti,HTI,2010,,,1140.0,,27.72,85.613,11.111,45.5768,
Haiti,HTI,2010,,,1140.0,,27.72,85.613,11.111,45.5768,
Haiti,HTI,2011,,,1260.0,,27.356,86.442,4.211,61.5812,
Haiti,HTI,2012,,,1320.0,,26.685,86.527,4.211,62.2735,
Haiti,HTI,2012,,,1320.0,,26.685,73.333,4.211,62.2735,
Haiti,HTI,2013,,,1410.0,,26.065,87.21,4.211,62.6245,
Haiti,HTI,2014,,,1460.0,,25.751,87.682,4.211,62.9689,
Haiti,HTI,2015,,,1430.0,,25.444,87.935,4.211,63.2239,
Haiti,HTI,2016,,,1380.0,,25.102,88.254,0.0,63.3247,
Haiti,HTI,2017,,,1370.0,,24.645,88.672,2.542,63.8323,
Haiti,HTI,2018,,,1430.0,,24.222,88.964,2.542,64.0766,
Haiti,HTI,2019,,,1410.0,,23.774,88.73,2.542,64.3281,
Haiti,HTI,2020,,,1340.0,,23.338,88.73,,63.773,
Haiti,HTI,2021,,,1450.0,,22.919,89.437,,62.613,0.37664378132456533
Haiti,HTI,2022,,,1620.0,,22.547,85.861,,63.9483,0.35244977127370086
Haiti,HTI,2023,,,1760.0,,22.2,85.014,,64.9356,0.3400087882515387
Haiti,HTI,2024,,,1760.0,,21.944,83.519,,,0.33108138816749716
Hungary,HUN,2000,10.2823801040649,,4630.0,27.2,9.6,79.207,8.29,71.7581,
Hungary,HUN,2000,10.2823801040649,,4630.0,27.2,9.6,71.247,8.29,71.7581,
Hungary,HUN,2001,10.435489654541,13.6289596557617,4790.0,26.9,9.5,79.344,8.29,72.3944,
Hungary,HUN,2001,10.435489654541,13.6289596557617,4790.0,26.9,9.5,71.252,8.29,72.3944,
Hungary,HUN,2002,10.156379699707,,5300.0,26.8,9.5,79.5,9.067,72.5072,
Hungary,HUN,2002,10.156379699707,,5300.0,26.8,9.5,71.94,9.067,72.5072,
Hungary,HUN,2003,11.7917404174805,,6630.0,30.9,9.3,79.61,9.845,72.5135,
Hungary,HUN,2003,11.7917404174805,,6630.0,30.9,9.3,72.827,9.845,72.5135,
Hungary,HUN,2004,10.9347896575928,,8650.0,29.9,9.4,79.781,9.091,72.906,
Hungary,HUN,2004,10.9347896575928,,8650.0,29.9,9.4,73.085,9.091,72.906,
Hungary,HUN,2005,10.7871503829956,16.2346992492676,10380.0,34.7,9.7,79.909,9.091,72.8649,
Hungary,HUN,2005,10.7871503829956,16.2346992492676,10380.0,34.7,9.7,73.889,9.091,72.8649,
Hungary,HUN,2006,10.2998199462891,18.1947684326094,11230.0,28.3,9.9,80.037,10.363,73.3441,
Hungary,HUN,2006,10.2998199462891,18.1947684326094,11230.0,28.3,9.9,73.592,10.363,73.3441,
Hungary,HUN,2007,10.2984800338745,18.6643894514985,11770.0,27.9,9.7,79.877,11.14,73.4314,
Hungary,HUN,2007,10.2984800338745,18.6643894514985,11770.0,27.9,9.7,73.164,11.14,73.4314,
Hungary,HUN,2008,10.1910696029663,19.7424669619413,13250.0,27.5,9.9,79.775,11.14,73.9571,
Hungary,HUN,2008,10.1910696029663,19.7424669619413,13250.0,27.5,9.9,73.524,11.14,73.9571,
Hungary,HUN,2009,9.78332996368408,20.2023960946547,13400.0,27.0,9.6,78.979,11.14,74.179,
Hungary,HUN,2009,9.78332996368408,20.2023960946547,13400.0,27.0,9.6,73.999,11.14,74.179,
Hungary,HUN,2010,9.6772403717041,,13250.0,29.4,9.0,80.331,9.067,74.5189,
Hungary,HUN,2010,9.6772403717041,,13250.0,29.4,9.0,75.677,9.067,74.5189,
Hungary,HUN,2011,9.30111980438232,21.675479888916,13260.0,29.2,8.8,80.282,8.808,74.9226,
Hungary,HUN,2011,9.30111980438232,21.675479888916,13260.0,29.2,8.8,75.374,8.808,74.9226,
Hungary,HUN,2012,8.43414974212646,22.8525390625,13080.0,30.8,9.1,80.45,8.808,75.1826,0.6502147391819476
Hungary,HUN,2012,8.43414974212646,22.8525390625,13080.0,30.8,9.1,75.901,8.808,75.1826,0.6502147391819476
Hungary,HUN,2013,8.36752033233643,29.0240802764893,13560.0,31.5,9.1,79.486,8.808,75.6827,0.6502147391819476
Hungary,HUN,2013,8.36752033233643,29.0240802764893,13560.0,31.5,9.1,74.999,8.808,75.6827,0.6502147391819476
Hungary,HUN,2014,9.19466972351074,28.2089099884033,13630.0,30.9,9.5,78.948,10.05,75.8493,0.6084578948776679
Hungary,HUN,2014,9.19466972351074,28.2089099884033,13630.0,30.9,9.5,75.108,10.05,75.8493,0.6084578948776679
Hungary,HUN,2015,8.92263984680176,28.7417697906494,13310.0,30.4,9.4,78.814,10.101,75.6536,0.583457199951822
Hungary,HUN,2015,8.92263984680176,28.7417697906494,13310.0,30.4,9.4,75.029,10.101,75.6536,0.583457199951822
Hungary,HUN,2016,9.862380027771,28.5094604492188,13230.0,30.3,9.8,78.755,10.101,76.1569,0.571555537300441
Hungary,HUN,2016,9.862380027771,28.5094604492188,13230.0,30.3,9.8,74.662,10.101,76.1569,0.571555537300441
Hungary,HUN,2017,9.94773006439209,29.0668317164566,13310.0,30.6,9.7,78.042,10.05,76.007,0.5478909715915371
Hungary,HUN,2017,9.94773006439209,29.0668317164566,13310.0,30.6,9.7,74.217,10.05,76.007,0.5478909715915371
Hungary,HUN,2018,10.0292501449585,29.9894287339998,15180.0,,9.6,78.226,12.563,76.2049,0.5478909715915371
Hungary,HUN,2018,10.0292501449585,29.9894287339998,15180.0,,9.6,73.979,12.563,76.2049,0.5478909715915371
Hungary,HUN,2019,9.16409015655518,30.1741832993473,16840.0,,9.6,77.292,12.563,76.4546,0.5339008370743815
Hungary,HUN,2019,9.16409015655518,30.1741832993473,16840.0,,9.6,73.336,12.563,76.4546,0.5339008370743815
Hungary,HUN,2020,8.07872009277344,31.7622509002686,16330.0,,9.7,77.376,12.06,75.7302,0.5278824954380403
Hungary,HUN,2020,8.07872009277344,31.7622509002686,16330.0,,9.7,73.264,12.06,75.7302,0.5278824954380403
Hungary,HUN,2021,9.6784200668335,31.825661412766,18070.0,,9.8,78.175,13.065,74.1851,0.52036228791054
Hungary,HUN,2021,9.6784200668335,31.825661412766,18070.0,,9.8,78.69,13.065,74.1851,0.52036228791054
Hungary,HUN,2022,7.80341005325317,31.0753192901611,19200.0,,9.3,78.714,14.07,76.2118,0.516065936934747
Hungary,HUN,2022,7.80341005325317,31.0753192901611,19200.0,,9.3,79.085,14.07,76.2118,0.516065936934747
Hungary,HUN,2023,,32.4294359441122,19840.0,,9.1,79.469,14.07,77.024,0.5149864098197889
Hungary,HUN,2023,,32.4294359441122,19840.0,,9.1,79.534,14.07,77.024,0.5149864098197889
Hungary,HUN,2024,,,20770.0,,8.2,80.476,14.573,,0.5129633180786627
Hungary,HUN,2024,,,20770.0,,8.2,80.901,14.573,,0.5129633180786627
IBRD only,IBD,2000,13.5439701080322,,1428.957826465943,,20.03852677018781,66.555,12.755,,
IBRD only,IBD,2000,13.5439701080322,,1428.957826465943,,20.03852677018781,66.569,12.755,,
IBRD only,IBD,2001,13.9159097671509,,1440.3945519680606,,19.667414248704407,66.498,13.147,,
IBRD only,IBD,2002,14.3690500259399,,1458.5498746666442,,19.251131388263598,66.471,14.663,,
IBRD only,IBD,2003,14.538915157318101,,1584.4797780311803,,18.873545355792974,66.459,14.129,,
IBRD only,IBD,2004,14.1702995300293,,1843.9124124439986,,18.660415030867355,66.334,15.036,,
IBRD only,IBD,2005,13.6933703422546,,2153.3953175570264,,18.461882792253682,66.39,14.595,,
IBRD only,IBD,2006,13.7508749961853,,2503.2861837877795,,18.178780044687677,66.043,15.298,,
IBRD only,IBD,2007,14.141770362854,,2973.7987996662164,,18.04346658444566,65.905,16.07,,
IBRD only,IBD,2008,14.4099049568176,,3511.087170622938,,17.97435784696337,65.441,16.503,,
IBRD only,IBD,2009,14.801225185394301,,3776.7944751840982,,17.812769895014146,65.166,17.468,,
IBRD only,IBD,2010,15.0479698181152,,4220.574747064598,,17.61934896804629,64.67,17.87,,
IBRD only,IBD,2010,15.0479698181152,,4220.574747064598,,17.61934896804629,64.536,17.87,,
IBRD only,IBD,2011,13.846170425415,,4705.416724842784,,17.90719405745541,64.489,18.186,,
IBRD only,IBD,2012,14.8948698043823,,5337.225277834417,,18.171999250415357,64.368,19.52,,
IBRD only,IBD,2012,14.8948698043823,,5337.225277834417,,18.171999250415357,53.859,19.52,,
IBRD only,IBD,2013,14.56785964965815,,5756.507000627626,,17.451244757471354,64.244,20.709,,
IBRD only,IBD,2014,15.6170473554076,,5922.935921550265,,17.36708979945851,64.193,21.346,,
IBRD only,IBD,2015,15.081143011250099,,5750.329026480189,,16.649690790576614,64.284,21.592,,
IBRD only,IBD,2016,14.3201551437378,,5631.499144857952,,16.843030732341823,64.378,22.051,,
IBRD only,IBD,2017,14.8612604141235,,5753.722699464618,,16.134696778378373,64.476,22.592,,
IBRD only,IBD,2018,14.47785342518645,,6195.472393937588,,15.34319978935119,64.579,23.298,,
IBRD only,IBD,2019,14.1095304489136,,6530.779927902314,,14.83558479240073,64.703,23.852,,
IBRD only,IBD,2019,14.1095304489136,,6530.779927902314,,14.83558479240073,54.209,23.852,,
IBRD only,IBD,2020,15.52691947631835,,6306.92145393251,,13.922922450183506,64.002,24.591,,
IBRD only,IBD,2020,15.52691947631835,,6306.92145393251,,13.922922450183506,54.456,24.591,,
IBRD only,IBD,2021,14.72980640539025,,6989.795173768536,,13.416988014410423,64.867,24.916,,
IBRD only,IBD,2021,14.72980640539025,,6989.795173768536,,13.416988014410423,54.598,24.916,,
IBRD only,IBD,2022,14.2361097335815,,7547.356666803613,,13.032509262433196,65.202,25.324,,
IBRD only,IBD,2022,14.2361097335815,,7547.356666803613,,13.032509262433196,55.54,25.324,,
IBRD only,IBD,2023,13.5658233667537,,7989.859994681912,,12.769749086699683,65.674,25.719,,
IBRD only,IBD,2024,16.12252767165865,,8126.743278059527,,12.757066441153599,65.98,25.966,,
IDA & IBRD total,IBT,2000,14.05883502960205,,1211.5147970027476,,24.03282439035466,66.744,11.433,,
IDA & IBRD total,IBT,2000,14.05883502960205,,1211.5147970027476,,24.03282439035466,65.431,11.433,,
IDA & IBRD total,IBT,2001,15.0534052848816,,1219.6583778302027,,23.701276906996412,66.701,11.989,,
IDA & IBRD total,IBT,2002,14.6392498016357,,1233.8550094119478,,23.325166632832993,66.697,13.267,,
IDA & IBRD total,IBT,2003,15.851335048675551,,1336.251496575877,,22.98892510222115,66.707,13.046,,
IDA & IBRD total,IBT,2004,14.662439823150649,,1549.9584404214957,,22.769247279415556,66.63,13.832,,
IDA & IBRD total,IBT,2005,14.858214855194099,,1802.045416612637,,22.581405794554744,66.706,14.504,,
IDA & IBRD total,IBT,2006,15.8465700149536,,2081.6896432532803,,22.353797701016727,66.453,15.0,,
IDA & IBRD total,IBT,2007,16.43553543090825,,2456.909326057547,,22.24110493058697,66.394,15.911,,
IDA & IBRD total,IBT,2008,15.7478399276733,,2888.0329696529843,,22.180634789301006,66.079,16.492,,
IDA & IBRD total,IBT,2009,16.0206699371338,,3098.3492981180893,,22.028933023153062,65.956,17.236,,
IDA & IBRD total,IBT,2010,15.975817665906451,,3442.227841722659,,21.83773603730293,65.672,17.408,,
IDA & IBRD total,IBT,2010,15.975817665906451,,3442.227841722659,,21.83773603730293,63.935,17.408,,
IDA & IBRD total,IBT,2011,15.0819897651672,,3814.1394041750564,,21.986456179844765,65.554,18.176,,
IDA & IBRD total,IBT,2012,15.7451200485229,,4303.251189966471,,22.116405209186215,65.402,19.276,,
IDA & IBRD total,IBT,2013,15.2219400405884,,4630.309086858338,,21.50935380180038,65.372,19.988,,
IDA & IBRD total,IBT,2014,15.63267993927,,4766.31684282788,,21.37665516572815,65.354,20.412,,
IDA & IBRD total,IBT,2015,15.16767662600315,,4627.205752188562,,20.76820924232941,65.456,21.112,,
IDA & IBRD total,IBT,2016,15.4424753189087,,4521.2634419608175,,20.824962598905895,65.508,21.449,,
IDA & IBRD total,IBT,2017,15.55900815945965,,4598.238258847988,,20.236024604606254,65.605,21.857,,
IDA & IBRD total,IBT,2018,15.60131855279435,,4932.106336309031,,19.60174180259086,65.692,22.191,,
IDA & IBRD total,IBT,2019,14.2717185267026,,5184.223096129885,,19.181113664190374,65.83,22.533,,
IDA & IBRD total,IBT,2020,15.017913986190749,,5000.493593143656,,18.466078124933073,65.296,23.497,,
IDA & IBRD total,IBT,2021,14.7961370016582,,5513.570687910159,,18.089766619164436,66.032,24.019,,
IDA & IBRD total,IBT,2022,14.284109514996,,5924.367900274448,,17.798551412597845,66.345,24.472,,
IDA & IBRD total,IBT,2023,13.97964757099165,,6217.470869474441,,17.5839668118104,67.093,24.849,,
IDA & IBRD total,IBT,2024,14.648336145274548,,6269.430606547924,,17.529367396668665,67.286,25.011,,
IDA total,IDA,2000,14.5736999511719,,457.1425185485761,,38.07523551120908,67.554,,,
IDA total,IDA,2001,15.6620597839356,,465.7365318285851,,37.70842358916519,67.562,,,
IDA total,IDA,2002,15.475224971771251,,479.60170631063926,,37.28930867962569,67.65,10.9,,
IDA total,IDA,2003,,,513.3491997522963,,36.91135134178302,67.739,11.282,,
IDA total,IDA,2004,16.2438106536865,,586.7703852164856,,36.49352273693776,67.852,11.945,,
IDA total,IDA,2005,17.223239898681598,,661.558799312106,,36.16548330798824,67.997,14.363,,
IDA total,IDA,2006,,,722.2940331763104,,35.9375323943058,68.109,14.543,,
IDA total,IDA,2007,,,803.1406520611869,,35.707580912947535,68.343,15.657,,
IDA total,IDA,2008,17.2426700592041,,917.3369582962282,,35.49174176109823,68.587,16.476,,
IDA total,IDA,2009,17.3597393035889,,980.7335665698191,,35.195641750366455,69.008,16.888,,
IDA total,IDA,2010,16.5039100646973,,1044.173029935109,,34.83910533273053,69.469,16.712,,
IDA total,IDA,2011,15.3433799743652,,1102.4804391348093,,34.40063587362359,69.53,18.163,,
IDA total,IDA,2012,15.855424880981449,,1193.3182466752187,,33.983316208400616,69.223,18.931,,
IDA total,IDA,2013,16.1748008728027,,1276.1578978092066,,33.59904529976279,69.467,18.935,,
IDA total,IDA,2014,15.63267993927,,1357.0676265832371,,33.19909238088102,69.54,19.155,,
IDA total,IDA,2015,15.9641995429993,,1352.9060378221704,,32.77957066116877,69.632,20.492,,
IDA total,IDA,2016,15.7474398612976,,1322.1332082624428,,32.30345445973178,69.488,20.641,,
IDA total,IDA,2017,15.68577003479,,1309.1146841983445,,31.91569777090434,69.518,20.907,,
IDA total,IDA,2018,16.11429616242825,,1382.891821147226,,31.570999683880842,69.492,20.689,,
IDA total,IDA,2019,14.2819134973306,,1454.2966478854935,,31.223917562942077,69.615,20.679,,
IDA total,IDA,2020,14.7281237937903,,1436.4421675736673,,30.866324960252896,69.492,21.904,,
IDA total,IDA,2021,15.045609995937049,,1551.0872723692255,,30.638914348480956,69.806,22.715,,
IDA total,IDA,2022,14.3321092964105,,1639.1887609931312,,30.38922606189536,69.949,23.194,,
IDA total,IDA,2023,14.7291528247263,,1613.1566930785832,,30.09743267265658,71.594,23.538,,
IDA total,IDA,2024,14.010678241384799,,1518.8963010191474,,29.743267170820218,71.399,23.513,,
IDA blend,IDB,2000,18.745080947876,,,,38.64063782673592,64.099,,,
IDA blend,IDB,2001,,,,,38.286984219996135,64.156,,,
IDA blend,IDB,2002,,,,,37.89432468211063,64.416,10.312,,
IDA blend,IDB,2003,22.0638198852539,,,,37.560912431805065,64.741,10.535,,
IDA blend,IDB,2004,20.97559547424315,,,,37.02556527067792,65.111,11.353,,
IDA blend,IDB,2004,20.97559547424315,,,,37.02556527067792,56.831,11.353,,
IDA blend,IDB,2005,21.13473415374755,,,,36.809318415884114,65.52,12.005,,
IDA blend,IDB,2006,20.3126602172852,,,,36.82298263553159,66.12,12.196,,
IDA blend,IDB,2007,,,,,36.82072279157452,66.384,12.828,,
IDA blend,IDB,2008,,,1312.8934935922593,,36.931160732055275,66.564,13.239,,
IDA blend,IDB,2009,,,1369.531783311427,,36.81807133121273,66.81,13.511,,
IDA blend,IDB,2010,18.518459320068352,,1430.187782227115,,36.56454396584661,67.182,13.062,,
IDA blend,IDB,2011,14.8677701950073,,1490.5152655473134,,36.11203621314274,67.23,13.527,,
IDA blend,IDB,2011,14.8677701950073,,1490.5152655473134,,36.11203621314274,64.322,13.527,,
IDA blend,IDB,2012,17.3305196762085,,1666.8786386132076,,35.52523766198666,67.413,13.718,,
IDA blend,IDB,2013,15.979447325255201,,1821.4190311102993,,34.97777858673372,67.424,17.386,,
IDA blend,IDB,2013,15.979447325255201,,1821.4190311102993,,34.97777858673372,65.2,17.386,,
IDA blend,IDB,2014,15.34746980667115,,1986.8741845585828,,34.45024321347152,67.717,17.293,,
IDA blend,IDB,2015,13.243989944458,,1966.4669278743975,,33.778665978384055,67.791,17.27,,
IDA blend,IDB,2016,15.0634803771973,,1869.7320802091863,,32.94061473475249,67.604,17.347,,
IDA blend,IDB,2017,15.9128103256226,,1776.5557903153062,,32.33911619126578,67.427,17.882,,
IDA blend,IDB,2018,16.8831596374512,,1824.1574271929408,,31.736032068330683,67.145,17.954,,
IDA blend,IDB,2019,14.1786984993157,,1934.6926909180281,,31.150802633900955,67.693,17.954,,
IDA blend,IDB,2019,14.1786984993157,,1934.6926909180281,,31.150802633900955,63.58,17.954,,
IDA blend,IDB,2020,15.6666108638886,,1922.5760247072922,,30.62974771695566,67.472,19.823,,
IDA blend,IDB,2021,15.0616068035508,,2127.7680653477323,,30.439468211081795,67.848,20.015,,
IDA blend,IDB,2022,15.5095016256821,,2231.1842957612344,,30.14889075028249,68.036,20.432,,
IDA blend,IDB,2023,13.9060519596099,,2110.084135865256,,29.859029440886427,70.703,20.488,,
IDA blend,IDB,2024,16.9715527068751,,1808.075792674287,,29.44334035650186,70.908,20.132,,
Indonesia,IDN,2000,,,570.0,30.3,21.688,61.413,8.0,66.2919,
Indonesia,IDN,2000,,,570.0,30.3,21.688,61.413,8.0,66.2919,
Indonesia,IDN,2001,11.5938901901245,,700.0,31.2,21.386,59.107,8.0,66.5826,
Indonesia,IDN,2001,11.5938901901245,,700.0,31.2,21.386,59.107,8.0,66.5826,
Indonesia,IDN,2002,14.3690500259399,,780.0,30.2,21.107,57.065,8.0,66.9535,
Indonesia,IDN,2002,14.3690500259399,,780.0,30.2,21.107,57.065,8.0,66.9535,
Indonesia,IDN,2003,16.2781791687012,,880.0,29.3,20.834,57.115,8.0,67.134,
Indonesia,IDN,2003,16.2781791687012,,880.0,29.3,20.834,57.115,8.0,67.134,
Indonesia,IDN,2004,14.1702995300293,,1060.0,30.4,20.796,55.982,11.273,65.5208,
Indonesia,IDN,2004,14.1702995300293,,1060.0,30.4,20.796,55.981,11.273,65.5208,
Indonesia,IDN,2005,15.1821098327637,,1200.0,29.9,21.018,55.547,11.273,67.5308,
Indonesia,IDN,2005,15.1821098327637,,1200.0,29.9,21.018,55.548,11.273,67.5308,
Indonesia,IDN,2006,,,1350.0,31.5,20.943,55.678,11.273,67.6636,
Indonesia,IDN,2006,,,1350.0,31.5,20.943,55.677,11.273,67.6636,
Indonesia,IDN,2007,14.939920425415,,1570.0,33.2,20.968,60.188,11.636,67.9141,
Indonesia,IDN,2007,14.939920425415,,1570.0,33.2,20.968,60.189,11.636,67.9141,
Indonesia,IDN,2008,13.674750328064,,1900.0,32.6,20.511,61.051,11.636,68.0846,
Indonesia,IDN,2008,13.674750328064,,1900.0,32.6,20.511,61.051,11.636,68.0846,
Indonesia,IDN,2009,19.3081398010254,,2110.0,33.4,20.375,61.377,17.857,68.2674,
Indonesia,IDN,2009,19.3081398010254,,2110.0,33.4,20.375,61.378,17.857,68.2674,
Indonesia,IDN,2010,16.6539402008057,,2490.0,34.6,20.362,61.908,18.036,68.3642,
Indonesia,IDN,2010,16.6539402008057,,2490.0,34.6,20.362,61.908,18.036,68.3642,
Indonesia,IDN,2011,18.0055103302002,,2960.0,37.9,20.611,61.452,18.214,68.629,
Indonesia,IDN,2011,18.0055103302002,,2960.0,37.9,20.611,61.452,18.214,68.629,
Indonesia,IDN,2012,18.0904197692871,,3520.0,37.1,20.41,61.688,18.571,68.8617,0.5245970888315126
Indonesia,IDN,2012,18.0904197692871,,3520.0,37.1,20.41,61.687,18.571,68.8617,0.5245970888315126
Indonesia,IDN,2013,17.8482608795166,,3670.0,38.9,19.643,61.161,18.571,69.0635,0.5245970888315126
Indonesia,IDN,2013,17.8482608795166,,3670.0,38.9,19.643,61.16,18.571,69.0635,0.5245970888315126
Indonesia,IDN,2014,17.9038906097412,,3570.0,38.8,19.091,61.219,16.937,69.292,0.5232561822457982
Indonesia,IDN,2014,17.9038906097412,,3570.0,38.8,19.091,61.22,16.937,69.292,0.5232561822457982
Indonesia,IDN,2015,20.3588600158691,,3390.0,38.2,18.569,61.551,17.117,69.5196,0.5143724961869801
Indonesia,IDN,2015,20.3588600158691,,3390.0,38.2,18.569,61.55,17.117,69.5196,0.5143724961869801
Indonesia,IDN,2016,11.3228385780706,,3370.0,36.9,18.138,62.306,17.117,69.7333,0.5215171020502504
Indonesia,IDN,2016,11.3228385780706,,3370.0,36.9,18.138,62.306,17.117,69.7333,0.5215171020502504
Indonesia,IDN,2017,10.8803626838238,,3490.0,36.4,17.54,63.711,19.821,69.9533,0.5191063056160183
Indonesia,IDN,2017,10.8803626838238,,3490.0,36.4,17.54,63.712,19.821,69.9533,0.5191063056160183
Indonesia,IDN,2018,10.145246388091,,3810.0,36.3,17.146,64.596,19.821,70.0797,0.5191063056160183
Indonesia,IDN,2018,10.145246388091,,3810.0,36.3,17.146,64.596,19.821,70.0797,0.5191063056160183
Indonesia,IDN,2019,9.34260924899348,,4020.0,35.4,16.909,65.314,17.391,70.3491,0.5213946284780645
Indonesia,IDN,2019,9.34260924899348,,4020.0,35.4,16.909,65.313,17.391,70.3491,0.5213946284780645
Indonesia,IDN,2020,9.31964024456527,,3850.0,35.3,16.674,65.141,20.348,68.8173,0.5281196664694648
Indonesia,IDN,2020,9.31964024456527,,3850.0,35.3,16.674,65.141,20.348,68.8173,0.5281196664694648
Indonesia,IDN,2021,8.96559769031117,,4130.0,35.5,16.417,65.298,21.043,67.4516,0.5227675445783782
Indonesia,IDN,2021,8.96559769031117,,4130.0,35.5,16.417,65.297,21.043,67.4516,0.5227675445783782
Indonesia,IDN,2022,8.70282050991956,,4520.0,35.5,16.204,64.454,21.913,70.9246,0.5313633133991077
Indonesia,IDN,2022,8.70282050991956,,4520.0,35.5,16.204,64.455,21.913,70.9246,0.5313633133991077
Indonesia,IDN,2023,,,4810.0,36.1,15.941,64.926,21.565,71.1457,0.5324024822545697
Indonesia,IDN,2023,,,4810.0,36.1,15.941,64.926,21.565,71.1457,0.5324024822545697
Indonesia,IDN,2024,,,4910.0,34.9,15.762,65.085,21.034,,0.5276737928700821
IDA only,IDX,2000,14.04344987869265,,344.25161046863434,,37.773653047958625,69.376,9.632,,
IDA only,IDX,2001,14.4934997558594,,347.2729235067034,,37.398833996366164,69.365,,,
IDA only,IDX,2002,15.2045650482178,,353.86815669977483,,36.9652139297488,69.365,11.109,,
IDA only,IDX,2003,,,381.22242152277437,,36.563126710099546,69.331,11.55,,
IDA only,IDX,2004,15.9531202316284,,433.5262081277889,,36.207708975327236,69.313,12.126,,
IDA only,IDX,2005,,,486.60452624832726,,35.81898842759005,69.319,15.027,,
IDA only,IDX,2006,,,534.9937010810542,,35.46034222559159,69.172,15.171,,
IDA only,IDX,2007,,,604.2367882702646,,35.105979624883574,69.396,16.421,,
IDA only,IDX,2008,17.5294303894043,,702.3786214723165,,34.71098432139814,69.68,17.342,,
IDA only,IDX,2009,17.159574508667,,768.9922947616554,,34.31257921080428,70.204,17.781,,
IDA only,IDX,2010,16.1728191375732,,833.5061277425395,,33.89693951930634,70.719,17.667,,
IDA only,IDX,2011,15.69590473175045,,890.3926305970489,,33.464230957247835,70.785,19.337,,
IDA only,IDX,2012,15.855424880981449,,934.2310329438991,,33.13907171425584,70.224,20.233,,
IDA only,IDX,2013,16.1748008728027,,977.558014502716,,32.843545548725665,70.595,19.387,,
IDA only,IDX,2014,15.63267993927,,1012.1773759100073,,32.513622471494074,70.552,19.676,,
IDA only,IDX,2015,16.2116394042969,,1017.2763402445809,,32.23273413175986,70.665,21.365,,
IDA only,IDX,2016,15.831259727478,,1023.3319871972008,,31.955567689740864,70.546,21.52,,
IDA only,IDX,2017,15.6525497436523,,1054.7355484236666,,31.685119729211053,70.685,21.697,,
IDA only,IDX,2018,15.8886226898467,,1143.4050487222876,,31.481367450766193,70.794,21.438,,
IDA only,IDX,2019,14.2921084679586,,1194.4382869694311,,31.263496674338974,70.684,21.436,,
IDA only,IDX,2020,14.3359003067017,,1174.3046883986447,,30.993991162070543,70.609,22.512,,
IDA only,IDX,2021,14.909051739396,,1240.870853435557,,30.746288421745025,70.905,23.503,,
IDA only,IDX,2022,13.755706912055452,,1321.463376802274,,30.518323114003714,71.025,24.046,,
IDA only,IDX,2023,14.8236041330292,,1347.3116318206703,,30.22508412553654,72.112,24.485,,
IDA only,IDX,2024,13.2137271936828,,1364.7337110537176,,29.903298916738603,71.688,24.611,,
Isle of Man,IMN,2000,,,22470.0,,12.487,,,74.8419,
Isle of Man,IMN,2001,,,23100.0,,12.39,77.983,,75.2893,
Isle of Man,IMN,2002,,,24130.0,,12.164,,,75.785,
Isle of Man,IMN,2003,,,27590.0,,11.818,,,76.319,
Isle of Man,IMN,2004,,,33670.0,,11.543,,,76.8763,
Isle of Man,IMN,2005,,,39430.0,,11.598,,,77.4528,
Isle of Man,IMN,2006,,,44860.0,,11.674,80.591,,77.9713,
Isle of Man,IMN,2007,,,47950.0,,11.664,,,78.4507,
Isle of Man,IMN,2008,,,43640.0,,11.626,,,78.8989,
Isle of Man,IMN,2009,,,46790.0,,11.486,,,79.3026,
Isle of Man,IMN,2010,,,72410.0,,11.312,,,79.6132,
Isle of Man,IMN,2011,,,74840.0,,11.095,82.934,,79.8363,
Isle of Man,IMN,2012,,,82400.0,,10.763,,,80.007,
Isle of Man,IMN,2013,,,87680.0,,10.418,,,80.1199,
Isle of Man,IMN,2014,,,88570.0,,10.113,,,80.1994,
Isle of Man,IMN,2015,,,83630.0,,9.769,,,80.2666,
Isle of Man,IMN,2016,,,78690.0,,9.436,91.207,,80.3913,
Isle of Man,IMN,2017,,,77890.0,,9.193,,,80.5064,
Isle of Man,IMN,2018,,,83430.0,,8.995,,,80.6139,
Isle of Man,IMN,2019,,,84470.0,,8.826,,,80.7399,
Isle of Man,IMN,2020,,,79280.0,,8.683,,,80.5909,
Isle of Man,IMN,2021,,,76440.0,,8.54,,,80.4197,
Isle of Man,IMN,2022,,,78440.0,,8.437,,,80.9561,
Isle of Man,IMN,2023,,,,,8.34,,,80.999,
Isle of Man,IMN,2024,,,,,8.277,,,,
India,IND,2000,16.7305107116699,,440.0,,27.518,40.802,9.007,62.7492,
India,IND,2000,16.7305107116699,,440.0,,27.518,37.066,9.007,62.7492,
India,IND,2001,,,450.0,,27.206,41.09,8.84,63.1581,
India,IND,2001,,,450.0,,27.206,48.069,8.84,63.1581,
India,IND,2002,,,460.0,,26.538,41.384,8.84,63.6486,
India,IND,2003,12.4107999801636,,510.0,,25.783,41.687,8.84,64.0862,
India,IND,2004,11.1968603134155,,610.0,,25.121,41.997,8.257,64.4843,
India,IND,2005,11.208459854126,,700.0,,24.304,42.315,8.287,64.9385,
India,IND,2005,11.208459854126,,700.0,,24.304,44.863,8.287,64.9385,
India,IND,2006,11.6937103271484,,780.0,,23.564,40.946,8.257,65.3726,
India,IND,2007,,,910.0,,22.932,39.597,9.057,65.8034,
India,IND,2008,,,990.0,,22.506,38.269,9.057,66.2471,
India,IND,2009,11.1912002563477,,1110.0,,22.211,36.962,10.826,66.7001,
India,IND,2010,11.8336801528931,,1210.0,,21.633,35.679,10.826,67.1616,
India,IND,2010,11.8336801528931,,1210.0,,21.633,36.294,10.826,67.1616,
India,IND,2011,13.5649099349976,,1350.0,,21.156,34.813,11.009,67.6228,
India,IND,2012,13.9921197891235,,1460.0,,20.672,33.966,11.009,68.0763,0.4562122951761987
India,IND,2012,13.9921197891235,,1460.0,,20.672,34.555,11.009,68.0763,0.4562122951761987
India,IND,2013,14.0501804351807,,1500.0,,20.061,33.928,11.009,68.499,0.4562122951761987
India,IND,2014,15.7181539700745,,1540.0,,19.089,33.957,11.418,68.9323,0.4771114706487007
India,IND,2015,15.6922197341919,,1580.0,,18.936,34.064,11.971,69.326,0.5142444061191099
India,IND,2016,15.7215003967285,,1670.0,,18.756,34.206,11.971,69.7091,0.5150810716662972
India,IND,2017,15.8097696304321,,1790.0,,17.995,34.367,11.808,70.0676,0.5181949299041557
India,IND,2018,16.6353797912598,,1970.0,,17.91,34.516,11.808,70.4152,0.5181949299041557
India,IND,2018,16.6353797912598,,1970.0,,17.91,28.089,11.808,70.4152,0.5181949299041557
India,IND,2019,14.8238201141357,,2070.0,,17.368,34.64,14.391,70.7463,0.5114774162070677
India,IND,2019,14.8238201141357,,2070.0,,17.368,32.24,14.391,70.7463,0.5114774162070677
India,IND,2020,15.9926099777222,,1900.0,,16.744,34.347,14.365,70.1563,0.5087796311906124
India,IND,2020,15.9926099777222,,1900.0,,16.744,35.242,14.365,70.1563,0.5087796311906124
India,IND,2021,14.924599647522,,2170.0,,16.491,36.496,14.444,67.2823,0.4990076876927346
India,IND,2021,14.924599647522,,2170.0,,16.491,36.005,14.444,67.2823,0.4990076876927346
India,IND,2022,14.1554744728238,,2390.0,,16.336,38.362,14.945,71.6984,0.4972098650571152
India,IND,2022,14.1554744728238,,2390.0,,16.336,37.114,14.945,71.6984,0.4972098650571152
India,IND,2023,,,2580.0,,16.146,40.179,15.242,72.0026,0.4935376237131989
India,IND,2023,,,2580.0,,16.146,45.916,15.242,72.0026,0.4935376237131989
India,IND,2024,,,2650.0,,15.981,41.775,13.653,,0.4975257057630606
India,IND,2024,,,2650.0,,15.981,44.364,13.653,,0.4975257057630606
Ireland,IRL,2000,13.5181999206543,,24130.0,33.0,14.4,67.31,12.048,76.535,
Ireland,IRL,2000,13.5181999206543,,24130.0,33.0,14.4,66.242,12.048,76.535,
Ireland,IRL,2001,12.7046499252319,,24080.0,,15.0,68.216,12.048,77.1003,
Ireland,IRL,2001,12.7046499252319,,24080.0,,15.0,66.866,12.048,77.1003,
Ireland,IRL,2002,12.4844598770142,,24920.0,32.3,15.4,69.832,13.253,77.5903,
Ireland,IRL,2002,12.4844598770142,,24920.0,32.3,15.4,68.968,13.253,77.5903,
Ireland,IRL,2003,12.8731098175049,,29980.0,32.9,15.4,70.31,13.253,78.1003,
Ireland,IRL,2003,12.8731098175049,,29980.0,32.9,15.4,69.636,13.253,78.1003,
Ireland,IRL,2004,13.6585597991943,,37840.0,33.6,15.2,70.46,13.253,78.5027,
Ireland,IRL,2004,13.6585597991943,,37840.0,33.6,15.2,69.634,13.253,78.5027,
Ireland,IRL,2005,13.6849298477173,,44640.0,33.8,14.8,71.832,13.253,78.9093,
Ireland,IRL,2005,13.6849298477173,,44640.0,33.8,14.8,71.622,13.253,78.9093,
Ireland,IRL,2006,13.5489997863769,,47950.0,32.7,15.3,72.798,13.253,79.1504,
Ireland,IRL,2006,13.5489997863769,,47950.0,32.7,15.3,72.038,13.253,79.1504,
Ireland,IRL,2007,13.2305898666382,,50540.0,31.9,16.2,74.586,13.253,79.5631,
Ireland,IRL,2007,13.2305898666382,,50540.0,31.9,16.2,74.58,13.253,79.5631,
Ireland,IRL,2008,13.1343097686768,,50940.0,30.9,16.7,75.555,13.253,79.7877,
Ireland,IRL,2008,13.1343097686768,,50940.0,30.9,16.7,75.547,13.253,79.7877,
Ireland,IRL,2009,13.1332502365112,,46810.0,32.7,16.7,77.638,13.939,80.0954,
Ireland,IRL,2009,13.1332502365112,,46810.0,32.7,16.7,77.648,13.939,80.0954,
Ireland,IRL,2010,9.32332038879395,,44970.0,32.3,16.5,78.734,13.939,80.5992,
Ireland,IRL,2010,9.32332038879395,,44970.0,32.3,16.5,78.734,13.939,80.5992,
Ireland,IRL,2011,12.3375701904297,,42670.0,32.9,16.2,79.422,15.06,80.7272,
Ireland,IRL,2011,12.3375701904297,,42670.0,32.9,16.2,79.437,15.06,80.7272,
Ireland,IRL,2012,13.5224895477295,,41070.0,33.2,15.6,79.64,15.06,80.8524,
Ireland,IRL,2012,13.5224895477295,,41070.0,33.2,15.6,79.643,15.06,80.8524,
Ireland,IRL,2013,13.1515998840332,,44170.0,33.5,14.9,80.237,15.663,81.065,
Ireland,IRL,2013,13.1515998840332,,44170.0,33.5,14.9,80.222,15.663,81.065,
Ireland,IRL,2014,12.9699697494507,,47580.0,31.9,14.4,79.783,15.663,81.4063,
Ireland,IRL,2014,12.9699697494507,,47580.0,31.9,14.4,79.785,15.663,81.4063,
Ireland,IRL,2015,12.9243097305298,,52340.0,31.8,13.9,79.406,16.265,81.5326,
Ireland,IRL,2015,12.9243097305298,,52340.0,31.8,13.9,79.424,16.265,81.5326,
Ireland,IRL,2016,13.3105401992798,,52880.0,32.8,13.4,80.532,22.152,81.6836,
Ireland,IRL,2016,13.3105401992798,,52880.0,32.8,13.4,80.536,22.152,81.6836,
Ireland,IRL,2017,13.3671703338623,,54410.0,31.4,12.8,81.164,22.152,82.1032,
Ireland,IRL,2017,13.3671703338623,,54410.0,31.4,12.8,81.187,22.152,82.1032,
Ireland,IRL,2018,13.3384199142456,,59110.0,30.6,12.5,81.737,22.152,82.1232,
Ireland,IRL,2018,13.3384199142456,,59110.0,30.6,12.5,81.794,22.152,82.1232,
Ireland,IRL,2019,13.5292997360229,,62460.0,30.3,11.9,81.887,22.152,82.4108,
Ireland,IRL,2019,13.5292997360229,,62460.0,30.3,11.9,81.929,22.152,82.4108,
Ireland,IRL,2020,11.9675798416138,,64420.0,29.2,11.1,81.748,22.5,82.3897,
Ireland,IRL,2020,11.9675798416138,,64420.0,29.2,11.1,81.787,22.5,82.3897,
Ireland,IRL,2021,12.3345098495483,,74070.0,29.4,11.8,83.3,22.5,81.8608,0.8083942159050167
Ireland,IRL,2021,12.3345098495483,,74070.0,29.4,11.8,83.357,22.5,81.8608,0.8083942159050167
Ireland,IRL,2022,,,75970.0,29.9,10.4,84.49,23.125,82.0505,0.8091856415399827
Ireland,IRL,2022,,,75970.0,29.9,10.4,84.631,23.125,82.0505,0.8091856415399827
Ireland,IRL,2023,,,79280.0,29.0,10.3,83.053,23.125,82.4118,0.8118532335448357
Ireland,IRL,2023,,,79280.0,29.0,10.3,83.381,23.125,82.4118,0.8118532335448357
Ireland,IRL,2024,,,80650.0,,10.0,85.029,25.287,,0.8203464092473991
Ireland,IRL,2024,,,80650.0,,10.0,86.058,25.287,,0.8203464092473991
"Iran, Islamic Rep.",IRN,2000,20.6338500976562,,1750.0,,15.966,18.602,3.448,70.1665,
"Iran, Islamic Rep.",IRN,2001,24.4241695404053,,1780.0,,15.935,19.912,3.448,70.6188,
"Iran, Islamic Rep.",IRN,2002,26.5064296722412,,1880.0,,15.947,21.271,4.138,71.1118,
"Iran, Islamic Rep.",IRN,2003,22.1354694366455,,2180.0,,15.878,22.696,4.138,70.4642,
"Iran, Islamic Rep.",IRN,2004,21.5214500427246,,2450.0,,16.176,24.198,4.138,72.0401,
"Iran, Islamic Rep.",IRN,2005,21.8996906280518,,2850.0,43.6,16.385,25.766,4.138,72.4463,
"Iran, Islamic Rep.",IRN,2005,21.8996906280518,,2850.0,43.6,16.385,26.131,4.138,72.4463,
"Iran, Islamic Rep.",IRN,2006,19.4567794799805,,3330.0,44.8,16.725,25.28,4.138,72.8953,
"Iran, Islamic Rep.",IRN,2006,19.4567794799805,,3330.0,44.8,16.725,25.633,4.138,72.8953,
"Iran, Islamic Rep.",IRN,2007,20.0312805175781,,4070.0,,16.971,24.07,4.138,73.2992,
"Iran, Islamic Rep.",IRN,2007,20.0312805175781,,4070.0,,16.971,24.425,4.138,73.2992,
"Iran, Islamic Rep.",IRN,2008,22.3846092224121,,4720.0,,17.095,21.511,2.797,73.6835,
"Iran, Islamic Rep.",IRN,2008,22.3846092224121,,4720.0,,17.095,21.903,2.797,73.6835,
"Iran, Islamic Rep.",IRN,2009,18.5626201629639,,5260.0,42.1,17.157,22.644,2.759,74.0412,
"Iran, Islamic Rep.",IRN,2009,18.5626201629639,,5260.0,42.1,17.157,22.978,2.759,74.0412,
"Iran, Islamic Rep.",IRN,2010,19.2569103240967,,5910.0,,17.276,22.118,2.759,74.3896,
"Iran, Islamic Rep.",IRN,2010,19.2569103240967,,5910.0,,17.276,22.492,2.759,74.3896,
"Iran, Islamic Rep.",IRN,2011,20.1513805389404,,6680.0,34.7,17.673,20.381,2.759,74.7207,
"Iran, Islamic Rep.",IRN,2011,20.1513805389404,,6680.0,34.7,17.673,20.809,2.759,74.7207,
"Iran, Islamic Rep.",IRN,2012,17.3957901000977,,7310.0,34.4,18.138,21.978,3.103,75.039,0.47568364246411393
"Iran, Islamic Rep.",IRN,2012,17.3957901000977,,7310.0,34.4,18.138,22.38,3.103,75.039,0.47568364246411393
"Iran, Islamic Rep.",IRN,2013,21.6735000610352,,7220.0,34.0,18.531,19.612,3.103,75.3486,0.47568364246411393
"Iran, Islamic Rep.",IRN,2013,21.6735000610352,,7220.0,34.0,18.531,19.751,3.103,75.3486,0.47568364246411393
"Iran, Islamic Rep.",IRN,2014,19.6648693084717,,6660.0,34.8,18.828,19.144,3.103,75.6352,0.44340569103164124
"Iran, Islamic Rep.",IRN,2014,19.6648693084717,,6660.0,34.8,18.828,19.264,3.103,75.6352,0.44340569103164124
"Iran, Islamic Rep.",IRN,2015,18.5687503814697,,5460.0,35.3,18.879,20.927,3.103,75.9073,0.4386660515378657
"Iran, Islamic Rep.",IRN,2015,18.5687503814697,,5460.0,35.3,18.879,21.015,3.103,75.9073,0.4386660515378657
"Iran, Islamic Rep.",IRN,2016,19.4454307556152,,5530.0,35.9,18.787,23.34,5.882,76.1551,0.47147146253714817
"Iran, Islamic Rep.",IRN,2016,19.4454307556152,,5530.0,35.9,18.787,23.493,5.882,76.1551,0.47147146253714817
"Iran, Islamic Rep.",IRN,2017,20.3052101135254,,5640.0,36.7,18.045,24.7,5.882,76.3963,0.47556190463029163
"Iran, Islamic Rep.",IRN,2017,20.3052101135254,,5640.0,36.7,18.045,24.87,5.882,76.3963,0.47556190463029163
"Iran, Islamic Rep.",IRN,2018,21.1460399627686,,5390.0,37.4,16.664,24.557,5.882,76.6205,0.47556190463029163
"Iran, Islamic Rep.",IRN,2018,21.1460399627686,,5390.0,37.4,16.664,24.806,5.882,76.6205,0.47556190463029163
"Iran, Islamic Rep.",IRN,2019,21.2445297241211,,4710.0,36.5,14.918,23.87,5.882,76.8549,0.44590005358820994
"Iran, Islamic Rep.",IRN,2019,21.2445297241211,,4710.0,36.5,14.918,24.123,5.882,76.8549,0.44590005358820994
"Iran, Islamic Rep.",IRN,2020,22.6655006408691,,3980.0,35.8,14.008,20.124,5.594,74.1406,0.4270480276116108
"Iran, Islamic Rep.",IRN,2020,22.6655006408691,,3980.0,35.8,14.008,20.39,5.594,74.1406,0.4270480276116108
"Iran, Islamic Rep.",IRN,2021,,,4110.0,35.5,13.687,19.184,5.594,73.7521,0.41724539836266433
"Iran, Islamic Rep.",IRN,2021,,,4110.0,35.5,13.687,19.502,5.594,73.7521,0.41724539836266433
"Iran, Islamic Rep.",IRN,2022,18.8211994171143,,4390.0,34.8,13.314,20.127,5.594,76.7993,0.4062768044916809
"Iran, Islamic Rep.",IRN,2022,18.8211994171143,,4390.0,34.8,13.314,20.1,5.594,76.7993,0.4062768044916809
"Iran, Islamic Rep.",IRN,2023,,,5070.0,35.9,12.951,20.721,5.594,77.6545,0.38587241000497485
"Iran, Islamic Rep.",IRN,2023,,,5070.0,35.9,12.951,20.982,5.594,77.6545,0.38587241000497485
"Iran, Islamic Rep.",IRN,2024,,,5130.0,,12.571,20.895,4.828,,0.3856801338682391
"Iran, Islamic Rep.",IRN,2024,,,5130.0,,12.571,20.93,4.828,,0.3856801338682391
Iraq,IRQ,2000,,,1530.0,,36.107,12.767,7.6,64.8603,
Iraq,IRQ,2001,,,1660.0,,35.547,13.288,7.6,65.292,
Iraq,IRQ,2002,,,1330.0,,34.791,13.831,7.6,65.724,
Iraq,IRQ,2003,,,790.0,,34.524,14.396,,64.8339,
Iraq,IRQ,2004,,,1310.0,,34.344,14.984,,64.6342,
Iraq,IRQ,2005,,,1510.0,,33.944,15.596,,64.8989,
Iraq,IRQ,2006,,,1880.0,,34.964,16.233,25.455,64.0288,
Iraq,IRQ,2007,,,2480.0,,34.503,16.897,25.455,64.4278,
Iraq,IRQ,2007,,,2480.0,,34.503,16.897,25.455,64.4278,
Iraq,IRQ,2008,,,3470.0,,33.649,16.849,25.455,66.465,
Iraq,IRQ,2009,,,4010.0,,33.928,16.801,25.455,67.8337,
Iraq,IRQ,2010,,,4390.0,,34.604,16.754,25.231,68.0924,
Iraq,IRQ,2011,,,4740.0,,35.493,16.707,25.231,68.4351,
Iraq,IRQ,2012,,,5980.0,,34.833,16.661,25.231,68.8267,
Iraq,IRQ,2012,,,5980.0,,34.833,16.661,25.231,68.8267,
Iraq,IRQ,2013,,,6620.0,,34.14,17.675,25.231,69.0469,
Iraq,IRQ,2014,,,6440.0,,33.329,18.741,25.305,69.679,
Iraq,IRQ,2014,,,6440.0,,33.329,18.741,25.305,69.679,
Iraq,IRQ,2015,,,5460.0,,31.562,19.45,26.524,69.9771,
Iraq,IRQ,2016,,,5060.0,,29.816,20.183,26.524,68.6834,
Iraq,IRQ,2016,,,5060.0,,29.816,20.183,26.524,68.6834,
Iraq,IRQ,2017,,,4430.0,,28.304,15.438,25.305,69.7878,
Iraq,IRQ,2017,,,4430.0,,28.304,15.438,25.305,69.7878,
Iraq,IRQ,2018,,,4820.0,,27.664,15.914,25.228,71.1162,
Iraq,IRQ,2019,,,5520.0,,27.252,16.488,25.228,71.2452,
Iraq,IRQ,2020,,,4720.0,,26.84,15.446,26.444,69.6506,
Iraq,IRQ,2021,,,4740.0,,26.448,15.778,28.875,70.7036,
Iraq,IRQ,2021,,,4740.0,,26.448,15.778,28.875,70.7036,
Iraq,IRQ,2022,,,5510.0,,26.004,15.444,28.875,72.0371,
Iraq,IRQ,2023,,,5920.0,,25.728,14.965,29.052,72.3242,
Iraq,IRQ,2024,,,6030.0,,25.58,15.151,28.875,,
Iceland,ISL,2000,14.3476104736328,,31750.0,,15.3,89.273,34.921,79.5485,
Iceland,ISL,2000,14.3476104736328,,31750.0,,15.3,90.801,34.921,79.5485,
Iceland,ISL,2001,14.1417798995972,,30780.0,,14.4,87.363,34.921,80.4209,
Iceland,ISL,2001,14.1417798995972,,30780.0,,14.4,88.717,34.921,80.4209,
Iceland,ISL,2002,16.0566101074219,,30750.0,,14.1,87.755,34.921,80.2778,
Iceland,ISL,2002,16.0566101074219,,30750.0,,14.1,89.712,34.921,80.2778,
Iceland,ISL,2003,15.1595802307129,,33410.0,26.8,14.3,87.403,30.159,80.7678,
Iceland,ISL,2003,15.1595802307129,,33410.0,26.8,14.3,90.129,30.159,80.7678,
Iceland,ISL,2004,15.3389701843262,,41660.0,28.0,14.5,85.676,30.159,80.7209,
Iceland,ISL,2004,15.3389701843262,,41660.0,28.0,14.5,88.384,30.159,80.7209,
Iceland,ISL,2005,16.3081493377686,31.0032405853271,51090.0,29.0,14.4,88.036,33.333,81.1691,
Iceland,ISL,2005,16.3081493377686,31.0032405853271,51090.0,29.0,14.4,90.128,33.333,81.1691,
Iceland,ISL,2006,16.0469799041748,,54890.0,30.2,14.5,87.534,33.333,80.9375,
Iceland,ISL,2006,16.0469799041748,,54890.0,30.2,14.5,89.466,33.333,80.9375,
Iceland,ISL,2007,15.5190696716309,38.5312838874635,63100.0,29.5,14.6,86.157,33.333,81.093,
Iceland,ISL,2007,15.5190696716309,38.5312838874635,63100.0,29.5,14.6,89.131,33.333,81.093,
Iceland,ISL,2008,11.1002998352051,39.3549737794472,52420.0,31.8,15.2,86.19,33.333,81.244,
Iceland,ISL,2008,11.1002998352051,39.3549737794472,52420.0,31.8,15.2,89.043,33.333,81.244,
Iceland,ISL,2009,13.4195604324341,40.0032319412112,43550.0,28.7,15.8,88.483,42.857,81.4174,
Iceland,ISL,2009,13.4195604324341,40.0032319412112,43550.0,28.7,15.8,90.857,42.857,81.4174,
Iceland,ISL,2010,14.2312202453613,39.156517345289,37950.0,26.2,15.4,89.382,42.857,81.5939,
Iceland,ISL,2010,14.2312202453613,39.156517345289,37950.0,26.2,15.4,91.483,42.857,81.5939,
Iceland,ISL,2011,13.4359703063965,37.0022077921767,39250.0,26.8,14.1,89.427,39.683,81.9725,
Iceland,ISL,2011,13.4359703063965,37.0022077921767,39250.0,26.8,14.1,91.872,39.683,81.9725,
Iceland,ISL,2012,15.8849496841431,38.6844798917689,42440.0,26.8,14.1,90.589,39.683,82.3459,
Iceland,ISL,2012,15.8849496841431,38.6844798917689,42440.0,26.8,14.1,93.29,39.683,82.3459,
Iceland,ISL,2013,16.2046699523926,39.7669640145848,49060.0,25.4,13.4,90.251,39.683,81.7425,
Iceland,ISL,2013,16.2046699523926,39.7669640145848,49060.0,25.4,13.4,92.795,39.683,81.7425,
Iceland,ISL,2014,16.6743297576904,40.8105201082206,50120.0,27.8,13.4,89.802,39.683,82.4298,
Iceland,ISL,2014,16.6743297576904,40.8105201082206,50120.0,27.8,13.4,91.876,39.683,82.4298,
Iceland,ISL,2015,17.1551399230957,41.6959707087249,52540.0,26.8,12.5,90.35,41.27,82.1638,
Iceland,ISL,2015,17.1551399230957,41.6959707087249,52540.0,26.8,12.5,92.334,41.27,82.1638,
Iceland,ISL,2016,16.0048198699951,44.3367300161014,58410.0,27.2,12.0,89.25,47.619,81.8286,
Iceland,ISL,2016,16.0048198699951,44.3367300161014,58410.0,27.2,12.0,90.88,47.619,81.8286,
Iceland,ISL,2017,17.0771903991699,47.7550068250951,62070.0,26.1,11.9,89.534,38.095,82.241,
Iceland,ISL,2017,17.0771903991699,47.7550068250951,62070.0,26.1,11.9,91.022,38.095,82.241,
Iceland,ISL,2018,17.2492198944092,48.7164195280305,72210.0,26.6,12.0,89.294,38.095,82.4526,
Iceland,ISL,2018,17.2492198944092,48.7164195280305,72210.0,26.6,12.0,91.104,38.095,82.4526,
Iceland,ISL,2019,17.4431896209717,46.3101806640625,74870.0,26.8,12.3,89.621,38.095,82.8474,
Iceland,ISL,2019,17.4431896209717,46.3101806640625,74870.0,26.8,12.3,91.186,38.095,82.8474,
Iceland,ISL,2020,16.7979698181152,46.0666313171387,65670.0,,12.3,89.326,38.095,82.7113,
Iceland,ISL,2020,16.7979698181152,46.0666313171387,65670.0,,12.3,90.679,38.095,82.7113,
Iceland,ISL,2021,16.5910396575928,45.4957143752754,66970.0,,13.1,89.251,47.619,82.8433,
Iceland,ISL,2021,16.5910396575928,45.4957143752754,66970.0,,13.1,89.383,47.619,82.8433,
Iceland,ISL,2022,15.6550102233887,45.6932820425438,73690.0,,11.5,90.26,47.619,81.5877,
Iceland,ISL,2022,15.6550102233887,45.6932820425438,73690.0,,11.5,90.3,47.619,81.5877,
Iceland,ISL,2023,,46.9061236658485,82630.0,,11.2,89.152,47.619,82.6911,
Iceland,ISL,2023,,46.9061236658485,82630.0,,11.2,88.838,47.619,82.6911,
Iceland,ISL,2024,,,82200.0,,11.2,88.0,46.032,,
Iceland,ISL,2024,,,82200.0,,11.2,88.249,46.032,,
Israel,ISR,2000,13.6747903823853,,20380.0,,21.7,76.728,12.5,79.1797,
Israel,ISR,2000,13.6747903823853,,20380.0,,21.7,79.276,12.5,79.1797,
Israel,ISR,2001,13.4050998687744,,20390.0,38.9,21.2,77.455,13.333,79.4787,
Israel,ISR,2001,13.4050998687744,,20390.0,38.9,21.2,79.443,13.333,79.4787,
Israel,ISR,2002,12.5193595886231,,19590.0,39.6,21.2,78.087,14.167,79.5137,
Israel,ISR,2002,12.5193595886231,,19590.0,39.6,21.2,80.335,14.167,79.5137,
Israel,ISR,2003,13.5253896713257,,19680.0,40.7,21.7,79.718,15.0,79.8194,
Israel,ISR,2003,13.5253896713257,,19680.0,40.7,21.7,81.665,15.0,79.8194,
Israel,ISR,2004,13.3845300674438,,20990.0,41.5,21.3,79.874,15.0,80.3052,
Israel,ISR,2004,13.3845300674438,,20990.0,41.5,21.3,81.785,15.0,80.3052,
Israel,ISR,2005,13.1606502532959,,22530.0,42.3,20.8,80.5,15.0,80.3935,
Israel,ISR,2005,13.1606502532959,,22530.0,42.3,20.8,82.478,15.0,80.3935,
Israel,ISR,2006,13.430549621582,,23380.0,41.6,21.0,80.493,14.167,80.7857,
Israel,ISR,2006,13.430549621582,,23380.0,41.6,21.0,82.543,14.167,80.7857,
Israel,ISR,2007,13.2810401916504,,25120.0,41.1,21.1,80.54,14.167,80.9532,
Israel,ISR,2007,13.2810401916504,,25120.0,41.1,21.1,82.677,14.167,80.9532,
Israel,ISR,2008,13.1389503479004,,27350.0,41.6,21.5,80.545,14.167,81.2828,
Israel,ISR,2008,13.1389503479004,,27350.0,41.6,21.5,82.815,14.167,81.2828,
Israel,ISR,2009,12.9343700408935,,28490.0,42.6,21.5,82.911,18.333,81.8183,
Israel,ISR,2009,12.9343700408935,,28490.0,42.6,21.5,84.756,18.333,81.8183,
Israel,ISR,2010,13.6344404220581,,30820.0,42.6,21.8,82.879,19.167,81.9742,
Israel,ISR,2010,13.6344404220581,,30820.0,42.6,21.8,84.851,19.167,81.9742,
Israel,ISR,2011,13.8279495239258,,32870.0,41.5,21.4,82.509,20.0,81.9892,
Israel,ISR,2011,13.8279495239258,,32870.0,41.5,21.4,84.462,20.0,81.9892,
Israel,ISR,2012,14.0775699615478,,33560.0,41.3,21.6,83.016,20.0,81.9849,
Israel,ISR,2012,14.0775699615478,,33560.0,41.3,21.6,83.015,20.0,81.9849,
Israel,ISR,2013,14.5567302703857,,35530.0,39.9,21.3,82.983,22.5,82.354,
Israel,ISR,2013,14.5567302703857,,35530.0,39.9,21.3,82.983,22.5,82.354,
Israel,ISR,2014,14.9019203186035,,37080.0,39.8,21.5,84.301,22.5,82.3608,
Israel,ISR,2014,14.9019203186035,,37080.0,39.8,21.5,84.3,22.5,82.3608,
Israel,ISR,2015,15.463020324707,,36980.0,39.7,21.3,84.389,26.667,82.2538,
Israel,ISR,2015,15.463020324707,,36980.0,39.7,21.3,84.391,26.667,82.2538,
Israel,ISR,2016,15.3488597869873,,37310.0,39.0,21.2,84.978,26.667,82.6123,
Israel,ISR,2016,15.3488597869873,,37310.0,39.0,21.2,84.979,26.667,82.6123,
Israel,ISR,2017,15.7073497772217,,38700.0,38.2,21.1,84.997,27.5,82.6993,
Israel,ISR,2017,15.7073497772217,,38700.0,38.2,21.1,84.995,27.5,82.6993,
Israel,ISR,2018,15.5355396270752,,42060.0,38.6,20.8,86.695,27.5,82.9184,
Israel,ISR,2018,15.5355396270752,,42060.0,38.6,20.8,86.694,27.5,82.9184,
Israel,ISR,2019,15.7497797012329,,44280.0,38.3,20.1,87.16,23.333,82.9048,
Israel,ISR,2019,15.7497797012329,,44280.0,38.3,20.1,87.16,23.333,82.9048,
Israel,ISR,2020,14.5418701171875,,43370.0,37.8,19.2,87.926,27.5,82.6997,
Israel,ISR,2020,14.5418701171875,,43370.0,37.8,19.2,87.925,27.5,82.6997,
Israel,ISR,2021,15.40744972229,,49680.0,37.9,19.7,89.002,28.333,82.5169,
Israel,ISR,2021,15.40744972229,,49680.0,37.9,19.7,89.001,28.333,82.5169,
Israel,ISR,2022,16.0677604675293,,55450.0,38.3,19.0,89.219,23.333,82.8145,
Israel,ISR,2022,16.0677604675293,,55450.0,38.3,19.0,89.22,23.333,82.8145,
Israel,ISR,2023,,,54280.0,,18.6,89.03,24.167,82.408,
Israel,ISR,2023,,,54280.0,,18.6,89.03,24.167,82.408,
Israel,ISR,2024,,,52910.0,,18.6,90.273,25.0,,
Israel,ISR,2024,,,52910.0,,18.6,89.2,25.0,,
Italy,ITA,2000,9.23027992248535,,21980.0,35.2,9.5,57.741,11.111,79.607,
Italy,ITA,2000,9.23027992248535,,21980.0,35.2,9.5,57.858,11.111,79.607,
Italy,ITA,2001,9.83232021331787,9.35807037353516,21260.0,,9.4,58.86,9.841,79.8849,
Italy,ITA,2001,9.83232021331787,9.35807037353516,21260.0,,9.4,58.989,9.841,79.8849,
Italy,ITA,2002,9.49643039703369,,20830.0,34.7,9.4,59.379,9.841,80.112,
Italy,ITA,2002,9.49643039703369,,20830.0,34.7,9.4,59.554,9.841,80.112,
Italy,ITA,2003,9.6374397277832,,23440.0,34.9,9.5,59.897,11.489,80.191,
Italy,ITA,2003,9.6374397277832,,23440.0,34.9,9.5,60.1,11.489,80.191,
Italy,ITA,2004,9.36435031890869,,28390.0,34.3,9.7,61.7,11.526,81.0175,
Italy,ITA,2004,9.36435031890869,,28390.0,34.3,9.7,62.122,11.526,81.0175,
Italy,ITA,2005,8.97474956512451,10.9038896560669,32480.0,33.8,9.5,61.895,11.526,81.0201,
Italy,ITA,2005,8.97474956512451,10.9038896560669,32480.0,33.8,9.5,62.325,11.526,81.0201,
Italy,ITA,2006,9.47148036956787,11.4177103042603,34260.0,33.7,9.6,62.337,17.302,81.4137,
Italy,ITA,2006,9.47148036956787,11.4177103042603,34260.0,33.7,9.6,62.775,17.302,81.4137,
Italy,ITA,2007,8.7716703414917,11.9416704177856,35880.0,32.9,9.6,62.389,17.302,81.5002,
Italy,ITA,2007,8.7716703414917,11.9416704177856,35880.0,32.9,9.6,62.776,17.302,81.5002,
Italy,ITA,2008,9.15561008453369,12.5561304092407,37870.0,33.8,9.7,63.645,21.27,81.6454,
Italy,ITA,2008,9.15561008453369,12.5561304092407,37870.0,33.8,9.7,64.026,21.27,81.6454,
Italy,ITA,2009,8.82258033752441,12.5491895675659,37830.0,33.8,9.6,63.795,21.27,81.7619,
Italy,ITA,2009,8.82258033752441,12.5491895675659,37830.0,33.8,9.6,64.173,21.27,81.7619,
Italy,ITA,2010,8.66740036010742,12.7826499938965,37720.0,34.7,9.4,64.236,21.27,82.1319,
Italy,ITA,2010,8.66740036010742,12.7826499938965,37720.0,34.7,9.4,64.602,21.27,82.1319,
Italy,ITA,2011,8.35120010375977,12.789529800415,37710.0,35.1,9.1,65.032,21.587,82.2282,
Italy,ITA,2011,8.35120010375977,12.789529800415,37710.0,35.1,9.1,65.398,21.587,82.2282,
Italy,ITA,2012,7.99275016784668,13.5408096313477,35970.0,35.2,8.9,66.666,21.429,82.252,0.6323509148114304
Italy,ITA,2012,7.99275016784668,13.5408096313477,35970.0,35.2,8.9,67.037,21.429,82.252,0.6323509148114304
Italy,ITA,2013,8.0979700088501,13.8920272095649,35700.0,34.9,8.5,67.298,31.429,82.6522,0.6323509148114304
Italy,ITA,2013,8.0979700088501,13.8920272095649,35700.0,34.9,8.5,67.654,31.429,82.6522,0.6323509148114304
Italy,ITA,2014,7.96660995483398,14.4479999542236,35370.0,34.7,8.3,67.995,31.429,82.9008,0.6307842036804296
Italy,ITA,2014,7.96660995483398,14.4479999542236,35370.0,34.7,8.3,68.339,31.429,82.9008,0.6307842036804296
Italy,ITA,2015,8.06910037994385,14.9665002822876,33460.0,35.4,8.1,67.23,30.952,82.5211,0.6530047691551791
Italy,ITA,2015,8.06910037994385,14.9665002822876,33460.0,35.4,8.1,67.549,30.952,82.5211,0.6530047691551791
Italy,ITA,2016,7.74909019470215,15.3693160855996,32400.0,35.2,7.9,67.962,30.952,83.0459,0.650322195079271
Italy,ITA,2016,7.74909019470215,15.3693160855996,32400.0,35.2,7.9,68.271,30.952,83.0459,0.650322195079271
Italy,ITA,2017,8.25417041778564,16.2556551238625,31790.0,35.9,7.6,68.69,30.952,82.7263,0.6522018665822124
Italy,ITA,2017,8.25417041778564,16.2556551238625,31790.0,35.9,7.6,68.959,30.952,82.7263,0.6522018665822124
Italy,ITA,2018,8.77663993835449,16.8309150748916,34120.0,35.2,7.3,69.025,35.714,83.1844,0.6522018665822124
Italy,ITA,2018,8.77663993835449,16.8309150748916,34120.0,35.2,7.3,69.3,35.714,83.1844,0.6522018665822124
Italy,ITA,2019,8.42236995697021,17.0693728550828,35030.0,34.6,7.0,69.505,35.714,83.3423,0.6541899118864193
Italy,ITA,2019,8.42236995697021,17.0693728550828,35030.0,34.6,7.0,69.776,35.714,83.3423,0.6541899118864193
Italy,ITA,2020,7.78043985366821,17.1370296478271,32600.0,35.2,6.8,68.683,35.714,82.1814,0.657717468783008
Italy,ITA,2020,7.78043985366821,17.1370296478271,32600.0,35.2,6.8,68.958,35.714,82.1814,0.657717468783008
Italy,ITA,2021,7.44333982467651,17.6307754806597,36760.0,34.8,6.8,69.296,35.714,82.8652,0.6589693559892615
Italy,ITA,2021,7.44333982467651,17.6307754806597,36760.0,34.8,6.8,69.59,35.714,82.8652,0.6589693559892615
Italy,ITA,2022,7.40515995025635,17.8389314852764,39060.0,33.7,6.7,69.746,32.25,82.052,0.6655690705940178
Italy,ITA,2022,7.40515995025635,17.8389314852764,39060.0,33.7,6.7,70.057,32.25,82.052,0.6655690705940178
Italy,ITA,2023,,19.0182259200706,38770.0,34.3,6.4,70.239,32.25,83.7157,0.6655189657500251
Italy,ITA,2023,,19.0182259200706,38770.0,34.3,6.4,70.619,32.25,83.7157,0.6655189657500251
Italy,ITA,2024,,,38590.0,,6.3,69.941,32.25,,0.659881166053688
Italy,ITA,2024,,,38590.0,,6.3,70.648,32.25,,0.659881166053688
Jamaica,JAM,2000,16.7966003417969,,3300.0,,20.131,76.94,13.333,71.2814,
Jamaica,JAM,2001,19.9911499023438,,3300.0,,19.675,76.148,13.333,71.2872,
Jamaica,JAM,2001,19.9911499023438,,3300.0,,19.675,73.425,13.333,71.2872,
Jamaica,JAM,2002,18.3639297485352,,3320.0,,19.43,75.955,,71.478,
Jamaica,JAM,2002,18.3639297485352,,3320.0,,19.43,76.276,,71.478,
Jamaica,JAM,2003,13.3623399734497,,3500.0,,19.189,75.76,11.667,71.5846,
Jamaica,JAM,2003,13.3623399734497,,3500.0,,19.189,74.25,11.667,71.5846,
Jamaica,JAM,2004,11.7330198287964,,3730.0,,18.795,75.926,11.667,71.542,
Jamaica,JAM,2004,11.7330198287964,,3730.0,,18.795,75.034,11.667,71.542,
Jamaica,JAM,2005,14.2693700790405,,3870.0,,18.357,75.907,11.667,71.4929,
Jamaica,JAM,2006,,,4170.0,,17.85,75.883,11.667,71.3946,
Jamaica,JAM,2007,17.1730499267578,,4400.0,,17.308,75.871,13.333,71.4046,
Jamaica,JAM,2007,17.1730499267578,,4400.0,,17.308,77.551,13.333,71.4046,
Jamaica,JAM,2008,19.1193809509277,,4660.0,,16.734,75.873,13.333,71.5021,
Jamaica,JAM,2008,19.1193809509277,,4660.0,,16.734,74.733,13.333,71.5021,
Jamaica,JAM,2009,17.5528392791748,,4420.0,,16.161,75.814,13.333,71.7174,
Jamaica,JAM,2009,17.5528392791748,,4420.0,,16.161,74.538,13.333,71.7174,
Jamaica,JAM,2010,16.1029396057129,,4490.0,,15.555,75.946,13.333,71.9789,
Jamaica,JAM,2010,16.1029396057129,,4490.0,,15.555,74.69,13.333,71.9789,
Jamaica,JAM,2011,18.5819301605225,,4700.0,,14.93,75.998,12.698,72.245,
Jamaica,JAM,2011,18.5819301605225,,4700.0,,14.93,74.802,12.698,72.245,
Jamaica,JAM,2012,18.8092594146729,,5100.0,,14.409,77.176,12.698,72.4047,0.5222383572059803
Jamaica,JAM,2012,18.8092594146729,,5100.0,,14.409,75.981,12.698,72.4047,0.5222383572059803
Jamaica,JAM,2013,20.573860168457,,5150.0,,13.979,77.037,12.698,72.4352,0.5222383572059803
Jamaica,JAM,2013,20.573860168457,,5150.0,,13.979,76.376,12.698,72.4352,0.5222383572059803
Jamaica,JAM,2014,21.7974891662598,,5060.0,,13.62,76.827,12.698,72.3572,0.5319227203940142
Jamaica,JAM,2014,21.7974891662598,,5060.0,,13.62,76.253,12.698,72.3572,0.5319227203940142
Jamaica,JAM,2015,20.0514793395996,,4940.0,,13.318,80.504,12.698,72.2144,0.5698668618155296
Jamaica,JAM,2015,20.0514793395996,,4940.0,,13.318,80.061,12.698,72.2144,0.5698668618155296
Jamaica,JAM,2016,19.1451206207275,,4990.0,,12.941,79.603,17.46,72.0522,0.5781409665401669
Jamaica,JAM,2016,19.1451206207275,,4990.0,,12.941,79.445,17.46,72.0522,0.5781409665401669
Jamaica,JAM,2017,18.4025402069092,,5300.0,,12.593,80.308,17.46,71.8789,0.5768819350200027
Jamaica,JAM,2017,18.4025402069092,,5300.0,,12.593,80.248,17.46,71.8789,0.5768819350200027
Jamaica,JAM,2018,18.5839996337891,,5610.0,,12.305,79.991,17.46,71.6062,0.5768819350200027
Jamaica,JAM,2018,18.5839996337891,,5610.0,,12.305,80.079,17.46,71.6062,0.5768819350200027
Jamaica,JAM,2019,17.3139896392822,,5930.0,,12.169,80.492,17.46,71.5316,0.5645432911486744
Jamaica,JAM,2019,17.3139896392822,,5930.0,,12.169,80.558,17.46,71.5316,0.5645432911486744
Jamaica,JAM,2020,,,5360.0,,12.016,79.604,28.571,71.4519,0.5690409439747202
Jamaica,JAM,2020,,,5360.0,,12.016,79.911,28.571,71.4519,0.5690409439747202
Jamaica,JAM,2021,17.4179000854492,,5690.0,,11.954,79.729,28.571,69.0846,0.5712635568091392
Jamaica,JAM,2021,17.4179000854492,,5690.0,,11.954,80.134,28.571,69.0846,0.5712635568091392
Jamaica,JAM,2022,16.9328594207764,,6340.0,,11.855,81.348,28.571,71.4809,0.5804344863751449
Jamaica,JAM,2022,16.9328594207764,,6340.0,,11.855,82.1,28.571,71.4809,0.5804344863751449
Jamaica,JAM,2023,,,6860.0,,11.623,82.829,28.571,71.4789,0.5742928588034947
Jamaica,JAM,2023,,,6860.0,,11.623,83.698,28.571,71.4789,0.5742928588034947
Jamaica,JAM,2024,17.8657703399658,,7210.0,,11.45,82.554,27.419,,0.5703495880552187
Jordan,JOR,2000,,,1590.0,,29.054,18.608,0.0,71.9258,
Jordan,JOR,2000,,,1590.0,,29.054,18.608,0.0,71.9258,
Jordan,JOR,2001,,,1650.0,,28.516,17.863,1.25,72.1412,
Jordan,JOR,2001,,,1650.0,,28.516,17.863,1.25,72.1412,
Jordan,JOR,2002,,,1680.0,,28.479,19.16,1.25,72.3587,
Jordan,JOR,2002,,,1680.0,,28.479,19.159,1.25,72.3587,
Jordan,JOR,2003,,,1800.0,,28.475,17.721,5.455,72.585,
Jordan,JOR,2003,,,1800.0,,28.475,17.722,5.455,72.585,
Jordan,JOR,2004,,,2050.0,,27.743,17.943,5.455,72.7877,
Jordan,JOR,2005,,,2240.0,,27.156,18.168,5.455,72.9772,
Jordan,JOR,2005,,,2240.0,,27.156,18.168,5.455,72.9772,
Jordan,JOR,2006,,,2340.0,,26.457,18.859,5.455,73.2248,
Jordan,JOR,2006,,,2340.0,,26.457,18.859,5.455,73.2248,
Jordan,JOR,2007,,,2500.0,,28.189,22.827,6.364,73.4074,
Jordan,JOR,2007,,,2500.0,,28.189,22.826,6.364,73.4074,
Jordan,JOR,2008,,,2910.0,,28.707,22.187,6.364,73.5631,
Jordan,JOR,2008,,,2910.0,,28.707,22.188,6.364,73.5631,
Jordan,JOR,2009,,,3270.0,,28.568,22.994,6.364,73.7075,
Jordan,JOR,2009,,,3270.0,,28.568,22.994,6.364,73.7075,
Jordan,JOR,2010,10.6939540198149,,3510.0,,28.07,23.15,10.833,73.7973,
Jordan,JOR,2010,10.6939540198149,,3510.0,,28.07,23.15,10.833,73.7973,
Jordan,JOR,2011,11.0999759735318,,3710.0,,27.398,23.408,10.833,73.9286,
Jordan,JOR,2011,11.0999759735318,,3710.0,,27.398,23.408,10.833,73.9286,
Jordan,JOR,2012,11.876841688392,,3970.0,,26.895,23.001,10.833,74.0873,0.5719547359813045
Jordan,JOR,2012,11.876841688392,,3970.0,,26.895,23.002,10.833,74.0873,0.5719547359813045
Jordan,JOR,2013,13.0786871813161,,4080.0,,24.926,21.854,12.162,74.2816,0.5719547359813045
Jordan,JOR,2013,13.0786871813161,,4080.0,,24.926,21.854,12.162,74.2816,0.5719547359813045
Jordan,JOR,2014,12.5522571287991,,3980.0,,24.324,21.105,12.0,74.606,0.5683534344229906
Jordan,JOR,2014,12.5522571287991,,3980.0,,24.324,21.106,12.0,74.606,0.5683534344229906
Jordan,JOR,2015,13.1707308975649,,3840.0,,23.653,22.927,12.0,75.06,0.5684198739617502
Jordan,JOR,2016,11.5762996673584,,3810.0,,23.748,24.876,15.385,75.5501,0.5889284822829768
Jordan,JOR,2017,10.8579397201538,,3920.0,,23.217,26.957,15.385,76.0708,0.596399955951216
Jordan,JOR,2017,10.8579397201538,,3920.0,,23.217,26.958,15.385,76.0708,0.596399955951216
Jordan,JOR,2018,9.23962020874023,,4090.0,,22.677,23.828,15.385,76.4913,0.596399955951216
Jordan,JOR,2018,9.23962020874023,,4090.0,,22.677,23.828,15.385,76.4913,0.596399955951216
Jordan,JOR,2019,9.2367000579834,,4190.0,,22.236,21.875,15.385,76.8645,0.5678447747104093
Jordan,JOR,2019,9.2367000579834,,4190.0,,22.236,21.875,15.385,76.8645,0.5678447747104093
Jordan,JOR,2020,11.9679813124184,,4070.0,,21.726,23.84,11.538,75.5831,0.5674327327701757
Jordan,JOR,2020,11.9679813124184,,4070.0,,21.726,23.839,11.538,75.5831,0.5674327327701757
Jordan,JOR,2021,9.21638965606689,,4240.0,,21.309,22.75,11.538,74.2042,0.5501635876022671
Jordan,JOR,2021,9.21638965606689,,4240.0,,21.309,22.75,11.538,74.2042,0.5501635876022671
Jordan,JOR,2022,9.47626972198486,,4380.0,,20.922,22.717,12.308,77.088,0.5402520958391779
Jordan,JOR,2022,9.47626972198486,,4380.0,,20.922,22.717,12.308,77.088,0.5402520958391779
Jordan,JOR,2023,11.558612894024,,4450.0,,20.611,25.483,12.308,77.8145,0.5478726366490327
Jordan,JOR,2023,11.558612894024,,4450.0,,20.611,25.483,12.308,77.8145,0.5478726366490327
Jordan,JOR,2024,9.78569030761719,,4430.0,,20.452,25.69,19.565,,0.548070442347771
Japan,JPN,2000,,,36810.0,,9.5,64.446,7.292,81.1788,
Japan,JPN,2000,,,36810.0,,9.5,64.446,7.292,81.1788,
Japan,JPN,2001,,,37380.0,,9.3,64.912,7.292,81.5101,
Japan,JPN,2001,,,37380.0,,9.3,64.912,7.292,81.5101,
Japan,JPN,2002,,,35360.0,,9.2,64.916,7.292,81.7952,
Japan,JPN,2002,,,35360.0,,9.2,64.916,7.292,81.7952,
Japan,JPN,2003,,,35660.0,,8.9,65.063,7.083,81.854,
Japan,JPN,2003,,,35660.0,,8.9,65.063,7.083,81.854,
Japan,JPN,2004,,,39000.0,,8.8,65.692,7.083,82.1275,
Japan,JPN,2004,,,39000.0,,8.8,65.692,7.083,82.1275,
Japan,JPN,2005,,,41280.0,,8.4,65.961,8.958,82.0073,
Japan,JPN,2005,,,41280.0,,8.4,65.962,8.958,82.0073,
Japan,JPN,2006,,,40590.0,,8.7,66.206,9.375,82.3699,
Japan,JPN,2006,,,40590.0,,8.7,66.206,9.375,82.3699,
Japan,JPN,2007,,,39310.0,,8.6,66.215,9.375,82.5488,
Japan,JPN,2007,,,39310.0,,8.6,66.216,9.375,82.5488,
Japan,JPN,2008,,,39380.0,34.6,8.7,66.586,9.375,82.6332,
Japan,JPN,2008,,,39380.0,34.6,8.7,66.586,9.375,82.6332,
Japan,JPN,2009,,,39230.0,33.0,8.5,67.312,11.25,82.9699,
Japan,JPN,2009,,,39230.0,33.0,8.5,67.311,11.25,82.9699,
Japan,JPN,2010,,,43910.0,31.5,8.5,67.617,11.25,82.916,
Japan,JPN,2010,,,43910.0,31.5,8.5,67.617,11.25,82.916,
Japan,JPN,2011,,,47470.0,33.0,8.3,67.651,10.833,82.6705,
Japan,JPN,2011,,,47470.0,33.0,8.3,67.65,10.833,82.6705,
Japan,JPN,2012,,,50060.0,32.5,8.2,67.966,7.917,83.1676,0.8059573944561762
Japan,JPN,2012,,,50060.0,32.5,8.2,67.965,7.917,83.1676,0.8059573944561762
Japan,JPN,2013,,,48850.0,31.5,8.2,69.236,8.125,83.4018,0.8059573944561762
Japan,JPN,2013,,,48850.0,31.5,8.2,69.236,8.125,83.4018,0.8059573944561762
Japan,JPN,2014,,,44440.0,31.3,8.0,69.911,8.125,83.6434,0.7792488716252363
Japan,JPN,2014,,,44440.0,31.3,8.0,69.91,8.125,83.6434,0.7792488716252363
Japan,JPN,2015,,,39380.0,30.7,8.0,70.376,9.474,83.8832,0.788816762255928
Japan,JPN,2015,,,39380.0,30.7,8.0,70.374,9.474,83.8832,0.788816762255928
Japan,JPN,2016,,,38460.0,31.8,7.8,71.355,9.474,84.0568,0.7815721727995297
Japan,JPN,2016,,,38460.0,31.8,7.8,71.354,9.474,84.0568,0.7815721727995297
Japan,JPN,2017,,,38930.0,31.8,7.6,72.449,10.108,84.1891,0.7873451008194751
Japan,JPN,2017,,,38930.0,31.8,7.6,72.45,10.108,84.1891,0.7873451008194751
Japan,JPN,2018,,,41800.0,32.9,7.4,73.671,10.108,84.289,0.7873451008194751
Japan,JPN,2018,,,41800.0,32.9,7.4,73.671,10.108,84.289,0.7873451008194751
Japan,JPN,2019,,,41970.0,33.0,7.0,74.653,10.108,84.4177,0.7797504010345685
Japan,JPN,2019,,,41970.0,33.0,7.0,74.653,10.108,84.4177,0.7797504010345685
Japan,JPN,2020,,,40930.0,32.3,6.8,74.406,9.892,84.6703,0.7795783783547562
Japan,JPN,2020,,,40930.0,32.3,6.8,74.406,9.892,84.6703,0.7795783783547562
Japan,JPN,2021,,,43710.0,,6.6,75.105,9.677,84.55,0.7859374121517977
Japan,JPN,2021,,,43710.0,,6.6,75.105,9.677,84.55,0.7859374121517977
Japan,JPN,2022,,,42640.0,,6.3,75.921,9.914,84.0541,0.7857299904366832
Japan,JPN,2022,,,42640.0,,6.3,75.922,9.914,84.0541,0.7857299904366832
Japan,JPN,2023,,,39360.0,,6.0,76.751,10.345,84.7123,0.7857829875875437
Japan,JPN,2023,,,39360.0,,6.0,76.782,10.345,84.7123,0.7857829875875437
Japan,JPN,2024,,,36000.0,,5.7,77.762,15.699,,0.7863468912806068
Japan,JPN,2024,,,36000.0,,5.7,77.706,15.699,,0.7863468912806068
Kazakhstan,KAZ,2000,0.0,,1220.0,,15.828,85.61,10.39,63.793,
Kazakhstan,KAZ,2001,,,1290.0,36.0,15.939,85.485,10.39,64.1081,
Kazakhstan,KAZ,2002,14.7594804763794,,1450.0,34.8,16.423,85.477,10.39,64.4405,
Kazakhstan,KAZ,2002,14.7594804763794,,1450.0,34.8,16.423,85.477,10.39,64.4405,
Kazakhstan,KAZ,2003,,,1720.0,33.7,17.516,85.947,10.39,64.7533,
Kazakhstan,KAZ,2003,,,1720.0,33.7,17.516,85.947,10.39,64.7533,
Kazakhstan,KAZ,2004,10.6096801757812,,2180.0,31.8,18.691,85.672,10.39,65.04,
Kazakhstan,KAZ,2004,10.6096801757812,,2180.0,31.8,18.691,85.671,10.39,65.04,
Kazakhstan,KAZ,2005,10.2859497070312,,2780.0,39.8,19.43,86.165,10.39,65.3556,
Kazakhstan,KAZ,2006,13.2666997909546,,3670.0,30.2,20.462,86.652,10.39,65.7223,
Kazakhstan,KAZ,2007,11.9444704055786,,4740.0,30.1,21.533,87.134,15.888,66.18,
Kazakhstan,KAZ,2008,13.6469402313232,,5870.0,28.5,22.714,87.61,15.888,66.7589,
Kazakhstan,KAZ,2008,13.6469402313232,,5870.0,28.5,22.714,87.61,15.888,66.7589,
Kazakhstan,KAZ,2009,13.0409002304077,,6580.0,28.2,22.413,87.22,17.757,67.4605,
Kazakhstan,KAZ,2010,15.9192847916518,,7210.0,28.0,22.615,87.095,17.757,68.2575,
Kazakhstan,KAZ,2011,16.975986163773,,8030.0,28.0,22.489,86.998,17.757,69.1076,
Kazakhstan,KAZ,2012,17.7663260512098,,9640.0,28.2,22.643,86.786,24.299,69.9395,0.46278855695087756
Kazakhstan,KAZ,2013,17.3232965099228,,11490.0,27.1,22.646,86.645,24.299,70.7189,0.46278855695087756
Kazakhstan,KAZ,2014,16.0836515386161,,11720.0,27.0,23.017,86.412,25.217,71.4149,0.46659851391718515
Kazakhstan,KAZ,2015,12.193039894104,,11040.0,26.8,22.513,86.003,26.168,72.0242,0.49749457113659185
Kazakhstan,KAZ,2016,13.8440999984741,,8500.0,27.2,22.34,85.583,27.103,72.5491,0.507274481137951
Kazakhstan,KAZ,2017,11.4199104309082,,7780.0,27.5,21.435,85.343,27.103,72.9955,0.5174938143785136
Kazakhstan,KAZ,2018,13.8801803588867,,7790.0,27.8,21.702,85.109,27.103,73.3693,0.5174938143785136
Kazakhstan,KAZ,2019,14.1095304489136,,8500.0,28.0,21.424,84.907,27.103,73.6581,0.5185422304994984
Kazakhstan,KAZ,2020,17.9951649308539,,8380.0,28.7,22.57,84.372,27.103,71.1952,0.5230845984264962
Kazakhstan,KAZ,2020,17.9951649308539,,8380.0,28.7,22.57,84.371,27.103,71.1952,0.5230845984264962
Kazakhstan,KAZ,2021,19.8279914537514,,8540.0,29.2,23.271,85.221,27.103,70.1311,0.5247944444775738
Kazakhstan,KAZ,2022,20.0552104288335,,9420.0,,20.819,84.981,27.358,73.5028,0.5282725401110536
Kazakhstan,KAZ,2022,20.0552104288335,,9420.0,,20.819,84.853,27.358,73.5028,0.5282725401110536
Kazakhstan,KAZ,2023,20.7961292266846,,10690.0,,20.138,85.235,18.367,74.4021,0.5336606951490228
Kazakhstan,KAZ,2024,21.9553538656612,,12090.0,,19.521,85.473,19.388,,0.5360672797119281
Kenya,KEN,2000,24.0661392211914,,430.0,,40.238,94.468,3.571,56.0836,
Kenya,KEN,2001,22.9616107940674,,410.0,,40.188,94.313,3.571,56.5005,
Kenya,KEN,2002,26.8472194671631,,390.0,,39.938,94.16,3.571,56.7587,
Kenya,KEN,2003,25.8499698638916,,420.0,,39.459,94.01,7.143,57.3694,
Kenya,KEN,2004,27.5977096557617,,460.0,,39.1,93.861,7.143,57.9472,
Kenya,KEN,2005,28.9434394836426,,520.0,,38.783,93.714,7.143,58.5098,
Kenya,KEN,2005,28.9434394836426,,520.0,,38.783,80.637,7.143,58.5098,
Kenya,KEN,2006,26.9538707733154,,590.0,,38.492,93.568,7.306,59.0588,
Kenya,KEN,2007,,,710.0,,38.299,93.424,7.246,59.4073,
Kenya,KEN,2008,,,830.0,,37.851,93.282,9.821,59.9545,
Kenya,KEN,2009,,,830.0,,37.169,93.141,9.821,60.4828,
Kenya,KEN,2009,,,830.0,,37.169,87.511,9.821,60.4828,
Kenya,KEN,2010,20.3520107269287,,930.0,,36.266,93.004,9.821,60.9149,
Kenya,KEN,2011,20.1919708251953,,1010.0,,35.009,92.866,9.821,61.2827,
Kenya,KEN,2012,19.4848194122314,,1060.0,,33.674,92.731,9.821,61.5373,0.44634134374295986
Kenya,KEN,2013,18.6894607543945,,1130.0,,32.427,92.597,18.571,61.7291,0.44634134374295986
Kenya,KEN,2014,17.8151798248291,,1250.0,,31.542,92.465,19.143,61.9904,0.4298678313952475
Kenya,KEN,2015,17.3620891571045,,1320.0,,30.908,92.334,19.714,62.279,0.4440343838083796
Kenya,KEN,2016,17.4983806610107,,1490.0,,30.202,92.206,19.714,62.5261,0.4346697588266611
Kenya,KEN,2016,17.4983806610107,,1490.0,,30.202,92.206,19.714,62.5261,0.4346697588266611
Kenya,KEN,2017,17.6313991546631,,1540.0,,29.602,90.37,21.777,62.7248,0.4485454075993855
Kenya,KEN,2018,18.9511203765869,,1720.0,,29.037,88.356,21.777,62.8254,0.4485454075993855
Kenya,KEN,2019,19.0511436531615,,1880.0,,28.226,86.164,21.777,62.9391,0.44934597232033746
Kenya,KEN,2019,19.0511436531615,,1880.0,,28.226,86.165,21.777,62.9391,0.44934597232033746
Kenya,KEN,2020,17.764854770928,,1910.0,,27.782,86.209,21.777,61.5958,0.44835287214654107
Kenya,KEN,2021,17.2701206248764,,2070.0,,27.611,86.587,21.614,61.2253,0.44427072479825996
Kenya,KEN,2021,17.2701206248764,,2070.0,,27.611,86.869,21.614,61.2253,0.44427072479825996
Kenya,KEN,2022,16.0816754795722,,2170.0,,27.342,86.911,23.429,63.5491,0.4488732716982897
Kenya,KEN,2022,16.0816754795722,,2170.0,,27.342,84.408,23.429,63.5491,0.4488732716982897
Kenya,KEN,2023,24.9942481340721,,2110.0,,27.106,87.306,23.276,63.6459,0.45601132977187575
Kenya,KEN,2024,27.9246554991424,,2090.0,,26.968,87.59,23.276,,0.4528428713547938
Kyrgyz Republic,KGZ,2000,11.6113004684448,,280.0,31.0,19.8,74.796,2.326,65.2419,
Kyrgyz Republic,KGZ,2001,13.7213897705078,,280.0,30.2,19.8,74.004,10.0,65.3191,
Kyrgyz Republic,KGZ,2002,15.1464700698853,,290.0,30.3,20.2,74.178,10.0,65.3418,
Kyrgyz Republic,KGZ,2002,15.1464700698853,,290.0,30.3,20.2,74.736,10.0,65.3418,
Kyrgyz Republic,KGZ,2003,15.9395303726196,,340.0,28.7,20.9,73.125,10.0,65.4485,
Kyrgyz Republic,KGZ,2004,16.2438106536865,,400.0,34.8,21.5,72.13,10.0,65.6494,
Kyrgyz Republic,KGZ,2004,16.2438106536865,,400.0,34.8,21.5,71.988,10.0,65.6494,
Kyrgyz Republic,KGZ,2005,16.7684001922607,,450.0,32.6,21.3,72.358,0.0,65.7894,
Kyrgyz Republic,KGZ,2006,19.0526008605957,,500.0,37.4,23.1,72.011,0.0,65.7816,
Kyrgyz Republic,KGZ,2006,19.0526008605957,,500.0,37.4,23.1,70.155,0.0,65.7816,
Kyrgyz Republic,KGZ,2007,21.8514595031738,,610.0,33.9,23.4,70.769,25.556,66.0466,
Kyrgyz Republic,KGZ,2008,21.2062397003174,,760.0,31.5,23.9,69.604,25.556,66.6158,
Kyrgyz Republic,KGZ,2009,19.1530094146729,,860.0,29.9,25.2,69.363,25.556,67.1401,
Kyrgyz Republic,KGZ,2009,19.1530094146729,,860.0,29.9,25.2,69.612,25.556,67.1401,
Kyrgyz Republic,KGZ,2010,15.6813097000122,,850.0,30.1,26.8,69.664,23.333,67.5214,
Kyrgyz Republic,KGZ,2010,15.6813097000122,,850.0,30.1,26.8,69.664,23.333,67.5214,
Kyrgyz Republic,KGZ,2011,18.1725292205811,,870.0,27.8,27.1,69.451,23.333,67.7481,
Kyrgyz Republic,KGZ,2011,18.1725292205811,,870.0,27.8,27.1,69.451,23.333,67.7481,
Kyrgyz Republic,KGZ,2012,18.1950092315674,,1030.0,27.4,27.6,68.054,23.333,68.1419,0.45382711857512775
Kyrgyz Republic,KGZ,2012,18.1950092315674,,1030.0,27.4,27.6,68.054,23.333,68.1419,0.45382711857512775
Kyrgyz Republic,KGZ,2013,17.7737903594971,,1180.0,28.8,27.2,63.94,23.333,68.4623,0.45382711857512775
Kyrgyz Republic,KGZ,2013,17.7737903594971,,1180.0,28.8,27.2,63.941,23.333,68.4623,0.45382711857512775
Kyrgyz Republic,KGZ,2014,14.364839553833,,1230.0,26.8,27.7,66.836,23.333,68.8293,0.4502159175274544
Kyrgyz Republic,KGZ,2014,14.364839553833,,1230.0,26.8,27.7,66.835,23.333,68.8293,0.4502159175274544
Kyrgyz Republic,KGZ,2015,15.7167596817017,,1160.0,29.0,27.4,65.89,19.167,69.3094,0.47563614682436556
Kyrgyz Republic,KGZ,2015,15.7167596817017,,1160.0,29.0,27.4,65.889,19.167,69.3094,0.47563614682436556
Kyrgyz Republic,KGZ,2016,16.920919418335,,1090.0,26.8,26.0,63.433,19.167,69.9095,0.4723244081980967
Kyrgyz Republic,KGZ,2016,16.920919418335,,1090.0,26.8,26.0,63.434,19.167,69.9095,0.4723244081980967
Kyrgyz Republic,KGZ,2017,16.2781391143799,,1090.0,27.3,24.8,58.988,19.167,70.5031,0.47503869850845903
Kyrgyz Republic,KGZ,2017,16.2781391143799,,1090.0,27.3,24.8,58.988,19.167,70.5031,0.47503869850845903
Kyrgyz Republic,KGZ,2018,16.7959003448486,,1200.0,27.7,27.1,59.782,19.167,70.6678,0.47503869850845903
Kyrgyz Republic,KGZ,2018,16.7959003448486,,1200.0,27.7,27.1,59.783,19.167,70.6678,0.47503869850845903
Kyrgyz Republic,KGZ,2019,16.472749710083,,1240.0,29.7,26.9,59.12,19.167,70.8907,0.47776675329968776
Kyrgyz Republic,KGZ,2019,16.472749710083,,1240.0,29.7,26.9,59.121,19.167,70.8907,0.47776675329968776
Kyrgyz Republic,KGZ,2020,17.875129699707,,1210.0,29.0,24.0,61.354,16.522,69.136,0.48422433215894717
Kyrgyz Republic,KGZ,2020,17.875129699707,,1210.0,29.0,24.0,61.354,16.522,69.136,0.48422433215894717
Kyrgyz Republic,KGZ,2021,16.106689453125,,1270.0,28.8,22.4,58.692,20.455,69.2904,0.4664313409093199
Kyrgyz Republic,KGZ,2021,16.106689453125,,1270.0,28.8,22.4,58.691,20.455,69.2904,0.4664313409093199
Kyrgyz Republic,KGZ,2022,23.5183648321502,,1540.0,26.4,21.5,61.144,20.455,71.487,0.46017618918109954
Kyrgyz Republic,KGZ,2022,23.5183648321502,,1540.0,26.4,21.5,61.145,20.455,71.487,0.46017618918109954
Kyrgyz Republic,KGZ,2023,22.1096215333716,,1840.0,27.2,20.6,61.113,20.0,71.677,0.4535986960573913
Kyrgyz Republic,KGZ,2023,22.1096215333716,,1840.0,27.2,20.6,61.113,20.0,71.677,0.4535986960573913
Kyrgyz Republic,KGZ,2024,19.6475916699986,,2190.0,27.5,19.4,61.897,21.111,,0.4533077182836502
Cambodia,KHM,2000,11.0790100097656,,290.0,,28.466,93.249,7.377,59.4914,
Cambodia,KHM,2000,11.0790100097656,,290.0,,28.466,94.46,7.377,59.4914,
Cambodia,KHM,2001,11.3807897567749,,310.0,,28.11,91.407,7.377,60.4566,
Cambodia,KHM,2001,11.3807897567749,,310.0,,28.11,95.835,7.377,60.4566,
Cambodia,KHM,2002,10.1375703811646,,320.0,,27.528,89.616,7.377,61.3945,
Cambodia,KHM,2003,,,370.0,,26.88,87.875,9.756,62.3452,
Cambodia,KHM,2003,,,370.0,,26.88,87.875,9.756,62.3452,
Cambodia,KHM,2004,12.4043102264404,,430.0,,26.261,86.927,9.756,63.2558,
Cambodia,KHM,2004,12.4043102264404,,430.0,,26.261,87.872,9.756,63.2558,
Cambodia,KHM,2005,,,510.0,,26.104,86.024,9.756,64.1128,
Cambodia,KHM,2006,,,580.0,,26.127,85.161,9.756,64.8859,
Cambodia,KHM,2007,11.1035099029541,,670.0,,26.209,84.339,19.512,65.5491,
Cambodia,KHM,2007,11.1035099029541,,670.0,,26.209,84.339,19.512,65.5491,
Cambodia,KHM,2008,,,780.0,,25.88,83.016,16.26,66.1469,
Cambodia,KHM,2008,,,780.0,,25.88,83.016,16.26,66.1469,
Cambodia,KHM,2009,8.16524028778076,,840.0,,25.625,88.776,21.138,66.7473,
Cambodia,KHM,2009,8.16524028778076,,840.0,,25.625,88.776,21.138,66.7473,
Cambodia,KHM,2010,7.33747005462646,,910.0,,25.036,91.744,21.138,67.3108,
Cambodia,KHM,2010,7.33747005462646,,910.0,,25.036,91.744,21.138,67.3108,
Cambodia,KHM,2011,7.33540010452271,,990.0,,24.631,91.548,20.325,67.8691,
Cambodia,KHM,2011,7.33540010452271,,990.0,,24.631,91.548,20.325,67.8691,
Cambodia,KHM,2012,7.19985008239746,,1110.0,,24.578,88.97,20.325,68.3714,0.40595014404994545
Cambodia,KHM,2012,7.19985008239746,,1110.0,,24.578,82.166,20.325,68.3714,0.40595014404994545
Cambodia,KHM,2013,9.59706974029541,,1230.0,,24.56,85.925,20.325,68.7548,0.40595014404994545
Cambodia,KHM,2013,9.59706974029541,,1230.0,,24.56,85.925,20.325,68.7548,0.40595014404994545
Cambodia,KHM,2014,8.79160022735596,,1330.0,,24.403,85.757,20.325,69.1174,0.4028208697801154
Cambodia,KHM,2014,8.79160022735596,,1330.0,,24.403,85.757,20.325,69.1174,0.4028208697801154
Cambodia,KHM,2015,,,1430.0,,24.218,85.019,20.325,69.3977,0.3548464777343954
Cambodia,KHM,2015,,,1430.0,,24.218,85.018,20.325,69.3977,0.3548464777343954
Cambodia,KHM,2016,,,1550.0,,23.956,86.196,20.325,69.6352,0.3255741267572083
Cambodia,KHM,2016,,,1550.0,,23.956,86.196,20.325,69.6352,0.3255741267572083
Cambodia,KHM,2017,,,1690.0,,23.655,87.988,20.325,69.8424,0.3226418239385523
Cambodia,KHM,2017,,,1690.0,,23.655,87.988,20.325,69.8424,0.3226418239385523
Cambodia,KHM,2018,9.97500991821289,,1920.0,,23.372,87.891,20.0,69.9935,0.3226418239385523
Cambodia,KHM,2019,12.1311067347546,,2100.0,,22.988,87.817,20.0,70.1267,0.32338459277968395
Cambodia,KHM,2019,12.1311067347546,,2100.0,,22.988,84.328,20.0,70.1267,0.32338459277968395
Cambodia,KHM,2020,11.0687719907488,,2050.0,,22.409,87.769,20.0,70.0594,0.32555171349977247
Cambodia,KHM,2020,11.0687719907488,,2050.0,,22.409,87.77,20.0,70.0594,0.32555171349977247
Cambodia,KHM,2021,9.34959951214734,,2120.0,,21.905,85.911,21.6,69.3012,0.3181493841571859
Cambodia,KHM,2021,9.34959951214734,,2120.0,,21.905,85.911,21.6,69.3012,0.3181493841571859
Cambodia,KHM,2022,11.6742808441972,,2270.0,,21.279,87.769,20.8,70.528,0.31169007925336023
Cambodia,KHM,2023,12.0143851118856,,2390.0,,20.752,87.865,13.6,70.6675,0.31139079471308007
Cambodia,KHM,2023,12.0143851118856,,2390.0,,20.752,86.33,13.6,70.6675,0.31139079471308007
Cambodia,KHM,2024,11.233932287853,,2550.0,,20.309,87.998,13.6,,0.31039134035645943
Kiribati,KIR,2000,15.265419960022,,1370.0,,31.498,,4.878,64.6739,
Kiribati,KIR,2001,11.5161399841309,,1340.0,,30.524,,4.762,64.9179,
Kiribati,KIR,2002,,,1220.0,,29.414,,4.762,65.1233,
Kiribati,KIR,2003,,,1200.0,,28.58,,,65.2869,
Kiribati,KIR,2004,,,1430.0,,28.894,,4.762,65.4157,
Kiribati,KIR,2005,,,1620.0,,29.181,62.028,4.762,65.5174,
Kiribati,KIR,2006,,,1670.0,,29.738,,7.143,65.6014,
Kiribati,KIR,2007,,,1790.0,,30.347,,4.348,65.6766,
Kiribati,KIR,2008,,,1860.0,,30.831,,4.348,65.7455,
Kiribati,KIR,2009,,,1850.0,,31.084,,4.348,65.8083,
Kiribati,KIR,2010,,,2030.0,,31.247,78.31,4.348,65.8595,
Kiribati,KIR,2011,,,2110.0,,31.427,,8.696,65.8958,
Kiribati,KIR,2012,24.3051946693958,,2630.0,,30.798,,8.696,65.9081,
Kiribati,KIR,2013,24.0754089299918,,3040.0,,30.046,,8.696,65.8979,
Kiribati,KIR,2014,21.311801215678,,3260.0,,29.313,,8.696,65.8687,
Kiribati,KIR,2015,20.1121983632045,,3490.0,,28.858,63.034,8.696,65.831,
Kiribati,KIR,2016,18.4627125204899,,2990.0,,28.508,,6.522,65.7991,
Kiribati,KIR,2017,15.2990897781806,,3130.0,,28.275,,6.522,65.7871,
Kiribati,KIR,2018,20.6657672048567,,3280.0,,28.112,,6.522,65.8067,
Kiribati,KIR,2019,17.9415572068178,,3610.0,,27.826,66.217,6.522,65.8663,
Kiribati,KIR,2020,20.1776085857994,,3070.0,,27.355,72.72,8.889,65.2046,
Kiribati,KIR,2021,19.2718416727939,,3150.0,,26.909,,6.667,64.1482,
Kiribati,KIR,2022,18.8985738209677,,3610.0,,26.403,,6.667,66.2687,
Kiribati,KIR,2023,21.6432047478521,,3800.0,,25.813,74.087,6.667,66.4731,
Kiribati,KIR,2024,20.1152924304545,,3660.0,,25.309,,11.111,,
St. Kitts and Nevis,KNA,2000,13.6850500106812,,8890.0,,17.721,,13.333,69.2488,
St. Kitts and Nevis,KNA,2001,14.319109916687,,9200.0,,17.282,88.186,13.333,69.7671,
St. Kitts and Nevis,KNA,2002,11.0593299865723,,9190.0,,16.939,,13.333,70.1939,
St. Kitts and Nevis,KNA,2003,12.2880601882935,,9190.0,,16.752,,13.333,70.6142,
St. Kitts and Nevis,KNA,2004,11.7902603149414,,10390.0,,16.511,,0.0,70.9198,
St. Kitts and Nevis,KNA,2005,11.056209564209,,11750.0,,16.324,,0.0,71.151,
St. Kitts and Nevis,KNA,2006,12.4784097671509,,12650.0,,16.131,,0.0,71.3557,
St. Kitts and Nevis,KNA,2007,13.0518102645874,,13350.0,,15.896,,6.667,71.4372,
St. Kitts and Nevis,KNA,2008,,,15980.0,,15.58,,6.667,71.4786,
St. Kitts and Nevis,KNA,2009,,,15840.0,,15.281,,6.667,71.4884,
St. Kitts and Nevis,KNA,2010,8.65487059169444,,15970.0,,14.947,,6.667,71.4516,
St. Kitts and Nevis,KNA,2011,10.65097158741,,16760.0,,14.695,,6.667,71.4,
St. Kitts and Nevis,KNA,2012,11.4314510562161,,17010.0,,14.446,,6.667,71.3619,
St. Kitts and Nevis,KNA,2013,13.313378498416,,18460.0,,14.142,,6.667,71.2903,
St. Kitts and Nevis,KNA,2014,12.2172164313006,,18850.0,,13.958,,6.667,71.2275,
St. Kitts and Nevis,KNA,2015,8.77348041534424,,18670.0,,13.737,,13.333,71.2112,
St. Kitts and Nevis,KNA,2016,14.3605203411921,,19640.0,,13.615,,13.333,71.2269,0.6683385252186292
St. Kitts and Nevis,KNA,2017,13.2636253451054,,20420.0,,13.376,,13.333,71.284,0.6614396637753271
St. Kitts and Nevis,KNA,2018,10.1063397719471,,21930.0,,13.108,,13.333,71.3362,0.6614396637753271
St. Kitts and Nevis,KNA,2019,8.63854694668485,,23670.0,,12.86,,13.333,71.5399,0.645918216316338
St. Kitts and Nevis,KNA,2020,9.61476515772656,,19340.0,,12.575,,25.0,71.1814,0.6322738421164744
St. Kitts and Nevis,KNA,2021,6.75769996643066,,19070.0,,12.272,,25.0,69.2709,0.6308742574755712
St. Kitts and Nevis,KNA,2022,7.7259085644011,,21040.0,,11.958,,31.25,70.3131,0.6325572777990269
St. Kitts and Nevis,KNA,2023,9.07579904967942,,21840.0,,11.745,,31.25,72.1447,0.6331484973038497
St. Kitts and Nevis,KNA,2024,10.2031825658109,,22470.0,,11.741,,31.25,,0.6356912642245882
"Korea, Rep.",KOR,2000,,,11460.0,,13.5,68.591,5.861,76.2351,
"Korea, Rep.",KOR,2000,,,11460.0,,13.5,66.251,5.861,76.2351,
"Korea, Rep.",KOR,2001,,,12390.0,,11.7,69.428,5.861,76.9195,
"Korea, Rep.",KOR,2001,,,12390.0,,11.7,67.134,5.861,76.9195,
"Korea, Rep.",KOR,2002,,,13320.0,,10.3,69.306,5.861,77.2304,
"Korea, Rep.",KOR,2002,,,13320.0,,10.3,67.054,5.861,77.2304,
"Korea, Rep.",KOR,2003,,29.5227670647183,14290.0,,10.2,68.182,5.861,77.4974,
"Korea, Rep.",KOR,2003,,29.5227670647183,14290.0,,10.2,66.027,5.861,77.4974,
"Korea, Rep.",KOR,2004,,30.5232148068074,16790.0,,9.8,69.533,13.043,77.9571,
"Korea, Rep.",KOR,2004,,30.5232148068074,16790.0,,9.8,67.351,13.043,77.9571,
"Korea, Rep.",KOR,2005,,,19230.0,,9.0,70.081,13.378,78.4486,
"Korea, Rep.",KOR,2005,,,19230.0,,9.0,67.801,13.378,78.4486,
"Korea, Rep.",KOR,2006,,33.1663368098624,21610.0,,9.2,70.658,13.378,79.0348,
"Korea, Rep.",KOR,2006,,33.1663368098624,21610.0,,9.2,68.427,13.378,79.0348,
"Korea, Rep.",KOR,2007,,34.686310983059,24390.0,,10.1,70.507,14.381,79.4323,
"Korea, Rep.",KOR,2007,,34.686310983059,24390.0,,10.1,68.392,14.381,79.4323,
"Korea, Rep.",KOR,2008,,36.112071564681,24840.0,,9.4,70.801,13.712,79.9956,
"Korea, Rep.",KOR,2008,,36.112071564681,24840.0,,9.4,68.626,13.712,79.9956,
"Korea, Rep.",KOR,2009,,,22960.0,,9.0,70.106,14.716,80.5504,
"Korea, Rep.",KOR,2009,,,22960.0,,9.0,68.025,14.716,80.5504,
"Korea, Rep.",KOR,2010,,,23250.0,,9.4,70.351,14.716,80.7172,
"Korea, Rep.",KOR,2010,,,23250.0,,9.4,68.388,14.716,80.7172,
"Korea, Rep.",KOR,2011,,39.3404518967575,24590.0,,9.4,70.277,14.716,81.1685,
"Korea, Rep.",KOR,2011,,39.3404518967575,24590.0,,9.4,68.512,14.716,81.1685,
"Korea, Rep.",KOR,2012,,40.2923419430666,26780.0,,9.6,70.366,15.667,81.3075,0.7323131662726141
"Korea, Rep.",KOR,2012,,40.2923419430666,26780.0,,9.6,68.694,15.667,81.3075,0.7323131662726141
"Korea, Rep.",KOR,2013,,41.3201644251948,28210.0,,8.6,70.618,15.667,81.8356,0.7323131662726141
"Korea, Rep.",KOR,2013,,41.3201644251948,28210.0,,8.6,69.115,15.667,81.8356,0.7323131662726141
"Korea, Rep.",KOR,2014,,42.3194875847618,29480.0,,8.6,71.297,16.333,82.3641,0.7682116396951182
"Korea, Rep.",KOR,2014,,42.3194875847618,29480.0,,8.6,69.917,16.333,82.3641,0.7682116396951182
"Korea, Rep.",KOR,2015,,,30130.0,,8.6,71.964,16.333,82.5404,0.7877139657692012
"Korea, Rep.",KOR,2015,,,30130.0,,8.6,70.577,16.333,82.5404,0.7877139657692012
"Korea, Rep.",KOR,2016,,43.6879936737268,30850.0,,7.9,72.269,17.0,82.9204,0.7326422419303406
"Korea, Rep.",KOR,2016,,43.6879936737268,30850.0,,7.9,71.027,17.0,82.9204,0.7326422419303406
"Korea, Rep.",KOR,2017,,44.3815791101734,31940.0,,7.0,72.892,17.0,83.2784,0.7223381266988804
"Korea, Rep.",KOR,2017,,44.3815791101734,31940.0,,7.0,71.669,17.0,83.2784,0.7223381266988804
"Korea, Rep.",KOR,2018,,45.3113742089373,34610.0,,6.4,73.555,17.0,83.34,0.7223381266988804
"Korea, Rep.",KOR,2018,,45.3113742089373,34610.0,,6.4,72.165,17.0,83.34,0.7223381266988804
"Korea, Rep.",KOR,2019,,46.0058004727794,35790.0,,5.9,74.381,16.667,83.6846,0.7326100118325828
"Korea, Rep.",KOR,2019,,46.0058004727794,35790.0,,5.9,73.153,16.667,83.6846,0.7326100118325828
"Korea, Rep.",KOR,2020,,46.4535750453089,35000.0,,5.3,74.314,19.0,83.6752,0.732390285962957
"Korea, Rep.",KOR,2020,,46.4535750453089,35000.0,,5.3,73.104,19.0,83.6752,0.732390285962957
"Korea, Rep.",KOR,2021,,46.9363236351046,37450.0,,5.1,74.978,19.0,83.8517,0.7354420128396238
"Korea, Rep.",KOR,2021,,46.9363236351046,37450.0,,5.1,73.821,19.0,83.8517,0.7354420128396238
"Korea, Rep.",KOR,2022,,47.509916716251404,38590.0,,4.9,75.738,18.644,82.727,0.7325356293931508
"Korea, Rep.",KOR,2022,,47.509916716251404,38590.0,,4.9,74.718,18.644,82.727,0.7325356293931508
"Korea, Rep.",KOR,2023,,48.6515113220861,38020.0,,4.5,77.209,19.064,84.3288,0.7364258643653441
"Korea, Rep.",KOR,2023,,48.6515113220861,38020.0,,4.5,76.406,19.064,84.3288,0.7364258643653441
"Korea, Rep.",KOR,2024,,49.5557386831013,36750.0,,4.7,78.727,20.0,,0.7401175463355593
"Korea, Rep.",KOR,2024,,49.5557386831013,36750.0,,4.7,77.822,20.0,,0.7401175463355593
Kuwait,KWT,2000,,,18810.0,,22.39,55.517,0.0,75.8728,
Kuwait,KWT,2001,22.0104007720947,,19550.0,,22.274,55.966,0.0,76.0366,
Kuwait,KWT,2002,15.8232297897339,,19640.0,,22.253,56.337,0.0,76.1881,
Kuwait,KWT,2003,,,23150.0,,22.404,56.649,0.0,76.3043,
Kuwait,KWT,2003,,,23150.0,,22.404,57.434,0.0,76.3043,
Kuwait,KWT,2004,14.4978904724121,,29080.0,,22.641,56.287,0.0,76.3876,
Kuwait,KWT,2005,13.4065599441528,,35740.0,,22.315,56.047,1.538,76.4639,
Kuwait,KWT,2005,13.4065599441528,,35740.0,,22.315,54.303,1.538,76.4639,
Kuwait,KWT,2006,13.0494298934937,,42460.0,,21.495,55.936,1.538,76.5541,
Kuwait,KWT,2006,13.0494298934937,,42460.0,,21.495,62.15,1.538,76.5541,
Kuwait,KWT,2007,,,47510.0,,20.624,55.916,1.538,76.6875,
Kuwait,KWT,2007,,,47510.0,,20.624,64.326,1.538,76.6875,
Kuwait,KWT,2008,,,51800.0,,19.956,55.982,3.077,76.8895,
Kuwait,KWT,2009,,,45410.0,,19.484,56.133,7.692,77.1674,
Kuwait,KWT,2009,,,45410.0,,19.484,64.009,7.692,77.1674,
Kuwait,KWT,2010,,,42850.0,,18.876,56.375,7.692,77.4995,
Kuwait,KWT,2010,,,42850.0,,18.876,68.168,7.692,77.4995,
Kuwait,KWT,2011,,,44350.0,,18.058,56.65,7.692,77.8637,
Kuwait,KWT,2012,,,50830.0,,17.754,56.85,6.154,78.227,
Kuwait,KWT,2013,,,53530.0,,16.818,56.941,6.154,78.5831,
Kuwait,KWT,2014,,,51350.0,,16.712,56.984,1.538,78.927,
Kuwait,KWT,2015,,,41830.0,,15.391,56.944,1.538,79.2194,
Kuwait,KWT,2015,,,41830.0,,15.391,65.217,1.538,79.2194,
Kuwait,KWT,2016,11.25300673389,,34920.0,,14.662,56.736,2.0,79.5162,
Kuwait,KWT,2016,11.25300673389,,34920.0,,14.662,56.79,2.0,79.5162,
Kuwait,KWT,2017,11.8619894165298,,30650.0,,14.256,56.982,3.077,79.7314,
Kuwait,KWT,2018,12.157548214359,,32340.0,,12.825,56.773,3.077,79.8994,
Kuwait,KWT,2019,12.8502993953865,,35680.0,,12.06,56.615,4.615,80.0223,
Kuwait,KWT,2020,12.4398016475616,,33150.0,,11.6919249210071,56.307,6.349,78.2483,
Kuwait,KWT,2021,12.0027574509284,,35990.0,,12.234184852521,56.369,1.538,77.625,
Kuwait,KWT,2022,12.2631651878182,,39120.0,,10.8489565017698,55.986,6.25,78.7881,
Kuwait,KWT,2023,12.5796226836657,,42030.0,,10.3028486127809,54.236,3.077,80.4047,0.5842644288844585
Kuwait,KWT,2024,12.6886098908941,,40770.0,,10.02,53.344,,,0.5833344597165191
Latin America & Caribbean (excluding high income),LAC,2000,14.912034988403349,,4109.623001815843,,22.58619811641205,60.697,15.512,,
Latin America & Caribbean (excluding high income),LAC,2001,,,3963.1840805624133,,22.02299578335273,61.787,14.906,,
Latin America & Caribbean (excluding high income),LAC,2001,,,3963.1840805624133,,22.02299578335273,62.125,14.906,,
Latin America & Caribbean (excluding high income),LAC,2002,15.6877899169922,,3734.3294509953676,,21.500656594205847,62.757,16.52,,
Latin America & Caribbean (excluding high income),LAC,2002,15.6877899169922,,3734.3294509953676,,21.500656594205847,63.041,16.52,,
Latin America & Caribbean (excluding high income),LAC,2003,14.5065150260925,,3746.480305441063,,20.96282179958971,63.508,19.276,,
Latin America & Caribbean (excluding high income),LAC,2003,14.5065150260925,,3746.480305441063,,20.96282179958971,64.484,19.276,,
Latin America & Caribbean (excluding high income),LAC,2004,,,4023.780682975584,,20.569849710406057,64.384,19.617,,
Latin America & Caribbean (excluding high income),LAC,2004,,,4023.780682975584,,20.569849710406057,64.762,19.617,,
Latin America & Caribbean (excluding high income),LAC,2005,,,4481.49701530612,,20.194890594083677,65.062,20.642,,
Latin America & Caribbean (excluding high income),LAC,2005,,,4481.49701530612,,20.194890594083677,65.932,20.642,,
Latin America & Caribbean (excluding high income),LAC,2006,,,5144.050092624168,,19.77056290430309,65.426,20.733,,
Latin America & Caribbean (excluding high income),LAC,2006,,,5144.050092624168,,19.77056290430309,65.71,20.733,,
Latin America & Caribbean (excluding high income),LAC,2007,16.49405002593995,,5982.176588233367,,19.388655421881364,65.763,21.611,,
Latin America & Caribbean (excluding high income),LAC,2007,16.49405002593995,,5982.176588233367,,19.388655421881364,66.271,21.611,,
Latin America & Caribbean (excluding high income),LAC,2008,17.77133941650395,,6868.488630774193,,19.108069354801103,65.773,22.896,,
Latin America & Caribbean (excluding high income),LAC,2008,17.77133941650395,,6868.488630774193,,19.108069354801103,66.063,22.896,,
Latin America & Caribbean (excluding high income),LAC,2009,16.7867546081543,,6987.860017666806,,18.845075123916182,66.625,23.724,,
Latin America & Caribbean (excluding high income),LAC,2009,16.7867546081543,,6987.860017666806,,18.845075123916182,67.051,23.724,,
Latin America & Caribbean (excluding high income),LAC,2010,15.960674762725851,,7751.327531182356,,18.565673155512894,66.313,24.058,,
Latin America & Caribbean (excluding high income),LAC,2011,15.423680305481,,8602.973139400334,,18.346768096120456,65.911,24.14,,
Latin America & Caribbean (excluding high income),LAC,2011,15.423680305481,,8602.973139400334,,18.346768096120456,65.853,24.14,,
Latin America & Caribbean (excluding high income),LAC,2012,16.4788309434803,,9497.887083149539,,18.033770953447434,66.25,25.875,,
Latin America & Caribbean (excluding high income),LAC,2012,16.4788309434803,,9497.887083149539,,18.033770953447434,66.059,25.875,,
Latin America & Caribbean (excluding high income),LAC,2013,16.71282189550195,,9948.84515057249,,17.778405017575274,66.294,27.329,,
Latin America & Caribbean (excluding high income),LAC,2013,16.71282189550195,,9948.84515057249,,17.778405017575274,66.051,27.329,,
Latin America & Caribbean (excluding high income),LAC,2014,17.178885459899902,,9771.104126931345,,17.547538492455782,66.134,29.131,,
Latin America & Caribbean (excluding high income),LAC,2014,17.178885459899902,,9771.104126931345,,17.547538492455782,65.733,29.131,,
Latin America & Caribbean (excluding high income),LAC,2015,17.9547243118286,,8920.154720662655,,17.203137035134535,66.76,29.722,,
Latin America & Caribbean (excluding high income),LAC,2015,17.9547243118286,,8920.154720662655,,17.203137035134535,66.295,29.722,,
Latin America & Caribbean (excluding high income),LAC,2016,17.9393291473389,,8156.339738362252,,16.688550668490954,67.277,30.802,,
Latin America & Caribbean (excluding high income),LAC,2016,17.9393291473389,,8156.339738362252,,16.688550668490954,66.91,30.802,,
Latin America & Caribbean (excluding high income),LAC,2017,17.949229240417502,,8027.58371500772,,16.43436582384174,67.887,30.961,,
Latin America & Caribbean (excluding high income),LAC,2017,17.949229240417502,,8027.58371500772,,16.43436582384174,67.531,30.961,,
Latin America & Caribbean (excluding high income),LAC,2018,17.1521797180176,,8317.709687401162,,16.19878567408841,68.514,32.804,,
Latin America & Caribbean (excluding high income),LAC,2018,17.1521797180176,,8317.709687401162,,16.19878567408841,68.19,32.804,,
Latin America & Caribbean (excluding high income),LAC,2019,15.769966485124451,,8394.096047445086,,15.748159374049878,69.302,33.352,,
Latin America & Caribbean (excluding high income),LAC,2019,15.769966485124451,,8394.096047445086,,15.748159374049878,68.974,33.352,,
Latin America & Caribbean (excluding high income),LAC,2020,16.1958599090576,,7324.28303390113,,15.192505759192212,67.516,34.586,,
Latin America & Caribbean (excluding high income),LAC,2020,16.1958599090576,,7324.28303390113,,15.192505759192212,67.504,34.586,,
Latin America & Caribbean (excluding high income),LAC,2021,16.41241306697655,,7765.4447620441915,,14.949662381696191,68.655,35.881,,
Latin America & Caribbean (excluding high income),LAC,2021,16.41241306697655,,7765.4447620441915,,14.949662381696191,68.214,35.881,,
Latin America & Caribbean (excluding high income),LAC,2022,16.70292949676515,,8351.00693010608,,14.672711779749513,69.311,36.689,,
Latin America & Caribbean (excluding high income),LAC,2022,16.70292949676515,,8351.00693010608,,14.672711779749513,69.035,36.689,,
Latin America & Caribbean (excluding high income),LAC,2023,18.27314472198485,,9101.516508025023,,14.459605039951791,69.482,36.626,,
Latin America & Caribbean (excluding high income),LAC,2023,18.27314472198485,,9101.516508025023,,14.459605039951791,69.607,36.626,,
Latin America & Caribbean (excluding high income),LAC,2024,17.349740028381348,,9634.355645321888,,14.290810309957424,69.483,37.404,,
Latin America & Caribbean (excluding high income),LAC,2024,17.349740028381348,,9634.355645321888,,14.290810309957424,69.599,37.404,,
Lao PDR,LAO,2000,7.295569896698,,280.0,,32.901,90.413,21.212,58.3168,
Lao PDR,LAO,2001,9.94657039642334,,300.0,,32.112,90.175,21.212,58.8867,
Lao PDR,LAO,2002,15.2626600265503,,310.0,,31.18,89.937,22.936,59.3024,
Lao PDR,LAO,2003,,,330.0,,30.66,89.705,22.936,59.6426,
Lao PDR,LAO,2003,,,330.0,,30.66,100.106,22.936,59.6426,
Lao PDR,LAO,2004,15.8750801086426,,380.0,,30.075,89.469,22.936,60.0803,
Lao PDR,LAO,2005,14.1292695999146,,450.0,,28.788,89.223,22.936,60.6881,
Lao PDR,LAO,2005,14.1292695999146,,450.0,,28.788,99.251,22.936,60.6881,
Lao PDR,LAO,2006,17.7623596191406,,500.0,,28.365,88.949,25.217,61.0743,
Lao PDR,LAO,2007,18.1017894744873,,600.0,,28.124,88.741,25.217,61.694,
Lao PDR,LAO,2008,13.0052099227905,,740.0,,27.882,88.555,25.217,62.2477,
Lao PDR,LAO,2009,7.46309995651245,,880.0,,27.569,88.402,25.217,63.023,
Lao PDR,LAO,2010,7.24696016311646,,990.0,,27.195,88.257,25.217,63.6895,
Lao PDR,LAO,2010,7.24696016311646,,990.0,,27.195,96.035,25.217,63.6895,
Lao PDR,LAO,2011,8.2595796585083,,1130.0,,26.777,88.155,25.0,64.505,
Lao PDR,LAO,2012,7.36839008331299,,1350.0,,26.174,88.084,25.0,65.1262,
Lao PDR,LAO,2013,13.341010093689,,1590.0,,25.623,88.044,25.0,65.7226,
Lao PDR,LAO,2014,11.7573499679565,,1810.0,,25.049,88.038,25.0,66.3497,
Lao PDR,LAO,2015,10.4693968971705,,1960.0,,24.962,88.058,25.0,66.6881,
Lao PDR,LAO,2015,10.4693968971705,,1960.0,,24.962,93.569,25.0,66.6881,
Lao PDR,LAO,2016,12.8905072664164,,2110.0,,24.567,88.099,27.517,67.0136,
Lao PDR,LAO,2017,11.4389355996144,,2240.0,,24.117,88.162,27.517,67.3452,
Lao PDR,LAO,2017,11.4389355996144,,2240.0,,24.117,88.163,27.517,67.3452,
Lao PDR,LAO,2018,11.1683780140713,,2460.0,,23.599,87.914,27.517,67.5942,
Lao PDR,LAO,2019,10.831620568327,,2520.0,,23.151,87.683,27.517,67.9113,
Lao PDR,LAO,2020,10.6622210924187,,2470.0,,22.618,87.39,27.517,68.3386,
Lao PDR,LAO,2021,11.5062064227785,,2500.0,,22.147,87.526,21.951,67.8074,
Lao PDR,LAO,2022,9.82493417180385,,2300.0,,21.693,86.875,21.951,68.7152,
Lao PDR,LAO,2022,9.82493417180385,,2300.0,,21.693,86.873,21.951,68.7152,
Lao PDR,LAO,2023,9.80367188386072,,2110.0,,21.271,86.997,21.951,68.9637,
Lao PDR,LAO,2024,8.24155131370129,,2000.0,,20.933,87.152,21.951,,
Lebanon,LBN,2000,,,4090.0,,21.306,28.251,2.344,73.8949,
Lebanon,LBN,2001,7.4212498664856,,4040.0,,21.056,28.54,2.344,74.3542,
Lebanon,LBN,2002,7.05630016326904,,3940.0,,20.624,28.825,2.344,74.8356,
Lebanon,LBN,2003,,,3670.0,,20.002,29.111,2.344,75.2753,
Lebanon,LBN,2004,7.93123006820679,,4700.0,,19.347,29.574,2.344,75.6933,
Lebanon,LBN,2004,7.93123006820679,,4700.0,,19.347,29.573,2.344,75.6933,
Lebanon,LBN,2005,8.42131042480469,,4910.0,,18.668,30.215,4.688,76.0737,
Lebanon,LBN,2006,7.69319009780884,,4870.0,,18.27,30.875,4.688,75.6766,
Lebanon,LBN,2007,7.34104013442993,,5320.0,,17.945,31.555,4.688,76.7316,
Lebanon,LBN,2007,7.34104013442993,,5320.0,,17.945,31.555,4.688,76.7316,
Lebanon,LBN,2008,5.86977005004883,,5860.0,,17.793,32.326,4.688,76.9557,
Lebanon,LBN,2009,5.50299978256226,,6620.0,,17.99,33.108,3.125,77.2618,
Lebanon,LBN,2009,5.50299978256226,,6620.0,,17.99,31.237,3.125,77.2618,
Lebanon,LBN,2010,5.53428983688354,,7340.0,,18.605,33.905,3.125,77.5292,
Lebanon,LBN,2011,5.73380994796753,,7720.0,,19.033,34.713,3.125,77.7682,
Lebanon,LBN,2012,7.10915994644165,,8000.0,,18.962,35.533,3.125,77.941,0.5138879808028964
Lebanon,LBN,2013,8.57551956176758,,7880.0,,18.016,36.365,3.125,78.0365,0.5138879808028964
Lebanon,LBN,2014,,,7440.0,,18.812,37.209,3.125,78.148,0.512461615804714
Lebanon,LBN,2015,,,7360.0,,19.555,38.064,3.125,78.2754,0.4765322967894926
Lebanon,LBN,2016,7.1489617762739,,7670.0,,19.197,38.931,3.125,78.3063,0.46241536804767674
Lebanon,LBN,2017,7.14753618338492,,8260.0,,18.648,39.808,3.125,78.1922,0.47061043969273486
Lebanon,LBN,2018,8.04745452306935,,8700.0,,18.09,40.696,4.688,78.2632,0.47061043969273486
Lebanon,LBN,2019,8.14395344750151,,8630.0,,17.622,41.594,4.688,78.2079,0.47002582099030804
Lebanon,LBN,2019,8.14395344750151,,8630.0,,17.622,41.595,4.688,78.2079,0.47002582099030804
Lebanon,LBN,2020,9.89828549998226,,6350.0,,16.912,36.419,4.688,76.2988,0.4546834073392079
Lebanon,LBN,2021,,,4770.0,,16.573,34.405,4.688,73.6495,0.450377174494805
Lebanon,LBN,2022,8.85817043035745,,4130.0,,16.372,33.534,6.25,78.0029,0.4468470844254738
Lebanon,LBN,2023,,,3700.0,,16.144,33.324,6.25,77.817,0.447063850851978
Lebanon,LBN,2024,6.11399088041832,,,,15.958,,6.25,,0.44160742957602234
Liberia,LBR,2000,,,190.0,,43.238,86.892,7.812,51.8517,
Liberia,LBR,2001,,,210.0,,42.571,86.959,7.812,53.1095,
Liberia,LBR,2002,,,250.0,,42.001,87.003,7.812,54.0612,
Liberia,LBR,2003,,,180.0,,42.001,87.017,7.812,53.045,
Liberia,LBR,2004,,,210.0,,41.116,87.002,5.263,55.9489,
Liberia,LBR,2005,,,240.0,,40.619,86.954,12.5,56.7648,
Liberia,LBR,2006,,,270.0,,40.842,86.873,12.5,57.4946,
Liberia,LBR,2007,,,310.0,,40.397,86.782,12.5,58.1469,
Liberia,LBR,2007,,,310.0,,40.397,89.879,12.5,58.1469,
Liberia,LBR,2008,,,370.0,,39.663,86.784,12.5,58.6751,
Liberia,LBR,2009,,,410.0,,38.81,86.824,12.5,59.1064,
Liberia,LBR,2010,,,440.0,,37.967,86.848,12.5,59.3577,
Liberia,LBR,2010,,,440.0,,37.967,90.036,12.5,59.3577,
Liberia,LBR,2011,,,500.0,,36.93,87.253,9.589,59.4862,
Liberia,LBR,2012,,,540.0,,37.426,87.542,10.959,59.7855,0.4077433827407202
Liberia,LBR,2013,,,610.0,,36.234,87.453,10.959,59.9925,0.4077433827407202
Liberia,LBR,2014,,,620.0,,35.221,87.445,10.959,59.2101,0.4235153970868916
Liberia,LBR,2014,,,620.0,,35.221,87.549,10.959,59.2101,0.4235153970868916
Liberia,LBR,2015,,,620.0,,34.343,87.531,10.959,59.2481,0.44301405747679157
Liberia,LBR,2016,,,610.0,,33.926,87.664,10.959,60.4834,0.45199983584845005
Liberia,LBR,2016,,,610.0,,33.926,87.664,10.959,60.4834,0.45199983584845005
Liberia,LBR,2017,,,620.0,,33.384,87.799,9.859,60.7767,0.45351598811004923
Liberia,LBR,2017,,,620.0,,33.384,86.949,9.859,60.7767,0.45351598811004923
Liberia,LBR,2018,,,620.0,,32.955,87.98,12.329,60.9995,0.45351598811004923
Liberia,LBR,2019,,,600.0,,32.431,88.225,12.329,61.2324,0.45909279832639466
Liberia,LBR,2020,,,570.0,,31.923,88.226,12.329,61.2672,0.4531282005660883
Liberia,LBR,2021,,,630.0,,31.524,88.42,10.959,61.1658,0.441175339967346
Liberia,LBR,2022,,,680.0,,31.189,88.168,10.959,61.9342,0.4338140121822944
Liberia,LBR,2023,,,720.0,,30.96,88.37,10.959,62.1625,0.43716327744442446
Liberia,LBR,2024,,,760.0,,30.577,88.586,10.959,,0.441384767209461
Libya,LBY,2000,,,5930.0,,21.691,50.597,,70.5421,
Libya,LBY,2001,,,6130.0,,22.057,51.284,,70.6533,
Libya,LBY,2002,,,5190.0,,22.497,51.918,,70.7883,
Libya,LBY,2003,,,5160.0,,22.92,52.478,,70.996,
Libya,LBY,2004,,,5150.0,,23.376,52.962,,71.2096,
Libya,LBY,2005,,,6760.0,,23.903,53.362,4.737,71.4386,
Libya,LBY,2006,,,8540.0,,23.931,53.621,7.692,71.6324,
Libya,LBY,2007,,,10500.0,,23.712,53.807,7.692,71.7876,
Libya,LBY,2008,,,12020.0,,23.437,53.99,7.692,71.9361,
Libya,LBY,2009,,,11140.0,,23.155,54.139,7.692,72.0706,
Libya,LBY,2010,,,11550.0,,23.545,54.228,7.692,72.1963,
Libya,LBY,2011,,,6080.0,,24.905,53.802,,69.9496,
Libya,LBY,2012,,,13310.0,,22.587,53.322,16.5,72.1882,
Libya,LBY,2012,,,13310.0,,22.587,55.362,16.5,72.1882,
Libya,LBY,2013,,,11960.0,,22.54,53.341,16.5,72.3387,
Libya,LBY,2014,,,9130.0,,22.623,53.325,15.957,71.2996,
Libya,LBY,2015,,,8370.0,,21.921,53.267,15.957,71.644,
Libya,LBY,2016,,,7670.0,,21.252,53.221,15.957,71.7987,
Libya,LBY,2017,,,9760.0,,20.511,53.193,15.957,72.721,
Libya,LBY,2018,,,11000.0,,19.844,53.173,15.957,73.1508,
Libya,LBY,2019,,,10100.0,,19.241,53.166,15.957,72.9412,
Libya,LBY,2020,,,7000.0,,18.737,52.893,15.957,72.3882,
Libya,LBY,2021,,,6950.0,,18.176,52.974,15.957,72.0617,
Libya,LBY,2022,,,6010.0,,17.537,53.027,16.471,74.4615,
Libya,LBY,2023,,,6160.0,,17.024,52.986,16.471,69.3389,
Libya,LBY,2024,,,6890.0,,16.495,52.943,16.471,,
St. Lucia,LCA,2000,,,5500.0,,18.83,69.991,11.111,70.7791,
St. Lucia,LCA,2000,,,5500.0,,18.83,82.667,11.111,70.7791,
St. Lucia,LCA,2001,25.8546295166016,,5270.0,,18.034,70.988,,71.3671,
St. Lucia,LCA,2001,25.8546295166016,,5270.0,,18.034,70.988,,71.3671,
St. Lucia,LCA,2002,,,5280.0,,17.328,72.356,11.111,71.7065,
St. Lucia,LCA,2003,15.4221601486206,,5650.0,,16.622,73.732,11.111,72.1883,
St. Lucia,LCA,2003,15.4221601486206,,5650.0,,16.622,82.801,11.111,72.1883,
St. Lucia,LCA,2004,15.0410404205322,,6300.0,,16.028,75.118,11.111,72.4527,
St. Lucia,LCA,2004,15.0410404205322,,6300.0,,16.028,83.74,11.111,72.4527,
St. Lucia,LCA,2005,16.3069705963135,,6550.0,,15.632,76.511,11.111,72.5437,
St. Lucia,LCA,2005,16.3069705963135,,6550.0,,15.632,79.79,11.111,72.5437,
St. Lucia,LCA,2006,19.0113792419434,,7210.0,,15.302,77.911,0.0,72.794,
St. Lucia,LCA,2006,19.0113792419434,,7210.0,,15.302,88.218,0.0,72.794,
St. Lucia,LCA,2007,,,7500.0,,14.773,79.319,11.111,72.8598,
St. Lucia,LCA,2007,,,7500.0,,14.773,81.011,11.111,72.8598,
St. Lucia,LCA,2008,19.9433708190918,,8150.0,,14.55,80.733,11.111,72.9635,
St. Lucia,LCA,2008,19.9433708190918,,8150.0,,14.55,79.76,11.111,72.9635,
St. Lucia,LCA,2009,13.8953199386597,,8130.0,,14.599,82.152,11.111,72.9459,
St. Lucia,LCA,2009,13.8953199386597,,8130.0,,14.599,81.98,11.111,72.9459,
St. Lucia,LCA,2010,14.2020797729492,,8240.0,,13.789,83.579,11.111,72.7676,
St. Lucia,LCA,2011,13.8367595672607,,8890.0,,12.394,85.009,16.667,72.9617,
St. Lucia,LCA,2011,13.8367595672607,,8890.0,,12.394,85.009,16.667,72.9617,
St. Lucia,LCA,2012,12.1924495697022,,9000.0,,12.448,87.538,16.667,72.86,
St. Lucia,LCA,2012,12.1924495697022,,9000.0,,12.448,87.539,16.667,72.86,
St. Lucia,LCA,2013,13.8478603363037,,8710.0,,12.493,84.046,16.667,72.6872,
St. Lucia,LCA,2013,13.8478603363037,,8710.0,,12.493,84.047,16.667,72.6872,
St. Lucia,LCA,2014,15.3015203475952,,9040.0,,12.394,84.217,16.667,72.6764,
St. Lucia,LCA,2015,16.4529800415039,,9020.0,,12.308,84.385,16.667,72.9319,
St. Lucia,LCA,2016,21.975700378418,,9710.0,,12.209,84.555,16.667,72.5515,0.6454119249267389
St. Lucia,LCA,2016,21.975700378418,,9710.0,,12.209,80.745,16.667,72.5515,0.6454119249267389
St. Lucia,LCA,2017,14.099736251264,,10260.0,,12.1,84.726,16.667,72.5218,0.629004455616546
St. Lucia,LCA,2017,14.099736251264,,10260.0,,12.1,84.978,16.667,72.5218,0.629004455616546
St. Lucia,LCA,2018,14.3067197799683,,11060.0,,11.979,84.023,16.667,72.6546,0.629004455616546
St. Lucia,LCA,2018,14.3067197799683,,11060.0,,11.979,84.525,16.667,72.6546,0.629004455616546
St. Lucia,LCA,2019,14.0734395980835,,11100.0,,11.853,87.61,16.667,72.249,0.6145689713508844
St. Lucia,LCA,2019,14.0734395980835,,11100.0,,11.853,87.705,16.667,72.249,0.6145689713508844
St. Lucia,LCA,2020,14.3932695388794,,8560.0,,11.713,84.651,16.667,72.3077,0.6191256800201844
St. Lucia,LCA,2020,14.3932695388794,,8560.0,,11.713,86.952,16.667,72.3077,0.6191256800201844
St. Lucia,LCA,2021,14.4675863414941,,9860.0,,11.572,85.287,11.111,69.1194,0.6187483709029483
St. Lucia,LCA,2021,14.4675863414941,,9860.0,,11.572,87.049,11.111,69.1194,0.6187483709029483
St. Lucia,LCA,2022,16.8981609344482,,11740.0,,11.417,82.631,11.111,72.6699,0.6138765771906289
St. Lucia,LCA,2022,16.8981609344482,,11740.0,,11.417,82.759,11.111,72.6699,0.6138765771906289
St. Lucia,LCA,2023,11.9949798583984,,12440.0,,11.262,82.602,11.111,72.6968,0.6165923107607467
St. Lucia,LCA,2023,11.9949798583984,,12440.0,,11.262,82.703,11.111,72.6968,0.6165923107607467
St. Lucia,LCA,2024,13.8487936507937,,12640.0,,11.209,82.723,11.111,,0.616574851276361
St. Lucia,LCA,2024,13.8487936507937,,12640.0,,11.209,82.611,11.111,,0.616574851276361
Latin America & Caribbean,LCN,2000,15.2503700256348,,4223.844753473602,,22.26639506443049,60.294,15.157,,
Latin America & Caribbean,LCN,2001,,,4108.971772473232,,21.708030102714797,61.363,14.375,,
Latin America & Caribbean,LCN,2001,,,4108.971772473232,,21.708030102714797,61.7,14.375,,
Latin America & Caribbean,LCN,2002,16.0649995803833,,3864.708967738901,,21.179209524198413,62.233,16.118,,
Latin America & Caribbean,LCN,2002,16.0649995803833,,3864.708967738901,,21.179209524198413,62.65,16.118,,
Latin America & Caribbean,LCN,2003,14.6583099365234,,3860.834943779573,,20.647547193733278,62.92,18.469,,
Latin America & Caribbean,LCN,2003,14.6583099365234,,3860.834943779573,,20.647547193733278,63.967,18.469,,
Latin America & Caribbean,LCN,2004,,,4180.9448661420165,,20.26299021366659,63.771,19.009,,
Latin America & Caribbean,LCN,2004,,,4180.9448661420165,,20.26299021366659,64.285,19.009,,
Latin America & Caribbean,LCN,2005,,,4675.540061786225,,19.904159327157597,64.617,20.209,,
Latin America & Caribbean,LCN,2005,,,4675.540061786225,,19.904159327157597,65.307,20.209,,
Latin America & Caribbean,LCN,2006,,,5372.992593120464,,19.48688854738726,64.976,20.341,,
Latin America & Caribbean,LCN,2006,,,5372.992593120464,,19.48688854738726,65.069,20.341,,
Latin America & Caribbean,LCN,2007,16.95973014831545,,6257.447969936608,,19.13185977565274,65.328,21.107,,
Latin America & Caribbean,LCN,2007,16.95973014831545,,6257.447969936608,,19.13185977565274,65.661,21.107,,
Latin America & Caribbean,LCN,2008,,,7199.617060983849,,18.87353337903983,65.436,22.161,,
Latin America & Caribbean,LCN,2008,,,7199.617060983849,,18.87353337903983,65.562,22.161,,
Latin America & Caribbean,LCN,2009,,,7357.866903816746,,18.62266535001784,66.294,22.701,,
Latin America & Caribbean,LCN,2009,,,7357.866903816746,,18.62266535001784,66.573,22.701,,
Latin America & Caribbean,LCN,2010,16.1029396057129,,8153.774428278759,,18.34298099226136,66.039,23.006,,
Latin America & Caribbean,LCN,2011,15.2931151390076,,8981.704497634977,,18.131926308601937,65.791,23.035,,
Latin America & Caribbean,LCN,2011,15.2931151390076,,8981.704497634977,,18.131926308601937,65.746,23.035,,
Latin America & Caribbean,LCN,2012,17.07837938139845,,9912.772600842398,,17.82535815056931,66.198,24.486,,
Latin America & Caribbean,LCN,2012,17.07837938139845,,9912.772600842398,,17.82535815056931,66.024,24.486,,
Latin America & Caribbean,LCN,2013,16.519653190418,,10265.476438374142,,17.571600368168692,66.27,25.751,,
Latin America & Caribbean,LCN,2013,16.519653190418,,10265.476438374142,,17.571600368168692,66.15,25.751,,
Latin America & Caribbean,LCN,2014,16.0146243417221,,10009.864317385727,,17.34681300303988,66.169,27.461,,
Latin America & Caribbean,LCN,2014,16.0146243417221,,10009.864317385727,,17.34681300303988,65.876,27.461,,
Latin America & Caribbean,LCN,2015,16.4394738076224,,9088.337291244918,,17.006323332249558,66.732,27.901,,
Latin America & Caribbean,LCN,2015,16.4394738076224,,9088.337291244918,,17.006323332249558,66.411,27.901,,
Latin America & Caribbean,LCN,2016,17.93577003479,,8304.865781708173,,16.495345881684827,67.208,28.801,,
Latin America & Caribbean,LCN,2016,17.93577003479,,8304.865781708173,,16.495345881684827,66.835,28.801,,
Latin America & Caribbean,LCN,2017,16.73050451278685,,8167.360191668801,,16.211639529833448,67.733,29.741,,
Latin America & Caribbean,LCN,2017,16.73050451278685,,8167.360191668801,,16.211639529833448,67.609,29.741,,
Latin America & Caribbean,LCN,2018,16.5778503417969,,8483.55677805826,,15.97376700526579,68.379,31.196,,
Latin America & Caribbean,LCN,2018,16.5778503417969,,8483.55677805826,,15.97376700526579,68.291,31.196,,
Latin America & Caribbean,LCN,2019,15.369943899202099,,8568.195466530542,,15.508701550748757,69.191,31.67,,
Latin America & Caribbean,LCN,2019,15.369943899202099,,8568.195466530542,,15.508701550748757,69.156,31.67,,
Latin America & Caribbean,LCN,2020,16.1958599090576,,7487.161683817694,,14.939119121646735,67.466,32.758,,
Latin America & Caribbean,LCN,2020,16.1958599090576,,7487.161683817694,,14.939119121646735,67.57,32.758,,
Latin America & Caribbean,LCN,2021,15.9248799718974,,7981.792866299445,,14.669004831262525,68.489,34.409,,
Latin America & Caribbean,LCN,2021,15.9248799718974,,7981.792866299445,,14.669004831262525,68.258,34.409,,
Latin America & Caribbean,LCN,2022,16.4239351492832,,8596.848769754488,,14.423348273255538,68.87,35.734,,
Latin America & Caribbean,LCN,2022,16.4239351492832,,8596.848769754488,,14.423348273255538,69.143,35.734,,
Latin America & Caribbean,LCN,2023,16.5476866308085,,9363.42125711391,,14.19790934636482,69.094,35.7,,
Latin America & Caribbean,LCN,2023,16.5476866308085,,9363.42125711391,,14.19790934636482,69.74,35.7,,
Latin America & Caribbean,LCN,2024,16.5570025074974,,9897.786329683133,,14.028322369614331,69.198,36.465,,
Latin America & Caribbean,LCN,2024,16.5570025074974,,9897.786329683133,,14.028322369614331,69.755,36.465,,
Least developed countries: UN classification,LDC,2000,14.21046495437625,,302.44096509738785,,39.174942019934896,71.271,10.05,,
Least developed countries: UN classification,LDC,2001,14.4934997558594,,307.19516167347297,,38.77376968521271,71.269,,,
Least developed countries: UN classification,LDC,2002,14.89393520355225,,318.28419935750776,,38.32135492455152,71.264,12.159,,
Least developed countries: UN classification,LDC,2003,,,344.19347722100724,,37.90925896628508,71.23,12.601,,
Least developed countries: UN classification,LDC,2004,15.8750801086426,,400.47404587209274,,37.53864145366808,71.256,12.945,,
Least developed countries: UN classification,LDC,2005,15.89515018463135,,457.4472738675073,,37.12269068866574,71.295,15.971,,
Least developed countries: UN classification,LDC,2006,17.2866497039795,,509.85285656299584,,36.74415893827066,71.22,16.356,,
Least developed countries: UN classification,LDC,2007,,,584.7570655087419,,36.34833755965627,71.529,17.553,,
Least developed countries: UN classification,LDC,2008,16.1773300170898,,680.1461778722579,,35.89256819748904,71.853,19.03,,
Least developed countries: UN classification,LDC,2009,16.1008448600769,,743.3117334238092,,35.48614695927073,72.406,19.671,,
Least developed countries: UN classification,LDC,2010,16.102584838867152,,797.8622999512186,,35.032900390635696,72.956,19.44,,
Least developed countries: UN classification,LDC,2011,15.118330001831,,844.8478155040427,,34.56490504520286,72.93,21.037,,
Least developed countries: UN classification,LDC,2012,15.14245986938475,,912.5821294712877,,34.209313892015324,72.286,21.624,,
Least developed countries: UN classification,LDC,2013,15.34883975982665,,979.3551908495106,,33.88841301244291,72.49,21.17,,
Least developed countries: UN classification,LDC,2014,14.77796506881715,,1020.2873701058624,,33.602348903232844,72.358,21.375,,
Least developed countries: UN classification,LDC,2015,14.5677795410156,,998.7938979716474,,33.35070283825647,72.426,23.31,,
Least developed countries: UN classification,LDC,2016,14.6944646835327,,965.9169930972153,,33.11785224942895,72.315,23.338,,
Least developed countries: UN classification,LDC,2017,15.115309715271,,979.0068508262333,,32.87097630580001,72.472,23.225,,
Least developed countries: UN classification,LDC,2018,14.4909696578979,,1057.8669282575281,,32.65648409062868,72.6,23.039,,
Least developed countries: UN classification,LDC,2019,13.0128054328601,,1114.9073044533961,,32.42446094292592,72.55,23.135,,
Least developed countries: UN classification,LDC,2020,13.9523090034298,,1093.9513087048026,,32.160886593026525,72.376,24.412,,
Least developed countries: UN classification,LDC,2021,14.3892081064549,,1155.4141393852885,,31.916323339288738,72.788,25.302,,
Least developed countries: UN classification,LDC,2022,12.94509227298095,,1249.5799414739806,,31.687659612854734,73.019,26.187,,
Least developed countries: UN classification,LDC,2023,13.78150632581625,,1282.8185899040989,,31.382403400810492,74.141,26.657,,
Least developed countries: UN classification,LDC,2024,12.5061863366221,,1291.0557368614868,,31.044489905097908,73.701,27.044,,
Low income,LIC,2000,12.8444900512695,,286.8783048246461,,43.139282274768476,79.576,,,
Low income,LIC,2001,15.0777797698975,,297.7766863402671,,42.66235041490995,79.531,13.286,,
Low income,LIC,2002,,,316.8816570759693,,42.153721321045744,79.375,,,
Low income,LIC,2003,,,346.7282850785398,,41.734155307711404,79.196,,,
Low income,LIC,2004,12.9607696533203,,402.7930851149031,,41.38294891142989,79.019,15.246,,
Low income,LIC,2005,,,457.5274065477792,,41.014214840778784,78.826,16.059,,
Low income,LIC,2006,,,513.3595971318017,,40.66788235367086,78.355,16.429,,
Low income,LIC,2007,,,590.1372607526679,,40.30989843312128,77.979,16.63,,
Low income,LIC,2008,15.5915098190308,,677.8695504150032,,39.94567091356315,77.65,16.69,,
Low income,LIC,2009,,,727.3062538148874,,39.49689044866412,77.436,16.228,,
Low income,LIC,2010,16.33836460113525,,765.9288217411076,,39.060528312220384,77.245,16.72,,
Low income,LIC,2011,15.0819897651672,,779.2518081719068,,38.553141695931316,77.382,18.498,,
Low income,LIC,2012,14.33489990234375,,755.4564311249578,,38.09238254875276,76.588,18.917,,
Low income,LIC,2013,15.34883975982665,,744.523250295325,,37.60902791969609,77.393,19.453,,
Low income,LIC,2014,14.77796506881715,,749.0552082589597,,37.177523803348514,77.43,18.486,,
Low income,LIC,2015,14.850700378418,,718.6997162729695,,36.81191167947499,77.684,19.847,,
Low income,LIC,2016,14.06660985946655,,669.360097624719,,36.43349232706999,77.417,20.131,,
Low income,LIC,2017,14.8927789969035,,629.4137902699536,,36.176507189120855,77.136,20.439,,
Low income,LIC,2018,16.084660053253202,,624.9896652969315,,35.893728424639185,76.858,20.192,,
Low income,LIC,2019,15.357029914856,,636.1309424982674,,35.64750478950498,76.675,20.224,,
Low income,LIC,2020,14.2760600158847,,604.4848473233004,,35.329732033296665,76.453,20.876,,
Low income,LIC,2021,15.577029337585799,,623.3258702505537,,35.02286892899746,76.706,22.566,,
Low income,LIC,2022,14.4758197870089,,666.6544557719154,,34.70298503753684,76.172,22.457,,
Low income,LIC,2023,,,688.400546906594,,34.37504153771181,79.245,22.713,,
Low income,LIC,2024,,,702.6087849512953,,34.03815255483762,78.978,22.675,,
Liechtenstein,LIE,2000,,,,,12.9,67.405,4.0,78.5757,
Liechtenstein,LIE,2001,,,,,12.1,68.095,12.0,79.1936,
Liechtenstein,LIE,2002,,,,,11.7,68.1,12.0,79.7588,
Liechtenstein,LIE,2003,,,,,10.2,69.747,12.0,80.2377,
Liechtenstein,LIE,2004,,,,,10.8,71.168,12.0,80.7331,
Liechtenstein,LIE,2005,,,,,11.0,71.69,24.0,81.1169,
Liechtenstein,LIE,2006,,,,,10.3,71.388,24.0,81.4029,
Liechtenstein,LIE,2007,,,,,10.0,72.566,24.0,81.6389,
Liechtenstein,LIE,2008,,,,,9.9,73.255,24.0,81.8552,
Liechtenstein,LIE,2009,,,,,11.4,73.762,24.0,81.9374,
Liechtenstein,LIE,2010,,,,,9.1,74.214,24.0,82.0538,
Liechtenstein,LIE,2011,,,,,10.9,76.054,24.0,82.1571,
Liechtenstein,LIE,2012,,,,,9.7,76.019,24.0,82.2544,
Liechtenstein,LIE,2013,,,,,9.2,75.84,20.0,82.3739,
Liechtenstein,LIE,2014,,,,,10.0,76.35,20.0,82.5465,
Liechtenstein,LIE,2015,,,,,8.7,77.253,20.0,82.7618,
Liechtenstein,LIE,2016,,,,,10.0,77.471,20.0,82.8949,
Liechtenstein,LIE,2017,,,,,8.9,77.974,12.0,83.111,
Liechtenstein,LIE,2018,,,,,9.9,,12.0,83.269,
Liechtenstein,LIE,2019,,,,,9.2,,12.0,83.4047,
Liechtenstein,LIE,2020,,,,,9.1,,12.0,82.037,
Liechtenstein,LIE,2021,,,,,9.6,,28.0,82.7877,
Liechtenstein,LIE,2022,,,,,9.2,,28.0,83.4054,
Liechtenstein,LIE,2023,,,,,9.1,,28.0,83.6298,
Liechtenstein,LIE,2024,,,,,8.4,,28.0,,
Sri Lanka,LKA,2000,,,860.0,,18.402,48.216,,71.1787,
Sri Lanka,LKA,2000,,,860.0,,18.402,48.216,,71.1787,
Sri Lanka,LKA,2001,,35.2981109619141,810.0,,18.95,47.97,,71.8044,
Sri Lanka,LKA,2001,,35.2981109619141,810.0,,18.95,48.187,,71.8044,
Sri Lanka,LKA,2002,,,820.0,,19.172,47.724,4.444,72.2711,
Sri Lanka,LKA,2002,,,820.0,,19.172,49.485,4.444,72.2711,
Sri Lanka,LKA,2003,,,910.0,,19.093,47.479,4.444,72.4417,
Sri Lanka,LKA,2003,,,910.0,,19.093,46.314,4.444,72.4417,
Sri Lanka,LKA,2004,,,1030.0,,18.826,47.234,4.889,68.0218,
Sri Lanka,LKA,2004,,,1030.0,,18.826,46.406,4.889,68.0218,
Sri Lanka,LKA,2005,,,1170.0,,18.716,46.989,4.889,73.0733,
Sri Lanka,LKA,2005,,,1170.0,,18.716,45.568,4.889,73.0733,
Sri Lanka,LKA,2006,,27.0901794433594,1320.0,,18.852,46.746,4.889,72.825,
Sri Lanka,LKA,2006,,27.0901794433594,1320.0,,18.852,52.353,4.889,72.825,
Sri Lanka,LKA,2007,,28.654239654541,1500.0,,18.81,46.502,5.778,72.9831,
Sri Lanka,LKA,2007,,28.654239654541,1500.0,,18.81,48.529,5.778,72.9831,
Sri Lanka,LKA,2008,,29.3029708862305,1740.0,,18.204,46.258,5.778,72.5557,
Sri Lanka,LKA,2008,,29.3029708862305,1740.0,,18.204,50.568,5.778,72.5557,
Sri Lanka,LKA,2009,8.27079010009766,29.6438293457031,1950.0,,17.628,46.016,5.778,70.2976,
Sri Lanka,LKA,2009,8.27079010009766,29.6438293457031,1950.0,,17.628,49.135,5.778,70.2976,
Sri Lanka,LKA,2010,8.6056604385376,,2360.0,,17.147,45.774,5.333,74.4626,
Sri Lanka,LKA,2010,8.6056604385376,,2360.0,,17.147,45.773,5.333,74.4626,
Sri Lanka,LKA,2011,9.1101598739624,,2830.0,,17.091,46.223,5.778,74.7405,
Sri Lanka,LKA,2011,9.1101598739624,,2830.0,,17.091,46.223,5.778,74.7405,
Sri Lanka,LKA,2012,8.39402961730957,,3340.0,,17.148,43.946,5.778,75.1866,0.5459597905498258
Sri Lanka,LKA,2012,8.39402961730957,,3340.0,,17.148,43.945,5.778,75.1866,0.5459597905498258
Sri Lanka,LKA,2013,9.41994953155518,,3630.0,,17.028,47.106,5.778,75.5461,0.5459597905498258
Sri Lanka,LKA,2013,9.41994953155518,,3630.0,,17.028,47.105,5.778,75.5461,0.5459597905498258
Sri Lanka,LKA,2014,10.8239603042603,,3810.0,,16.522,46.33,5.778,75.7573,0.5192273629477333
Sri Lanka,LKA,2014,10.8239603042603,,3810.0,,16.522,46.329,5.778,75.7573,0.5192273629477333
Sri Lanka,LKA,2015,10.9502601623535,,3920.0,,16.022,47.927,4.889,75.9899,0.5019024167794358
Sri Lanka,LKA,2015,10.9502601623535,,3920.0,,16.022,47.927,4.889,75.9899,0.5019024167794358
Sri Lanka,LKA,2016,17.728759765625,3.92261330638838,4020.0,,15.651,47.681,5.778,76.1361,0.5132583370660737
Sri Lanka,LKA,2016,17.728759765625,3.92261330638838,4020.0,,15.651,47.681,5.778,76.1361,0.5132583370660737
Sri Lanka,LKA,2017,14.4997596740723,4.09751778730935,4220.0,,15.371,49.051,5.778,76.2386,0.5259231134998945
Sri Lanka,LKA,2017,14.4997596740723,4.09751778730935,4220.0,,15.371,49.051,5.778,76.2386,0.5259231134998945
Sri Lanka,LKA,2018,11.3309001922607,4.23887757765899,4350.0,,15.15,45.906,5.778,76.4853,0.5259231134998945
Sri Lanka,LKA,2018,11.3309001922607,4.23887757765899,4350.0,,15.15,45.907,5.778,76.4853,0.5259231134998945
Sri Lanka,LKA,2019,,4.52201938982385,4220.0,,14.6,47.165,5.333,76.698,0.5192472183750205
Sri Lanka,LKA,2019,,4.52201938982385,4220.0,,14.6,47.166,5.333,76.698,0.5192472183750205
Sri Lanka,LKA,2020,5.46859160083623,4.65474261953026,3880.0,,13.8,44.505,5.381,76.9281,0.518327934158551
Sri Lanka,LKA,2020,5.46859160083623,4.65474261953026,3880.0,,13.8,44.505,5.381,76.9281,0.518327934158551
Sri Lanka,LKA,2021,5.03881234087412,5.02936699061938,4010.0,,12.9,44.666,5.381,76.2779,0.5025300977498424
Sri Lanka,LKA,2021,5.03881234087412,5.02936699061938,4010.0,,12.9,44.666,5.381,76.2779,0.5025300977498424
Sri Lanka,LKA,2022,5.34583042566108,5.10875544853724,3620.0,,12.4,45.395,5.333,77.2996,0.500822663863703
Sri Lanka,LKA,2022,5.34583042566108,5.10875544853724,3620.0,,12.4,45.394,5.333,77.2996,0.500822663863703
Sri Lanka,LKA,2023,8.67846709056539,,3530.0,,11.2,44.213,5.333,77.4828,0.4985254810905559
Sri Lanka,LKA,2023,8.67846709056539,,3530.0,,11.2,45.577,5.333,77.4828,0.4985254810905559
Sri Lanka,LKA,2024,7.22269991401548,,3860.0,,10.1,45.628,10.0,,0.506654450019027
Lower middle income,LMC,2000,15.2218403816223,,573.1388703988897,,30.515430534174808,51.58,8.587,,
Lower middle income,LMC,2000,15.2218403816223,,573.1388703988897,,30.515430534174808,44.161,8.587,,
Lower middle income,LMC,2001,,,581.0370279886074,,30.204093055886684,51.849,9.528,,
Lower middle income,LMC,2001,,,581.0370279886074,,30.204093055886684,53.699,9.528,,
Lower middle income,LMC,2002,,,583.4540205409471,,29.673679137624553,51.99,10.965,,
Lower middle income,LMC,2003,,,632.1929723783664,,29.11540847177454,52.188,11.258,,
Lower middle income,LMC,2004,15.9531202316284,,726.2999105068062,,28.568927451425917,52.371,11.651,,
Lower middle income,LMC,2005,16.7684001922607,,822.1610744655501,,28.01382022246244,52.7,13.039,,
Lower middle income,LMC,2005,16.7684001922607,,822.1610744655501,,28.01382022246244,45.692,13.039,,
Lower middle income,LMC,2006,18.50362014770505,,906.0239916791602,,27.560413377846263,52.273,12.995,,
Lower middle income,LMC,2007,,,1031.9355094682305,,27.173370358337184,51.991,14.335,,
Lower middle income,LMC,2008,18.0012397766113,,1156.9523183396543,,26.90839660902286,51.542,16.042,,
Lower middle income,LMC,2009,17.3275146484375,,1269.4281250204128,,26.685163949026364,51.383,16.919,,
Lower middle income,LMC,2010,16.0323505401611,,1377.539408681033,,26.283317750654504,51.112,16.803,,
Lower middle income,LMC,2010,16.0323505401611,,1377.539408681033,,26.283317750654504,46.687,16.803,,
Lower middle income,LMC,2011,16.2078094482422,,1503.227173686559,,25.88445893636347,50.743,17.144,,
Lower middle income,LMC,2012,16.878735196451,,1657.931256116396,,25.501684366130686,50.422,17.746,,
Lower middle income,LMC,2012,16.878735196451,,1657.931256116396,,25.501684366130686,43.783,17.746,,
Lower middle income,LMC,2013,17.30147679837405,,1758.7533663476115,,25.05963046594895,50.462,18.475,,
Lower middle income,LMC,2014,17.0546949068584,,1845.2100007897477,,24.400133924240382,50.632,20.009,,
Lower middle income,LMC,2015,15.704489707946799,,1865.2945435749202,,24.14090977477416,50.803,20.509,,
Lower middle income,LMC,2016,15.831259727478,,1891.6735598036078,,23.778856832603005,50.87,20.564,,
Lower middle income,LMC,2017,15.86128997802735,,1941.1602107383185,,23.176990895403435,50.994,20.517,,
Lower middle income,LMC,2018,16.0908699035644,,2085.823912277287,,22.875924670519346,51.123,20.398,,
Lower middle income,LMC,2018,16.0908699035644,,2085.823912277287,,22.875924670519346,36.53,20.398,,
Lower middle income,LMC,2019,14.2921084679586,,2188.824223584808,,22.37716358372233,51.278,20.294,,
Lower middle income,LMC,2019,14.2921084679586,,2188.824223584808,,22.37716358372233,47.193,20.294,,
Lower middle income,LMC,2020,15.0051253828918,,2085.207098628868,,21.893879486131198,51.061,22.097,,
Lower middle income,LMC,2020,15.0051253828918,,2085.207098628868,,21.893879486131198,42.374,22.097,,
Lower middle income,LMC,2021,14.8174866627149,,2313.576416572899,,21.664037957927402,52.352,22.474,,
Lower middle income,LMC,2021,14.8174866627149,,2313.576416572899,,21.664037957927402,44.823,22.474,,
Lower middle income,LMC,2022,14.24379188461715,,2518.878312307661,,21.506821203885135,53.559,23.281,,
Lower middle income,LMC,2022,14.24379188461715,,2518.878312307661,,21.506821203885135,52.52,23.281,,
Lower middle income,LMC,2023,13.78150632581625,,2595.439188536236,,21.305738162111272,54.881,23.35,,
Lower middle income,LMC,2023,13.78150632581625,,2595.439188536236,,21.305738162111272,56.276,23.35,,
Lower middle income,LMC,2024,13.830376525189,,2566.9970057900173,,21.079429454127,55.501,23.474,,
Lower middle income,LMC,2024,13.830376525189,,2566.9970057900173,,21.079429454127,55.581,23.474,,
Low & middle income,LMY,2000,14.5736999511719,,1140.1417235706392,,24.690866768355527,66.182,12.242,,
Low & middle income,LMY,2000,14.5736999511719,,1140.1417235706392,,24.690866768355527,64.444,12.242,,
Low & middle income,LMY,2001,15.7297401428223,,1146.0209932066443,,24.326630844895874,66.127,12.516,,
Low & middle income,LMY,2002,14.952975273132349,,1154.6758743175699,,23.905519715122168,66.083,13.827,,
Low & middle income,LMY,2003,,,1246.4451284036186,,23.528796603233626,66.098,13.611,,
Low & middle income,LMY,2004,15.1393003463745,,1434.7814068982757,,23.27887174066423,66.01,14.472,,
Low & middle income,LMY,2005,15.260920047759999,,1652.9843050173681,,23.07265553722222,66.066,14.833,,
Low & middle income,LMY,2006,16.745569229126,,1890.621819510369,,22.823277529189657,65.787,15.344,,
Low & middle income,LMY,2007,16.8224906921387,,2211.45686094869,,22.66808588707169,65.735,16.26,,
Low & middle income,LMY,2008,16.2177352905273,,2576.4964023524476,,22.573453703993085,65.428,17.032,,
Low & middle income,LMY,2009,16.1611795425415,,2800.7463135565695,,22.401392754654143,65.285,17.715,,
Low & middle income,LMY,2010,16.0323505401611,,3137.9711096675273,,22.19678166975768,64.992,17.759,,
Low & middle income,LMY,2010,16.0323505401611,,3137.9711096675273,,22.19678166975768,62.98,17.759,,
Low & middle income,LMY,2011,15.118330001831,,3500.2070777138388,,22.352758154890513,64.849,18.52,,
Low & middle income,LMY,2012,15.8154697418213,,3946.6505276880443,,22.46489069360833,64.679,19.656,,
Low & middle income,LMY,2013,15.4976797103882,,4259.760785932127,,21.840925076200154,64.66,20.51,,
Low & middle income,LMY,2014,15.8017382311737,,4423.417843613327,,21.694007889610972,64.67,20.982,,
Low & middle income,LMY,2015,15.4778940079703,,4371.295790164028,,21.063935116348947,64.824,21.465,,
Low & middle income,LMY,2016,15.47603034973145,,4328.89587977493,,21.126394777823723,64.91,21.876,,
Low & middle income,LMY,2017,15.6437196731567,,4427.017127347757,,20.546061721295498,65.046,21.975,,
Low & middle income,LMY,2018,15.6197370582865,,4738.402760656965,,19.90572339588125,65.153,22.392,,
Low & middle income,LMY,2019,14.2717185267026,,4971.128531681887,,19.49102222849598,65.327,22.728,,
Low & middle income,LMY,2020,15.08665609287105,,4804.72588471122,,18.761424862385283,64.802,23.667,,
Low & middle income,LMY,2021,14.87104315511845,,5302.338169175034,,18.379139551883522,65.615,24.194,,
Low & middle income,LMY,2022,14.2361097335815,,5691.389749230437,,18.094798502549473,65.927,24.622,,
Low & middle income,LMY,2023,14.1005201339722,,5951.197392381657,,17.886299762665264,66.729,24.905,,
Low & middle income,LMY,2024,14.1932001113892,,5970.593406421756,,17.837198363906417,66.899,25.07,,
Lesotho,LSO,2000,19.1415996551514,,590.0,,28.248,84.793,3.797,48.7828,
Lesotho,LSO,2001,22.9656295776367,,650.0,,28.716,84.277,3.797,47.1525,
Lesotho,LSO,2002,23.4870796203613,,600.0,,29.365,83.753,,45.9501,
Lesotho,LSO,2003,31.5068492889404,,680.0,,29.294,83.221,11.667,44.9214,
Lesotho,LSO,2004,27.1636009216309,,820.0,,28.736,82.677,11.667,44.0388,
Lesotho,LSO,2005,32.5390510559082,,1040.0,,28.561,82.128,11.667,43.6115,
Lesotho,LSO,2006,28.9593200683594,,1160.0,,28.627,81.566,11.667,43.182,
Lesotho,LSO,2006,28.9593200683594,,1160.0,,28.627,54.43,11.667,43.182,
Lesotho,LSO,2007,,,1320.0,,29.484,80.999,23.529,43.6601,
Lesotho,LSO,2008,24.2185802459717,,1310.0,,29.642,80.422,25.0,44.304,
Lesotho,LSO,2008,24.2185802459717,,1310.0,,29.642,78.774,25.0,44.304,
Lesotho,LSO,2009,,,1190.0,,29.354,79.836,24.167,45.0552,
Lesotho,LSO,2010,,,1270.0,,29.163,79.242,24.167,46.0447,
Lesotho,LSO,2011,,,1350.0,,30.209,78.641,24.167,46.9302,
Lesotho,LSO,2012,,,1490.0,,30.027,78.033,26.667,48.2353,
Lesotho,LSO,2013,,,1440.0,,29.988,77.416,26.667,49.5475,
Lesotho,LSO,2013,,,1440.0,,29.988,77.416,26.667,49.5475,
Lesotho,LSO,2014,,,1330.0,,29.5,76.672,26.667,50.7865,
Lesotho,LSO,2015,13.9359949609962,,1280.0,,29.178,75.921,25.0,51.8298,
Lesotho,LSO,2016,13.9976402445565,,1240.0,,28.932,75.167,25.0,52.9078,
Lesotho,LSO,2017,15.115309715271,,1160.0,,28.241,74.409,22.131,53.8737,
Lesotho,LSO,2018,14.0853500366211,,1250.0,,27.361,73.648,22.131,54.6377,
Lesotho,LSO,2019,,,1290.0,,26.44,72.886,23.333,55.2493,
Lesotho,LSO,2019,,,1290.0,,26.44,72.885,23.333,55.2493,
Lesotho,LSO,2020,,,1170.0,,25.628,72.886,23.333,55.1325,
Lesotho,LSO,2021,,,1190.0,,24.896,72.969,23.333,54.2091,
Lesotho,LSO,2022,,,1270.0,,24.392,71.889,26.446,56.8119,
Lesotho,LSO,2023,10.9996796083614,,1250.0,,24.109,71.954,26.446,57.3749,
Lesotho,LSO,2024,10.3734439834025,,1180.0,,23.762,72.138,25.0,,
Lesotho,LSO,2024,10.3734439834025,,1180.0,,23.762,77.816,25.0,,
Late-demographic dividend,LTE,2000,12.732325077056899,,1643.390752238058,,14.772360902546941,80.331,14.758,,
Late-demographic dividend,LTE,2000,12.732325077056899,,1643.390752238058,,14.772360902546941,82.681,14.758,,
Late-demographic dividend,LTE,2001,12.7046499252319,,1656.1705465639775,,14.276852967220664,80.286,15.112,,
Late-demographic dividend,LTE,2002,13.6307201385498,,1735.542105563353,,13.890922440017121,80.297,15.69,,
Late-demographic dividend,LTE,2003,13.9100704193115,,1934.6789770634532,,13.574498701480625,80.186,15.08,,
Late-demographic dividend,LTE,2004,13.9467997550964,,2296.6283748303977,,13.465416885153367,80.037,15.786,,
Late-demographic dividend,LTE,2005,13.314855098724351,,2715.1173126115164,,13.442544175475941,79.988,16.016,,
Late-demographic dividend,LTE,2006,13.2666997909546,,3217.859865380778,,13.205171293868627,79.77,16.041,,
Late-demographic dividend,LTE,2007,13.4655895233154,,3908.0175731062723,,13.253868338809008,79.558,16.746,,
Late-demographic dividend,LTE,2008,14.15394496917725,,4737.820368523157,,13.310735034213602,79.261,17.079,,
Late-demographic dividend,LTE,2009,13.4512195587158,,5181.030209444872,,13.173803591329621,79.15,17.216,,
Late-demographic dividend,LTE,2010,14.056139945983901,,5834.185238748142,,13.108833996595788,78.84,17.251,,
Late-demographic dividend,LTE,2010,14.056139945983901,,5834.185238748142,,13.108833996595788,80.197,17.251,,
Late-demographic dividend,LTE,2011,13.19161462783815,,6577.392644251279,,13.916164144120025,78.951,17.66,,
Late-demographic dividend,LTE,2012,14.1950103944991,,7561.9956604250265,,14.736412355595009,79.0,18.285,,
Late-demographic dividend,LTE,2013,13.761034965515151,,8363.019856939642,,13.722050239705352,79.066,18.915,,
Late-demographic dividend,LTE,2014,13.9723701477051,,8778.545147073026,,14.23740625617983,79.205,19.103,,
Late-demographic dividend,LTE,2015,13.5471096038818,,8614.292588025366,,13.043590963680325,79.358,19.365,,
Late-demographic dividend,LTE,2016,13.596960067749,,8458.867799617925,,13.832695265749864,79.515,19.889,,
Late-demographic dividend,LTE,2017,13.3671703338623,,8663.98633350225,,13.093153882519733,79.772,20.702,,
Late-demographic dividend,LTE,2018,13.2388801574707,,9469.649838716317,,11.859111702079932,79.966,21.47,,
Late-demographic dividend,LTE,2019,13.5292997360229,,10151.28349393821,,11.441895454308073,80.165,21.97,,
Late-demographic dividend,LTE,2020,12.4690258275955,,10033.501127500484,,10.14163115947835,79.729,22.194,,
Late-demographic dividend,LTE,2021,12.7598566308244,,11149.364274475849,,9.40117408061384,80.213,22.992,,
Late-demographic dividend,LTE,2022,13.1722602844238,,12000.575555271049,,8.800001669025008,80.546,23.334,,
Late-demographic dividend,LTE,2023,14.143409203563799,,12658.470167362402,,8.445774458816278,80.689,23.637,,
Late-demographic dividend,LTE,2024,,,12818.201864991714,,8.569213715120071,80.872,24.267,,
Lithuania,LTU,2000,,,3220.0,31.7,9.8,82.65,10.638,72.1387,
Lithuania,LTU,2000,,,3220.0,31.7,9.8,82.625,10.638,72.1387,
Lithuania,LTU,2001,15.9948501586914,,3460.0,32.0,9.0,81.708,10.638,71.7123,
Lithuania,LTU,2001,15.9948501586914,,3460.0,32.0,9.0,81.669,10.638,71.7123,
Lithuania,LTU,2002,16.811580657959,,3830.0,31.9,8.6,80.275,10.638,71.8389,
Lithuania,LTU,2002,16.811580657959,,3830.0,31.9,8.6,80.413,10.638,71.8389,
Lithuania,LTU,2003,15.561240196228,,4700.0,35.5,8.8,82.823,10.638,72.0883,
Lithuania,LTU,2003,15.561240196228,,4700.0,35.5,8.8,82.89,10.638,72.0883,
Lithuania,LTU,2004,15.1882801055908,,6020.0,37.0,8.8,80.501,21.986,72.0009,
Lithuania,LTU,2004,15.1882801055908,,6020.0,37.0,8.8,80.52,21.986,72.0009,
Lithuania,LTU,2005,14.3004703521728,44.957218170166,7580.0,35.3,8.9,80.697,21.986,71.2464,
Lithuania,LTU,2005,14.3004703521728,44.957218170166,7580.0,35.3,8.9,80.732,21.986,71.2464,
Lithuania,LTU,2006,14.0492401123047,46.6597518920898,8810.0,34.4,9.1,81.811,24.823,70.9639,
Lithuania,LTU,2006,14.0492401123047,46.6597518920898,8810.0,34.4,9.1,81.874,24.823,70.9639,
Lithuania,LTU,2007,13.0200901031494,48.2258415222168,10590.0,34.8,9.3,80.936,22.695,70.6982,
Lithuania,LTU,2007,13.0200901031494,48.2258415222168,10590.0,34.8,9.3,81.012,22.695,70.6982,
Lithuania,LTU,2008,12.6924200057983,48.3884887695312,12670.0,35.7,9.9,81.157,17.73,71.6959,
Lithuania,LTU,2008,12.6924200057983,48.3884887695312,12670.0,35.7,9.9,81.223,17.73,71.6959,
Lithuania,LTU,2009,12.4246501922607,48.4815101623535,12480.0,37.2,10.2,83.919,19.149,72.8496,
Lithuania,LTU,2009,12.4246501922607,48.4815101623535,12480.0,37.2,10.2,83.956,19.149,72.8496,
Lithuania,LTU,2010,12.4795799255371,48.8336296081543,12430.0,33.6,9.9,84.561,19.149,73.1962,
Lithuania,LTU,2010,12.4795799255371,48.8336296081543,12430.0,33.6,9.9,84.729,19.149,73.1962,
Lithuania,LTU,2011,12.8635301589966,49.6498107910156,13200.0,32.5,10.0,83.498,19.149,73.608,
Lithuania,LTU,2011,12.8635301589966,49.6498107910156,13200.0,32.5,10.0,83.553,19.149,73.608,
Lithuania,LTU,2012,13.0653696060181,49.688850402832,14040.0,35.1,10.0,84.087,24.46,73.9644,
Lithuania,LTU,2012,13.0653696060181,49.688850402832,14040.0,35.1,10.0,84.132,24.46,73.9644,
Lithuania,LTU,2013,12.9393701553345,49.591121673584,15310.0,35.3,9.7,82.519,24.113,74.0268,
Lithuania,LTU,2013,12.9393701553345,49.591121673584,15310.0,35.3,9.7,82.561,24.113,74.0268,
Lithuania,LTU,2014,12.8765802383423,50.885669708252,16020.0,37.7,10.0,82.783,24.113,74.596,
Lithuania,LTU,2014,12.8765802383423,50.885669708252,16020.0,37.7,10.0,82.827,24.113,74.596,
Lithuania,LTU,2015,11.9786996841431,52.131290435791,15220.0,37.4,10.3,83.888,23.404,74.4737,
Lithuania,LTU,2015,11.9786996841431,52.131290435791,15220.0,37.4,10.3,83.908,23.404,74.4737,
Lithuania,LTU,2016,11.6387796401978,53.2520294189453,14890.0,38.4,10.3,84.234,21.277,74.8195,
Lithuania,LTU,2016,11.6387796401978,53.2520294189453,14890.0,38.4,10.3,84.286,21.277,74.8195,
Lithuania,LTU,2017,11.4245300292969,54.6428489685059,15260.0,37.3,9.8,84.048,21.277,75.7015,
Lithuania,LTU,2017,11.4245300292969,54.6428489685059,15260.0,37.3,9.8,84.093,21.277,75.7015,
Lithuania,LTU,2018,11.4129495620728,55.7568509591945,17550.0,35.7,9.5,83.545,21.277,75.9091,
Lithuania,LTU,2018,11.4129495620728,55.7568509591945,17550.0,35.7,9.5,83.612,21.277,75.9091,
Lithuania,LTU,2019,11.3775901794434,56.8808513677269,19200.0,35.3,8.9,84.368,21.277,76.4245,
Lithuania,LTU,2019,11.3775901794434,56.8808513677269,19200.0,35.3,8.9,84.418,21.277,76.4245,
Lithuania,LTU,2020,10.5641403198242,58.0381202697754,19800.0,36.0,8.4,83.295,26.95,75.105,
Lithuania,LTU,2020,10.5641403198242,58.0381202697754,19800.0,36.0,8.4,83.329,26.95,75.105,
Lithuania,LTU,2021,11.3599901199341,56.1440696716309,22050.0,36.7,8.3,84.322,27.66,74.2967,0.7515854027258679
Lithuania,LTU,2021,11.3599901199341,56.1440696716309,22050.0,36.7,8.3,84.276,27.66,74.2967,0.7515854027258679
Lithuania,LTU,2022,11.7303800582886,62.7691786224284,23760.0,36.6,7.8,85.087,28.369,74.696,0.7645346925240939
Lithuania,LTU,2022,11.7303800582886,62.7691786224284,23760.0,36.6,7.8,86.886,28.369,74.696,0.7645346925240939
Lithuania,LTU,2023,,63.2298248108922,25460.0,36.0,7.2,84.394,28.369,76.025,0.7676801409764512
Lithuania,LTU,2023,,63.2298248108922,25460.0,36.0,7.2,85.411,28.369,76.025,0.7676801409764512
Lithuania,LTU,2024,,,27150.0,,6.6,83.688,28.369,,0.7735471667602729
Lithuania,LTU,2024,,,27150.0,,6.6,84.352,28.369,,0.7735471667602729
Luxembourg,LUX,2000,,,45690.0,30.1,13.1,62.919,16.667,77.2635,
Luxembourg,LUX,2000,,,45690.0,30.1,13.1,62.607,16.667,77.2635,
Luxembourg,LUX,2001,,30.3475894927979,45000.0,30.9,12.4,63.646,16.667,77.5298,
Luxembourg,LUX,2001,,30.3475894927979,45000.0,30.9,12.4,64.527,16.667,77.5298,
Luxembourg,LUX,2002,,,42520.0,31.1,12.0,64.577,16.667,77.5518,
Luxembourg,LUX,2002,,,42520.0,31.1,12.0,65.472,16.667,77.5518,
Luxembourg,LUX,2003,,,46050.0,30.2,11.7,66.237,16.667,77.2624,
Luxembourg,LUX,2003,,,46050.0,30.2,11.7,67.082,16.667,77.2624,
Luxembourg,LUX,2004,,,62680.0,30.2,11.9,68.985,23.333,78.6583,
Luxembourg,LUX,2004,,,62680.0,30.2,11.9,69.957,23.333,78.6583,
Luxembourg,LUX,2005,,,73180.0,30.8,11.5,70.268,23.333,78.8786,
Luxembourg,LUX,2005,,,73180.0,30.8,11.5,71.217,23.333,78.8786,
Luxembourg,LUX,2006,,25.1564064961324,71370.0,30.9,11.7,71.547,23.333,78.8384,
Luxembourg,LUX,2006,,25.1564064961324,71370.0,30.9,11.7,81.809,23.333,78.8384,
Luxembourg,LUX,2007,,27.4460391998291,85730.0,31.1,11.4,72.875,23.333,79.1157,
Luxembourg,LUX,2007,,27.4460391998291,85730.0,31.1,11.4,82.174,23.333,79.1157,
Luxembourg,LUX,2008,,27.076050562016,86000.0,32.6,11.5,74.267,23.333,80.1066,
Luxembourg,LUX,2008,,27.076050562016,86000.0,32.6,11.5,74.923,23.333,80.1066,
Luxembourg,LUX,2009,,,70650.0,31.2,11.3,74.196,20.0,79.9074,
Luxembourg,LUX,2009,,,70650.0,31.2,11.3,75.062,20.0,79.9074,
Luxembourg,LUX,2010,,33.9563027680419,77640.0,30.5,11.6,74.606,20.0,80.0987,
Luxembourg,LUX,2010,,33.9563027680419,77640.0,30.5,11.6,75.421,20.0,80.0987,
Luxembourg,LUX,2011,,36.3310350536004,79210.0,32.1,10.9,76.831,25.0,80.2848,
Luxembourg,LUX,2011,,36.3310350536004,79210.0,32.1,10.9,77.551,25.0,80.2848,
Luxembourg,LUX,2012,,38.0179452550798,87950.0,34.3,11.3,78.325,21.667,80.4383,
Luxembourg,LUX,2012,,38.0179452550798,87950.0,34.3,11.3,79.172,21.667,80.4383,
Luxembourg,LUX,2013,,39.8450297321377,85160.0,32.0,11.3,78.356,28.333,80.8544,
Luxembourg,LUX,2013,,39.8450297321377,85160.0,32.0,11.3,79.597,28.333,80.8544,
Luxembourg,LUX,2014,,42.8839746767301,86760.0,31.2,10.9,79.362,28.333,81.2359,
Luxembourg,LUX,2014,,42.8839746767301,86760.0,31.2,10.9,80.301,28.333,81.2359,
Luxembourg,LUX,2015,,39.1847594424592,73530.0,32.9,10.7,82.8,28.333,81.2561,
Luxembourg,LUX,2015,,39.1847594424592,73530.0,32.9,10.7,83.945,28.333,81.2561,
Luxembourg,LUX,2016,,,73730.0,31.7,10.4,83.013,28.333,81.6199,
Luxembourg,LUX,2016,,,73730.0,31.7,10.4,84.197,28.333,81.6199,
Luxembourg,LUX,2017,,,75800.0,34.5,10.4,85.108,28.333,81.0892,
Luxembourg,LUX,2017,,,75800.0,34.5,10.4,86.412,28.333,81.0892,
Luxembourg,LUX,2018,,41.8547225915425,80120.0,35.4,10.3,85.929,20.0,81.5187,
Luxembourg,LUX,2018,,41.8547225915425,80120.0,35.4,10.3,87.264,20.0,81.5187,
Luxembourg,LUX,2019,,43.8946086549519,79280.0,34.2,10.0,84.35,25.0,81.5879,
Luxembourg,LUX,2019,,43.8946086549519,79280.0,34.2,10.0,85.329,25.0,81.5879,
Luxembourg,LUX,2020,,43.5118509575356,80090.0,33.4,10.2,87.042,30.0,81.4108,
Luxembourg,LUX,2020,,43.5118509575356,80090.0,33.4,10.2,88.282,30.0,81.4108,
Luxembourg,LUX,2021,,47.7181964390899,86850.0,32.7,10.5,86.26,35.0,81.8392,0.8277706363739482
Luxembourg,LUX,2021,,47.7181964390899,86850.0,32.7,10.5,87.435,35.0,81.8392,0.8277706363739482
Luxembourg,LUX,2022,,48.8751556096278,84190.0,34.1,9.9,87.885,33.333,82.2007,0.8263840906316999
Luxembourg,LUX,2022,,48.8751556096278,84190.0,34.1,9.9,89.09,33.333,82.2007,0.8263840906316999
Luxembourg,LUX,2023,,48.4878486878467,88480.0,33.6,9.5,86.859,33.333,82.2294,0.8332994627628406
Luxembourg,LUX,2023,,48.4878486878467,88480.0,33.6,9.5,87.947,33.333,82.2294,0.8332994627628406
Luxembourg,LUX,2024,,,84650.0,,9.5,87.537,33.333,,0.8296484524062891
Luxembourg,LUX,2024,,,84650.0,,9.5,89.86,33.333,,0.8296484524062891
Latvia,LVA,2000,14.6014795303345,,3240.0,,8.6,75.412,17.0,70.1755,
Latvia,LVA,2000,14.6014795303345,,3240.0,,8.6,75.445,17.0,70.1755,
Latvia,LVA,2001,15.877519607544,,3520.0,,8.4,77.586,17.0,69.9058,
Latvia,LVA,2001,15.877519607544,,3520.0,,8.4,77.894,17.0,69.9058,
Latvia,LVA,2002,16.3701801300049,,3850.0,35.1,8.7,77.401,18.0,70.1755,
Latvia,LVA,2002,16.3701801300049,,3850.0,35.1,8.7,77.675,18.0,70.1755,
Latvia,LVA,2003,15.3767595291138,,4530.0,36.5,9.2,78.036,21.0,70.6361,
Latvia,LVA,2003,15.3767595291138,,4530.0,36.5,9.2,78.392,21.0,70.6361,
Latvia,LVA,2004,14.5018100738525,30.3477096557617,5610.0,36.4,9.1,76.93,21.0,70.9395,
Latvia,LVA,2004,14.5018100738525,30.3477096557617,5610.0,36.4,9.1,77.295,21.0,70.9395,
Latvia,LVA,2005,,30.1295795440674,7120.0,39.0,9.8,76.877,21.0,70.6324,
Latvia,LVA,2005,,30.1295795440674,7120.0,39.0,9.8,77.244,21.0,70.6324,
Latvia,LVA,2006,13.9116296768188,34.1844787597656,8590.0,35.6,10.3,76.948,19.0,70.5501,
Latvia,LVA,2006,13.9116296768188,34.1844787597656,8590.0,35.6,10.3,77.283,19.0,70.5501,
Latvia,LVA,2007,14.0670499801636,27.6243896484375,10730.0,37.5,10.9,76.582,20.0,70.7894,
Latvia,LVA,2007,14.0670499801636,27.6243896484375,10730.0,37.5,10.9,76.918,20.0,70.7894,
Latvia,LVA,2008,14.7630996704102,29.7962303161621,12830.0,37.2,11.2,78.739,20.0,71.999,
Latvia,LVA,2008,14.7630996704102,29.7962303161621,12830.0,37.2,11.2,79.043,20.0,71.999,
Latvia,LVA,2009,13.0251398086548,30.620719909668,13360.0,35.9,10.3,81.043,22.0,72.6966,
Latvia,LVA,2009,13.0251398086548,30.620719909668,13360.0,35.9,10.3,81.353,22.0,72.6966,
Latvia,LVA,2010,11.8090295791626,32.5428695678711,12250.0,35.0,9.4,82.564,20.0,73.0285,
Latvia,LVA,2010,11.8090295791626,32.5428695678711,12250.0,35.0,9.4,82.906,20.0,73.0285,
Latvia,LVA,2011,12.7153100967407,34.2137107849121,12470.0,35.8,9.1,80.92,23.0,73.7176,
Latvia,LVA,2011,12.7153100967407,34.2137107849121,12470.0,35.8,9.1,81.254,23.0,73.7176,
Latvia,LVA,2012,17.7365493774414,35.7012901306152,13430.0,35.2,9.8,81.266,23.0,73.9387,
Latvia,LVA,2012,17.7365493774414,35.7012901306152,13430.0,35.2,9.8,81.795,23.0,73.9387,
Latvia,LVA,2013,18.7440204620361,37.7671813964844,14340.0,35.5,10.2,81.33,23.0,74.1873,
Latvia,LVA,2013,18.7440204620361,37.7671813964844,14340.0,35.5,10.2,81.731,23.0,74.1873,
Latvia,LVA,2014,13.9723701477051,37.6630516052246,14810.0,35.1,10.9,80.134,18.0,74.306,
Latvia,LVA,2014,13.9723701477051,37.6630516052246,14810.0,35.1,10.9,80.346,18.0,74.306,
Latvia,LVA,2015,14.1274099349976,37.3073310852051,14580.0,34.2,11.1,80.163,18.0,74.6646,
Latvia,LVA,2015,14.1274099349976,37.3073310852051,14580.0,34.2,11.1,80.292,18.0,74.6646,
Latvia,LVA,2016,12.89328956604,38.7738914489746,14300.0,34.3,11.2,81.795,18.0,74.7568,
Latvia,LVA,2016,12.89328956604,38.7738914489746,14300.0,34.3,11.2,81.932,18.0,74.7568,
Latvia,LVA,2017,11.9712800979614,,14360.0,35.6,10.7,81.213,16.0,74.8005,
Latvia,LVA,2017,11.9712800979614,,14360.0,35.6,10.7,81.376,16.0,74.8005,
Latvia,LVA,2018,11.1525402069092,43.5797996520996,16010.0,35.1,10.0,81.457,31.0,74.9793,
Latvia,LVA,2018,11.1525402069092,43.5797996520996,16010.0,35.1,10.0,81.62,31.0,74.9793,
Latvia,LVA,2019,11.7681703567505,48.3395118713379,17010.0,34.5,9.8,81.679,30.0,75.6278,
Latvia,LVA,2019,11.7681703567505,48.3395118713379,17010.0,34.5,9.8,81.861,30.0,75.6278,
Latvia,LVA,2020,11.7195196151733,,17350.0,35.7,9.2,81.513,30.0,75.4781,
Latvia,LVA,2020,11.7195196151733,,17350.0,35.7,9.2,81.712,30.0,75.4781,
Latvia,LVA,2021,10.6934204101562,48.171151170106,19310.0,34.3,9.2,80.565,29.0,73.1809,0.7144006543957522
Latvia,LVA,2021,10.6934204101562,48.171151170106,19310.0,34.3,9.2,80.68,29.0,73.1809,0.7144006543957522
Latvia,LVA,2022,9.92103004455566,51.3423091599523,20630.0,33.7,8.5,81.623,30.0,74.8706,0.7225239887712757
Latvia,LVA,2022,9.92103004455566,51.3423091599523,20630.0,33.7,8.5,81.932,30.0,74.8706,0.7225239887712757
Latvia,LVA,2023,,50.7353528321438,21000.0,34.0,7.7,81.913,32.0,76.1898,0.7273895705865455
Latvia,LVA,2023,,50.7353528321438,21000.0,34.0,7.7,82.208,32.0,76.1898,0.7273895705865455
Latvia,LVA,2024,,,21630.0,,6.9,82.561,32.0,,0.7328403045969962
Latvia,LVA,2024,,,21630.0,,6.9,82.9,32.0,,0.7328403045969962
"Macao SAR, China",MAC,2000,11.8389101028442,,14620.0,,8.9,74.467,,79.4292,
"Macao SAR, China",MAC,2000,11.8389101028442,,14620.0,,8.9,75.667,,79.4292,
"Macao SAR, China",MAC,2001,11.0921602249146,,15910.0,,7.5,75.599,,79.8122,
"Macao SAR, China",MAC,2001,11.0921602249146,,15910.0,,7.5,76.218,,79.8122,
"Macao SAR, China",MAC,2002,10.7146902084351,,16670.0,,7.2,77.11,,80.098,
"Macao SAR, China",MAC,2002,10.7146902084351,,16670.0,,7.2,77.706,,80.098,
"Macao SAR, China",MAC,2003,10.3880701065063,,18510.0,,7.2,75.459,,80.2148,
"Macao SAR, China",MAC,2003,10.3880701065063,,18510.0,,7.2,76.599,,80.2148,
"Macao SAR, China",MAC,2004,9.00207996368408,,23050.0,,7.3,76.963,,80.4057,
"Macao SAR, China",MAC,2004,9.00207996368408,,23050.0,,7.3,78.162,,80.4057,
"Macao SAR, China",MAC,2005,8.11334991455078,,24430.0,,7.8,79.514,,80.5223,
"Macao SAR, China",MAC,2005,8.11334991455078,,24430.0,,7.8,80.223,,80.5223,
"Macao SAR, China",MAC,2006,11.1839303970337,,25920.0,,8.1,80.01,,80.7101,
"Macao SAR, China",MAC,2006,11.1839303970337,,25920.0,,8.1,80.014,,80.7101,
"Macao SAR, China",MAC,2007,9.94645977020264,,33070.0,,8.7,83.195,,80.9322,
"Macao SAR, China",MAC,2007,9.94645977020264,,33070.0,,8.7,82.5,,80.9322,
"Macao SAR, China",MAC,2008,10.4455699920654,,32190.0,,8.7,83.634,,81.1622,
"Macao SAR, China",MAC,2008,10.4455699920654,,32190.0,,8.7,83.109,,81.1622,
"Macao SAR, China",MAC,2009,11.3725004196167,,35520.0,,8.9,85.346,,81.4926,
"Macao SAR, China",MAC,2009,11.3725004196167,,35520.0,,8.9,85.169,,81.4926,
"Macao SAR, China",MAC,2010,12.9794197082519,,45370.0,,9.5,84.533,,81.6635,
"Macao SAR, China",MAC,2010,12.9794197082519,,45370.0,,9.5,85.123,,81.6635,
"Macao SAR, China",MAC,2011,14.6331100463867,,54620.0,,10.6,85.86,,81.9924,
"Macao SAR, China",MAC,2011,14.6331100463867,,54620.0,,10.6,86.395,,81.9924,
"Macao SAR, China",MAC,2012,22.3286094665527,,60370.0,,12.9,84.986,,82.2557,
"Macao SAR, China",MAC,2012,22.3286094665527,,60370.0,,12.9,84.99,,82.2557,
"Macao SAR, China",MAC,2013,12.5863199234009,,67830.0,,11.1,86.403,,82.4764,
"Macao SAR, China",MAC,2013,12.5863199234009,,67830.0,,11.1,86.128,,82.4764,
"Macao SAR, China",MAC,2014,13.6573600769043,,68530.0,,11.8,85.931,,82.6955,
"Macao SAR, China",MAC,2014,13.6573600769043,,68530.0,,11.8,85.317,,82.6955,
"Macao SAR, China",MAC,2015,13.4196996688843,,57990.0,,11.0,86.818,,82.9402,
"Macao SAR, China",MAC,2015,13.4196996688843,,57990.0,,11.0,85.547,,82.9402,
"Macao SAR, China",MAC,2016,13.8348398208618,,59670.0,,11.0,87.212,,83.0197,
"Macao SAR, China",MAC,2016,13.8348398208618,,59670.0,,11.0,86.539,,83.0197,
"Macao SAR, China",MAC,2017,14.1025695800781,,66940.0,,10.1,85.827,,83.0779,
"Macao SAR, China",MAC,2018,15.1596899032593,,72850.0,,9.0,85.458,,83.3959,
"Macao SAR, China",MAC,2019,16.5979499816894,,71690.0,,8.9,85.386,,83.2927,
"Macao SAR, China",MAC,2020,14.169659614563,,43910.0,,8.1,85.284,,84.61,
"Macao SAR, China",MAC,2021,14.6864900588989,,46330.0,,7.4,85.748,,83.8179,
"Macao SAR, China",MAC,2022,12.267900466919,,45390.0,,6.4,80.465,,82.1025,
"Macao SAR, China",MAC,2023,,,65040.0,,5.5,84.16,,83.0749,
"Macao SAR, China",MAC,2024,,,,,5.3,85.762,,,
St. Martin (French part),MAF,2000,,,,,25.955,,,76.7932,
St. Martin (French part),MAF,2001,,,,,25.597,,,77.0093,
St. Martin (French part),MAF,2002,,,,,25.135,,,77.2189,
St. Martin (French part),MAF,2003,,,,,24.553,,,77.4194,
St. Martin (French part),MAF,2004,,,,,23.849,,,77.6122,
St. Martin (French part),MAF,2005,,,,,23.141,,,77.8018,
St. Martin (French part),MAF,2006,,,,,22.291,,,77.9885,
St. Martin (French part),MAF,2007,,,,,21.392,,,78.1596,
St. Martin (French part),MAF,2008,,,,,20.483,,,78.3263,
St. Martin (French part),MAF,2009,,,,,19.585,,,78.5132,
St. Martin (French part),MAF,2010,,,,,18.976,,,78.7523,
St. Martin (French part),MAF,2011,,,,,19.064,,,79.0164,
St. Martin (French part),MAF,2012,,,,,21.642,,,79.3023,
St. Martin (French part),MAF,2013,,,,,20.986,,,79.5281,
St. Martin (French part),MAF,2014,,,,,20.638,,,79.7269,
St. Martin (French part),MAF,2015,,,,,20.015,,,79.8295,
St. Martin (French part),MAF,2016,,,,,19.47,,,79.8852,
St. Martin (French part),MAF,2017,,,,,19.175,,,78.7621,
St. Martin (French part),MAF,2018,,,,,19.421,,,80.029,
St. Martin (French part),MAF,2019,,,,,18.955,,,80.0784,
St. Martin (French part),MAF,2020,,,,,17.602,,,80.0848,
St. Martin (French part),MAF,2021,,,,,17.544,,,80.206,
St. Martin (French part),MAF,2022,,,,,17.326,,,80.2355,
St. Martin (French part),MAF,2023,,,,,17.069,,,80.2238,
St. Martin (French part),MAF,2024,,,,,15.045,,,,
Morocco,MAR,2000,,,1580.0,,22.689,31.894,0.615,66.7937,
Morocco,MAR,2000,,,1580.0,,22.689,36.896,0.615,66.7937,
Morocco,MAR,2001,,,1580.0,,22.087,32.675,0.615,67.1996,
Morocco,MAR,2001,,,1580.0,,22.087,32.675,0.615,67.1996,
Morocco,MAR,2002,,,1550.0,,21.6,32.174,10.769,67.5817,
Morocco,MAR,2002,,,1550.0,,21.6,32.174,10.769,67.5817,
Morocco,MAR,2003,,,1740.0,,21.589,32.629,10.769,67.9577,
Morocco,MAR,2003,,,1740.0,,21.589,35.225,10.769,67.9577,
Morocco,MAR,2004,,,2060.0,,21.686,33.091,10.769,68.2721,
Morocco,MAR,2004,,,2060.0,,21.686,36.602,10.769,68.2721,
Morocco,MAR,2005,,,2300.0,,21.818,33.558,10.769,68.7475,
Morocco,MAR,2005,,,2300.0,,21.818,36.316,10.769,68.7475,
Morocco,MAR,2006,,,2490.0,,21.858,34.032,10.769,69.1574,
Morocco,MAR,2006,,,2490.0,,21.858,36.918,10.769,69.1574,
Morocco,MAR,2007,,,2630.0,,21.922,34.511,10.462,69.6197,
Morocco,MAR,2007,,,2630.0,,21.922,36.508,10.462,69.6197,
Morocco,MAR,2008,17.4706401824951,,2970.0,,21.859,34.998,10.462,70.0509,
Morocco,MAR,2008,17.4706401824951,,2970.0,,21.859,34.998,10.462,70.0509,
Morocco,MAR,2009,17.2952899932861,,3150.0,,21.913,34.814,10.462,70.4543,
Morocco,MAR,2009,17.2952899932861,,3150.0,,21.913,35.534,10.462,70.4543,
Morocco,MAR,2010,,,3190.0,,21.871,34.636,10.462,70.8211,
Morocco,MAR,2010,,,3190.0,,21.871,34.636,10.462,70.8211,
Morocco,MAR,2011,,,3260.0,,21.506,34.294,16.962,71.2634,
Morocco,MAR,2011,,,3260.0,,21.506,34.293,16.962,71.2634,
Morocco,MAR,2012,20.7460785049219,,3230.0,,20.978,33.613,16.962,71.674,0.49604920092163757
Morocco,MAR,2012,20.7460785049219,,3230.0,,20.978,33.614,16.962,71.674,0.49604920092163757
Morocco,MAR,2013,,,3350.0,,20.341,34.393,16.962,72.1174,0.49604920092163757
Morocco,MAR,2013,,,3350.0,,20.341,34.392,16.962,72.1174,0.49604920092163757
Morocco,MAR,2014,22.0639427841332,,3330.0,,19.787,34.766,16.962,72.5225,0.5076917883282334
Morocco,MAR,2014,22.0639427841332,,3330.0,,19.787,34.766,16.962,72.5225,0.5076917883282334
Morocco,MAR,2015,22.2395469824195,,3300.0,,19.488,34.57,16.962,72.8938,0.5156565362205296
Morocco,MAR,2015,22.2395469824195,,3300.0,,19.488,34.57,16.962,72.8938,0.5156565362205296
Morocco,MAR,2016,22.2573567488895,,3150.0,,19.224,33.399,20.506,73.2279,0.5278809164137241
Morocco,MAR,2016,22.2573567488895,,3150.0,,19.224,33.399,20.506,73.2279,0.5278809164137241
Morocco,MAR,2017,21.6499038578891,,3160.0,,18.918,32.825,20.506,73.6079,0.5090427818255082
Morocco,MAR,2018,22.4447613516615,,3380.0,,18.573,32.102,20.506,73.9456,0.5090427818255082
Morocco,MAR,2019,21.4650708273849,,3510.0,,18.258,31.374,20.506,74.2446,0.502668113979693
Morocco,MAR,2020,24.1580939880119,,3260.0,,17.85,30.337,20.506,73.1327,0.5000064444250956
Morocco,MAR,2021,23.7564830045068,,3630.0,,17.458,29.687,22.785,73.3848,0.486912765270517
Morocco,MAR,2021,23.7564830045068,,3630.0,,17.458,29.688,22.785,73.3848,0.486912765270517
Morocco,MAR,2022,23.8656662804477,,3700.0,,17.035,28.448,24.051,75.1614,0.47941581227372976
Morocco,MAR,2022,23.8656662804477,,3700.0,,17.035,28.448,24.051,75.1614,0.47941581227372976
Morocco,MAR,2023,22.8255200986895,,3780.0,,16.701,28.666,24.304,75.3128,0.4835478541650606
Morocco,MAR,2024,23.2788788012312,,3840.0,,16.402,29.033,24.304,,0.4787151133616728
Monaco,MCO,2000,6.32789993286133,,,,12.23,,22.222,82.1207,
Monaco,MCO,2001,,,,,12.561,,22.222,82.485,
Monaco,MCO,2002,,,,,11.341,,22.222,83.0547,
Monaco,MCO,2003,,,,,10.612,,20.833,83.6128,
Monaco,MCO,2004,5.925950050354,,,,10.855,,20.833,84.1511,
Monaco,MCO,2005,,,,,10.735,,20.833,84.3396,
Monaco,MCO,2006,,,,,11.072,,20.833,84.1944,
Monaco,MCO,2007,,,,,11.483,,20.833,83.9034,
Monaco,MCO,2008,,,,,12.176,,25.0,83.8271,
Monaco,MCO,2009,6.59881019592285,,,,11.821,,26.087,84.1871,
Monaco,MCO,2010,6.36322021484375,,,,11.328,,26.087,84.6441,
Monaco,MCO,2011,8.07616996765137,,,,10.209,,19.048,85.0099,
Monaco,MCO,2012,8.87594985961914,,,,10.28,,19.048,85.0451,
Monaco,MCO,2013,7.05921983718872,,,,10.131,,20.833,85.0557,
Monaco,MCO,2014,5.00886011123657,,,,10.684,,20.833,85.0925,
Monaco,MCO,2015,,,,,10.585,,20.833,85.3231,
Monaco,MCO,2016,6.59654998779297,,,,10.757,69.593,20.833,85.6302,
Monaco,MCO,2017,6.98062992095947,,,,10.001,,20.833,85.8784,
Monaco,MCO,2018,,,,,10.194,,33.333,86.0843,
Monaco,MCO,2019,5.02927017211914,,,,9.965,,33.333,86.1507,
Monaco,MCO,2020,,,,,9.746,,33.333,86.0893,
Monaco,MCO,2021,5.87369012832642,,,,8.689,,33.333,85.1126,
Monaco,MCO,2022,4.79598999023438,,,,8.687,,33.333,85.7464,
Monaco,MCO,2023,7.73202991485596,,,,9.441,,45.833,86.3724,
Monaco,MCO,2024,,,,,9.558,,45.833,,
Moldova,MDA,2000,12.9239301681519,,490.0,36.4,11.708,88.041,7.921,67.4623,
Moldova,MDA,2000,12.9239301681519,,490.0,36.4,11.708,88.041,7.921,67.4623,
Moldova,MDA,2001,16.4247608184814,,500.0,38.0,11.68,88.799,12.871,67.6725,
Moldova,MDA,2001,16.4247608184814,,500.0,38.0,11.68,88.797,12.871,67.6725,
Moldova,MDA,2002,17.8843402862549,,590.0,35.8,11.683,91.223,12.871,67.7926,
Moldova,MDA,2002,17.8843402862549,,590.0,35.8,11.683,91.224,12.871,67.7926,
Moldova,MDA,2003,16.192590713501,,710.0,34.9,12.166,95.656,12.871,67.8998,
Moldova,MDA,2003,16.192590713501,,710.0,34.9,12.166,95.657,12.871,67.8998,
Moldova,MDA,2004,19.4520206451416,,910.0,35.0,12.984,97.907,15.842,68.0166,
Moldova,MDA,2004,19.4520206451416,,910.0,35.0,12.984,97.904,15.842,68.0166,
Moldova,MDA,2005,19.2966499328613,,1120.0,36.3,13.119,100.838,21.782,68.1969,
Moldova,MDA,2005,19.2966499328613,,1120.0,36.3,13.119,100.839,21.782,68.1969,
Moldova,MDA,2006,18.6088199615479,,1280.0,35.4,13.298,96.913,21.782,68.4234,
Moldova,MDA,2006,18.6088199615479,,1280.0,35.4,13.298,96.912,21.782,68.4234,
Moldova,MDA,2007,19.4169692993164,,1440.0,34.4,13.691,100.083,21.782,68.6738,
Moldova,MDA,2007,19.4169692993164,,1440.0,34.4,13.691,100.083,21.782,68.6738,
Moldova,MDA,2008,19.8500804901123,,1870.0,34.7,14.256,98.745,21.782,69.0001,
Moldova,MDA,2008,19.8500804901123,,1870.0,34.7,14.256,98.745,21.782,69.0001,
Moldova,MDA,2009,20.9926300048828,,1950.0,32.9,14.951,97.311,23.762,69.4057,
Moldova,MDA,2009,20.9926300048828,,1950.0,32.9,14.951,97.311,23.762,69.4057,
Moldova,MDA,2010,22.2670097351074,,2380.0,32.1,14.785,97.697,18.812,69.8759,
Moldova,MDA,2010,22.2670097351074,,2380.0,32.1,14.785,97.696,18.812,69.8759,
Moldova,MDA,2011,21.9158802032471,,2730.0,30.6,14.264,99.899,19.802,70.1732,
Moldova,MDA,2011,21.9158802032471,,2730.0,30.6,14.264,99.899,19.802,70.1732,
Moldova,MDA,2012,20.7419700622559,,3140.0,29.2,14.251,101.666,19.802,70.3438,0.46392578857193506
Moldova,MDA,2012,20.7419700622559,,3140.0,29.2,14.251,101.666,19.802,70.3438,0.46392578857193506
Moldova,MDA,2013,18.2764874661396,,3620.0,28.5,13.795,101.136,19.802,70.2907,0.46392578857193506
Moldova,MDA,2013,18.2764874661396,,3620.0,28.5,13.795,101.136,19.802,70.2907,0.46392578857193506
Moldova,MDA,2014,18.765100479126,,3730.0,26.8,15.295,99.817,17.822,70.2407,0.4543975022453366
Moldova,MDA,2014,18.765100479126,,3730.0,26.8,15.295,99.818,17.822,70.2407,0.4543975022453366
Moldova,MDA,2015,18.2387198841274,,3290.0,27.0,15.227,97.531,21.782,70.118,0.48972297612407495
Moldova,MDA,2015,18.2387198841274,,3290.0,27.0,15.227,97.532,21.782,70.118,0.48972297612407495
Moldova,MDA,2016,18.6216297149658,,3170.0,26.3,14.88,96.978,21.782,70.1792,0.4968873808715874
Moldova,MDA,2016,18.6216297149658,,3170.0,26.3,14.88,96.979,21.782,70.1792,0.4968873808715874
Moldova,MDA,2017,18.4328308105469,,3300.0,25.9,13.762,97.138,22.772,70.375,0.4907978582678669
Moldova,MDA,2017,18.4328308105469,,3300.0,25.9,13.762,97.138,22.772,70.375,0.4907978582678669
Moldova,MDA,2018,17.5677299499512,,3850.0,25.7,13.275,97.931,22.772,70.2355,0.4907978582678669
Moldova,MDA,2018,17.5677299499512,,3850.0,25.7,13.275,97.931,22.772,70.2355,0.4907978582678669
Moldova,MDA,2019,19.4643802642822,,4490.0,26.0,12.637,96.873,25.743,70.181,0.48503716226350985
Moldova,MDA,2019,19.4643802642822,,4490.0,26.0,12.637,96.871,25.743,70.181,0.48503716226350985
Moldova,MDA,2020,17.9937705993652,,4360.0,25.0,12.077,95.051,24.752,69.9144,0.4958483398015904
Moldova,MDA,2020,17.9937705993652,,4360.0,25.0,12.077,95.05,24.752,69.9144,0.4958483398015904
Moldova,MDA,2021,16.8416500091553,,5270.0,25.7,11.521,94.5,39.604,68.9908,0.5118437874473913
Moldova,MDA,2021,16.8416500091553,,5270.0,25.7,11.521,94.499,39.604,68.9908,0.5118437874473913
Moldova,MDA,2022,16.6931304931641,,5540.0,25.9,10.545,97.009,40.594,71.5465,0.5217581774257715
Moldova,MDA,2022,16.6931304931641,,5540.0,25.9,10.545,97.01,40.594,71.5465,0.5217581774257715
Moldova,MDA,2023,16.8865299224854,,6250.0,26.8,10.755,97.747,38.614,71.1985,0.5286133223395004
Moldova,MDA,2023,16.8865299224854,,6250.0,26.8,10.755,97.746,38.614,71.1985,0.5286133223395004
Moldova,MDA,2024,15.9647600451194,,6880.0,,10.59,100.055,40.816,,0.5364899283640642
Moldova,MDA,2024,15.9647600451194,,6880.0,,10.59,100.054,40.816,,0.5364899283640642
Madagascar,MDG,2000,15.8905096054077,,280.0,,42.0,94.618,8.0,57.9742,
Madagascar,MDG,2001,17.6824703216553,,290.0,,41.116,94.603,8.0,58.6744,
Madagascar,MDG,2001,17.6824703216553,,290.0,,41.116,90.081,8.0,58.6744,
Madagascar,MDG,2002,17.9367599487305,,260.0,,40.202,94.48,,59.1704,
Madagascar,MDG,2003,15.7631397247315,,320.0,,39.513,94.51,3.75,59.6926,
Madagascar,MDG,2003,15.7631397247315,,320.0,,39.513,91.861,3.75,59.6926,
Madagascar,MDG,2004,12.9607696533203,,330.0,,38.976,94.543,6.875,60.1684,
Madagascar,MDG,2005,18.0330390930176,,320.0,,38.446,94.608,6.875,60.6639,
Madagascar,MDG,2005,18.0330390930176,,320.0,,38.446,94.62,6.875,60.6639,
Madagascar,MDG,2006,15.3241901397705,,310.0,,38.007,94.522,6.875,61.1404,
Madagascar,MDG,2007,18.0445499420166,,360.0,,37.754,94.439,7.874,61.5335,
Madagascar,MDG,2008,16.2581405639648,,430.0,,37.537,94.354,7.874,61.9919,
Madagascar,MDG,2009,22.5858306884766,,450.0,,37.396,94.269,,62.3044,
Madagascar,MDG,2010,18.6357054482013,,450.0,,36.746,94.182,12.5,62.5967,
Madagascar,MDG,2010,18.6357054482013,,450.0,,36.746,96.0,12.5,62.5967,
Madagascar,MDG,2011,19.7796993255615,,460.0,,35.751,94.095,12.5,62.8602,
Madagascar,MDG,2012,20.3257999420166,,470.0,,35.061,94.005,17.486,63.0068,0.5208462020754174
Madagascar,MDG,2012,20.3257999420166,,470.0,,35.061,97.247,17.486,63.0068,0.5208462020754174
Madagascar,MDG,2013,13.9893798828125,,490.0,,34.672,93.91,17.486,63.1613,0.5208462020754174
Madagascar,MDG,2014,18.9667701721191,,500.0,,34.18,93.807,20.53,63.2615,0.44578772354904767
Madagascar,MDG,2015,16.9629096984863,,470.0,,33.771,93.695,20.53,63.3621,0.4494956518430665
Madagascar,MDG,2015,16.9629096984863,,470.0,,33.771,93.698,20.53,63.3621,0.4494956518430665
Madagascar,MDG,2016,19.8381805419922,,450.0,,33.613,93.899,20.53,63.4312,0.4555216978729917
Madagascar,MDG,2017,,,450.0,,33.592,94.086,19.205,63.4328,0.43726842447668135
Madagascar,MDG,2018,19.8180198669434,,480.0,,33.651,94.248,19.205,63.4911,0.43726842447668135
Madagascar,MDG,2019,17.9527918245618,,500.0,,33.594,94.404,15.894,63.5039,0.43004306568330214
Madagascar,MDG,2020,,,450.0,,33.31,94.384,17.881,62.706,0.44017431081809466
Madagascar,MDG,2021,,,470.0,,32.911,94.885,17.881,62.5157,0.43751717109816857
Madagascar,MDG,2022,,,500.0,,32.498,94.036,18.543,63.0677,0.4357099375866301
Madagascar,MDG,2022,,,500.0,,32.498,84.456,18.543,63.0677,0.4357099375866301
Madagascar,MDG,2023,,,510.0,,32.095,94.079,18.543,63.6317,0.4298212188177832
Madagascar,MDG,2024,,,510.0,,31.714,94.167,15.951,,0.4289041843953808
Maldives,MDV,2000,,,2050.0,,19.916,52.182,6.0,70.8919,
Maldives,MDV,2000,,,2050.0,,19.916,52.182,6.0,70.8919,
Maldives,MDV,2001,,,2240.0,,19.105,52.593,6.0,71.6593,
Maldives,MDV,2002,21.2060298919678,,2650.0,,18.666,53.012,6.0,72.3597,
Maldives,MDV,2003,20.1858100891113,,3470.0,,18.448,53.438,6.0,73.2634,
Maldives,MDV,2004,19.371000289917,,3890.0,,18.326,53.871,6.0,73.0085,
Maldives,MDV,2005,12.9361000061035,,3660.0,,18.322,54.314,12.0,74.7846,
Maldives,MDV,2006,13.2550201416016,,4710.0,,18.819,54.764,12.0,75.2558,
Maldives,MDV,2007,12.6912899017334,,4570.0,,19.955,55.221,12.0,75.7108,
Maldives,MDV,2008,12.5684604644775,,5500.0,,20.904,55.687,12.0,75.9994,
Maldives,MDV,2009,13.7383899688721,,5490.0,,21.267,56.161,6.494,76.3714,
Maldives,MDV,2009,13.7383899688721,,5490.0,,21.267,56.161,6.494,76.3714,
Maldives,MDV,2010,10.946310043335,,6000.0,,20.889,56.275,6.494,76.7556,
Maldives,MDV,2011,9.85499954223633,,6720.0,,20.401,56.401,6.494,77.1409,
Maldives,MDV,2012,11.2236404418945,,6810.0,,19.774,56.539,6.494,77.5123,
Maldives,MDV,2013,12.5538997650147,,7050.0,,18.803,56.688,6.494,77.8474,
Maldives,MDV,2014,10.6196298599243,,7720.0,,17.76,56.848,5.882,78.1873,
Maldives,MDV,2014,10.6196298599243,,7720.0,,17.76,57.617,5.882,78.1873,
Maldives,MDV,2015,11.4492502212524,,8210.0,,16.664,57.018,5.882,78.6073,
Maldives,MDV,2016,9.80502033233643,,8720.0,,15.512,57.199,5.882,78.9128,
Maldives,MDV,2016,9.80502033233643,,8720.0,,15.512,57.198,5.882,78.9128,
Maldives,MDV,2017,11.3542088324763,,9400.0,,14.342,56.0,5.882,79.2278,
Maldives,MDV,2018,11.3899017585469,,10220.0,,13.395,54.609,5.882,79.4331,
Maldives,MDV,2019,12.0551443371788,,10730.0,,12.597,53.01,4.598,79.7071,
Maldives,MDV,2019,12.0551443371788,,10730.0,,12.597,64.387,4.598,79.7071,
Maldives,MDV,2020,10.5050409732546,,7050.0,,12.112,52.774,4.598,78.713,
Maldives,MDV,2021,10.0329262190793,,9350.0,,11.694,52.876,4.598,78.052,
Maldives,MDV,2022,11.0764447310854,,10570.0,,11.396,52.697,4.598,80.7595,
Maldives,MDV,2023,10.6328052020158,,11130.0,,11.018,52.966,4.598,81.0412,
Maldives,MDV,2024,10.7169075614071,,11640.0,,10.587,53.253,3.226,,
"Middle East, North Africa, Afghanistan & Pakistan",MEA,2000,,,2031.359006965647,,29.596634458170914,24.153,,,
"Middle East, North Africa, Afghanistan & Pakistan",MEA,2000,,,2031.359006965647,,29.596634458170914,25.059,,,
"Middle East, North Africa, Afghanistan & Pakistan",MEA,2001,,,2107.8609257754965,,29.049842733015574,24.494,,,
"Middle East, North Africa, Afghanistan & Pakistan",MEA,2002,,,2096.4160575447745,,28.543137556821897,24.293,7.446,,
"Middle East, North Africa, Afghanistan & Pakistan",MEA,2003,,,2222.337922638045,,28.303327294741532,25.0,7.517,,
"Middle East, North Africa, Afghanistan & Pakistan",MEA,2004,,,2545.1525434979076,,27.899839858313403,25.671,8.086,,
"Middle East, North Africa, Afghanistan & Pakistan",MEA,2005,,,2889.3933154715332,,27.743592758880506,26.39,8.539,,
"Middle East, North Africa, Afghanistan & Pakistan",MEA,2005,,,2889.3933154715332,,27.743592758880506,27.205,8.539,,
"Middle East, North Africa, Afghanistan & Pakistan",MEA,2006,,,3277.094224135114,,27.88951073684614,26.9,10.18,,
"Middle East, North Africa, Afghanistan & Pakistan",MEA,2006,,,3277.094224135114,,27.88951073684614,27.643,10.18,,
"Middle East, North Africa, Afghanistan & Pakistan",MEA,2007,,,3733.8645542566824,,28.014164468416443,27.474,10.396,,
"Middle East, North Africa, Afghanistan & Pakistan",MEA,2007,,,3733.8645542566824,,28.014164468416443,27.725,10.396,,
"Middle East, North Africa, Afghanistan & Pakistan",MEA,2008,,,4300.358408477133,,28.098776850355456,27.149,10.451,,
"Middle East, North Africa, Afghanistan & Pakistan",MEA,2008,,,4300.358408477133,,28.098776850355456,28.652,10.451,,
"Middle East, North Africa, Afghanistan & Pakistan",MEA,2009,,,4430.463085710358,,28.1350141808852,28.026,10.845,,
"Middle East, North Africa, Afghanistan & Pakistan",MEA,2009,,,4430.463085710358,,28.1350141808852,28.526,10.845,,
"Middle East, North Africa, Afghanistan & Pakistan",MEA,2010,,,4719.58455971,,28.180002502862123,28.346,12.246,,
"Middle East, North Africa, Afghanistan & Pakistan",MEA,2010,,,4719.58455971,,28.180002502862123,28.733,12.246,,
"Middle East, North Africa, Afghanistan & Pakistan",MEA,2011,,,5033.128636046654,,28.057267617495217,28.331,12.123,,
"Middle East, North Africa, Afghanistan & Pakistan",MEA,2011,,,5033.128636046654,,28.057267617495217,29.197,12.123,,
"Middle East, North Africa, Afghanistan & Pakistan",MEA,2012,,,5667.244984585458,,28.009521998529365,28.691,14.68,,
"Middle East, North Africa, Afghanistan & Pakistan",MEA,2012,,,5667.244984585458,,28.009521998529365,28.182,14.68,,
"Middle East, North Africa, Afghanistan & Pakistan",MEA,2013,,,5959.578044686543,,27.7664103607918,28.773,17.072,,
"Middle East, North Africa, Afghanistan & Pakistan",MEA,2013,,,5959.578044686543,,27.7664103607918,29.278,17.072,,
"Middle East, North Africa, Afghanistan & Pakistan",MEA,2014,,,5955.742820913005,,27.436080761696978,29.265,17.204,,
"Middle East, North Africa, Afghanistan & Pakistan",MEA,2014,,,5955.742820913005,,27.436080761696978,28.568,17.204,,
"Middle East, North Africa, Afghanistan & Pakistan",MEA,2015,,,5553.541150876277,,26.971203840083234,30.132,17.458,,
"Middle East, North Africa, Afghanistan & Pakistan",MEA,2015,,,5553.541150876277,,26.971203840083234,31.139,17.458,,
"Middle East, North Africa, Afghanistan & Pakistan",MEA,2016,,,5334.749230553892,,26.282889524988576,30.372,17.939,,
"Middle East, North Africa, Afghanistan & Pakistan",MEA,2016,,,5334.749230553892,,26.282889524988576,31.303,17.939,,
"Middle East, North Africa, Afghanistan & Pakistan",MEA,2017,,,5152.223778850016,,25.878689997192385,29.9,17.253,,
"Middle East, North Africa, Afghanistan & Pakistan",MEA,2018,,,5383.345713231005,,25.044063633191143,28.894,16.963,,
"Middle East, North Africa, Afghanistan & Pakistan",MEA,2018,,,5383.345713231005,,25.044063633191143,30.092,16.963,,
"Middle East, North Africa, Afghanistan & Pakistan",MEA,2019,,,5483.884714643943,,24.364719068991658,29.189,17.272,,
"Middle East, North Africa, Afghanistan & Pakistan",MEA,2019,,,5483.884714643943,,24.364719068991658,31.06,17.272,,
"Middle East, North Africa, Afghanistan & Pakistan",MEA,2020,,,5035.119372618645,,23.92640841859139,28.96,18.943,,
"Middle East, North Africa, Afghanistan & Pakistan",MEA,2020,,,5035.119372618645,,23.92640841859139,25.627,18.943,,
"Middle East, North Africa, Afghanistan & Pakistan",MEA,2021,,,5386.931008938811,,23.544152377933138,29.172,17.811,,
"Middle East, North Africa, Afghanistan & Pakistan",MEA,2021,,,5386.931008938811,,23.544152377933138,30.18,17.811,,
"Middle East, North Africa, Afghanistan & Pakistan",MEA,2022,,,6007.614604788777,,23.215992551437246,28.653,17.73,,
"Middle East, North Africa, Afghanistan & Pakistan",MEA,2023,,,6293.140716516141,,22.992618590029846,29.178,17.132,,
"Middle East, North Africa, Afghanistan & Pakistan",MEA,2024,,,6275.3074773946055,,22.705076536546787,29.144,17.187,,
Mexico,MEX,2000,19.6461296081543,,6570.0,53.4,24.192,47.324,16.0,72.5621,
Mexico,MEX,2000,19.6461296081543,,6570.0,53.4,24.192,47.53,16.0,72.5621,
Mexico,MEX,2001,20.6242809295654,,7100.0,,23.779,46.909,16.0,72.9118,
Mexico,MEX,2001,20.6242809295654,,7100.0,,23.779,46.891,16.0,72.9118,
Mexico,MEX,2002,21.4649105072021,,7490.0,50.6,23.379,47.665,16.0,73.1056,
Mexico,MEX,2002,21.4649105072021,,7490.0,50.6,23.379,47.655,16.0,73.1056,
Mexico,MEX,2003,22.4718704223633,,7780.0,,22.832,48.485,22.6,73.308,
Mexico,MEX,2003,22.4718704223633,,7780.0,,22.832,48.472,22.6,73.308,
Mexico,MEX,2004,22.0538291931152,,8240.0,50.3,22.369,49.927,22.6,73.4324,
Mexico,MEX,2004,22.0538291931152,,8240.0,50.3,22.369,49.896,22.6,73.4324,
Mexico,MEX,2005,21.9037895202637,,8490.0,50.9,21.912,50.988,24.2,73.6267,
Mexico,MEX,2005,21.9037895202637,,8490.0,50.9,21.912,50.935,24.2,73.6267,
Mexico,MEX,2006,20.8243198394775,,9140.0,49.7,21.482,52.277,22.6,73.7457,
Mexico,MEX,2006,20.8243198394775,,9140.0,49.7,21.482,52.155,22.6,73.7457,
Mexico,MEX,2007,19.8890705108643,,9720.0,,21.11,52.971,23.2,73.7955,
Mexico,MEX,2007,19.8890705108643,,9720.0,,21.11,52.841,23.2,73.7955,
Mexico,MEX,2008,17.3801593780518,,10260.0,50.8,20.82,53.075,23.2,73.6949,
Mexico,MEX,2008,17.3801593780518,,10260.0,50.8,20.82,52.877,23.2,73.6949,
Mexico,MEX,2009,18.6651191711426,,9230.0,,20.567,54.212,27.6,73.6281,
Mexico,MEX,2009,18.6651191711426,,9230.0,,20.567,54.126,27.6,73.6281,
Mexico,MEX,2010,18.6425895690918,,9470.0,47.7,20.331,54.185,26.2,73.7181,
Mexico,MEX,2010,18.6425895690918,,9470.0,47.7,20.331,54.023,26.2,73.7181,
Mexico,MEX,2011,18.4210205078125,,9760.0,,20.095,54.934,26.2,73.9209,
Mexico,MEX,2011,18.4210205078125,,9760.0,,20.095,54.687,26.2,73.9209,
Mexico,MEX,2012,18.0871906280518,,10500.0,49.6,19.855,56.075,36.8,74.1278,0.4687576752260949
Mexico,MEX,2012,18.0871906280518,,10500.0,49.6,19.855,55.744,36.8,74.1278,0.4687576752260949
Mexico,MEX,2013,16.9059906005859,,10710.0,,19.557,56.35,36.8,74.289,0.4687576752260949
Mexico,MEX,2013,16.9059906005859,,10710.0,,19.557,55.995,36.8,74.289,0.4687576752260949
Mexico,MEX,2014,18.8059406280518,,10950.0,48.9,18.959,55.269,37.4,74.4044,0.4488076420882187
Mexico,MEX,2014,18.8059406280518,,10950.0,48.9,18.959,55.102,37.4,74.4044,0.4488076420882187
Mexico,MEX,2015,19.0187492370606,,10580.0,,18.227,55.911,42.369,74.4315,0.48274762909739183
Mexico,MEX,2015,19.0187492370606,,10580.0,,18.227,55.68,42.369,74.4315,0.48274762909739183
Mexico,MEX,2016,17.9393291473389,,9740.0,46.9,17.69,56.198,42.4,74.3763,0.46251194677685775
Mexico,MEX,2016,17.9393291473389,,9740.0,46.9,17.69,55.938,42.4,74.3763,0.46251194677685775
Mexico,MEX,2017,17.577299118042,,9270.0,,17.214,55.763,42.6,74.2609,0.45697123727561506
Mexico,MEX,2017,17.577299118042,,9270.0,,17.214,55.471,42.6,74.2609,0.45697123727561506
Mexico,MEX,2018,16.5778503417969,,9560.0,46.0,17.037,56.463,48.2,74.3009,0.45697123727561506
Mexico,MEX,2018,16.5778503417969,,9560.0,46.0,17.037,56.24,48.2,74.3009,0.45697123727561506
Mexico,MEX,2019,,,9860.0,,16.877,58.384,48.2,74.5302,0.45372758622841153
Mexico,MEX,2019,,,9860.0,,16.877,57.96,48.2,74.5302,0.45372758622841153
Mexico,MEX,2020,16.1958599090576,,8920.0,44.6,16.565,57.529,48.2,70.4492,0.44113031997683955
Mexico,MEX,2020,16.1958599090576,,8920.0,44.6,16.565,57.11,48.2,70.4492,0.44113031997683955
Mexico,MEX,2021,15.8831300735474,,9880.0,,16.353,58.189,50.0,69.7499,0.4281253330696027
Mexico,MEX,2021,15.8831300735474,,9880.0,,16.353,57.555,50.0,69.7499,0.4281253330696027
Mexico,MEX,2022,14.2361097335815,,10730.0,43.5,16.041,59.503,50.0,73.9731,0.42293661165192037
Mexico,MEX,2022,14.2361097335815,,10730.0,43.5,16.041,59.033,50.0,73.9731,0.42293661165192037
Mexico,MEX,2023,,,12020.0,,15.706,61.014,50.0,75.069,0.4173909464424667
Mexico,MEX,2023,,,12020.0,,15.706,60.639,50.0,75.069,0.4173909464424667
Mexico,MEX,2024,,,12850.0,42.6,15.464,61.405,50.2,,0.41475340149343054
Mexico,MEX,2024,,,12850.0,42.6,15.464,60.989,50.2,,0.41475340149343054
Marshall Islands,MHL,2000,,,2940.0,,38.152,,3.03,63.3233,
Marshall Islands,MHL,2001,,,3100.0,,37.834,,3.03,63.7347,
Marshall Islands,MHL,2002,14.8142004013062,,3100.0,,37.611,,3.03,63.8483,
Marshall Islands,MHL,2003,22.5087509155273,,3200.0,,37.593,,3.03,63.9562,
Marshall Islands,MHL,2004,,,3400.0,,37.417,,3.03,64.0442,
Marshall Islands,MHL,2005,,,3610.0,,37.188,,3.03,64.1124,
Marshall Islands,MHL,2006,,,3540.0,,36.551,,3.03,64.2072,
Marshall Islands,MHL,2007,,,3730.0,,35.59,,3.03,64.2594,
Marshall Islands,MHL,2008,,,3630.0,,34.331,,3.03,64.3003,
Marshall Islands,MHL,2009,,,3730.0,,32.793,,3.03,64.3946,
Marshall Islands,MHL,2010,,,3820.0,,30.935,,3.03,64.4977,
Marshall Islands,MHL,2011,,,3860.0,,29.216,54.474,3.03,64.6407,
Marshall Islands,MHL,2012,,,3860.0,,27.707,,3.03,64.7761,
Marshall Islands,MHL,2013,26.1019751424221,,4350.0,,26.395,,3.03,64.9545,
Marshall Islands,MHL,2014,27.3933300173029,,4560.0,,25.695,,3.03,65.11,
Marshall Islands,MHL,2015,26.749512072209,,4980.0,,25.164,,9.091,65.2922,
Marshall Islands,MHL,2016,24.6583991444939,,5060.0,,24.72,,9.091,65.4768,
Marshall Islands,MHL,2017,22.3880031277016,,5310.0,,24.391,,9.091,65.6731,
Marshall Islands,MHL,2018,21.6980954076271,,6040.0,,24.066,,9.091,65.8703,
Marshall Islands,MHL,2019,15.0427398681641,,6770.0,,23.736,44.953,6.061,66.0473,
Marshall Islands,MHL,2020,19.3691905422672,,6610.0,,23.439,,6.061,65.3873,
Marshall Islands,MHL,2021,22.8696172819017,,6720.0,,23.176,60.975,6.061,65.4209,
Marshall Islands,MHL,2022,11.3453598022461,,7580.0,,21.989,,6.061,66.7245,
Marshall Islands,MHL,2023,,,7980.0,,21.137,,12.121,66.9454,
Marshall Islands,MHL,2024,,,8500.0,,20.087,,12.121,,
Middle income,MIC,2000,14.890230178833,,1201.6472500073814,,23.12004254198727,65.366,12.091,,
Middle income,MIC,2000,14.890230178833,,1201.6472500073814,,23.12004254198727,64.494,12.091,,
Middle income,MIC,2001,,,1207.9706113559148,,22.74582722045517,65.305,12.35,,
Middle income,MIC,2002,15.1464700698853,,1216.9384287944406,,22.307766013852326,65.261,13.668,,
Middle income,MIC,2003,,,1314.4229144558883,,21.908816445579326,65.28,13.588,,
Middle income,MIC,2004,15.20657539367675,,1513.947129602827,,21.64336212013954,65.19,14.296,,
Middle income,MIC,2005,15.1821098327637,,1746.102759464152,,21.426295142871897,65.254,14.524,,
Middle income,MIC,2006,16.745569229126,,1999.708255901361,,21.15799151703598,64.978,15.071,,
Middle income,MIC,2007,15.63028526306155,,2342.0219213201262,,20.9939323782121,64.937,16.168,,
Middle income,MIC,2008,17.3801593780518,,2731.8237049562604,,20.898393181181465,64.621,17.116,,
Middle income,MIC,2009,16.0206699371338,,2973.0670396759356,,20.72675942730316,64.472,18.084,,
Middle income,MIC,2010,15.9192847916518,,3337.93827325342,,20.51879677438971,64.16,18.023,,
Middle income,MIC,2010,15.9192847916518,,3337.93827325342,,20.51879677438971,62.845,18.023,,
Middle income,MIC,2011,15.1585597991943,,3732.679630281965,,20.71576720011073,63.98,18.526,,
Middle income,MIC,2012,16.2496795654297,,4222.601203142388,,20.863216368426446,63.857,19.852,,
Middle income,MIC,2013,16.519653190418,,4567.195558622353,,20.204268181444917,63.759,20.789,,
Middle income,MIC,2014,16.2275104522705,,4748.501604239889,,20.067120076047505,63.766,21.569,,
Middle income,MIC,2015,15.6922197341919,,4698.522639225498,,19.387442259728637,63.91,21.886,,
Middle income,MIC,2016,15.69256019592285,,4661.366215861184,,19.472718759957118,64.011,22.309,,
Middle income,MIC,2017,15.68577003479,,4777.2711276695745,,18.83051652668005,64.165,22.38,,
Middle income,MIC,2018,15.5829000473022,,5124.167953625605,,18.12053469594504,64.285,22.952,,
Middle income,MIC,2019,14.2023209151412,,5385.2202459953,,17.653551553011734,64.468,23.336,,
Middle income,MIC,2020,15.431959375,,5213.562010467386,,16.84147960377646,63.888,24.333,,
Middle income,MIC,2021,14.73325508744025,,5766.225416109735,,16.414030327396947,64.746,24.593,,
Middle income,MIC,2022,14.195792103202649,,6199.060909179552,,16.096603120158935,65.103,25.143,,
Middle income,MIC,2023,13.63503050518755,,6493.45956516633,,15.863568580142696,65.76,25.419,,
Middle income,MIC,2024,14.78520503838035,,6524.063501221829,,15.811603850341365,65.968,25.636,,
North Macedonia,MKD,2000,,,1920.0,34.3,14.5,62.34,6.667,72.569,
North Macedonia,MKD,2000,,,1920.0,34.3,14.5,64.752,6.667,72.569,
North Macedonia,MKD,2001,,,1820.0,,13.3,62.829,6.667,73.0061,
North Macedonia,MKD,2001,,,1820.0,,13.3,69.36,6.667,73.0061,
North Macedonia,MKD,2002,,12.2306098937988,1850.0,38.5,13.7,63.328,17.5,72.709,
North Macedonia,MKD,2002,,12.2306098937988,1850.0,38.5,13.7,65.107,17.5,72.709,
North Macedonia,MKD,2003,,,2120.0,38.7,13.3,64.991,18.333,73.0466,
North Macedonia,MKD,2003,,,2120.0,38.7,13.3,66.174,18.333,73.0466,
North Macedonia,MKD,2004,,,2610.0,38.4,11.5,65.371,19.167,73.4475,
North Macedonia,MKD,2005,,12.3505556452546,3070.0,39.3,11.0,65.773,19.167,73.6075,
North Macedonia,MKD,2005,,12.3505556452546,3070.0,39.3,11.0,66.41,19.167,73.6075,
North Macedonia,MKD,2006,,12.2300721171741,3430.0,42.6,11.1,63.207,28.333,73.7907,
North Macedonia,MKD,2006,,12.2300721171741,3430.0,42.6,11.1,63.803,28.333,73.7907,
North Macedonia,MKD,2007,,13.3647231584725,3730.0,,11.1,64.142,29.167,73.7418,
North Macedonia,MKD,2007,,13.3647231584725,3730.0,,11.1,64.787,29.167,73.7418,
North Macedonia,MKD,2008,,12.651935407037,4540.0,46.1,11.2,62.312,31.667,74.4363,
North Macedonia,MKD,2008,,12.651935407037,4540.0,46.1,11.2,62.977,31.667,74.4363,
North Macedonia,MKD,2009,,13.9645014166783,4860.0,42.8,11.5,62.047,32.5,74.4689,
North Macedonia,MKD,2009,,13.9645014166783,4860.0,42.8,11.5,62.722,32.5,74.4689,
North Macedonia,MKD,2010,,14.9238567935242,5010.0,40.1,11.8,61.251,32.5,75.0374,
North Macedonia,MKD,2010,,14.9238567935242,5010.0,40.1,11.8,61.882,32.5,75.0374,
North Macedonia,MKD,2011,,16.5935136462695,5140.0,39.4,11.1,63.925,30.894,75.1424,
North Macedonia,MKD,2011,,16.5935136462695,5140.0,39.4,11.1,64.582,30.894,75.1424,
North Macedonia,MKD,2012,,17.0633745331865,5090.0,38.1,11.4,63.42,32.52,75.043,0.5880977093523932
North Macedonia,MKD,2012,,17.0633745331865,5090.0,38.1,11.4,63.92,32.52,75.043,0.5880977093523932
North Macedonia,MKD,2013,,16.3385838753695,5400.0,36.2,11.2,65.534,34.146,75.5832,0.5880977093523932
North Macedonia,MKD,2013,,16.3385838753695,5400.0,36.2,11.2,66.142,34.146,75.5832,0.5880977093523932
North Macedonia,MKD,2014,,16.9953996335135,5630.0,35.2,11.4,64.232,33.333,75.6327,0.5760837180582487
North Macedonia,MKD,2014,,16.9953996335135,5630.0,35.2,11.4,64.852,33.333,75.6327,0.5760837180582487
North Macedonia,MKD,2015,,18.1475349191632,5550.0,35.6,11.1,63.698,33.333,75.6289,0.5494947051999608
North Macedonia,MKD,2015,,18.1475349191632,5550.0,35.6,11.1,64.339,33.333,75.6289,0.5494947051999608
North Macedonia,MKD,2016,,19.550650840998,5440.0,34.5,11.0987266524808,61.79,33.333,75.571,0.5475755689811894
North Macedonia,MKD,2016,,19.550650840998,5440.0,34.5,11.0987266524808,62.562,33.333,75.571,0.5475755689811894
North Macedonia,MKD,2017,,19.6309808509552,5390.0,34.2,10.5,62.637,37.5,76.1524,0.5310551997783273
North Macedonia,MKD,2017,,19.6309808509552,5390.0,34.2,10.5,63.659,37.5,76.1524,0.5310551997783273
North Macedonia,MKD,2018,,19.2690376635508,6050.0,33.0,10.3,63.422,38.333,76.8835,0.5310551997783273
North Macedonia,MKD,2018,,19.2690376635508,6050.0,33.0,10.3,64.403,38.333,76.8835,0.5310551997783273
North Macedonia,MKD,2019,,19.9681690611266,6520.0,33.5,9.6,67.07,39.167,76.8346,0.5379078276410567
North Macedonia,MKD,2019,,19.9681690611266,6520.0,33.5,9.6,68.107,39.167,76.8346,0.5379078276410567
North Macedonia,MKD,2020,,21.9574394226074,6460.0,,9.2,66.333,39.167,74.4687,0.5327988317292529
North Macedonia,MKD,2020,,21.9574394226074,6460.0,,9.2,67.552,39.167,74.4687,0.5327988317292529
North Macedonia,MKD,2021,,22.2009538815017,7050.0,,10.2,64.846,41.667,73.2918,0.5311261194444793
North Macedonia,MKD,2021,,22.2009538815017,7050.0,,10.2,66.114,41.667,73.2918,0.5311261194444793
North Macedonia,MKD,2022,,22.5398223487521,7570.0,,9.9,65.456,41.667,76.6455,0.533452301246017
North Macedonia,MKD,2022,,22.5398223487521,7570.0,,9.9,66.456,41.667,76.6455,0.533452301246017
North Macedonia,MKD,2023,,,7940.0,,9.2,67.892,42.5,77.3947,0.5288966230571484
North Macedonia,MKD,2023,,,7940.0,,9.2,69.009,42.5,77.3947,0.5288966230571484
North Macedonia,MKD,2024,,,8300.0,,8.8,68.897,39.167,,0.534286818815342
North Macedonia,MKD,2024,,,8300.0,,8.8,69.876,39.167,,0.534286818815342
Mali,MLI,2000,15.3238096237183,,280.0,,47.091,75.672,12.245,50.6046,
Mali,MLI,2001,14.4934997558594,,290.0,,47.14,75.783,12.245,51.3004,
Mali,MLI,2002,14.5252103805542,,280.0,,47.348,75.872,10.204,51.9954,
Mali,MLI,2003,18.2837600708008,,330.0,,47.566,75.917,10.204,52.632,
Mali,MLI,2004,17.736349105835,,500.0,,47.774,75.91,10.204,53.2527,
Mali,MLI,2004,17.736349105835,,500.0,,47.774,55.606,10.204,53.2527,
Mali,MLI,2005,16.2803001403809,,550.0,,47.891,75.84,10.204,53.7925,
Mali,MLI,2006,,,590.0,,47.602,75.733,10.204,54.3046,
Mali,MLI,2006,,,590.0,,47.602,78.092,10.204,54.3046,
Mali,MLI,2007,,,630.0,,47.394,75.619,10.204,54.7561,
Mali,MLI,2007,,,630.0,,47.394,87.731,10.204,54.7561,
Mali,MLI,2008,18.0316905975342,,720.0,,47.203,75.48,10.204,55.1868,
Mali,MLI,2009,16.9594097137451,,770.0,,47.015,75.317,10.204,55.5883,
Mali,MLI,2009,16.9594097137451,,770.0,,47.015,49.71,10.204,55.5883,
Mali,MLI,2010,16.5039100646973,,810.0,,46.892,75.125,10.204,55.9931,
Mali,MLI,2010,16.5039100646973,,810.0,,46.892,61.864,10.204,55.9931,
Mali,MLI,2011,18.2583408355713,,830.0,,46.477,74.917,10.204,56.3673,
Mali,MLI,2012,22.4033794403076,,830.0,,46.279,74.621,10.204,56.6959,
Mali,MLI,2013,16.6234493255615,,880.0,,45.461,74.382,,57.0523,
Mali,MLI,2013,16.6234493255615,,880.0,,45.461,84.775,,57.0523,
Mali,MLI,2014,18.2242603302002,,900.0,,44.983,74.304,9.524,57.4818,
Mali,MLI,2014,18.2242603302002,,900.0,,44.983,74.304,9.524,57.4818,
Mali,MLI,2015,18.1554908752441,,890.0,,44.474,76.752,8.844,57.8519,
Mali,MLI,2015,18.1554908752441,,890.0,,44.474,76.752,8.844,57.8519,
Mali,MLI,2016,13.9038801193237,,870.0,,43.911,74.433,8.844,58.2857,
Mali,MLI,2016,13.9038801193237,,870.0,,43.911,65.849,8.844,58.2857,
Mali,MLI,2017,16.534330368042,,860.0,,43.444,72.113,8.844,58.562,
Mali,MLI,2017,16.534330368042,,860.0,,43.444,72.114,8.844,58.562,
Mali,MLI,2018,17.5215301513672,,930.0,,42.585,68.886,8.844,58.8728,
Mali,MLI,2018,17.5215301513672,,930.0,,42.585,66.662,8.844,58.8728,
Mali,MLI,2019,15.357029914856,,960.0,,41.139,65.769,9.524,59.2173,0.4514829973040676
Mali,MLI,2019,15.357029914856,,960.0,,41.139,49.831,9.524,59.2173,0.4514829973040676
Mali,MLI,2020,15.1426095962524,,930.0,,40.959,62.539,27.891,58.8577,0.43903495028193235
Mali,MLI,2020,15.1426095962524,,930.0,,40.959,62.539,27.891,58.8577,0.43903495028193235
Mali,MLI,2021,16.2182102203369,,960.0,,40.707,65.951,27.273,59.116,0.42617308498725814
Mali,MLI,2022,18.1899960391199,,1000.0,,40.345,65.248,28.571,60.0347,0.4240032141827859
Mali,MLI,2022,18.1899960391199,,1000.0,,40.345,62.786,28.571,60.0347,0.4240032141827859
Mali,MLI,2023,19.1217691769919,,1010.0,,40.029,65.392,28.571,60.4394,0.4017023663951748
Mali,MLI,2023,19.1217691769919,,1010.0,,40.029,60.379,28.571,60.4394,0.4017023663951748
Mali,MLI,2024,17.8239031087543,,1030.0,,39.532,65.511,30.657,,0.39381025030132044
Malta,MLT,2000,,7.91396999359131,11480.0,,11.3,42.271,9.231,77.9031,
Malta,MLT,2000,,7.91396999359131,11480.0,,11.3,42.201,9.231,77.9031,
Malta,MLT,2001,,,11030.0,,10.1,40.884,9.231,78.9023,
Malta,MLT,2001,,,11030.0,,10.1,41.058,9.231,78.9023,
Malta,MLT,2002,9.53534030914307,,10770.0,,9.9,43.575,9.231,78.4668,
Malta,MLT,2002,9.53534030914307,,10770.0,,9.9,43.792,9.231,78.4668,
Malta,MLT,2003,,,12210.0,,10.2,43.007,7.692,78.6961,
Malta,MLT,2003,,,12210.0,,10.2,43.58,7.692,78.6961,
Malta,MLT,2004,10.5600204467773,,14200.0,,9.7,39.973,9.231,79.1661,
Malta,MLT,2004,10.5600204467773,,14200.0,,9.7,40.573,9.231,79.1661,
Malta,MLT,2005,,11.1428804397583,15380.0,,9.6,43.896,9.231,79.4894,
Malta,MLT,2005,,11.1428804397583,15380.0,,9.6,44.347,9.231,79.4894,
Malta,MLT,2006,,,16330.0,28.0,9.3,44.368,9.231,79.5611,
Malta,MLT,2006,,,16330.0,28.0,9.3,44.675,9.231,79.5611,
Malta,MLT,2007,14.4756803512573,17.4835090637207,17990.0,29.2,9.3,47.493,9.231,79.7375,
Malta,MLT,2007,14.4756803512573,17.4835090637207,17990.0,29.2,9.3,47.792,9.231,79.7375,
Malta,MLT,2008,12.9960498809815,,20290.0,29.0,9.8,49.652,8.696,79.6904,
Malta,MLT,2008,12.9960498809815,,20290.0,29.0,9.8,50.036,8.696,79.6904,
Malta,MLT,2009,12.2685899734497,21.3625185067656,20050.0,30.2,9.8,50.243,8.696,80.4155,
Malta,MLT,2009,12.2685899734497,21.3625185067656,20050.0,30.2,9.8,52.292,8.696,80.4155,
Malta,MLT,2010,15.4961996078491,19.3423500061035,21390.0,29.0,9.4,51.053,8.696,81.3977,
Malta,MLT,2010,15.4961996078491,19.3423500061035,21390.0,29.0,9.4,53.328,8.696,81.3977,
Malta,MLT,2011,18.2634105682373,19.9210700988769,22030.0,29.1,10.0,52.649,8.696,80.8038,
Malta,MLT,2011,18.2634105682373,19.9210700988769,22030.0,29.1,10.0,55.237,8.696,80.8038,
Malta,MLT,2012,14.9874601364136,22.4357604980469,22450.0,29.4,9.8,57.836,8.696,81.0638,
Malta,MLT,2012,14.9874601364136,22.4357604980469,22450.0,29.4,9.8,60.585,8.696,81.0638,
Malta,MLT,2013,18.4813003540039,23.4369106292725,23330.0,28.8,9.5,60.235,14.286,81.8181,
Malta,MLT,2013,18.4813003540039,23.4369106292725,23330.0,28.8,9.5,63.088,14.286,81.8181,
Malta,MLT,2014,17.3099403381348,23.7131195068359,24590.0,29.0,9.6,61.989,14.286,82.3176,
Malta,MLT,2014,17.3099403381348,23.7131195068359,24590.0,29.0,9.6,65.024,14.286,82.3176,
Malta,MLT,2015,12.9842901229858,24.0651206970215,25470.0,29.4,9.7,63.028,12.857,82.5914,
Malta,MLT,2015,12.9842901229858,24.0651206970215,25470.0,29.4,9.7,66.02,12.857,82.5914,
Malta,MLT,2016,13.9772901535034,24.6765995025635,23820.0,29.1,9.8,65.222,12.857,82.6567,
Malta,MLT,2016,13.9772901535034,24.6765995025635,23820.0,29.1,9.8,68.219,12.857,82.6567,
Malta,MLT,2017,13.2781200408935,29.4956181442555,26690.0,29.2,9.2,66.865,11.94,83.0891,
Malta,MLT,2017,13.2781200408935,29.4956181442555,26690.0,29.2,9.2,69.942,11.94,83.0891,
Malta,MLT,2018,,30.1369705200195,29030.0,28.7,9.2,68.877,11.94,82.9083,
Malta,MLT,2018,,30.1369705200195,29030.0,28.7,9.2,72.412,11.94,82.9083,
Malta,MLT,2019,13.7582998275757,34.7813133377986,29830.0,31.0,8.6,69.775,14.925,82.8387,
Malta,MLT,2019,13.7582998275757,34.7813133377986,29830.0,31.0,8.6,73.186,14.925,82.8387,
Malta,MLT,2020,,32.7306289672852,26910.0,31.4,8.6,72.177,13.433,82.3358,
Malta,MLT,2020,,32.7306289672852,26910.0,31.4,8.6,75.673,13.433,82.3358,
Malta,MLT,2021,12.4916296005249,36.6207393822784,32440.0,31.6,8.5,72.672,13.433,82.3161,0.6811253286678592
Malta,MLT,2021,12.4916296005249,36.6207393822784,32440.0,31.6,8.5,76.66,13.433,82.3161,0.6811253286678592
Malta,MLT,2022,12.4980001449585,37.8343041878773,34840.0,34.6,8.1,76.763,27.848,82.2496,0.6789233776106042
Malta,MLT,2022,12.4980001449585,37.8343041878773,34840.0,34.6,8.1,81.033,27.848,82.2496,0.6789233776106042
Malta,MLT,2023,,39.359373410109,35720.0,31.8,8.1,76.695,27.848,83.2989,0.6797984035665496
Malta,MLT,2023,,39.359373410109,35720.0,31.8,8.1,80.452,27.848,83.2989,0.6797984035665496
Malta,MLT,2024,,,36730.0,,7.7,77.821,27.848,,0.671409541394388
Malta,MLT,2024,,,36730.0,,7.7,78.519,27.848,,0.671409541394388
Myanmar,MMR,2000,,,190.0,,23.164,71.42,,60.3567,
Myanmar,MMR,2001,,,190.0,,23.06,70.583,,60.6398,
Myanmar,MMR,2002,,,170.0,,22.892,69.751,,60.9245,
Myanmar,MMR,2003,,,190.0,,22.252,68.859,,61.196,
Myanmar,MMR,2004,,,230.0,,21.531,68.059,,61.4425,
Myanmar,MMR,2005,,,280.0,,20.966,67.333,,61.7204,
Myanmar,MMR,2006,,,300.0,,20.599,66.7,,62.0263,
Myanmar,MMR,2007,,,360.0,,20.373,66.18,,62.3667,
Myanmar,MMR,2008,,,490.0,,19.993,65.776,,56.3637,
Myanmar,MMR,2009,,,660.0,,19.681,65.406,,63.0952,
Myanmar,MMR,2010,,,880.0,,19.365,65.113,4.294,63.4791,
Myanmar,MMR,2011,,,1040.0,,19.086,64.967,3.544,63.8589,
Myanmar,MMR,2012,,,1170.0,,18.819,64.789,6.032,64.2511,
Myanmar,MMR,2013,,,1260.0,,18.684,64.606,6.032,64.617,
Myanmar,MMR,2014,,,1260.0,,18.551,64.453,5.594,64.9941,0.4055905499341826
Myanmar,MMR,2014,,,1260.0,,18.551,57.666,5.594,64.9941,0.4055905499341826
Myanmar,MMR,2015,,,1230.0,,18.608,64.342,12.693,65.2877,0.413828140387782
Myanmar,MMR,2015,,,1230.0,,18.608,64.343,12.693,65.2877,0.413828140387782
Myanmar,MMR,2016,,,1230.0,,18.561,63.224,9.931,65.6399,0.43673254212052565
Myanmar,MMR,2017,,,1230.0,,18.341,62.108,10.162,65.9086,0.421221550624369
Myanmar,MMR,2017,,,1230.0,,18.341,62.108,10.162,65.9086,0.421221550624369
Myanmar,MMR,2018,,,1310.0,,18.054,63.211,10.162,66.2322,0.421221550624369
Myanmar,MMR,2018,,,1310.0,,18.054,63.211,10.162,66.2322,0.421221550624369
Myanmar,MMR,2019,,,1380.0,,17.774,61.66,11.316,66.4567,0.41869940002659695
Myanmar,MMR,2019,,,1380.0,,17.774,61.661,11.316,66.4567,0.41869940002659695
Myanmar,MMR,2020,,,1320.0,,17.456,58.871,16.825,66.6121,0.41851296082757444
Myanmar,MMR,2020,,,1320.0,,17.456,58.871,16.825,66.6121,0.41851296082757444
Myanmar,MMR,2021,,,1240.0,,17.201,58.87,15.294,65.5535,0.3923152936377489
Myanmar,MMR,2022,,,1280.0,,16.912,58.879,,66.5058,0.36216918097650935
Myanmar,MMR,2023,,,1220.0,,16.696,58.866,,66.889,0.34889504196537763
Myanmar,MMR,2024,,,1210.0,,16.464,58.753,,,0.3355015899590228
"Middle East, North Africa, Afghanistan & Pakistan (excluding high income)",MNA,2000,,,1143.4005108795677,,29.981681007530586,22.508,,,
"Middle East, North Africa, Afghanistan & Pakistan (excluding high income)",MNA,2000,,,1143.4005108795677,,29.981681007530586,23.577,,,
"Middle East, North Africa, Afghanistan & Pakistan (excluding high income)",MNA,2001,,,1189.232487451522,,29.489463867732386,22.836,,,
"Middle East, North Africa, Afghanistan & Pakistan (excluding high income)",MNA,2002,,,1183.1719005782438,,29.024209662333657,22.565,7.4,,
"Middle East, North Africa, Afghanistan & Pakistan (excluding high income)",MNA,2003,,,1231.0493363164314,,28.826213153582177,23.25,7.898,,
"Middle East, North Africa, Afghanistan & Pakistan (excluding high income)",MNA,2004,,,1393.4030462081655,,28.455331420902304,23.947,8.688,,
"Middle East, North Africa, Afghanistan & Pakistan (excluding high income)",MNA,2005,,,1572.4314404408767,,28.327153702738716,24.664,9.086,,
"Middle East, North Africa, Afghanistan & Pakistan (excluding high income)",MNA,2005,,,1572.4314404408767,,28.327153702738716,25.149,9.086,,
"Middle East, North Africa, Afghanistan & Pakistan (excluding high income)",MNA,2006,,,1761.1231232284538,,28.52057179787452,25.125,10.986,,
"Middle East, North Africa, Afghanistan & Pakistan (excluding high income)",MNA,2006,,,1761.1231232284538,,28.52057179787452,26.046,10.986,,
"Middle East, North Africa, Afghanistan & Pakistan (excluding high income)",MNA,2007,,,2021.76521614283,,28.68808799881251,25.688,11.137,,
"Middle East, North Africa, Afghanistan & Pakistan (excluding high income)",MNA,2007,,,2021.76521614283,,28.68808799881251,26.158,11.137,,
"Middle East, North Africa, Afghanistan & Pakistan (excluding high income)",MNA,2008,,,2335.50898151247,,28.834071473455804,25.245,11.187,,
"Middle East, North Africa, Afghanistan & Pakistan (excluding high income)",MNA,2008,,,2335.50898151247,,28.834071473455804,27.111,11.187,,
"Middle East, North Africa, Afghanistan & Pakistan (excluding high income)",MNA,2009,,,2520.3539836023165,,28.900605158095747,26.147,11.425,,
"Middle East, North Africa, Afghanistan & Pakistan (excluding high income)",MNA,2009,,,2520.3539836023165,,28.900605158095747,26.515,11.425,,
"Middle East, North Africa, Afghanistan & Pakistan (excluding high income)",MNA,2010,,,2704.3612225001034,,28.958575488824188,26.408,12.996,,
"Middle East, North Africa, Afghanistan & Pakistan (excluding high income)",MNA,2010,,,2704.3612225001034,,28.958575488824188,26.785,12.996,,
"Middle East, North Africa, Afghanistan & Pakistan (excluding high income)",MNA,2011,,,2816.2020073454896,,28.846388708317942,26.28,12.853,,
"Middle East, North Africa, Afghanistan & Pakistan (excluding high income)",MNA,2011,,,2816.2020073454896,,28.846388708317942,27.709,12.853,,
"Middle East, North Africa, Afghanistan & Pakistan (excluding high income)",MNA,2012,,,3141.634997605554,,28.811678727595012,26.557,15.784,,
"Middle East, North Africa, Afghanistan & Pakistan (excluding high income)",MNA,2012,,,3141.634997605554,,28.811678727595012,26.863,15.784,,
"Middle East, North Africa, Afghanistan & Pakistan (excluding high income)",MNA,2013,,,3234.8949041020137,,28.608452149162662,26.622,17.679,,
"Middle East, North Africa, Afghanistan & Pakistan (excluding high income)",MNA,2013,,,3234.8949041020137,,28.608452149162662,27.942,17.679,,
"Middle East, North Africa, Afghanistan & Pakistan (excluding high income)",MNA,2014,,,3165.034948547914,,28.261838972343885,27.03,17.956,,
"Middle East, North Africa, Afghanistan & Pakistan (excluding high income)",MNA,2014,,,3165.034948547914,,28.261838972343885,27.231,17.956,,
"Middle East, North Africa, Afghanistan & Pakistan (excluding high income)",MNA,2015,,,2910.4051852027337,,27.82143120218744,27.838,18.079,,
"Middle East, North Africa, Afghanistan & Pakistan (excluding high income)",MNA,2015,,,2910.4051852027337,,27.82143120218744,29.15,18.079,,
"Middle East, North Africa, Afghanistan & Pakistan (excluding high income)",MNA,2016,,,2885.221194880008,,27.098581279869574,27.918,18.478,,
"Middle East, North Africa, Afghanistan & Pakistan (excluding high income)",MNA,2016,,,2885.221194880008,,27.098581279869574,28.682,18.478,,
"Middle East, North Africa, Afghanistan & Pakistan (excluding high income)",MNA,2017,,,2826.860414364643,,26.654724234627075,27.488,17.638,,
"Middle East, North Africa, Afghanistan & Pakistan (excluding high income)",MNA,2018,,,2851.438926420098,,25.761254685681852,26.077,17.244,,
"Middle East, North Africa, Afghanistan & Pakistan (excluding high income)",MNA,2019,,,2774.5094047982034,,25.10645045493232,26.13,17.332,,
"Middle East, North Africa, Afghanistan & Pakistan (excluding high income)",MNA,2019,,,2774.5094047982034,,25.10645045493232,27.371,17.332,,
"Middle East, North Africa, Afghanistan & Pakistan (excluding high income)",MNA,2020,,,2507.9115161003683,,24.70644494070019,25.202,19.125,,
"Middle East, North Africa, Afghanistan & Pakistan (excluding high income)",MNA,2020,,,2507.9115161003683,,24.70644494070019,19.968,19.125,,
"Middle East, North Africa, Afghanistan & Pakistan (excluding high income)",MNA,2021,,,2636.045523404985,,24.309656956622142,25.357,17.951,,
"Middle East, North Africa, Afghanistan & Pakistan (excluding high income)",MNA,2021,,,2636.045523404985,,24.309656956622142,26.066,17.951,,
"Middle East, North Africa, Afghanistan & Pakistan (excluding high income)",MNA,2022,,,2855.3218863702023,,24.032691683330214,24.505,17.584,,
"Middle East, North Africa, Afghanistan & Pakistan (excluding high income)",MNA,2023,,,2940.2988512142347,,23.75487308279164,25.194,16.987,,
"Middle East, North Africa, Afghanistan & Pakistan (excluding high income)",MNA,2024,,,2914.383903220344,,23.457996955760205,25.159,16.758,,
Montenegro,MNE,2000,,,1510.0,,15.2,74.449,,73.5522,
Montenegro,MNE,2001,,,1710.0,,14.6,74.683,,73.739,
Montenegro,MNE,2002,,,1970.0,,13.9,74.808,,74.1306,
Montenegro,MNE,2003,,,2440.0,,13.6,74.851,,74.226,
Montenegro,MNE,2004,,,3100.0,,12.8,74.852,,74.3789,
Montenegro,MNE,2005,,,3660.0,30.2,12.0,74.811,,74.4252,
Montenegro,MNE,2006,,,4320.0,30.0,12.3,74.987,8.642,74.6713,
Montenegro,MNE,2007,,,5120.0,31.4,12.7,75.182,11.111,74.6739,
Montenegro,MNE,2007,,,5120.0,31.4,12.7,73.167,11.111,74.6739,
Montenegro,MNE,2008,,,6450.0,30.5,13.4,75.423,11.111,75.0006,
Montenegro,MNE,2008,,,6450.0,30.5,13.4,72.682,11.111,75.0006,
Montenegro,MNE,2009,,,6710.0,31.0,14.0,74.847,11.111,75.3973,
Montenegro,MNE,2009,,,6710.0,31.0,14.0,73.019,11.111,75.3973,
Montenegro,MNE,2010,,,6910.0,28.9,12.0,74.732,11.111,75.7125,
Montenegro,MNE,2010,,,6910.0,28.9,12.0,72.889,11.111,75.7125,
Montenegro,MNE,2011,,,7230.0,30.8,11.6,74.725,12.346,75.9607,
Montenegro,MNE,2011,,,7230.0,30.8,11.6,75.597,12.346,75.9607,
Montenegro,MNE,2012,,,6980.0,41.2,12.0,75.388,17.284,76.2367,
Montenegro,MNE,2012,,,6980.0,41.2,12.0,76.4,17.284,76.2367,
Montenegro,MNE,2013,,,7260.0,39.0,12.0,75.645,16.049,76.3539,
Montenegro,MNE,2013,,,7260.0,39.0,12.0,76.835,16.049,76.3539,
Montenegro,MNE,2014,,,7280.0,38.8,12.1,76.324,17.284,76.4679,
Montenegro,MNE,2014,,,7280.0,38.8,12.1,77.661,17.284,76.4679,
Montenegro,MNE,2015,,,7150.0,39.0,11.8,77.79,17.284,76.5939,
Montenegro,MNE,2015,,,7150.0,39.0,11.8,79.257,17.284,76.5939,
Montenegro,MNE,2016,,,7020.0,38.5,12.1,75.467,23.457,76.5647,
Montenegro,MNE,2016,,,7020.0,38.5,12.1,77.003,23.457,76.5647,
Montenegro,MNE,2017,,,7240.0,36.9,11.9,74.523,23.457,76.5929,
Montenegro,MNE,2017,,,7240.0,36.9,11.9,76.28,23.457,76.5929,
Montenegro,MNE,2018,,,8250.0,36.8,11.6,72.841,23.457,76.9215,
Montenegro,MNE,2018,,,8250.0,36.8,11.6,74.821,23.457,76.9215,
Montenegro,MNE,2019,,,8970.0,35.7,11.5,74.337,28.395,76.6392,
Montenegro,MNE,2019,,,8970.0,35.7,11.5,76.501,28.395,76.6392,
Montenegro,MNE,2020,,,7770.0,35.4,11.3,74.48,22.222,75.8503,
Montenegro,MNE,2020,,,7770.0,35.4,11.3,76.584,22.222,75.8503,
Montenegro,MNE,2021,,,9210.0,34.3,11.3,74.607,24.691,73.7893,
Montenegro,MNE,2021,,,9210.0,34.3,11.3,76.808,24.691,73.7893,
Montenegro,MNE,2022,,,10410.0,,11.3,76.619,27.16,75.9214,
Montenegro,MNE,2022,,,10410.0,,11.3,78.996,27.16,75.9214,
Montenegro,MNE,2023,,,11550.0,,11.2,78.296,20.988,77.0869,0.5637880338128423
Montenegro,MNE,2023,,,11550.0,,11.2,82.026,20.988,77.0869,0.5637880338128423
Montenegro,MNE,2024,,,12210.0,,11.2,78.144,27.16,,0.5688305799274321
Mongolia,MNG,2000,16.0747699737549,,470.0,,20.794,82.206,10.526,63.4577,
Mongolia,MNG,2000,16.0747699737549,,470.0,,20.794,100.0,10.526,63.4577,
Mongolia,MNG,2001,,,480.0,,20.257,82.279,10.526,63.8055,
Mongolia,MNG,2002,20.3115100860596,,530.0,,19.424,82.382,10.526,63.9924,
Mongolia,MNG,2002,20.3115100860596,,530.0,,19.424,94.622,10.526,63.9924,
Mongolia,MNG,2003,,,610.0,,18.648,82.541,10.526,64.1349,
Mongolia,MNG,2003,,,610.0,,18.648,87.054,10.526,64.1349,
Mongolia,MNG,2004,13.5944499969482,,760.0,,18.398,82.841,6.757,64.3431,
Mongolia,MNG,2004,13.5944499969482,,760.0,,18.398,96.413,6.757,64.3431,
Mongolia,MNG,2005,,,890.0,,18.566,83.072,6.667,64.8105,
Mongolia,MNG,2005,,,890.0,,18.566,94.64,6.667,64.8105,
Mongolia,MNG,2006,,,1110.0,,19.96,83.392,6.579,65.5694,
Mongolia,MNG,2006,,,1110.0,,19.96,86.128,6.579,65.5694,
Mongolia,MNG,2007,13.2864503860474,,1400.0,,21.889,83.85,6.579,66.4713,
Mongolia,MNG,2007,13.2864503860474,,1400.0,,21.889,86.223,6.579,66.4713,
Mongolia,MNG,2008,,,1790.0,,23.899,83.738,4.167,67.0861,
Mongolia,MNG,2008,,,1790.0,,23.899,85.772,4.167,67.0861,
Mongolia,MNG,2009,14.511420249939,,1780.0,,24.816,83.658,3.947,67.1727,
Mongolia,MNG,2009,14.511420249939,,1780.0,,24.816,84.81,3.947,67.1727,
Mongolia,MNG,2010,14.7111396789551,,1990.0,,23.1,82.348,3.947,67.1004,
Mongolia,MNG,2010,14.7111396789551,,1990.0,,23.1,83.744,3.947,67.1004,
Mongolia,MNG,2011,12.1508502960205,,2570.0,,25.1,81.781,3.947,67.167,
Mongolia,MNG,2011,12.1508502960205,,2570.0,,25.1,82.669,3.947,67.167,
Mongolia,MNG,2012,14.4072303771973,,3630.0,,26.0,81.819,14.865,67.6113,0.5205804134842047
Mongolia,MNG,2012,14.4072303771973,,3630.0,,26.0,84.27,14.865,67.6113,0.5205804134842047
Mongolia,MNG,2013,15.367449760437,,4310.0,,27.5,81.808,14.865,68.2101,0.5205804134842047
Mongolia,MNG,2013,15.367449760437,,4310.0,,27.5,82.399,14.865,68.2101,0.5205804134842047
Mongolia,MNG,2014,14.6681003570557,,4180.0,,28.0,81.106,14.865,68.7366,0.5091646248860661
Mongolia,MNG,2014,14.6681003570557,,4180.0,,28.0,82.381,14.865,68.7366,0.5091646248860661
Mongolia,MNG,2015,13.5471096038818,,3770.0,,27.1,80.747,14.474,69.2386,0.5444731778387811
Mongolia,MNG,2015,13.5471096038818,,3770.0,,27.1,81.691,14.474,69.2386,0.5444731778387811
Mongolia,MNG,2016,13.0631103515625,,3460.0,,25.9,80.206,17.105,69.736,0.541633952759944
Mongolia,MNG,2016,13.0631103515625,,3460.0,,25.9,81.465,17.105,69.736,0.541633952759944
Mongolia,MNG,2017,12.6456203460693,,3200.0,,23.9,80.036,17.105,70.1709,0.5448856867219521
Mongolia,MNG,2017,12.6456203460693,,3200.0,,23.9,82.267,17.105,70.1709,0.5448856867219521
Mongolia,MNG,2018,13.1147419018324,,3650.0,,24.5,75.997,17.105,70.5743,0.5448856867219521
Mongolia,MNG,2018,13.1147419018324,,3650.0,,24.5,77.084,17.105,70.5743,0.5448856867219521
Mongolia,MNG,2019,10.3395645495832,,3800.0,,24.4,78.744,17.333,70.6631,0.5452342397600569
Mongolia,MNG,2019,10.3395645495832,,3800.0,,24.4,79.931,17.333,70.6631,0.5452342397600569
Mongolia,MNG,2020,8.63527875814548,,3690.0,,23.4,78.898,17.333,70.0291,0.5334824561469405
Mongolia,MNG,2020,8.63527875814548,,3690.0,,23.4,79.213,17.333,70.0291,0.5334824561469405
Mongolia,MNG,2021,8.3640945565652,,3690.0,,21.6,76.489,17.105,68.5654,0.5440803182431877
Mongolia,MNG,2021,8.3640945565652,,3690.0,,21.6,77.501,17.105,68.5654,0.5440803182431877
Mongolia,MNG,2022,7.45206641970586,,4340.0,,19.5,77.087,17.105,71.5049,0.5367571878764482
Mongolia,MNG,2022,7.45206641970586,,4340.0,,19.5,78.575,17.105,71.5049,0.5367571878764482
Mongolia,MNG,2023,11.4705495834351,,4870.0,,19.0,75.5,17.105,71.7341,0.5337386708415942
Mongolia,MNG,2023,11.4705495834351,,4870.0,,19.0,76.585,17.105,71.7341,0.5337386708415942
Mongolia,MNG,2024,13.7768898010254,,5380.0,,16.9,75.707,25.397,,0.5343593964528623
Mongolia,MNG,2024,13.7768898010254,,5380.0,,16.9,76.758,25.397,,0.5343593964528623
Northern Mariana Islands,MNP,2000,,,,,21.957,,,74.9002,
Northern Mariana Islands,MNP,2001,,,,,23.055,,,75.4188,
Northern Mariana Islands,MNP,2002,,,,,21.196,,,75.9336,
Northern Mariana Islands,MNP,2003,,,,,22.594,98.534,,76.5054,
Northern Mariana Islands,MNP,2004,,,,,22.887,,,76.7887,
Northern Mariana Islands,MNP,2005,,,,,22.96,,,77.3067,
Northern Mariana Islands,MNP,2006,,,,,24.494,,,77.6882,
Northern Mariana Islands,MNP,2007,,,,,24.231,,,77.8627,
Northern Mariana Islands,MNP,2008,,,,,22.747,,,77.938,
Northern Mariana Islands,MNP,2009,,,,,20.624,,,77.9033,
Northern Mariana Islands,MNP,2010,,,,,20.67,85.74,,77.7996,
Northern Mariana Islands,MNP,2011,,,,,21.409,,,77.6883,
Northern Mariana Islands,MNP,2012,,,,,21.778,,,77.5658,
Northern Mariana Islands,MNP,2013,,,,,22.776,,,77.4519,
Northern Mariana Islands,MNP,2014,,,,,21.455,,,77.3774,
Northern Mariana Islands,MNP,2015,,,,,19.791,,,77.3596,
Northern Mariana Islands,MNP,2016,,,,,18.374,,,77.3916,
Northern Mariana Islands,MNP,2017,,,,,17.324,,,77.4704,
Northern Mariana Islands,MNP,2018,,,,,16.559,,,77.51,
Northern Mariana Islands,MNP,2019,,,,,16.029,,,77.8437,
Northern Mariana Islands,MNP,2020,,,,,15.487,,,78.03,
Northern Mariana Islands,MNP,2021,,,,,14.824,,,78.1598,
Northern Mariana Islands,MNP,2022,,,,,13.807,,,78.5312,
Northern Mariana Islands,MNP,2023,,,,,12.918,,,78.8075,
Northern Mariana Islands,MNP,2024,,,,,12.107,,,,
Mozambique,MOZ,2000,,,330.0,,43.583,106.239,30.0,49.4762,
Mozambique,MOZ,2001,,,330.0,,43.073,105.658,30.0,50.2593,
Mozambique,MOZ,2002,,,300.0,,42.473,105.103,30.0,50.8793,
Mozambique,MOZ,2003,,,330.0,,41.971,104.573,30.0,51.3831,
Mozambique,MOZ,2003,,,330.0,,41.971,104.574,30.0,51.3831,
Mozambique,MOZ,2004,18.0015392303467,,380.0,,41.638,104.183,34.8,51.8551,
Mozambique,MOZ,2005,22.7181797027588,,420.0,,41.356,103.76,34.8,52.3225,
Mozambique,MOZ,2006,18.5500392913818,,450.0,,41.117,103.306,34.8,52.7476,
Mozambique,MOZ,2007,,,480.0,,41.268,102.817,34.8,53.2554,
Mozambique,MOZ,2008,,,530.0,,42.277,102.294,34.8,53.7989,
Mozambique,MOZ,2009,,,570.0,,42.908,101.734,39.2,54.3999,
Mozambique,MOZ,2010,20.1663437150228,,550.0,,42.806,101.139,39.2,55.0397,
Mozambique,MOZ,2011,19.0985737705136,,570.0,,42.454,100.504,39.2,55.7334,
Mozambique,MOZ,2012,19.767240524292,,630.0,,42.019,99.83,39.2,56.4604,
Mozambique,MOZ,2013,19.0328807830811,,690.0,,41.554,99.116,39.2,57.1889,
Mozambique,MOZ,2014,17.4073095441863,,710.0,,40.792,98.361,,57.965,
Mozambique,MOZ,2015,19.8523388681499,,670.0,,40.426,97.564,39.6,58.711,
Mozambique,MOZ,2015,19.8523388681499,,670.0,,40.426,97.565,39.6,58.711,
Mozambique,MOZ,2016,19.9363708496094,,550.0,,40.093,97.387,39.6,59.455,
Mozambique,MOZ,2017,18.5936508178711,,480.0,,39.755,97.223,39.6,60.1484,
Mozambique,MOZ,2018,16.4055500030518,,470.0,,39.448,97.048,39.6,60.7904,
Mozambique,MOZ,2019,19.033681769627,,500.0,,39.117,96.856,41.2,61.3059,0.42780082634010586
Mozambique,MOZ,2020,17.9349282180825,,480.0,,38.736,96.576,42.4,61.3904,0.41319706835713915
Mozambique,MOZ,2021,20.4497393344876,,490.0,,38.403,96.55,42.4,60.2683,0.401375376806585
Mozambique,MOZ,2022,,,500.0,,37.99,95.732,42.4,63.0115,0.39592811055441374
Mozambique,MOZ,2022,,,500.0,,37.99,95.731,42.4,63.0115,0.39592811055441374
Mozambique,MOZ,2023,,,540.0,,37.486,95.934,43.2,63.6111,0.38403012868705133
Mozambique,MOZ,2024,,,550.0,,37.028,95.849,39.2,,0.388892208249649
Mauritania,MRT,2000,,,730.0,,37.914,44.186,3.797,61.0435,
Mauritania,MRT,2000,,,730.0,,37.914,44.186,3.797,61.0435,
Mauritania,MRT,2001,0.0,,660.0,,37.983,44.222,,61.6617,
Mauritania,MRT,2002,0.0,,660.0,,37.855,44.258,,62.249,
Mauritania,MRT,2003,0.0,,730.0,,37.912,44.295,3.704,62.8047,
Mauritania,MRT,2004,8.17580986022949,,820.0,,38.273,44.331,3.704,63.3688,
Mauritania,MRT,2005,,,960.0,,38.436,44.369,,63.9197,
Mauritania,MRT,2006,10.310079574585,,1180.0,,38.762,44.407,17.895,64.4926,
Mauritania,MRT,2007,,,1260.0,,39.041,44.445,22.105,64.8845,
Mauritania,MRT,2008,,,1430.0,,39.074,44.483,22.105,65.2328,
Mauritania,MRT,2009,,,1500.0,,39.005,44.521,22.105,65.485,
Mauritania,MRT,2010,,,1550.0,,38.939,44.561,22.105,65.6606,
Mauritania,MRT,2011,13.68274974823,,1640.0,,38.941,44.602,22.105,65.7544,
Mauritania,MRT,2012,10.0176601409912,,1800.0,,38.74,44.64,22.105,65.808,
Mauritania,MRT,2012,10.0176601409912,,1800.0,,38.74,44.641,22.105,65.808,
Mauritania,MRT,2013,11.4054298400879,,1890.0,,38.509,44.816,,65.8899,
Mauritania,MRT,2014,11.9051281040546,,1780.0,,38.127,44.997,25.17,66.2069,
Mauritania,MRT,2015,12.8434937947395,,1680.0,,37.778,45.186,25.17,66.4982,
Mauritania,MRT,2016,9.33061027526855,,1540.0,,37.402,45.381,25.17,66.8235,
Mauritania,MRT,2017,,,1550.0,,37.046,45.585,25.17,67.0885,
Mauritania,MRT,2017,,,1550.0,,37.046,45.585,25.17,67.0885,
Mauritania,MRT,2018,,,1680.0,,36.621,45.682,20.261,67.4195,
Mauritania,MRT,2019,10.2280197143555,,1720.0,,36.211,45.831,20.261,67.6397,0.3477140689412323
Mauritania,MRT,2019,10.2280197143555,,1720.0,,36.211,46.492,20.261,67.6397,0.3477140689412323
Mauritania,MRT,2020,9.72708988189697,,1720.0,,35.735,45.656,20.261,66.7943,0.3616719583596643
Mauritania,MRT,2021,9.10482025146484,,1810.0,,35.342,45.934,20.261,66.7618,0.36491532609503363
Mauritania,MRT,2022,4.84178018569946,,2010.0,,34.844,45.517,20.261,68.2807,0.3665233884810726
Mauritania,MRT,2023,18.888879776001,,2140.0,,34.423,45.96,23.295,68.4836,0.36125293194785885
Mauritania,MRT,2024,31.8866100311279,,2120.0,,34.03,46.154,23.295,,0.3636400444335136
Mauritius,MUS,2000,12.9703397750854,7.91396999359131,3960.0,,17.0,49.135,5.714,71.7597,
Mauritius,MUS,2000,12.9703397750854,7.91396999359131,3960.0,,17.0,49.202,5.714,71.7597,
Mauritius,MUS,2001,13.239239692688,,4030.0,,16.5,46.117,5.714,71.9853,
Mauritius,MUS,2001,13.239239692688,,4030.0,,16.5,46.072,5.714,71.9853,
Mauritius,MUS,2002,12.9151401519775,,4010.0,,16.6,48.29,5.714,72.0549,
Mauritius,MUS,2002,12.9151401519775,,4010.0,,16.6,48.243,5.714,72.0549,
Mauritius,MUS,2003,17.9227199554443,,4470.0,,15.9,51.648,5.714,72.3074,
Mauritius,MUS,2003,17.9227199554443,,4470.0,,15.9,51.623,5.714,72.3074,
Mauritius,MUS,2004,17.3871002197266,,5240.0,,15.7,51.187,5.714,72.5465,
Mauritius,MUS,2004,17.3871002197266,,5240.0,,15.7,51.133,5.714,72.5465,
Mauritius,MUS,2005,17.0881309509277,7.31079225362267,5670.0,,15.3,53.409,17.143,72.6439,
Mauritius,MUS,2005,17.0881309509277,7.31079225362267,5670.0,,15.3,53.347,17.143,72.6439,
Mauritius,MUS,2006,15.1761703491211,7.66167556830198,5910.0,,14.3,54.291,17.143,72.7813,
Mauritius,MUS,2006,15.1761703491211,7.66167556830198,5910.0,,14.3,54.049,17.143,72.7813,
Mauritius,MUS,2007,14.1832799911499,7.77902264068884,6460.0,,13.7,53.427,17.143,72.8856,
Mauritius,MUS,2007,14.1832799911499,7.77902264068884,6460.0,,13.7,53.192,17.143,72.8856,
Mauritius,MUS,2008,14.0394401550293,7.94876450333019,7390.0,,13.2,55.198,17.143,73.1239,
Mauritius,MUS,2008,14.0394401550293,7.94876450333019,7390.0,,13.2,54.972,17.143,73.1239,
Mauritius,MUS,2009,13.2472295761108,,7720.0,,12.3,55.965,17.143,73.26,
Mauritius,MUS,2009,13.2472295761108,,7720.0,,12.3,55.72,17.143,73.26,
Mauritius,MUS,2010,14.5731496810913,9.49527179494281,8200.0,,12.0,58.021,18.841,73.6475,
Mauritius,MUS,2010,14.5731496810913,9.49527179494281,8200.0,,12.0,57.727,18.841,73.6475,
Mauritius,MUS,2011,13.846170425415,12.656660079956,8530.0,,11.7,57.393,18.841,74.0678,
Mauritius,MUS,2011,13.846170425415,12.656660079956,8530.0,,11.7,57.002,18.841,74.0678,
Mauritius,MUS,2012,14.9606199264526,16.2502318203926,9690.0,,11.5,57.864,18.841,74.3302,
Mauritius,MUS,2012,14.9606199264526,16.2502318203926,9690.0,,11.5,57.414,18.841,74.3302,
Mauritius,MUS,2013,14.7890100479126,18.4936949202141,10360.0,,10.9,60.385,18.841,74.4298,
Mauritius,MUS,2013,14.7890100479126,18.4936949202141,10360.0,,10.9,59.894,18.841,74.4298,
Mauritius,MUS,2014,20.905179977417,19.3393611693659,10710.0,,10.6,60.537,18.841,74.6143,
Mauritius,MUS,2014,20.905179977417,19.3393611693659,10710.0,,10.6,59.989,18.841,74.6143,
Mauritius,MUS,2015,19.4570903778076,19.5392365716274,10650.0,,10.1,62.447,11.594,74.673,
Mauritius,MUS,2015,19.4570903778076,19.5392365716274,10650.0,,10.1,61.893,11.594,74.673,
Mauritius,MUS,2016,19.9624996185303,19.6503390230019,10650.0,,10.4,61.521,11.594,74.85,
Mauritius,MUS,2016,19.9624996185303,19.6503390230019,10650.0,,10.4,60.938,11.594,74.85,
Mauritius,MUS,2017,20.3572006225586,19.6143296035444,11020.0,,10.7,61.818,11.594,75.024,
Mauritius,MUS,2017,20.3572006225586,19.6143296035444,11020.0,,10.7,61.158,11.594,75.024,
Mauritius,MUS,2018,19.2743301391602,20.8171862066503,12180.0,,10.3,62.624,11.594,74.4909,
Mauritius,MUS,2018,19.2743301391602,20.8171862066503,12180.0,,10.3,62.024,11.594,74.4909,
Mauritius,MUS,2019,18.6769294738769,22.0577161556498,12700.0,,10.2,63.652,20.0,74.1811,0.6148815769914774
Mauritius,MUS,2019,18.6769294738769,22.0577161556498,12700.0,,10.2,62.992,20.0,74.1811,0.6148815769914774
Mauritius,MUS,2020,15.6466999053955,19.7188446187349,10760.0,,10.7,63.237,20.0,74.6572,0.6145723199791668
Mauritius,MUS,2020,15.6466999053955,19.7188446187349,10760.0,,10.7,68.578,20.0,74.6572,0.6145723199791668
Mauritius,MUS,2021,14.3231296539307,22.5099935960213,10890.0,,10.3,62.916,20.0,72.903,0.6087569580288502
Mauritius,MUS,2021,14.3231296539307,22.5099935960213,10890.0,,10.3,62.699,20.0,72.903,0.6087569580288502
Mauritius,MUS,2022,15.709059715271,,11830.0,,9.7,62.095,20.0,73.5445,0.6120799366530821
Mauritius,MUS,2022,15.709059715271,,11830.0,,9.7,61.741,20.0,73.5445,0.6120799366530821
Mauritius,MUS,2023,15.5845499038696,,12570.0,,10.3,67.771,20.0,74.9263,0.6094797022887107
Mauritius,MUS,2023,15.5845499038696,,12570.0,,10.3,67.232,20.0,74.9263,0.6094797022887107
Mauritius,MUS,2024,14.1932001113892,,12970.0,,10.3,67.905,19.403,,0.6032989490495695
Mauritius,MUS,2024,14.1932001113892,,12970.0,,10.3,70.091,19.403,,0.6032989490495695
Malawi,MWI,2000,0.0,,230.0,,44.572,93.174,9.326,46.1698,
Malawi,MWI,2001,0.0,,210.0,,44.179,93.232,9.326,47.2049,
Malawi,MWI,2002,,,250.0,,43.955,93.27,9.326,48.1757,
Malawi,MWI,2003,16.4977703094482,,320.0,,43.907,93.315,9.326,49.6013,
Malawi,MWI,2004,,,440.0,,43.965,93.351,13.99,51.0731,
Malawi,MWI,2004,,,440.0,,43.965,98.878,13.99,51.0731,
Malawi,MWI,2005,,,430.0,,44.003,93.346,13.613,52.4693,
Malawi,MWI,2005,,,430.0,,44.003,93.347,13.613,52.4693,
Malawi,MWI,2006,,,440.0,,43.755,92.545,13.613,53.652,
Malawi,MWI,2007,,,480.0,,43.274,91.686,12.953,54.6867,
Malawi,MWI,2008,,,530.0,,42.564,90.771,12.953,55.7151,
Malawi,MWI,2009,,,590.0,,41.745,89.796,20.833,56.7139,
Malawi,MWI,2010,12.4599800109863,,650.0,,40.686,88.76,20.833,57.787,
Malawi,MWI,2011,15.0456495285034,,710.0,,39.69,87.667,22.28,58.8589,
Malawi,MWI,2011,15.0456495285034,,710.0,,39.69,87.666,22.28,58.8589,
Malawi,MWI,2012,13.6409635773445,,650.0,,38.564,87.3,22.28,59.8695,0.5013373877277336
Malawi,MWI,2013,20.4968299865723,,590.0,,37.722,86.945,22.28,60.8158,0.5013373877277336
Malawi,MWI,2013,20.4968299865723,,590.0,,37.722,87.383,22.28,60.8158,0.5013373877277336
Malawi,MWI,2014,16.5964698791504,,530.0,,36.503,86.605,16.667,61.6507,0.5058205168783158
Malawi,MWI,2015,21.7978992462158,,510.0,,35.296,86.281,16.667,62.324,0.5032853859001131
Malawi,MWI,2016,17.1988105773926,,490.0,,34.225,85.977,16.667,63.163,0.5102458726629372
Malawi,MWI,2017,14.3444204330444,,480.0,,33.682,85.694,16.667,63.9145,0.5110650965594028
Malawi,MWI,2017,14.3444204330444,,480.0,,33.682,85.694,16.667,63.9145,0.5110650965594028
Malawi,MWI,2018,15.8293504714966,,490.0,,33.227,86.287,16.667,64.4641,0.5110650965594028
Malawi,MWI,2019,,,540.0,,32.902,86.948,22.917,64.995,0.5147994183932022
Malawi,MWI,2020,20.1574484055989,,560.0,,32.536,85.467,22.917,65.2159,0.5184902021026072
Malawi,MWI,2020,20.1574484055989,,560.0,,32.536,85.467,22.917,65.2159,0.5184902021026072
Malawi,MWI,2021,17.5594096480172,,600.0,,32.066,87.169,22.917,64.782,0.523562627680976
Malawi,MWI,2022,,,610.0,,31.738,86.694,22.917,66.037,0.5245134571752181
Malawi,MWI,2023,16.0,,620.0,,31.381,86.59,20.725,67.3535,0.5217381693392042
Malawi,MWI,2024,16.0,,570.0,,31.143,86.475,20.725,,0.519545478213908
Malawi,MWI,2024,16.0,,570.0,,31.143,81.111,20.725,,0.519545478213908
Malaysia,MYS,2000,21.3906803131104,,3490.0,,22.603,52.26,10.363,72.7324,
Malaysia,MYS,2000,21.3906803131104,,3490.0,,22.603,58.218,10.363,72.7324,
Malaysia,MYS,2001,24.3485202789307,,3570.0,,21.401,52.957,10.363,73.08,
Malaysia,MYS,2001,24.3485202789307,,3570.0,,21.401,56.874,10.363,73.08,
Malaysia,MYS,2002,25.903600692749,,3810.0,,20.089,53.65,10.363,73.4695,
Malaysia,MYS,2002,25.903600692749,,3810.0,,20.089,57.26,10.363,73.4695,
Malaysia,MYS,2003,24.5424404144287,,4170.0,,19.55,54.307,10.471,73.7273,
Malaysia,MYS,2003,24.5424404144287,,4170.0,,19.55,58.122,10.471,73.7273,
Malaysia,MYS,2004,21.0129203796387,,4720.0,,18.682,54.935,9.132,74.0269,
Malaysia,MYS,2004,21.0129203796387,,4720.0,,18.682,58.408,9.132,74.0269,
Malaysia,MYS,2005,,,5240.0,,17.94,55.523,9.132,74.3699,
Malaysia,MYS,2005,,,5240.0,,17.94,57.427,9.132,74.3699,
Malaysia,MYS,2006,16.745569229126,,5790.0,,17.395,56.073,9.132,74.6969,
Malaysia,MYS,2007,16.1246604919434,,6560.0,,17.091,56.596,10.046,74.9611,
Malaysia,MYS,2008,14.0386400222778,,7420.0,,17.356,57.096,10.811,75.1514,
Malaysia,MYS,2009,18.4646301269531,,7500.0,,17.29,57.57,9.91,75.2694,
Malaysia,MYS,2010,18.4062309265137,,8130.0,,16.906,58.079,9.91,75.3761,
Malaysia,MYS,2011,20.9770202636719,,8890.0,,17.186,58.631,10.407,75.4878,
Malaysia,MYS,2011,20.9770202636719,,8890.0,,17.186,60.256,10.407,75.4878,
Malaysia,MYS,2012,19.8511600494385,,9980.0,,17.002,60.639,10.407,75.5524,0.600059557799383
Malaysia,MYS,2013,19.454309463501,,10590.0,,16.761,62.629,10.36,75.464,0.600059557799383
Malaysia,MYS,2014,19.8005599975586,,10840.0,,16.724,64.591,10.36,75.3451,0.5754979073148053
Malaysia,MYS,2014,19.8005599975586,,10840.0,,16.724,66.617,10.36,75.3451,0.5754979073148053
Malaysia,MYS,2015,19.8107299804688,,10350.0,,16.336,65.003,10.36,75.2876,0.5515489218902481
Malaysia,MYS,2015,19.8107299804688,,10350.0,,16.336,67.08,10.36,75.2876,0.5515489218902481
Malaysia,MYS,2016,20.7891407012939,,9800.0,,15.789,65.516,10.36,75.3712,0.5424368854915884
Malaysia,MYS,2016,20.7891407012939,,9800.0,,15.789,67.744,10.36,75.3712,0.5424368854915884
Malaysia,MYS,2017,21.2099094390869,,9560.0,,15.329,65.992,10.36,75.542,0.5370489451334044
Malaysia,MYS,2017,21.2099094390869,,9560.0,,15.329,68.361,10.36,75.542,0.5370489451334044
Malaysia,MYS,2018,19.6432590484619,,10200.0,,14.808,66.128,13.901,75.7341,0.5370489451334044
Malaysia,MYS,2018,19.6432590484619,,10200.0,,14.808,68.677,13.901,75.7341,0.5370489451334044
Malaysia,MYS,2019,17.6363105773926,,10750.0,,14.233,66.013,14.414,75.9005,0.5545952574773292
Malaysia,MYS,2019,17.6363105773926,,10750.0,,14.233,68.811,14.414,75.9005,0.5545952574773292
Malaysia,MYS,2020,15.6218795776367,,10110.0,,13.393,65.816,14.865,76.0566,0.5826181930100894
Malaysia,MYS,2020,15.6218795776367,,10110.0,,13.393,68.63,14.865,76.0566,0.5826181930100894
Malaysia,MYS,2021,20.4625782848639,,10520.0,,12.385,65.554,14.865,73.9172,0.5747332262755904
Malaysia,MYS,2021,20.4625782848639,,10520.0,,12.385,68.52,14.865,73.9172,0.5747332262755904
Malaysia,MYS,2022,20.1496790295371,,11620.0,,12.394,65.026,13.575,75.4442,0.5651786478521583
Malaysia,MYS,2022,20.1496790295371,,11620.0,,12.394,68.136,13.575,75.4442,0.5651786478521583
Malaysia,MYS,2023,14.1005201339722,,11700.0,,12.412,65.054,13.514,76.6571,0.569979674747191
Malaysia,MYS,2024,,,11650.0,,12.362,65.189,13.514,,0.5701023243565982
North America,NAC,2000,12.9826002120972,,34675.133567172816,,14.036853727230838,79.644,,,
North America,NAC,2000,12.9826002120972,,34675.133567172816,,14.036853727230838,80.322,,,
North America,NAC,2001,12.2122402191162,,35386.4138905449,,13.775955364261524,79.919,16.712,,
North America,NAC,2001,12.2122402191162,,35386.4138905449,,13.775955364261524,80.55,16.712,,
North America,NAC,2002,12.1478996276856,,35979.15265733587,,13.655717869889163,80.182,16.576,,
North America,NAC,2002,12.1478996276856,,35979.15265733587,,13.655717869889163,80.761,16.576,,
North America,NAC,2003,,,38372.580567256984,,13.755471622214632,80.737,16.848,,
North America,NAC,2003,,,38372.580567256984,,13.755471622214632,81.298,16.848,,
North America,NAC,2004,,,42157.43300938407,,13.665206559388285,80.602,17.497,,
North America,NAC,2004,,,42157.43300938407,,13.665206559388285,81.106,17.497,,
North America,NAC,2005,12.1780700683594,,45034.573946972145,,13.674929176571354,80.73,17.631,,
North America,NAC,2005,12.1780700683594,,45034.573946972145,,13.674929176571354,81.216,17.631,,
North America,NAC,2006,,,46883.552740736464,,13.974683650261628,80.809,18.17,,
North America,NAC,2006,,,46883.552740736464,,13.974683650261628,81.257,18.17,,
North America,NAC,2007,12.3285598754883,,47850.022902960074,,14.004245127797502,81.08,18.649,,
North America,NAC,2007,12.3285598754883,,47850.022902960074,,14.004245127797502,81.493,18.649,,
North America,NAC,2008,12.0099601745606,,48712.04951592821,,13.753179221073013,81.576,19.112,,
North America,NAC,2008,12.0099601745606,,48712.04951592821,,13.753179221073013,81.956,19.112,,
North America,NAC,2009,12.4836397171021,,47456.97996456478,,13.292245295064154,82.387,18.977,,
North America,NAC,2009,12.4836397171021,,47456.97996456478,,13.292245295064154,82.703,18.977,,
North America,NAC,2010,12.3359603881836,,48725.08802432075,,12.821512418519873,82.531,18.977,,
North America,NAC,2010,12.3359603881836,,48725.08802432075,,12.821512418519873,82.83,18.977,,
North America,NAC,2011,12.2191400527954,,50292.66890467817,,12.53091751282407,82.36,20.108,,
North America,NAC,2011,12.2191400527954,,50292.66890467817,,12.53091751282407,82.888,20.108,,
North America,NAC,2012,,,52467.805742108496,,12.440367353603301,82.158,20.755,,
North America,NAC,2012,,,52467.805742108496,,12.440367353603301,82.723,20.755,,
North America,NAC,2013,11.2129096984863,,53734.02014924313,,12.249908978484061,82.025,20.676,,
North America,NAC,2013,11.2129096984863,,53734.02014924313,,12.249908978484061,82.6,20.676,,
North America,NAC,2014,12.1208801269531,,55269.155607481574,,12.33953223280434,82.224,21.698,,
North America,NAC,2014,12.1208801269531,,55269.155607481574,,12.33953223280434,82.806,21.698,,
North America,NAC,2015,12.94913482666015,,55527.44332828279,,12.22966214964929,81.979,22.28,,
North America,NAC,2015,12.94913482666015,,55527.44332828279,,12.22966214964929,82.566,22.28,,
North America,NAC,2016,12.6030550003052,,55608.07621902096,,12.039209333467605,82.057,22.179,,
North America,NAC,2016,12.6030550003052,,55608.07621902096,,12.039209333467605,82.617,22.179,,
North America,NAC,2017,13.023119926452651,,57320.810281496255,,11.648554249825274,82.547,22.367,,
North America,NAC,2017,13.023119926452651,,57320.810281496255,,11.648554249825274,83.065,22.367,,
North America,NAC,2018,12.61614036560055,,61208.808931468186,,11.4473668918924,82.683,25.0,,
North America,NAC,2018,12.61614036560055,,61208.808931468186,,11.4473668918924,83.172,25.0,,
North America,NAC,2019,12.5053148269653,,63917.715094023864,,11.246098648056636,83.101,25.878,,
North America,NAC,2019,12.5053148269653,,63917.715094023864,,11.246098648056636,83.533,25.878,,
North America,NAC,2020,12.0996747016907,,62767.92270048652,,10.755592859332989,83.035,28.141,,
North America,NAC,2020,12.0996747016907,,62767.92270048652,,10.755592859332989,83.463,28.141,,
North America,NAC,2021,10.18068981170655,,69395.60978370594,,10.87562736796753,83.059,28.886,,
North America,NAC,2021,10.18068981170655,,69395.60978370594,,10.87562736796753,83.472,28.886,,
North America,NAC,2022,10.6535596847534,,74890.68906541803,,10.801111463365368,83.488,29.481,,
North America,NAC,2022,10.6535596847534,,74890.68906541803,,10.801111463365368,84.1,29.481,,
North America,NAC,2023,,,77315.93686819701,,10.4976352300797,84.237,29.702,,
North America,NAC,2023,,,77315.93686819701,,10.4976352300797,84.653,29.702,,
North America,NAC,2024,,,80242.07135500415,,10.415595302589303,84.365,29.572,,
North America,NAC,2024,,,80242.07135500415,,10.415595302589303,85.02,29.572,,
Namibia,NAM,2000,21.9250602722168,,2210.0,,31.612,76.551,25.0,52.9462,
Namibia,NAM,2000,21.9250602722168,,2210.0,,31.612,76.55,25.0,52.9462,
Namibia,NAM,2001,22.7757091522217,,2060.0,,30.481,77.263,25.0,51.9803,
Namibia,NAM,2001,22.7757091522217,,2060.0,,30.481,82.121,25.0,51.9803,
Namibia,NAM,2002,21.8368606567383,,1970.0,,29.636,77.974,25.0,51.9882,
Namibia,NAM,2003,20.3282108306885,,2240.0,,29.028,78.686,26.389,51.9178,
Namibia,NAM,2004,,,2840.0,,28.918,79.398,25.0,52.1755,
Namibia,NAM,2004,,,2840.0,,28.918,72.276,25.0,52.1755,
Namibia,NAM,2005,,,3480.0,,29.316,80.108,26.923,52.557,
Namibia,NAM,2006,21.6029891967773,,3990.0,,29.734,80.819,26.923,53.1826,
Namibia,NAM,2007,,,4200.0,,29.979,81.527,26.923,54.026,
Namibia,NAM,2008,24.8616104125977,,4310.0,,30.265,82.234,26.923,54.7401,
Namibia,NAM,2008,24.8616104125977,,4310.0,,30.265,81.006,26.923,54.7401,
Namibia,NAM,2009,,,4260.0,,30.616,82.942,26.923,55.3474,
Namibia,NAM,2010,26.1235103607178,,4520.0,,31.006,83.649,24.359,56.0935,
Namibia,NAM,2010,26.1235103607178,,4520.0,,31.006,83.474,24.359,56.0935,
Namibia,NAM,2011,24.3988119792883,,5160.0,,31.142,84.352,24.359,56.6467,
Namibia,NAM,2012,22.9973701430944,,5730.0,,31.352,85.056,24.359,57.7335,
Namibia,NAM,2012,22.9973701430944,,5730.0,,31.352,85.056,24.359,57.7335,
Namibia,NAM,2013,24.0999899467437,,5900.0,,31.177,89.909,24.359,58.4675,
Namibia,NAM,2013,24.0999899467437,,5900.0,,31.177,89.909,24.359,58.4675,
Namibia,NAM,2014,23.9580697431415,,5690.0,,31.011,88.282,,59.3113,
Namibia,NAM,2014,23.9580697431415,,5690.0,,31.011,88.282,,59.3113,
Namibia,NAM,2015,22.5713324213245,,5180.0,,30.668,86.259,41.346,60.0083,
Namibia,NAM,2016,23.939195265305,,4580.0,,30.31,84.27,41.346,60.8098,
Namibia,NAM,2016,23.939195265305,,4580.0,,30.31,84.27,41.346,60.8098,
Namibia,NAM,2017,24.6740260211548,,4430.0,,29.652,86.255,41.346,61.661,
Namibia,NAM,2018,23.3243031824199,,4670.0,,29.067,88.39,46.154,62.5787,
Namibia,NAM,2018,23.3243031824199,,4670.0,,29.067,88.391,46.154,62.5787,
Namibia,NAM,2019,29.0561956742295,,4870.0,,28.386,88.07,42.708,63.5463,0.6219047643156809
Namibia,NAM,2020,24.9413806405673,,4240.0,,27.687,87.728,43.269,64.0712,0.6255897150762711
Namibia,NAM,2021,25.1354889753457,,4140.0,,27.022,88.364,44.231,60.8499,0.6182400099759663
Namibia,NAM,2022,24.7069207267821,,4280.0,,26.343,86.36,44.231,64.1903,0.6120626714768821
Namibia,NAM,2023,,,4290.0,,25.89,86.674,44.231,67.3848,0.6148997540422547
Namibia,NAM,2024,25.0516175441878,,4240.0,,25.891,87.003,40.625,,0.6116014716988198
New Caledonia,NCL,2000,,,,,21.201,83.082,,73.5737,
New Caledonia,NCL,2001,,,,,20.304,82.941,,73.9577,
New Caledonia,NCL,2002,,,,,19.529,82.991,,74.2781,
New Caledonia,NCL,2003,,,,,18.705,83.221,,74.4996,
New Caledonia,NCL,2004,,,,,18.372,83.46,,74.7131,
New Caledonia,NCL,2005,,,,,18.105,83.755,,74.8671,
New Caledonia,NCL,2006,,,,,18.028,84.217,,75.0163,
New Caledonia,NCL,2007,,,,,17.636,84.463,,75.1812,
New Caledonia,NCL,2008,,,,,17.345,84.384,,75.3981,
New Caledonia,NCL,2009,,,,,17.013,84.457,,75.676,
New Caledonia,NCL,2009,,,,,17.013,83.677,,75.676,
New Caledonia,NCL,2010,,,,,16.774,85.128,,75.9915,
New Caledonia,NCL,2011,,,,,16.834,85.443,,76.3151,
New Caledonia,NCL,2012,,,,,16.788,85.455,,76.6153,
New Caledonia,NCL,2013,,,,,16.442,85.46,,76.8666,
New Caledonia,NCL,2014,,,,,16.031,85.338,,77.0529,
New Caledonia,NCL,2014,,,,,16.031,85.303,,77.0529,
New Caledonia,NCL,2015,,,,,15.735,85.323,,77.2055,
New Caledonia,NCL,2016,,,,,15.672,85.287,,77.3589,
New Caledonia,NCL,2017,,,,,15.327,85.299,,77.5036,
New Caledonia,NCL,2017,,,,,15.327,83.0,,77.5036,
New Caledonia,NCL,2018,,,,,15.228,85.408,,77.5567,
New Caledonia,NCL,2018,,,,,15.228,82.534,,77.5567,
New Caledonia,NCL,2019,,,,,15.183,85.616,,77.2623,
New Caledonia,NCL,2019,,,,,15.183,85.519,,77.2623,
New Caledonia,NCL,2020,,,,,14.903,85.887,,77.0494,
New Caledonia,NCL,2020,,,,,14.903,85.771,,77.0494,
New Caledonia,NCL,2021,,,,,14.747,85.448,,77.1134,
New Caledonia,NCL,2022,,,,,14.498,83.705,,77.6983,
New Caledonia,NCL,2022,,,,,14.498,83.561,,77.6983,
New Caledonia,NCL,2023,,,,,14.262,83.555,,78.7658,
New Caledonia,NCL,2023,,,,,14.262,83.765,,78.7658,
New Caledonia,NCL,2024,,,,,14.03,82.712,,,
Niger,NER,2000,19.0575294494629,,220.0,,53.39,77.563,1.205,49.1725,
Niger,NER,2001,16.6503105163574,,220.0,,53.015,77.395,1.205,49.8722,
Niger,NER,2001,16.6503105163574,,220.0,,53.015,45.037,1.205,49.8722,
Niger,NER,2002,16.6668491363525,,220.0,,52.581,77.218,1.205,50.6448,
Niger,NER,2003,13.8454999923706,,240.0,,52.178,77.034,1.205,51.5448,
Niger,NER,2004,,,280.0,,51.776,76.846,12.389,52.4019,
Niger,NER,2005,,,330.0,,51.417,76.665,12.389,53.3203,
Niger,NER,2005,,,330.0,,51.417,43.438,12.389,53.3203,
Niger,NER,2006,16.8837699890137,,350.0,,50.967,76.493,12.389,54.2228,
Niger,NER,2007,17.3759708404541,,380.0,,50.594,76.337,12.389,55.0628,
Niger,NER,2008,16.1773300170898,,440.0,,50.172,76.198,12.389,55.8515,
Niger,NER,2009,18.9125099182129,,480.0,,49.8,76.082,9.735,56.4871,
Niger,NER,2010,19.0896492004394,,510.0,,49.353,75.995,,57.0796,
Niger,NER,2011,20.1165199279785,,520.0,,48.823,75.942,13.274,57.6001,
Niger,NER,2011,20.1165199279785,,520.0,,48.823,75.942,13.274,57.6001,
Niger,NER,2012,19.1920204162598,,550.0,,48.217,74.958,13.274,57.9867,
Niger,NER,2012,19.1920204162598,,550.0,,48.217,30.156,13.274,57.9867,
Niger,NER,2013,18.0767002105713,,570.0,,47.796,74.05,13.274,58.364,
Niger,NER,2014,21.6615009307861,,590.0,,47.2,73.237,13.274,58.6934,
Niger,NER,2014,21.6615009307861,,590.0,,47.2,73.237,13.274,58.6934,
Niger,NER,2015,18.5121898651123,,560.0,,46.577,72.876,13.274,58.8498,
Niger,NER,2016,15.3471603393555,,530.0,,45.881,72.512,14.62,59.2283,
Niger,NER,2017,13.2151603698731,,520.0,,45.057,72.147,16.959,59.5239,
Niger,NER,2017,13.2151603698731,,520.0,,45.057,38.076,16.959,59.5239,
Niger,NER,2018,16.3399696350098,,580.0,,44.181,71.781,16.959,59.7646,
Niger,NER,2019,13.0128054328601,,610.0,,43.366,71.413,16.959,60.031,0.4525462626876699
Niger,NER,2019,13.0128054328601,,610.0,,43.366,71.413,16.959,60.031,0.4525462626876699
Niger,NER,2020,13.3325398458385,,560.0,,42.6,75.504,16.959,59.8903,0.4478479087223944
Niger,NER,2021,11.9526160596537,,600.0,,41.932,79.777,25.904,59.5422,0.44112007921582125
Niger,NER,2022,12.3714513252292,,600.0,,41.95,84.021,25.904,60.3981,0.44273859773093643
Niger,NER,2022,12.3714513252292,,600.0,,41.95,84.02,25.904,60.3981,0.44273859773093643
Niger,NER,2023,12.8069746044599,,640.0,,41.892,83.897,,61.1833,0.4402508129236043
Niger,NER,2024,,,680.0,,41.42,84.498,,,0.42814603876223034
Nigeria,NGA,2000,,,,,43.892,86.867,3.419,47.1427,
Nigeria,NGA,2001,,,,,43.934,86.925,3.419,47.5493,
Nigeria,NGA,2002,,,,,43.822,87.371,3.419,48.0201,
Nigeria,NGA,2003,,,,,43.71,87.396,4.722,48.618,
Nigeria,NGA,2004,,,,,43.474,87.577,4.722,49.1477,
Nigeria,NGA,2004,,,,,43.474,76.251,4.722,49.1477,
Nigeria,NGA,2005,,,,,43.37,87.604,6.389,49.5377,
Nigeria,NGA,2006,,,,,43.172,87.976,6.111,49.876,
Nigeria,NGA,2007,,,,,42.897,88.278,6.983,50.3812,
Nigeria,NGA,2008,,,1890.0,,42.803,88.409,6.983,50.7483,
Nigeria,NGA,2009,,,1960.0,,42.497,88.304,6.983,51.0801,
Nigeria,NGA,2010,,,2050.0,,42.139,88.586,6.983,51.3145,
Nigeria,NGA,2011,,,2100.0,,41.793,88.01,6.818,51.4902,
Nigeria,NGA,2011,,,2100.0,,41.793,88.606,6.818,51.4902,
Nigeria,NGA,2012,8.54788143094428,,2360.0,,41.116,88.104,6.667,51.6876,0.39956957528151676
Nigeria,NGA,2013,8.67739295298641,,2600.0,,40.441,88.213,6.667,51.8271,0.39956957528151676
Nigeria,NGA,2013,8.67739295298641,,2600.0,,40.441,88.937,6.667,51.8271,0.39956957528151676
Nigeria,NGA,2014,9.03718763815735,,2870.0,,39.892,88.154,6.667,51.9401,0.3911975460439491
Nigeria,NGA,2015,9.25551076252104,,2760.0,,38.951,88.316,5.556,51.9394,0.4224543357891173
Nigeria,NGA,2016,6.65219728520483,,2370.0,,37.771,88.5,5.556,52.1894,0.4438713923834003
Nigeria,NGA,2017,6.12010547762816,,2020.0,,36.693,89.0,5.556,52.3971,0.4385201721408739
Nigeria,NGA,2018,5.94455212092506,,1950.0,,35.69,89.307,5.556,52.669,0.4385201721408739
Nigeria,NGA,2019,5.85497185166093,,2260.0,,34.685,89.75,3.38,53.0086,0.4321980248796969
Nigeria,NGA,2019,5.85497185166093,,2260.0,,34.685,79.346,3.38,53.0086,0.4321980248796969
Nigeria,NGA,2020,5.13143662120452,,2460.0,,33.732,89.511,7.222,53.0724,0.4283628668667508
Nigeria,NGA,2021,5.14022597192675,,2860.0,,33.546,89.998,3.611,53.455,0.4123715747338049
Nigeria,NGA,2022,4.30281801083668,,2930.0,,33.192,89.934,3.611,54.079,0.40770426213737687
Nigeria,NGA,2022,4.30281801083668,,2930.0,,33.192,89.936,3.611,54.079,0.40770426213737687
Nigeria,NGA,2023,3.64727250236162,,2590.0,,32.954,95.618,3.911,54.4623,0.41083873835802814
Nigeria,NGA,2023,3.64727250236162,,2590.0,,32.954,95.619,3.911,54.4623,0.41083873835802814
Nigeria,NGA,2024,2.97849705324029,,1700.0,,32.493,95.65,3.911,,0.40427034942946
Nigeria,NGA,2024,2.97849705324029,,1700.0,,32.493,97.36,3.911,,0.40427034942946
Nicaragua,NIC,2000,14.5736999511719,,970.0,,27.885,41.595,9.677,66.3601,
Nicaragua,NIC,2000,14.5736999511719,,970.0,,27.885,55.486,9.677,66.3601,
Nicaragua,NIC,2001,,,980.0,,27.034,42.651,,67.0281,
Nicaragua,NIC,2001,,,980.0,,27.034,52.03,,67.0281,
Nicaragua,NIC,2002,15.6877899169922,,980.0,,26.28,43.723,20.652,67.9504,
Nicaragua,NIC,2003,14.8870000839233,,1020.0,,25.925,44.809,20.652,68.7487,
Nicaragua,NIC,2003,14.8870000839233,,1020.0,,25.925,59.108,20.652,68.7487,
Nicaragua,NIC,2004,,,1100.0,,25.675,45.91,20.652,69.5101,
Nicaragua,NIC,2004,,,1100.0,,25.675,56.456,20.652,69.5101,
Nicaragua,NIC,2005,,,1180.0,,25.611,47.026,20.652,70.3745,
Nicaragua,NIC,2005,,,1180.0,,25.611,56.853,20.652,70.3745,
Nicaragua,NIC,2006,,,1220.0,,25.428,48.156,15.217,70.9578,
Nicaragua,NIC,2006,,,1220.0,,25.428,55.622,15.217,70.9578,
Nicaragua,NIC,2007,,,1310.0,,25.176,49.299,18.478,71.1973,
Nicaragua,NIC,2007,,,1310.0,,25.176,54.452,18.478,71.1973,
Nicaragua,NIC,2008,,,1420.0,,24.893,50.455,18.478,71.4043,
Nicaragua,NIC,2008,,,1420.0,,24.893,55.457,18.478,71.4043,
Nicaragua,NIC,2009,,,1410.0,,24.611,51.625,20.652,71.4986,
Nicaragua,NIC,2010,26.4080009460449,,1490.0,,24.345,52.806,20.652,71.7608,
Nicaragua,NIC,2011,,,1600.0,,23.959,54.0,40.217,72.0329,
Nicaragua,NIC,2012,,,1700.0,,23.615,55.206,40.217,72.4346,0.45613281258176974
Nicaragua,NIC,2012,,,1700.0,,23.615,75.8,40.217,72.4346,0.45613281258176974
Nicaragua,NIC,2013,,,1760.0,,23.203,56.424,40.217,72.5513,0.45613281258176974
Nicaragua,NIC,2013,,,1760.0,,23.203,74.113,40.217,72.5513,0.45613281258176974
Nicaragua,NIC,2014,23.0475997924805,,1850.0,,22.836,57.651,42.391,72.792,0.43473699862472454
Nicaragua,NIC,2014,23.0475997924805,,1850.0,,22.836,57.651,42.391,72.792,0.43473699862472454
Nicaragua,NIC,2015,22.2829093933106,,1910.0,,22.449,58.271,41.304,72.8989,0.41912195013919684
Nicaragua,NIC,2016,21.3254795074463,,1980.0,,22.06,58.867,45.652,73.1803,0.42446653079836577
Nicaragua,NIC,2017,22.4333000183106,,2050.0,,21.647,59.466,45.652,73.3892,0.43640868365516367
Nicaragua,NIC,2018,22.7613329834156,,1990.0,,21.209,59.219,45.652,73.8787,0.43640868365516367
Nicaragua,NIC,2019,23.9411024864319,,1930.0,,20.808,59.034,44.565,73.7637,0.40420668228499507
Nicaragua,NIC,2020,22.6876474159501,,1810.0,,20.45,58.953,47.253,70.7662,0.39363566233471264
Nicaragua,NIC,2021,18.5222366866385,,2060.0,,20.044,59.525,50.549,70.4777,0.37905413441741
Nicaragua,NIC,2022,18.5192097359421,,2150.0,,19.695,61.08,51.648,74.4626,0.3615558058593615
Nicaragua,NIC,2023,17.688570022583,,2360.0,,19.376,61.883,51.648,74.9468,0.3457726933864396
Nicaragua,NIC,2024,11.0127834019803,,2510.0,,19.141,62.392,53.846,,0.33622265066818546
Netherlands,NLD,2000,10.6068496704102,,28140.0,,13.0,76.529,36.0,78.13,
Netherlands,NLD,2000,10.6068496704102,,28140.0,,13.0,73.99,36.0,78.13,
Netherlands,NLD,2001,10.6393604278565,,26900.0,,12.6,77.613,36.0,78.3379,
Netherlands,NLD,2001,10.6393604278565,,26900.0,,12.6,74.965,36.0,78.3379,
Netherlands,NLD,2002,10.6943197250366,,26440.0,,12.5,78.505,34.0,78.4119,
Netherlands,NLD,2002,10.6943197250366,,26440.0,,12.5,75.388,34.0,78.4119,
Netherlands,NLD,2003,10.9720602035522,,30410.0,,12.3,79.104,36.667,78.6649,
Netherlands,NLD,2003,10.9720602035522,,30410.0,,12.3,77.106,36.667,78.6649,
Netherlands,NLD,2004,11.2846202850342,,36800.0,29.8,11.9,79.25,36.667,79.2389,
Netherlands,NLD,2004,11.2846202850342,,36800.0,29.8,11.9,77.898,36.667,79.2389,
Netherlands,NLD,2005,11.7196998596191,29.3052196502686,42280.0,29.0,11.5,79.141,36.667,79.488,
Netherlands,NLD,2005,11.7196998596191,29.3052196502686,42280.0,29.0,11.5,77.815,36.667,79.488,
Netherlands,NLD,2006,11.4169998168945,28.2909524282944,45500.0,30.0,11.3,79.788,36.667,79.8466,
Netherlands,NLD,2006,11.4169998168945,28.2909524282944,45500.0,30.0,11.3,78.853,36.667,79.8466,
Netherlands,NLD,2007,11.2287902832031,31.5124893188477,48840.0,29.6,11.1,80.271,39.333,80.255,
Netherlands,NLD,2007,11.2287902832031,31.5124893188477,48840.0,29.6,11.1,79.818,39.333,80.255,
Netherlands,NLD,2008,11.2911500930786,31.1592292785644,51930.0,29.3,11.2,81.004,41.333,80.3866,
Netherlands,NLD,2008,11.2911500930786,31.1592292785644,51930.0,29.3,11.2,80.451,41.333,80.3866,
Netherlands,NLD,2009,11.1210203170776,31.6965103149414,52780.0,27.9,11.2,81.52,42.0,80.6712,
Netherlands,NLD,2009,11.1210203170776,31.6965103149414,52780.0,27.9,11.2,81.436,42.0,80.6712,
Netherlands,NLD,2010,11.1658096313477,32.1887702941895,54000.0,27.8,11.1,82.602,40.667,80.8293,
Netherlands,NLD,2010,11.1658096313477,32.1887702941895,54000.0,27.8,11.1,82.54,40.667,80.8293,
Netherlands,NLD,2011,11.3361701965332,31.6273803710938,54270.0,27.8,10.8,83.538,40.667,81.1096,
Netherlands,NLD,2011,11.3361701965332,31.6273803710938,54270.0,27.8,10.8,83.37,40.667,81.1096,
Netherlands,NLD,2012,11.2650299072266,32.0577507019043,52070.0,27.6,10.5,84.021,38.667,81.059,0.8523096697719847
Netherlands,NLD,2012,11.2650299072266,32.0577507019043,52070.0,27.6,10.5,83.664,38.667,81.059,0.8523096697719847
Netherlands,NLD,2013,11.535400390625,30.2877502441406,52460.0,28.1,10.2,84.02,38.667,81.3011,0.8523096697719847
Netherlands,NLD,2013,11.535400390625,30.2877502441406,52460.0,28.1,10.2,83.601,38.667,81.3011,0.8523096697719847
Netherlands,NLD,2014,11.5578203201294,30.5605792999268,52220.0,28.6,10.4,83.409,38.667,81.6503,0.8273353439862359
Netherlands,NLD,2014,11.5578203201294,30.5605792999268,52220.0,28.6,10.4,82.965,38.667,81.6503,0.8273353439862359
Netherlands,NLD,2015,11.6637096405029,31.209810256958,49670.0,28.2,10.1,83.946,37.333,81.49,0.8513101286687421
Netherlands,NLD,2015,11.6637096405029,31.209810256958,49670.0,28.2,10.1,83.813,37.333,81.49,0.8513101286687421
Netherlands,NLD,2016,12.2720804214478,31.78830909729,46960.0,28.2,10.1,84.554,37.333,81.5549,0.8602280917309263
Netherlands,NLD,2016,12.2720804214478,31.78830909729,46960.0,28.2,10.1,84.413,37.333,81.5549,0.8602280917309263
Netherlands,NLD,2017,11.8980598449707,33.9141645735986,46710.0,28.5,9.9,85.121,36.0,81.7366,0.8539671833062301
Netherlands,NLD,2017,11.8980598449707,33.9141645735986,46710.0,28.5,9.9,84.676,36.0,81.7366,0.8539671833062301
Netherlands,NLD,2018,12.4101104736328,33.2913818359375,51290.0,28.1,9.8,85.171,36.0,81.7813,0.8539671833062301
Netherlands,NLD,2018,12.4101104736328,33.2913818359375,51290.0,28.1,9.8,84.988,36.0,81.7813,0.8539671833062301
Netherlands,NLD,2019,12.0098304748535,36.7319546928845,52940.0,29.2,9.8,85.748,31.333,82.053,0.841664997755821
Netherlands,NLD,2019,12.0098304748535,36.7319546928845,52940.0,29.2,9.8,85.608,31.333,82.053,0.841664997755821
Netherlands,NLD,2020,11.0668096542358,36.9629898071289,51490.0,26.0,9.7,86.468,33.333,81.3931,0.83748271535294
Netherlands,NLD,2020,11.0668096542358,36.9629898071289,51490.0,26.0,9.7,86.406,33.333,81.3931,0.83748271535294
Netherlands,NLD,2021,11.715220451355,37.9326007758691,59560.0,25.7,10.2,86.813,39.333,81.356,0.8333133960633596
Netherlands,NLD,2021,11.715220451355,37.9326007758691,59560.0,25.7,10.2,88.177,39.333,81.356,0.8333133960633596
Netherlands,NLD,2022,11.9706201553345,39.1200352539704,62110.0,,9.5,86.881,40.667,81.9121,0.8349221216957897
Netherlands,NLD,2022,11.9706201553345,39.1200352539704,62110.0,,9.5,87.88,40.667,81.9121,0.8349221216957897
Netherlands,NLD,2023,,39.143197948999,62550.0,,9.2,87.032,40.0,82.1576,0.8324573783955352
Netherlands,NLD,2023,,39.143197948999,62550.0,,9.2,87.625,40.0,82.1576,0.8324573783955352
Netherlands,NLD,2024,,,62520.0,,9.2,87.153,38.667,,0.8263916407194039
Netherlands,NLD,2024,,,62520.0,,9.2,87.922,38.667,,0.8263916407194039
Norway,NOR,2000,15.6301898956299,,36600.0,27.4,13.2,84.491,36.364,78.6916,
Norway,NOR,2000,15.6301898956299,,36600.0,27.4,13.2,88.351,36.364,78.6916,
Norway,NOR,2001,15.783860206604,,38280.0,,12.6,84.877,35.758,78.8958,
Norway,NOR,2001,15.783860206604,,38280.0,,12.6,88.906,35.758,78.8958,
Norway,NOR,2002,16.0835800170898,,39930.0,,12.2,85.854,36.364,78.9602,
Norway,NOR,2002,16.0835800170898,,39930.0,,12.2,90.696,36.364,78.9602,
Norway,NOR,2003,15.5307302474976,,44830.0,27.6,12.4,86.438,36.364,79.5291,
Norway,NOR,2003,15.5307302474976,,44830.0,27.6,12.4,90.385,36.364,79.5291,
Norway,NOR,2004,16.2629299163818,29.6287307739258,54290.0,31.6,12.4,87.191,38.182,79.9645,
Norway,NOR,2004,16.2629299163818,29.6287307739258,54290.0,31.6,12.4,90.907,38.182,79.9645,
Norway,NOR,2005,16.3725299835205,30.4954605102539,64050.0,30.6,12.3,87.16,37.87,80.1695,
Norway,NOR,2005,16.3725299835205,30.4954605102539,64050.0,30.6,12.3,90.367,37.87,80.1695,
Norway,NOR,2006,15.7071104049683,31.1538200378418,70300.0,26.4,12.6,88.347,37.87,80.4404,
Norway,NOR,2006,15.7071104049683,31.1538200378418,70300.0,26.4,12.6,90.528,37.87,80.4404,
Norway,NOR,2007,15.8779897689819,31.8245391845703,78750.0,27.1,12.4,89.036,36.095,80.5024,
Norway,NOR,2007,15.8779897689819,31.8245391845703,78750.0,27.1,12.4,91.49,36.095,80.5024,
Norway,NOR,2008,15.7177600860596,32.840518951416,87850.0,27.0,12.7,89.192,36.095,80.6772,
Norway,NOR,2008,15.7177600860596,32.840518951416,87850.0,27.0,12.7,91.86,36.095,80.6772,
Norway,NOR,2009,15.5077800750732,33.4039497375488,88130.0,26.2,12.8,89.602,39.645,80.8655,
Norway,NOR,2009,15.5077800750732,33.4039497375488,88130.0,26.2,12.8,92.259,39.645,80.8655,
Norway,NOR,2010,15.0884895324707,34.2061805725098,88940.0,25.7,12.6,89.905,39.645,81.0392,
Norway,NOR,2010,15.0884895324707,34.2061805725098,88940.0,25.7,12.6,91.595,39.645,81.0392,
Norway,NOR,2011,14.8268098831177,35.2059593200684,90920.0,25.3,12.2,90.385,39.645,81.2454,
Norway,NOR,2011,14.8268098831177,35.2059593200684,90920.0,25.3,12.2,92.859,39.645,81.2454,
Norway,NOR,2012,17.2820606231689,40.0106276192365,99750.0,25.7,12.0,89.979,39.645,81.4458,0.8693845618940054
Norway,NOR,2012,17.2820606231689,40.0106276192365,99750.0,25.7,12.0,92.108,39.645,81.4458,0.8693845618940054
Norway,NOR,2013,17.1192398071289,40.7994489583084,104830.0,26.4,11.6,90.467,39.645,81.6683,0.8693845618940054
Norway,NOR,2013,17.1192398071289,40.7994489583084,104830.0,26.4,11.6,92.665,39.645,81.6683,0.8693845618940054
Norway,NOR,2014,16.9020805358887,37.5375518798828,105070.0,26.8,11.5,90.346,39.645,82.0869,0.8750275792545742
Norway,NOR,2014,16.9020805358887,37.5375518798828,105070.0,26.8,11.5,92.768,39.645,82.0869,0.8750275792545742
Norway,NOR,2015,15.6075801849365,38.0225410461426,93440.0,27.5,11.3,90.421,39.645,82.2728,0.8832137457552872
Norway,NOR,2015,15.6075801849365,38.0225410461426,93440.0,27.5,11.3,92.467,39.645,82.2728,0.8832137457552872
Norway,NOR,2016,15.8407201766968,38.7757606506348,81870.0,28.5,11.2,90.729,39.645,82.4151,0.8841198048548204
Norway,NOR,2016,15.8407201766968,38.7757606506348,81870.0,28.5,11.2,92.344,39.645,82.4151,0.8841198048548204
Norway,NOR,2017,15.9396800994873,39.5990715026855,76230.0,27.0,10.7,91.233,41.42,82.6242,0.8896129096443959
Norway,NOR,2017,15.9396800994873,39.5990715026855,76230.0,27.0,10.7,92.734,41.42,82.6242,0.8896129096443959
Norway,NOR,2018,15.9257297515869,42.9568511688208,80970.0,27.6,10.4,90.542,41.42,82.7599,0.8896129096443959
Norway,NOR,2018,15.9257297515869,42.9568511688208,80970.0,27.6,10.4,92.136,41.42,82.7599,0.8896129096443959
Norway,NOR,2019,15.6655302047729,40.8385581970215,82430.0,27.7,10.2,90.519,40.828,82.9553,0.8936495456714342
Norway,NOR,2019,15.6655302047729,40.8385581970215,82430.0,27.7,10.2,92.71,40.828,82.9553,0.8936495456714342
Norway,NOR,2020,14.7642698287964,,78610.0,28.4,9.8,90.757,41.42,83.1953,0.8944068267579897
Norway,NOR,2020,14.7642698287964,,78610.0,28.4,9.8,94.606,41.42,83.1953,0.8944068267579897
Norway,NOR,2021,15.0276699066162,45.792345187444,81770.0,29.1,10.4,89.936,44.97,83.1656,0.8993063874571176
Norway,NOR,2021,15.0276699066162,45.792345187444,81770.0,29.1,10.4,84.921,44.97,83.1656,0.8993063874571176
Norway,NOR,2022,14.4691095352173,43.8056635693145,94290.0,26.9,9.4,89.675,44.97,82.6309,0.8894315771536605
Norway,NOR,2022,14.4691095352173,43.8056635693145,94290.0,26.9,9.4,89.749,44.97,82.6309,0.8894315771536605
Norway,NOR,2023,,44.8926415031866,101640.0,26.5,9.4,89.757,46.154,83.3078,0.8921493522184288
Norway,NOR,2023,,44.8926415031866,101640.0,26.5,9.4,89.786,46.154,83.3078,0.8921493522184288
Norway,NOR,2024,,,98170.0,,9.7,89.829,44.379,,0.8921052008039166
Norway,NOR,2024,,,98170.0,,9.7,89.68,44.379,,0.8921052008039166
Nepal,NPL,2000,19.1560401916504,,220.0,,30.959,34.604,5.854,62.6424,
Nepal,NPL,2001,21.6562004089356,,230.0,,29.777,35.031,5.854,63.2881,
Nepal,NPL,2002,20.4440498352051,,230.0,,28.641,35.481,5.854,63.5071,
Nepal,NPL,2003,21.312650680542,,250.0,,27.732,35.938,5.854,64.2291,
Nepal,NPL,2003,21.312650680542,,250.0,,27.732,102.397,5.854,64.2291,
Nepal,NPL,2004,21.6133594512939,,280.0,,26.837,36.448,5.854,64.7439,
Nepal,NPL,2005,22.2942199707031,,300.0,,25.837,37.06,5.854,65.2755,
Nepal,NPL,2006,25.5006408691406,,330.0,,24.936,37.79,5.882,65.8907,
Nepal,NPL,2007,21.1461391448975,,370.0,,24.351,38.617,17.325,66.1686,
Nepal,NPL,2008,22.2300300598144,,430.0,,23.729,39.614,33.165,66.4425,
Nepal,NPL,2008,22.2300300598144,,430.0,,23.729,95.478,33.165,66.4425,
Nepal,NPL,2009,19.8729305267334,,480.0,,23.236,40.782,33.165,66.6004,
Nepal,NPL,2010,16.0323505401611,,530.0,,22.851,42.078,33.165,66.7724,
Nepal,NPL,2011,17.9838409423828,,620.0,,22.653,43.504,33.165,67.1234,
Nepal,NPL,2012,17.4370803833008,,750.0,,22.651,44.918,33.165,67.3637,0.49623025141118665
Nepal,NPL,2013,17.5696392059326,,840.0,,22.458,46.239,,67.5978,0.49623025141118665
Nepal,NPL,2013,17.5696392059326,,840.0,,22.458,90.537,,67.5978,0.49623025141118665
Nepal,NPL,2014,18.2812900543213,,860.0,,22.39,47.553,29.481,67.812,0.5034559531190103
Nepal,NPL,2014,18.2812900543213,,860.0,,22.39,91.82,29.481,67.812,0.5034559531190103
Nepal,NPL,2015,16.9896602630615,,870.0,,22.141,48.888,29.549,67.3736,0.5244883985721192
Nepal,NPL,2015,16.9896602630615,,870.0,,22.141,92.468,29.549,67.3736,0.5244883985721192
Nepal,NPL,2016,19.1284999847412,,860.0,,21.943,50.02,29.58,68.4436,0.5226630743334258
Nepal,NPL,2017,17.0963897705078,,970.0,,21.572,50.793,29.58,68.7398,0.5277432743495911
Nepal,NPL,2017,17.0963897705078,,970.0,,21.572,50.793,29.58,68.7398,0.5277432743495911
Nepal,NPL,2018,14.1018695831299,,1120.0,,21.122,51.325,32.727,69.036,0.5277432743495911
Nepal,NPL,2019,12.1130298505003,,1240.0,,20.648,51.078,32.727,69.2992,0.5293892548551073
Nepal,NPL,2020,15.0051253828918,,1190.0,,20.168,51.078,32.727,69.1065,0.5256574522080043
Nepal,NPL,2021,14.3892081064549,,1250.0,,19.675,51.095,32.727,68.3846,0.5197546937928598
Nepal,NPL,2022,12.4379256037804,,1380.0,,19.643,51.202,33.091,70.0869,0.5207913922846232
Nepal,NPL,2023,13.0826180000142,,1430.0,,19.34,51.349,33.088,70.3537,0.5161365188783447
Nepal,NPL,2024,11.2647104167737,,1470.0,,18.962,51.592,33.088,,0.5207653248952857
Nauru,NRU,2000,,,3050.0,,28.238,,,59.5743,
Nauru,NRU,2001,,,2800.0,,27.945,,0.0,59.4823,
Nauru,NRU,2002,0.0,,2500.0,,27.752,80.159,0.0,59.427,
Nauru,NRU,2003,,,2650.0,,27.884,,,59.3587,
Nauru,NRU,2004,,,3090.0,,28.1,,0.0,59.3455,
Nauru,NRU,2005,,,3510.0,,28.451,,0.0,59.3608,
Nauru,NRU,2006,,,3890.0,,29.076,74.403,0.0,59.4086,
Nauru,NRU,2007,0.0,,3030.0,,30.408,,0.0,59.4899,
Nauru,NRU,2008,,,3510.0,,32.27,,0.0,59.6754,
Nauru,NRU,2009,,,4090.0,,34.272,,0.0,59.8524,
Nauru,NRU,2010,,,5080.0,,36.097,,0.0,60.0741,
Nauru,NRU,2011,,,7000.0,,36.803,62.464,0.0,60.2868,
Nauru,NRU,2012,,,9650.0,,36.144,,0.0,60.5326,
Nauru,NRU,2013,,,11330.0,,35.342,69.035,5.263,60.7009,
Nauru,NRU,2014,5.55730978047945,,12530.0,,34.687,,5.263,60.8335,
Nauru,NRU,2015,6.24868434221618,,12220.0,,34.223,,5.263,60.8969,
Nauru,NRU,2016,5.00017325826806,,11680.0,,33.578,,5.263,60.9958,
Nauru,NRU,2017,6.46164000372246,,11300.0,,32.241,,10.526,61.1011,
Nauru,NRU,2018,5.38610478913771,,12740.0,,30.66,,10.526,61.2378,
Nauru,NRU,2019,4.83402430897122,,15840.0,,29.581,,10.526,61.3931,
Nauru,NRU,2020,4.53653078876592,,17180.0,,28.662,,10.526,61.5271,
Nauru,NRU,2021,3.81615817291541,,19460.0,,27.787,77.119,10.526,61.3312,
Nauru,NRU,2022,4.21463913905028,,22570.0,,26.613,,10.526,61.9304,
Nauru,NRU,2023,4.88734006881714,,22720.0,,25.505,,10.526,62.1094,
Nauru,NRU,2024,5.33295247469909,,20400.0,,24.562,,10.526,,
New Zealand,NZL,2000,14.8134803771973,,14070.0,,14.66,77.348,30.833,78.6681,
New Zealand,NZL,2000,14.8134803771973,,14070.0,,14.66,78.046,30.833,78.6681,
New Zealand,NZL,2001,,,13800.0,,14.36,78.279,30.833,78.6615,
New Zealand,NZL,2001,,,13800.0,,14.36,78.934,30.833,78.6615,
New Zealand,NZL,2002,,,14170.0,,13.67,78.478,29.167,78.8659,
New Zealand,NZL,2002,,,14170.0,,13.67,79.15,29.167,78.8659,
New Zealand,NZL,2003,,,16990.0,,13.94,79.724,28.333,79.1414,
New Zealand,NZL,2003,,,16990.0,,13.94,80.402,28.333,79.1414,
New Zealand,NZL,2004,,,21530.0,,14.2,79.616,28.333,79.3548,
New Zealand,NZL,2004,,,21530.0,,14.2,80.266,28.333,79.3548,
New Zealand,NZL,2005,,,25450.0,,13.96,80.368,32.231,80.0308,
New Zealand,NZL,2005,,,25450.0,,13.96,81.025,32.231,80.0308,
New Zealand,NZL,2006,,,26380.0,,14.14,80.532,32.231,80.0152,
New Zealand,NZL,2006,,,26380.0,,14.14,81.139,32.231,80.0152,
New Zealand,NZL,2007,,,28150.0,,15.15,81.148,33.058,80.122,
New Zealand,NZL,2007,,,28150.0,,15.15,81.647,33.058,80.122,
New Zealand,NZL,2008,,,28680.0,,15.1,81.99,33.607,80.2457,
New Zealand,NZL,2008,,,28680.0,,15.1,82.552,33.607,80.2457,
New Zealand,NZL,2009,,,29770.0,,14.53,82.668,33.607,80.545,
New Zealand,NZL,2009,,,29770.0,,14.53,83.161,33.607,80.545,
New Zealand,NZL,2010,,,29750.0,,14.68,82.805,33.607,81.0517,
New Zealand,NZL,2010,,,29750.0,,14.68,83.14,33.607,81.0517,
New Zealand,NZL,2011,,,32250.0,,14.0,83.203,32.231,80.8422,
New Zealand,NZL,2011,,,32250.0,,14.0,83.596,32.231,80.8422,
New Zealand,NZL,2012,,,36780.0,,13.87,84.199,32.231,81.1668,0.8422720677664979
New Zealand,NZL,2012,,,36780.0,,13.87,84.469,32.231,81.1668,0.8422720677664979
New Zealand,NZL,2013,15.5577402114868,,39970.0,,13.2,84.516,32.231,81.6119,0.8422720677664979
New Zealand,NZL,2013,15.5577402114868,,39970.0,,13.2,85.047,32.231,81.6119,0.8422720677664979
New Zealand,NZL,2014,15.5285301208496,,41720.0,,12.67,84.76,29.752,81.4106,0.8272764621131267
New Zealand,NZL,2014,15.5285301208496,,41720.0,,12.67,85.278,29.752,81.4106,0.8272764621131267
New Zealand,NZL,2015,15.5518102645874,,40670.0,,13.23,84.673,31.405,81.5866,0.8378041714734948
New Zealand,NZL,2015,15.5518102645874,,40670.0,,13.23,85.188,31.405,81.5866,0.8378041714734948
New Zealand,NZL,2016,15.3664102554321,,39460.0,,12.6,85.07,31.405,82.0027,0.8328469264513766
New Zealand,NZL,2016,15.3664102554321,,39460.0,,12.6,85.561,31.405,82.0027,0.8328469264513766
New Zealand,NZL,2017,15.0439300537109,,38840.0,,12.38,85.154,38.333,81.6053,0.8285514201027309
New Zealand,NZL,2017,15.0439300537109,,38840.0,,12.38,85.652,38.333,81.6053,0.8285514201027309
New Zealand,NZL,2018,14.5594902038574,,41660.0,,11.84,85.846,38.333,81.8838,0.8285514201027309
New Zealand,NZL,2018,14.5594902038574,,41660.0,,11.84,86.236,38.333,81.8838,0.8285514201027309
New Zealand,NZL,2019,13.4748601913452,,43130.0,,11.98,86.865,40.833,81.8322,0.8222917601730328
New Zealand,NZL,2019,13.4748601913452,,43130.0,,11.98,87.246,40.833,81.8322,0.8222917601730328
New Zealand,NZL,2020,13.6221199035644,,41850.0,,11.36,86.035,48.333,82.6628,0.8250339314547703
New Zealand,NZL,2020,13.6221199035644,,41850.0,,11.36,86.382,48.333,82.6628,0.8250339314547703
New Zealand,NZL,2021,13.4576196670532,,45800.0,,11.54,87.063,49.167,82.3003,0.8310209986350305
New Zealand,NZL,2021,13.4576196670532,,45800.0,,11.54,87.46,49.167,82.3003,0.8310209986350305
New Zealand,NZL,2022,12.6147699356079,,49160.0,,11.57,87.754,50.42,81.0061,0.8271033018254261
New Zealand,NZL,2022,12.6147699356079,,49160.0,,11.57,88.194,50.42,81.0061,0.8271033018254261
New Zealand,NZL,2023,12.7266798019409,,49020.0,,10.95,87.807,44.262,82.088,0.8254876229304711
New Zealand,NZL,2023,12.7266798019409,,49020.0,,10.95,88.156,44.262,82.088,0.8254876229304711
New Zealand,NZL,2024,,,47580.0,,11.03,88.378,45.528,,0.8337797373346151
New Zealand,NZL,2024,,,47580.0,,11.03,88.798,45.528,,0.8337797373346151
OECD members,OED,2000,12.8986797332764,,23147.24735603558,,13.811701151898772,69.885,18.049,,
OECD members,OED,2000,12.8986797332764,,23147.24735603558,,13.811701151898772,70.376,18.049,,
OECD members,OED,2001,12.2122402191162,,23117.86779171163,,13.467754765181748,70.238,17.728,,
OECD members,OED,2001,12.2122402191162,,23117.86779171163,,13.467754765181748,70.343,17.728,,
OECD members,OED,2002,12.50190973281865,,22981.52975699944,,13.247626773401343,70.693,19.241,,
OECD members,OED,2002,12.50190973281865,,22981.52975699944,,13.247626773401343,70.789,19.241,,
OECD members,OED,2003,12.8338298797607,,24724.37485020379,,13.176549576754939,71.175,19.507,,
OECD members,OED,2003,12.8338298797607,,24724.37485020379,,13.176549576754939,71.28,19.507,,
OECD members,OED,2004,12.7789602279663,,28198.865664762514,,13.097835862245734,71.415,20.089,,
OECD members,OED,2004,12.7789602279663,,28198.865664762514,,13.097835862245734,71.515,20.089,,
OECD members,OED,2005,12.2496995925903,,31060.687635197613,,12.96468585981452,71.734,20.699,,
OECD members,OED,2005,12.2496995925903,,31060.687635197613,,12.96468585981452,71.866,20.699,,
OECD members,OED,2006,12.7120199203491,,32573.77683646359,,13.088226210457265,72.156,21.1,,
OECD members,OED,2006,12.7120199203491,,32573.77683646359,,13.088226210457265,72.541,21.1,,
OECD members,OED,2007,12.7656803131103,,33844.61415023032,,13.122547487210207,72.471,22.238,,
OECD members,OED,2007,12.7656803131103,,33844.61415023032,,13.122547487210207,72.597,22.238,,
OECD members,OED,2008,12.4724502563477,,35282.67202382045,,13.096824829370862,72.859,22.389,,
OECD members,OED,2008,12.4724502563477,,35282.67202382045,,13.096824829370862,72.955,22.389,,
OECD members,OED,2009,12.392644882202099,,34659.14747318271,,12.812141026570291,73.703,23.088,,
OECD members,OED,2009,12.392644882202099,,34659.14747318271,,12.812141026570291,73.816,23.088,,
OECD members,OED,2010,11.948920249939,,35611.32213572878,,12.64915975793185,73.974,23.167,,
OECD members,OED,2010,11.948920249939,,35611.32213572878,,12.64915975793185,74.105,23.167,,
OECD members,OED,2011,12.278355121612549,,36736.14177327341,,12.409350771326855,74.277,23.964,,
OECD members,OED,2011,12.278355121612549,,36736.14177327341,,12.409350771326855,74.512,23.964,,
OECD members,OED,2012,11.8632898330688,,37833.22863396216,,12.335922801806642,74.612,25.027,,
OECD members,OED,2012,11.8632898330688,,37833.22863396216,,12.335922801806642,74.83,25.027,,
OECD members,OED,2013,12.5255098342896,,38519.30536986547,,12.080615860170068,74.931,26.166,,
OECD members,OED,2013,12.5255098342896,,38519.30536986547,,12.080615860170068,75.163,26.166,,
OECD members,OED,2014,12.3875398635864,,38651.08893960055,,12.079692222365768,75.114,26.791,,
OECD members,OED,2014,12.3875398635864,,38651.08893960055,,12.079692222365768,75.364,26.791,,
OECD members,OED,2015,12.777135372161851,,37508.88227730806,,11.904006478056735,75.283,27.843,,
OECD members,OED,2015,12.777135372161851,,37508.88227730806,,11.904006478056735,75.522,27.843,,
OECD members,OED,2016,12.9944200515747,,36658.24118023222,,11.737334205061721,75.619,27.966,,
OECD members,OED,2016,12.9944200515747,,36658.24118023222,,11.737334205061721,75.858,27.966,,
OECD members,OED,2017,12.1481251716614,,36833.20081881169,,11.424340796314938,75.971,28.872,,
OECD members,OED,2017,12.1481251716614,,36833.20081881169,,11.424340796314938,76.211,28.872,,
OECD members,OED,2018,12.13272523880005,,39251.27852935175,,11.18739257495688,76.265,29.875,,
OECD members,OED,2018,12.13272523880005,,39251.27852935175,,11.18739257495688,76.485,29.875,,
OECD members,OED,2019,12.0098304748535,,40558.35897042643,,10.909259116829578,76.87,30.802,,
OECD members,OED,2019,12.0098304748535,,40558.35897042643,,10.909259116829578,77.095,30.802,,
OECD members,OED,2020,11.7773447036743,,39105.781400556836,,10.52346961048231,76.733,31.499,,
OECD members,OED,2020,11.7773447036743,,39105.781400556836,,10.52346961048231,76.98,31.499,,
OECD members,OED,2021,11.4871850013733,,43126.86437393008,,10.50911719603281,77.075,32.423,,
OECD members,OED,2021,11.4871850013733,,43126.86437393008,,10.50911719603281,77.258,32.423,,
OECD members,OED,2022,11.5283350944519,,45728.48583163143,,10.220555371559986,77.613,32.522,,
OECD members,OED,2022,11.5283350944519,,45728.48583163143,,10.220555371559986,77.929,32.522,,
OECD members,OED,2023,,,46413.74953613295,,9.807704863813898,78.319,32.829,,
OECD members,OED,2023,,,46413.74953613295,,9.807704863813898,78.592,32.829,,
OECD members,OED,2024,,,47119.19160200709,,9.651272671102554,78.709,33.29,,
OECD members,OED,2024,,,47119.19160200709,,9.651272671102554,79.062,33.29,,
Oman,OMN,2000,8.98344039916992,,8070.0,,23.841,31.455,,73.6428,
Oman,OMN,2000,8.98344039916992,,8070.0,,23.841,21.435,,73.6428,
Oman,OMN,2001,10.5839900970459,,8940.0,,23.255,31.603,,73.9788,
Oman,OMN,2002,11.0624799728394,,9210.0,,22.832,31.858,,74.2761,
Oman,OMN,2003,10.0389604568481,,9640.0,,22.485,32.129,,74.5213,
Oman,OMN,2003,10.0389604568481,,9640.0,,22.485,31.986,,74.5213,
Oman,OMN,2004,10.3164701461792,,11050.0,,21.785,32.214,2.41,74.8204,
Oman,OMN,2005,10.0536403656006,,12590.0,,20.933,32.406,2.41,75.0705,
Oman,OMN,2006,11.224630355835,,14850.0,,20.211,32.56,2.41,75.3543,
Oman,OMN,2007,,,17290.0,,19.909,32.666,0.0,75.5959,
Oman,OMN,2008,,,21190.0,,20.571,32.741,0.0,76.124,
Oman,OMN,2008,,,21190.0,,20.571,31.411,0.0,76.124,
Oman,OMN,2009,10.949179649353,,22010.0,,21.921,32.791,0.0,76.6309,
Oman,OMN,2010,,,22510.0,,23.352,32.832,0.0,77.1844,
Oman,OMN,2011,,,20820.0,,21.582,32.658,1.19,77.7405,
Oman,OMN,2012,,,21960.0,,20.686,32.603,1.19,78.1874,
Oman,OMN,2013,11.0801801681519,,22920.0,,20.947,32.86,1.19,78.6326,
Oman,OMN,2013,11.0801801681519,,22920.0,,20.947,31.955,1.19,78.6326,
Oman,OMN,2014,,,22060.0,,21.166,33.307,1.19,79.03,
Oman,OMN,2015,,,20560.0,,20.992,33.826,1.176,79.3457,
Oman,OMN,2016,,,18550.0,,20.544,34.367,1.176,79.5813,
Oman,OMN,2016,,,18550.0,,20.544,33.876,1.176,79.5813,
Oman,OMN,2017,15.2072200775147,,16640.0,,20.155,34.471,1.176,79.7483,
Oman,OMN,2017,15.2072200775147,,16640.0,,20.155,42.089,1.176,79.7483,
Oman,OMN,2018,11.9663095474243,,17250.0,,19.269,34.259,1.176,79.8642,
Oman,OMN,2018,11.9663095474243,,17250.0,,19.269,43.272,1.176,79.8642,
Oman,OMN,2019,13.0579996109009,,17860.0,,18.858,34.036,2.326,79.9456,
Oman,OMN,2019,13.0579996109009,,17860.0,,18.858,44.222,2.326,79.9456,
Oman,OMN,2020,15.4427700042725,,17190.0,,18.856,34.201,2.326,77.7634,
Oman,OMN,2020,15.4427700042725,,17190.0,,18.856,44.709,2.326,77.7634,
Oman,OMN,2021,,,17910.0,,18.337,34.608,2.326,75.9693,
Oman,OMN,2021,,,17910.0,,18.337,41.71,2.326,75.9693,
Oman,OMN,2022,14.1779499053955,,19270.0,,16.353,34.939,2.326,77.9106,
Oman,OMN,2022,14.1779499053955,,19270.0,,16.353,46.173,2.326,77.9106,
Oman,OMN,2023,,,19950.0,,16.847,34.432,0.0,80.0305,
Oman,OMN,2024,,,19520.0,,16.778,34.137,0.0,,
Other small states,OSS,2000,14.685040473938,,4819.281345416161,,22.173536707934566,67.606,11.258,,
Other small states,OSS,2001,14.8261499404907,,4790.917896707348,,21.805609485409036,68.03,11.7,,
Other small states,OSS,2002,15.1506299972534,,4819.043811758513,,21.683688418286497,68.96,13.419,,
Other small states,OSS,2003,17.9227199554443,,5418.331983223921,,21.581586163551165,69.663,14.085,,
Other small states,OSS,2004,16.6100401878357,,6562.449859341424,,21.40774610095266,70.164,14.008,,
Other small states,OSS,2005,16.46374559402465,,7803.642395174729,,21.097434616488567,71.18,15.302,,
Other small states,OSS,2006,16.1796207427979,,8668.444733230624,,20.815854476391312,71.566,13.731,,
Other small states,OSS,2007,14.1832799911499,,9685.792901271983,,20.670841476408302,71.751,14.009,,
Other small states,OSS,2008,14.0394401550293,,10504.842051641153,,20.608816748138576,72.571,16.126,,
Other small states,OSS,2009,13.2472295761108,,10173.33021263475,,20.379654925439734,73.279,16.272,,
Other small states,OSS,2010,14.5731496810913,,10166.188868357282,,20.0007682803259,73.967,17.078,,
Other small states,OSS,2011,13.846170425415,,10715.622675303508,,19.62661744680798,73.92,17.705,,
Other small states,OSS,2012,13.4119548797607,,11053.080539334322,,19.29592276937537,74.654,18.497,,
Other small states,OSS,2013,14.7890100479126,,11436.322325091516,,18.840778612453974,74.098,18.282,,
Other small states,OSS,2014,12.3347997665405,,11365.038416262665,,18.51111074107944,74.067,18.254,,
Other small states,OSS,2015,13.7631549835205,,11107.49910783939,,18.089774330474025,75.167,18.137,,
Other small states,OSS,2016,15.29900979995725,,10818.839803735913,,17.807353378752705,74.979,18.828,,
Other small states,OSS,2016,15.29900979995725,,10818.839803735913,,17.807353378752705,77.343,18.828,,
Other small states,OSS,2017,15.23656463623045,,11084.623084894327,,17.353903470717015,75.33,18.286,,
Other small states,OSS,2018,14.4741497039795,,12224.740596794847,,16.98175188423955,75.434,19.45,,
Other small states,OSS,2019,13.2011098861694,,12992.084133809523,,16.61159081639358,76.234,20.908,,
Other small states,OSS,2020,12.1634101867676,,11924.597971824987,,16.396840782638268,76.427,21.958,,
Other small states,OSS,2021,12.3894596099853,,12928.58036796412,,16.218970069819626,77.079,23.15,,
Other small states,OSS,2021,12.3894596099853,,12928.58036796412,,16.218970069819626,78.416,23.15,,
Other small states,OSS,2022,14.3691248893738,,13874.065206798079,,15.755484099896014,76.149,24.203,,
Other small states,OSS,2023,,,14621.383180579312,,15.543984492206992,77.779,24.365,,
Other small states,OSS,2024,14.1932001113892,,14976.067027143215,,15.275411219545994,78.111,24.019,,
Pakistan,PAK,2000,8.4898796081543,,470.0,,36.541,19.55,,61.9029,
Pakistan,PAK,2000,8.4898796081543,,470.0,,36.541,19.55,,61.9029,
Pakistan,PAK,2001,,,530.0,,35.71,19.59,,62.2406,
Pakistan,PAK,2002,,,600.0,,34.883,19.63,21.053,62.5561,
Pakistan,PAK,2002,,,600.0,,34.883,19.63,21.053,62.5561,
Pakistan,PAK,2003,,,640.0,,34.295,20.65,21.637,62.8343,
Pakistan,PAK,2004,11.2293500900269,,740.0,,33.21,21.712,21.345,63.0972,
Pakistan,PAK,2004,11.2293500900269,,740.0,,33.21,21.712,21.345,63.0972,
Pakistan,PAK,2005,13.777509689331,3.91673994064331,830.0,,32.887,22.735,21.345,62.4163,
Pakistan,PAK,2005,13.777509689331,3.91673994064331,830.0,,32.887,20.506,21.345,62.4163,
Pakistan,PAK,2006,15.2890996932983,6.29511976242065,890.0,,33.162,23.83,21.345,63.6235,
Pakistan,PAK,2006,15.2890996932983,6.29511976242065,890.0,,33.162,23.83,21.345,63.6235,
Pakistan,PAK,2007,15.445520401001,5.36542999851818,940.0,,33.262,24.361,21.053,63.8075,
Pakistan,PAK,2007,15.445520401001,5.36542999851818,940.0,,33.262,24.361,21.053,63.8075,
Pakistan,PAK,2008,14.096960067749,6.07085990905762,1000.0,,33.583,25.166,22.485,64.0021,
Pakistan,PAK,2008,14.096960067749,6.07085990905762,1000.0,,33.583,25.166,22.485,64.0021,
Pakistan,PAK,2009,12.0826301574707,6.67146015167236,1020.0,,33.609,26.646,22.222,64.2059,
Pakistan,PAK,2009,12.0826301574707,6.67146015167236,1020.0,,33.609,26.646,22.222,64.2059,
Pakistan,PAK,2010,11.8646602630615,6.97446012496948,1000.0,,33.525,28.01,22.222,64.3784,
Pakistan,PAK,2010,11.8646602630615,6.97446012496948,1000.0,,33.525,28.01,22.222,64.3784,
Pakistan,PAK,2011,10.9246101379394,7.39944982528687,1020.0,,33.045,28.466,22.515,64.6588,
Pakistan,PAK,2011,10.9246101379394,7.39944982528687,1020.0,,33.045,28.465,22.515,64.6588,
Pakistan,PAK,2012,11.0406303405762,7.54163980484009,1110.0,,32.48,28.67,22.515,64.8834,0.3651020482681041
Pakistan,PAK,2012,11.0406303405762,7.54163980484009,1110.0,,32.48,27.098,22.515,64.8834,0.3651020482681041
Pakistan,PAK,2013,11.5139799118042,7.9913501739502,1210.0,,31.902,28.876,20.743,65.1285,0.3651020482681041
Pakistan,PAK,2013,11.5139799118042,7.9913501739502,1210.0,,31.902,28.876,20.743,65.1285,0.3651020482681041
Pakistan,PAK,2014,11.3006601333618,8.75331020355225,1250.0,,31.303,29.521,20.743,65.374,0.35501496667687477
Pakistan,PAK,2014,11.3006601333618,8.75331020355225,1250.0,,31.303,29.521,20.743,65.374,0.35501496667687477
Pakistan,PAK,2015,13.1872797012329,8.06536192811808,1280.0,,30.697,30.38,20.588,65.6406,0.38462636582284315
Pakistan,PAK,2015,13.1872797012329,8.06536192811808,1280.0,,30.697,30.379,20.588,65.6406,0.38462636582284315
Pakistan,PAK,2016,15.0634803771973,13.4166451939092,1360.0,,29.956,29.292,20.588,65.9434,0.3871399175706581
Pakistan,PAK,2016,15.0634803771973,13.4166451939092,1360.0,,29.956,29.271,20.588,65.9434,0.3871399175706581
Pakistan,PAK,2017,14.5447797775269,8.65032958984375,1450.0,,29.738,28.235,20.588,66.2233,0.3938479234284096
Pakistan,PAK,2018,12.1924793986342,8.39727898627682,1560.0,,29.343,27.206,20.235,66.4807,0.3938479234284096
Pakistan,PAK,2018,12.1924793986342,8.39727898627682,1560.0,,29.343,27.207,20.235,66.4807,0.3938479234284096
Pakistan,PAK,2019,11.5916795730591,8.95107578576488,1520.0,,28.986,29.461,20.235,66.7288,0.39091832090836126
Pakistan,PAK,2019,11.5916795730591,8.95107578576488,1520.0,,28.986,29.461,20.235,66.7288,0.39091832090836126
Pakistan,PAK,2020,10.7962121538911,,1370.0,,28.625,29.727,20.175,65.7015,0.3882549853217831
Pakistan,PAK,2020,10.7962121538911,,1370.0,,28.625,18.471,20.175,65.7015,0.3882549853217831
Pakistan,PAK,2021,7.81720760893089,8.62528481047306,1420.0,,28.384,30.409,20.175,65.7731,0.3866390384541366
Pakistan,PAK,2021,7.81720760893089,8.62528481047306,1420.0,,28.384,30.41,20.175,65.7731,0.3866390384541366
Pakistan,PAK,2022,9.40440332600436,,1510.0,,28.13,30.057,20.468,67.4167,0.38589709321677923
Pakistan,PAK,2023,9.75506019592285,,1450.0,,27.806,29.967,20.468,67.649,0.37714776386424453
Pakistan,PAK,2024,,,1430.0,,27.412,29.955,17.042,,0.3790546382842271
Panama,PAN,2000,19.8319396972656,,3810.0,56.6,23.51,55.206,9.859,73.4432,
Panama,PAN,2000,19.8319396972656,,3810.0,56.6,23.51,52.842,9.859,73.4432,
Panama,PAN,2001,16.6391296386719,,3770.0,56.7,23.22,56.253,9.859,73.8197,
Panama,PAN,2001,16.6391296386719,,3770.0,56.7,23.22,52.255,9.859,73.8197,
Panama,PAN,2002,16.9575004577637,,3890.0,56.1,22.917,57.312,9.859,74.1947,
Panama,PAN,2002,16.9575004577637,,3890.0,56.1,22.917,57.629,9.859,74.1947,
Panama,PAN,2003,16.3430099487305,,4030.0,55.6,22.65,58.086,9.859,74.5671,
Panama,PAN,2003,16.3430099487305,,4030.0,55.6,22.65,58.417,9.859,74.5671,
Panama,PAN,2004,14.5761699676514,,4490.0,54.8,22.548,57.874,16.667,74.8453,
Panama,PAN,2004,14.5761699676514,,4490.0,54.8,22.548,57.907,16.667,74.8453,
Panama,PAN,2005,,,4880.0,53.8,22.1,59.014,16.667,75.1604,
Panama,PAN,2005,,,4880.0,53.8,22.1,59.196,16.667,75.1604,
Panama,PAN,2006,,,5270.0,54.6,21.784,57.944,16.667,75.4291,
Panama,PAN,2006,,,5270.0,54.6,21.784,57.459,16.667,75.4291,
Panama,PAN,2007,,,5990.0,52.7,21.591,58.922,16.667,75.6751,
Panama,PAN,2007,,,5990.0,52.7,21.591,58.629,16.667,75.6751,
Panama,PAN,2008,14.8747501373291,,6770.0,52.7,21.426,58.613,16.667,75.937,
Panama,PAN,2008,14.8747501373291,,6770.0,52.7,21.426,58.392,16.667,75.937,
Panama,PAN,2009,,,7120.0,51.8,21.177,58.619,8.451,76.2283,
Panama,PAN,2009,,,7120.0,51.8,21.177,59.659,8.451,76.2283,
Panama,PAN,2010,,,7500.0,51.6,20.984,59.278,8.451,76.417,
Panama,PAN,2010,,,7500.0,51.6,20.984,58.894,8.451,76.417,
Panama,PAN,2011,12.9443597793579,,8860.0,51.3,20.98,57.663,8.451,76.6594,
Panama,PAN,2011,12.9443597793579,,8860.0,51.3,20.98,57.952,8.451,76.6594,
Panama,PAN,2012,,,9870.0,51.7,20.732,59.76,8.451,76.8767,0.5224909417085961
Panama,PAN,2012,,,9870.0,51.7,20.732,60.041,8.451,76.8767,0.5224909417085961
Panama,PAN,2013,,,10950.0,51.5,20.42,61.622,8.451,77.1292,0.5224909417085961
Panama,PAN,2013,,,10950.0,51.5,20.42,61.856,8.451,77.1292,0.5224909417085961
Panama,PAN,2014,13.3286304473877,,11520.0,50.5,20.147,62.598,19.298,77.3645,0.5049679777402126
Panama,PAN,2014,13.3286304473877,,11520.0,50.5,20.147,62.784,19.298,77.3645,0.5049679777402126
Panama,PAN,2015,15.1898202896118,,12570.0,50.8,19.839,64.351,18.31,77.5827,0.5298970204521878
Panama,PAN,2015,15.1898202896118,,12570.0,50.8,19.839,64.524,18.31,77.5827,0.5298970204521878
Panama,PAN,2016,15.5377902984619,,13180.0,50.4,19.495,64.873,18.31,77.7724,0.5258933089161815
Panama,PAN,2016,15.5377902984619,,13180.0,50.4,19.495,64.817,18.31,77.7724,0.5258933089161815
Panama,PAN,2017,15.8837099075317,,14230.0,49.9,19.081,65.566,18.31,77.9011,0.5206089336809417
Panama,PAN,2017,15.8837099075317,,14230.0,49.9,19.081,65.795,18.31,77.9011,0.5206089336809417
Panama,PAN,2018,15.816309928894,,14910.0,49.2,18.52,67.431,18.31,78.2656,0.5206089336809417
Panama,PAN,2018,15.816309928894,,14910.0,49.2,18.52,66.893,18.31,78.2656,0.5206089336809417
Panama,PAN,2019,15.6073776131625,,15640.0,49.8,17.57,69.691,21.127,78.5145,0.5192124073666516
Panama,PAN,2019,15.6073776131625,,15640.0,49.8,17.57,69.711,21.127,78.5145,0.5192124073666516
Panama,PAN,2020,15.6296300888062,,13070.0,,16.718,72.614,22.535,76.3302,0.5217351475668207
Panama,PAN,2020,15.6296300888062,,13070.0,,16.718,71.834,22.535,76.3302,0.5217351475668207
Panama,PAN,2021,15.6105003356934,,14920.0,50.9,16.401,63.557,22.535,77.0037,0.5179731533382169
Panama,PAN,2021,15.6105003356934,,14920.0,50.9,16.401,63.506,22.535,77.0037,0.5179731533382169
Panama,PAN,2022,15.7813301086426,,17020.0,,16.239,64.582,22.535,79.3241,0.5167477545749896
Panama,PAN,2022,15.7813301086426,,17020.0,,16.239,64.574,22.535,79.3241,0.5167477545749896
Panama,PAN,2023,11.4927501678467,,17920.0,48.9,16.029,67.728,22.535,79.5937,0.5143493208634943
Panama,PAN,2023,11.4927501678467,,17920.0,48.9,16.029,67.787,22.535,79.5937,0.5143493208634943
Panama,PAN,2024,16.2802952981979,,18010.0,49.7,15.867,70.298,21.429,,0.5176474490274319
Panama,PAN,2024,16.2802952981979,,18010.0,49.7,15.867,69.655,21.429,,0.5176474490274319
Peru,PER,2000,15.2503700256348,,1960.0,49.1,23.836,68.459,,69.821,
Peru,PER,2000,15.2503700256348,,1960.0,49.1,23.836,78.16,,69.821,
Peru,PER,2001,14.7962303161621,,1890.0,51.3,23.028,74.039,18.333,70.315,
Peru,PER,2001,14.7962303161621,,1890.0,51.3,23.028,75.816,18.333,70.315,
Peru,PER,2002,14.5780601501465,,1940.0,53.6,22.599,75.185,18.333,70.8147,
Peru,PER,2002,14.5780601501465,,1940.0,53.6,22.599,77.594,18.333,70.8147,
Peru,PER,2003,14.6583099365234,,2060.0,53.1,22.33,76.308,18.333,71.2777,
Peru,PER,2003,14.6583099365234,,2060.0,53.1,22.33,77.876,18.333,71.2777,
Peru,PER,2004,15.273850440979,,2270.0,49.9,22.392,77.405,18.333,71.4467,
Peru,PER,2004,15.273850440979,,2270.0,49.9,22.392,79.124,18.333,71.4467,
Peru,PER,2005,14.2785196304321,,2520.0,50.4,22.089,78.476,18.333,71.9882,
Peru,PER,2005,14.2785196304321,,2520.0,50.4,22.089,78.475,18.333,71.9882,
Peru,PER,2006,14.0353002548218,,2790.0,50.3,21.821,79.677,29.167,72.3365,
Peru,PER,2006,14.0353002548218,,2790.0,50.3,21.821,79.678,29.167,72.3365,
Peru,PER,2007,14.141770362854,,3190.0,50.0,21.446,81.135,29.167,72.7463,
Peru,PER,2007,14.141770362854,,3190.0,50.0,21.446,81.134,29.167,72.7463,
Peru,PER,2008,14.3778200149536,,3770.0,47.5,20.908,81.518,29.167,72.7426,
Peru,PER,2008,14.3778200149536,,3770.0,47.5,20.908,81.518,29.167,72.7426,
Peru,PER,2009,14.5476303100586,,3950.0,47.0,20.444,81.448,27.5,72.6311,
Peru,PER,2009,14.5476303100586,,3950.0,47.0,20.444,81.448,27.5,72.6311,
Peru,PER,2010,13.4923696517944,,4400.0,45.5,19.884,83.231,27.5,72.8858,
Peru,PER,2010,13.4923696517944,,4400.0,45.5,19.884,83.232,27.5,72.8858,
Peru,PER,2011,13.5442399978638,,4960.0,44.7,19.75,82.631,21.538,73.327,
Peru,PER,2011,13.5442399978638,,4960.0,44.7,19.75,82.632,21.538,73.327,
Peru,PER,2012,14.3694896697998,,5780.0,44.4,19.21,82.358,21.538,73.9792,0.5147148344895314
Peru,PER,2012,14.3694896697998,,5780.0,44.4,19.21,82.358,21.538,73.9792,0.5147148344895314
Peru,PER,2013,15.2219400405884,,6410.0,43.9,18.82,81.977,21.538,74.5905,0.5147148344895314
Peru,PER,2013,15.2219400405884,,6410.0,43.9,18.82,81.976,21.538,74.5905,0.5147148344895314
Peru,PER,2014,16.2275104522705,,6520.0,43.1,18.366,81.578,22.308,75.26,0.488924997064664
Peru,PER,2014,16.2275104522705,,6520.0,43.1,18.366,81.578,22.308,75.26,0.488924997064664
Peru,PER,2015,17.6153793334961,,6340.0,43.4,17.948,80.263,22.308,75.7316,0.5059028689463295
Peru,PER,2015,17.6153793334961,,6340.0,43.4,17.948,80.263,22.308,75.7316,0.5059028689463295
Peru,PER,2016,17.93577003479,,6130.0,43.6,17.565,81.422,27.692,75.9508,0.5173993159275324
Peru,PER,2016,17.93577003479,,6130.0,43.6,17.565,81.421,27.692,75.9508,0.5173993159275324
Peru,PER,2017,18.321159362793,,6090.0,43.3,17.254,81.875,27.692,75.9576,0.5235672519124239
Peru,PER,2017,18.321159362793,,6090.0,43.3,17.254,81.874,27.692,75.9576,0.5235672519124239
Peru,PER,2018,17.1521797180176,,6500.0,42.4,16.93,82.513,27.692,76.018,0.5235672519124239
Peru,PER,2018,17.1521797180176,,6500.0,42.4,16.93,82.513,27.692,76.018,0.5235672519124239
Peru,PER,2019,17.7330207824707,,6850.0,41.5,16.853,82.572,30.0,76.2749,0.5067532776554031
Peru,PER,2019,17.7330207824707,,6850.0,41.5,16.853,82.572,30.0,76.2749,0.5067532776554031
Peru,PER,2020,15.9272603988647,,6080.0,43.7,16.61,76.567,26.154,73.8315,0.4990517436510816
Peru,PER,2020,15.9272603988647,,6080.0,43.7,16.61,76.568,26.154,73.8315,0.4990517436510816
Peru,PER,2021,16.7178897857666,,6550.0,40.1,16.398,81.883,40.0,71.5962,0.4893074801725741
Peru,PER,2021,16.7178897857666,,6550.0,40.1,16.398,81.882,40.0,71.5962,0.4893074801725741
Peru,PER,2022,16.4729995727539,,6920.0,40.3,16.183,80.957,40.0,76.834,0.48525663888287573
Peru,PER,2022,16.4729995727539,,6920.0,40.3,16.183,80.748,40.0,76.834,0.48525663888287573
Peru,PER,2023,18.8577194213867,,7080.0,40.7,15.944,80.866,38.76,77.7401,0.4862957304770167
Peru,PER,2023,18.8577194213867,,7080.0,40.7,15.944,80.625,38.76,77.7401,0.4862957304770167
Peru,PER,2024,19.205020904541,,7500.0,40.1,15.751,80.291,38.462,,0.48223150581220253
Peru,PER,2024,19.205020904541,,7500.0,40.1,15.751,80.11,38.462,,0.48223150581220253
Philippines,PHL,2000,15.2067604064941,,1150.0,,29.285,62.304,11.261,67.7892,
Philippines,PHL,2000,15.2067604064941,,1150.0,,29.285,60.199,11.261,67.7892,
Philippines,PHL,2001,13.9159097671509,,1140.0,,29.145,62.286,17.757,67.8286,
Philippines,PHL,2001,13.9159097671509,,1140.0,,29.145,62.847,17.757,67.8286,
Philippines,PHL,2002,14.0689296722412,,1110.0,,28.534,62.252,17.757,67.886,
Philippines,PHL,2002,14.0689296722412,,1110.0,,28.534,63.977,17.757,67.886,
Philippines,PHL,2003,14.380220413208,,1150.0,,28.101,62.192,17.757,68.0491,
Philippines,PHL,2003,14.380220413208,,1150.0,,28.101,62.298,17.757,68.0491,
Philippines,PHL,2004,12.7508497238159,,1260.0,,27.629,60.876,15.254,68.3007,
Philippines,PHL,2004,12.7508497238159,,1260.0,,27.629,60.947,15.254,68.3007,
Philippines,PHL,2005,12.4223604202271,,1350.0,,27.154,62.34,15.254,68.4231,
Philippines,PHL,2005,12.4223604202271,,1350.0,,27.154,62.418,15.254,68.4231,
Philippines,PHL,2006,13.2685298919678,,1470.0,,27.419,62.931,15.254,68.1723,
Philippines,PHL,2006,13.2685298919678,,1470.0,,27.419,63.033,15.254,68.1723,
Philippines,PHL,2007,13.6670198440552,,1680.0,,27.0,63.193,20.502,68.549,
Philippines,PHL,2007,13.6670198440552,,1680.0,,27.0,63.328,20.502,68.549,
Philippines,PHL,2008,14.4419898986816,,1970.0,,27.12,62.324,20.502,68.6432,
Philippines,PHL,2008,14.4419898986816,,1970.0,,27.12,62.607,20.502,68.6432,
Philippines,PHL,2009,13.2111597061157,,2130.0,,26.987,63.439,20.974,68.6311,
Philippines,PHL,2009,13.2111597061157,,2130.0,,26.987,63.764,20.974,68.6311,
Philippines,PHL,2010,,,2310.0,,26.564,64.019,22.143,68.8833,
Philippines,PHL,2010,,,2310.0,,26.564,64.257,22.143,68.8833,
Philippines,PHL,2011,,,2450.0,,26.007,64.46,22.887,69.0963,
Philippines,PHL,2011,,,2450.0,,26.007,64.699,22.887,69.0963,
Philippines,PHL,2012,,,2780.0,,25.22,64.297,22.887,69.2375,0.4949948692372639
Philippines,PHL,2012,,,2780.0,,25.22,64.493,22.887,69.2375,0.4949948692372639
Philippines,PHL,2013,,,3060.0,,24.56,64.553,27.336,69.2828,0.4949948692372639
Philippines,PHL,2013,,,3060.0,,24.56,64.689,27.336,69.2828,0.4949948692372639
Philippines,PHL,2014,15.5159407407407,,3220.0,,23.404,65.027,27.336,69.3106,0.5008951186725715
Philippines,PHL,2014,15.5159407407407,,3220.0,,23.404,65.114,27.336,69.3106,0.5008951186725715
Philippines,PHL,2015,15.1455329623945,,3280.0,,22.933,65.385,27.241,69.4501,0.5199496036668536
Philippines,PHL,2015,15.1455329623945,,3280.0,,22.933,65.265,27.241,69.4501,0.5199496036668536
Philippines,PHL,2016,16.6420963421947,,3350.0,,21.76,64.019,29.795,69.4896,0.506331952093251
Philippines,PHL,2016,16.6420963421947,,3350.0,,21.76,63.992,29.795,69.4896,0.506331952093251
Philippines,PHL,2017,19.5904269552239,,3440.0,,20.571,61.265,29.452,69.9661,0.4696543448729112
Philippines,PHL,2017,19.5904269552239,,3440.0,,20.571,61.159,29.452,69.9661,0.4696543448729112
Philippines,PHL,2018,18.6920129280595,,3610.0,,19.418,62.626,29.452,69.7615,0.4696543448729112
Philippines,PHL,2018,18.6920129280595,,3610.0,,19.418,62.364,29.452,69.7615,0.4696543448729112
Philippines,PHL,2019,18.1630919978121,,3760.0,,18.104,64.148,27.961,69.6804,0.4708790046136317
Philippines,PHL,2019,18.1630919978121,,3760.0,,18.104,63.773,27.961,69.6804,0.4708790046136317
Philippines,PHL,2020,16.8932648780488,,3350.0,,17.017,63.628,27.961,70.0974,0.474664557334528
Philippines,PHL,2020,16.8932648780488,,3350.0,,17.017,63.264,27.961,70.0974,0.474664557334528
Philippines,PHL,2021,16.6816593430981,,3570.0,,16.108,64.062,27.961,66.6755,0.46079162647362715
Philippines,PHL,2021,16.6816593430981,,3570.0,,16.108,63.644,27.961,66.6755,0.46079162647362715
Philippines,PHL,2022,15.6964005295008,,4010.0,,16.057,69.261,27.331,69.4723,0.4670607351913872
Philippines,PHL,2022,15.6964005295008,,4010.0,,16.057,68.866,27.331,69.4723,0.4670607351913872
Philippines,PHL,2023,16.7279840736522,,4320.0,,16.019,69.444,27.331,69.8327,0.4601906702551364
Philippines,PHL,2023,16.7279840736522,,4320.0,,16.019,70.236,27.331,69.8327,0.4601906702551364
Philippines,PHL,2024,16.5494857826479,,4470.0,,15.894,69.632,27.331,,0.4606709340970146
Palau,PLW,2000,,,6860.0,,14.377,78.854,0.0,64.4991,
Palau,PLW,2001,,,7520.0,,14.479,,0.0,64.8001,
Palau,PLW,2002,,,7740.0,,14.458,,0.0,65.0756,
Palau,PLW,2003,,,7790.0,,14.291,,0.0,65.446,
Palau,PLW,2004,,,8370.0,,14.027,,0.0,65.8158,
Palau,PLW,2005,,,9010.0,,13.94,77.056,0.0,66.2193,
Palau,PLW,2006,,,9440.0,,13.81,,0.0,66.6334,
Palau,PLW,2007,,,9970.0,,13.741,,0.0,67.1128,
Palau,PLW,2008,,,10000.0,,13.676,,0.0,67.5618,
Palau,PLW,2009,,,10090.0,,13.649,,0.0,67.9904,
Palau,PLW,2010,,,10080.0,,13.65,,0.0,68.3473,
Palau,PLW,2011,,,10860.0,,13.8,,0.0,68.6384,
Palau,PLW,2012,,,11320.0,,13.99,,0.0,68.8632,
Palau,PLW,2013,,,11740.0,,14.024,,0.0,68.9805,
Palau,PLW,2014,,,12740.0,,13.362,75.829,0.0,69.062,
Palau,PLW,2015,,,14190.0,,12.582,,0.0,69.0702,
Palau,PLW,2016,,,15000.0,,12.741,,12.5,69.0464,
Palau,PLW,2017,,,15700.0,,12.437,,12.5,69.0189,
Palau,PLW,2018,,,16040.0,,12.004,,12.5,68.9885,
Palau,PLW,2019,,,16200.0,,11.921,,12.5,68.9816,
Palau,PLW,2020,,,15360.0,,11.624,80.496,6.25,68.6889,
Palau,PLW,2021,,,13770.0,,11.377,,6.25,68.5629,
Palau,PLW,2022,,,14100.0,,11.115,,6.25,68.9222,
Palau,PLW,2023,,,14780.0,,10.897,83.853,6.25,69.269,
Palau,PLW,2024,,,,,10.687,,25.0,,
Papua New Guinea,PNG,2000,,,600.0,,34.423,97.819,1.835,61.6091,
Papua New Guinea,PNG,2000,,,600.0,,34.423,97.022,1.835,61.6091,
Papua New Guinea,PNG,2001,,,530.0,,34.214,98.073,1.835,61.6465,
Papua New Guinea,PNG,2002,,,490.0,,33.983,98.34,,61.6432,
Papua New Guinea,PNG,2003,,,480.0,,33.675,98.434,0.917,61.741,
Papua New Guinea,PNG,2004,,,540.0,,33.206,98.483,0.917,61.7954,
Papua New Guinea,PNG,2005,,,650.0,,32.813,98.252,0.917,61.8678,
Papua New Guinea,PNG,2006,,,780.0,,32.362,98.095,0.917,62.018,
Papua New Guinea,PNG,2007,,,1040.0,,31.921,97.78,0.917,62.2111,
Papua New Guinea,PNG,2008,,,1360.0,,31.549,98.023,0.917,62.5106,
Papua New Guinea,PNG,2009,,,1460.0,,31.074,97.774,0.917,62.7722,
Papua New Guinea,PNG,2010,,,1660.0,,30.734,97.343,0.917,63.0557,
Papua New Guinea,PNG,2010,,,1660.0,,30.734,97.342,0.917,63.0557,
Papua New Guinea,PNG,2011,,,1730.0,,30.304,97.359,0.917,63.3819,
Papua New Guinea,PNG,2012,,,2150.0,,29.802,97.155,2.703,63.6389,
Papua New Guinea,PNG,2013,,,2340.0,,29.354,96.999,2.703,63.9267,
Papua New Guinea,PNG,2014,,,2790.0,,28.899,96.37,2.703,64.1977,
Papua New Guinea,PNG,2015,,,2520.0,,28.375,96.107,2.703,64.473,
Papua New Guinea,PNG,2016,,,2410.0,,27.865,95.9,2.703,64.7,
Papua New Guinea,PNG,2017,,,2310.0,,27.361,95.773,0.0,64.9229,
Papua New Guinea,PNG,2018,,,2310.0,,26.956,95.793,0.0,65.1139,
Papua New Guinea,PNG,2019,,,2420.0,,26.466,95.623,0.0,65.3306,
Papua New Guinea,PNG,2020,,,2410.0,,26.092,95.54,0.0,65.075,
Papua New Guinea,PNG,2021,,,2370.0,,25.582,95.916,0.0,64.3577,
Papua New Guinea,PNG,2022,,,2690.0,,25.16,95.081,1.739,65.2736,
Papua New Guinea,PNG,2022,,,2690.0,,25.16,95.082,1.739,65.2736,
Papua New Guinea,PNG,2023,,,2800.0,,24.576,95.169,2.703,66.134,
Papua New Guinea,PNG,2024,,,2900.0,,24.291,95.361,2.703,,
Poland,POL,2000,11.5805702209473,,4690.0,33.0,9.9,77.224,13.043,73.6453,
Poland,POL,2000,11.5805702209473,,4690.0,33.0,9.9,77.065,13.043,73.6453,
Poland,POL,2001,11.8656597137451,,4720.0,32.8,9.6,77.966,20.217,74.1771,
Poland,POL,2001,11.8656597137451,,4720.0,32.8,9.6,77.746,20.217,74.1771,
Poland,POL,2002,11.920599937439,16.0597305297852,4890.0,34.1,9.3,77.675,20.217,74.5183,
Poland,POL,2002,11.920599937439,16.0597305297852,4890.0,34.1,9.3,77.47,20.217,74.5183,
Poland,POL,2003,11.6752195358276,,5510.0,34.9,9.2,77.486,20.217,74.7716,
Poland,POL,2003,11.6752195358276,,5510.0,34.9,9.2,77.323,20.217,74.7716,
Poland,POL,2004,12.3235301971435,,6290.0,38.0,9.3,76.845,20.217,74.9434,
Poland,POL,2004,12.3235301971435,,6290.0,38.0,9.3,76.686,20.217,74.9434,
Poland,POL,2005,12.2652902603149,,7340.0,35.8,9.5,76.128,20.435,75.127,
Poland,POL,2005,12.2652902603149,,7340.0,35.8,9.5,75.99,20.435,75.127,
Poland,POL,2006,12.7099800109863,,8450.0,34.7,9.8,75.494,20.435,75.2504,
Poland,POL,2006,12.7099800109863,,8450.0,34.7,9.8,75.576,20.435,75.2504,
Poland,POL,2007,11.3483295440674,,9940.0,34.0,10.2,75.331,20.435,75.4143,
Poland,POL,2007,11.3483295440674,,9940.0,34.0,10.2,75.441,20.435,75.4143,
Poland,POL,2008,11.410249710083,20.6674900054932,11980.0,33.5,10.9,75.072,20.217,75.5829,
Poland,POL,2008,11.410249710083,20.6674900054932,11980.0,33.5,10.9,75.19,20.217,75.5829,
Poland,POL,2009,11.0830497741699,22.1003704071045,12520.0,33.4,10.9,75.351,20.0,75.9063,
Poland,POL,2009,11.0830497741699,22.1003704071045,12520.0,33.4,10.9,75.411,20.0,75.9063,
Poland,POL,2010,11.0465202331543,23.5479202270508,12730.0,33.2,10.9,76.17,20.0,76.2823,
Poland,POL,2010,11.0465202331543,23.5479202270508,12730.0,33.2,10.9,75.693,20.0,76.2823,
Poland,POL,2011,10.9456796646118,24.4025897979736,12900.0,33.2,10.2,75.944,23.696,76.5683,
Poland,POL,2011,10.9456796646118,24.4025897979736,12900.0,33.2,10.2,75.608,23.696,76.5683,
Poland,POL,2012,11.1955099105835,25.1213092803955,13170.0,33.0,10.1,76.162,23.696,76.7748,0.715621469814887
Poland,POL,2012,11.1955099105835,25.1213092803955,13170.0,33.0,10.1,75.847,23.696,76.7748,0.715621469814887
Poland,POL,2013,11.5664396286011,25.9972400665283,13290.0,33.1,9.7,75.895,23.696,77.0758,0.715621469814887
Poland,POL,2013,11.5664396286011,25.9972400665283,13290.0,33.1,9.7,75.562,23.696,77.0758,0.715621469814887
Poland,POL,2014,11.5705003738403,27.1228694915771,13540.0,32.8,9.9,75.919,24.348,77.312,0.6748588389193785
Poland,POL,2014,11.5705003738403,27.1228694915771,13540.0,32.8,9.9,75.537,24.348,77.312,0.6748588389193785
Poland,POL,2015,11.5371503829956,27.7248462227017,13320.0,31.8,9.7,75.896,27.391,77.5894,0.721590951845032
Poland,POL,2015,11.5371503829956,27.7248462227017,13320.0,31.8,9.7,75.555,27.391,77.5894,0.721590951845032
Poland,POL,2016,11.2715997695923,28.1719207763672,12740.0,31.2,10.1,75.655,27.391,77.6395,0.7178629735812764
Poland,POL,2016,11.2715997695923,28.1719207763672,12740.0,31.2,10.1,75.257,27.391,77.6395,0.7178629735812764
Poland,POL,2017,11.0439596176147,29.4272240937075,12780.0,29.7,10.6,75.371,28.043,77.7155,0.6749876991607775
Poland,POL,2017,11.0439596176147,29.4272240937075,12780.0,29.7,10.6,74.959,28.043,77.7155,0.6749876991607775
Poland,POL,2018,11.1106195449829,29.9228188971402,14310.0,30.2,10.2,75.716,28.043,77.6232,0.6749876991607775
Poland,POL,2018,11.1106195449829,29.9228188971402,14310.0,30.2,10.2,75.267,28.043,77.6232,0.6749876991607775
Poland,POL,2019,11.1711702346802,30.6677236113517,15510.0,28.8,9.9,75.15,28.696,77.9213,0.6644719775117742
Poland,POL,2019,11.1711702346802,30.6677236113517,15510.0,28.8,9.9,74.703,28.696,77.9213,0.6644719775117742
Poland,POL,2020,10.0572299957275,31.4802398681641,15640.0,28.5,9.5,74.598,28.696,76.5951,0.6569239701788305
Poland,POL,2020,10.0572299957275,31.4802398681641,15640.0,28.5,9.5,74.232,28.696,76.5951,0.6569239701788305
Poland,POL,2021,10.6040897369385,31.8070297241211,17470.0,28.5,9.0,75.98,28.322,75.6387,0.6412683505810439
Poland,POL,2021,10.6040897369385,31.8070297241211,17470.0,28.5,9.0,76.233,28.322,75.6387,0.6412683505810439
Poland,POL,2022,9.97441005706787,,19110.0,28.9,8.3,77.09,28.261,77.9229,0.6429652220576976
Poland,POL,2022,9.97441005706787,,19110.0,28.9,8.3,77.357,28.261,77.9229,0.6429652220576976
Poland,POL,2023,,,19890.0,28.5,7.4,78.096,29.348,78.6329,0.6389109647597091
Poland,POL,2023,,,19890.0,28.5,7.4,78.374,29.348,78.6329,0.6389109647597091
Poland,POL,2024,,,21590.0,,6.9,78.685,29.565,,0.6593764798608797
Poland,POL,2024,,,21590.0,,6.9,79.047,29.565,,0.6593764798608797
Pre-demographic dividend,PRE,2000,12.8444900512695,,,,43.87638298593609,83.415,10.007,,
Pre-demographic dividend,PRE,2001,14.90204000473025,,,,43.58682327263758,83.524,11.288,,
Pre-demographic dividend,PRE,2002,14.1290798187256,,,,43.24903460252913,83.702,12.824,,
Pre-demographic dividend,PRE,2003,,,,,43.025354448834925,83.731,13.085,,
Pre-demographic dividend,PRE,2004,14.96150970458985,,,,42.80652384340977,83.84,13.69,,
Pre-demographic dividend,PRE,2005,16.2803001403809,,,,42.58175653531679,83.903,15.287,,
Pre-demographic dividend,PRE,2006,16.8837699890137,,,,42.41159994027993,83.97,16.097,,
Pre-demographic dividend,PRE,2007,,,,,42.12518732013014,84.03,16.672,,
Pre-demographic dividend,PRE,2008,15.938970088958701,,1190.2021133479054,,41.832253575055255,83.915,17.218,,
Pre-demographic dividend,PRE,2009,,,1262.3639029355147,,41.5952139201554,83.715,17.42,,
Pre-demographic dividend,PRE,2010,16.5881004333496,,1324.0508436760315,,41.29394859551157,83.658,17.194,,
Pre-demographic dividend,PRE,2011,15.0819897651672,,1371.2272552754318,,40.885271935136984,83.474,19.533,,
Pre-demographic dividend,PRE,2012,14.8580098152161,,1531.7781456723367,,40.356261898780446,82.973,20.155,,
Pre-demographic dividend,PRE,2013,15.1999998092651,,1661.526209977823,,39.790249687003374,83.093,21.255,,
Pre-demographic dividend,PRE,2014,15.36134004592895,,1756.1262397275889,,39.23294140950542,82.893,20.935,,
Pre-demographic dividend,PRE,2015,15.53116989135745,,1641.4357529522233,,38.54998435919438,82.78,21.843,,
Pre-demographic dividend,PRE,2016,15.3471603393555,,1460.3719174073121,,37.836709959004814,82.648,22.141,,
Pre-demographic dividend,PRE,2017,15.67357492446895,,1313.7602757618442,,37.20990350914607,82.443,22.293,,
Pre-demographic dividend,PRE,2018,16.6443548202515,,1339.513541952468,,36.579907249315845,82.262,22.046,,
Pre-demographic dividend,PRE,2019,14.99249270297075,,1460.6188898242935,,35.96622376630454,82.148,22.011,,
Pre-demographic dividend,PRE,2020,14.39351125569525,,1440.9975646107898,,35.39699760061261,81.857,22.865,,
Pre-demographic dividend,PRE,2021,15.0479038536836,,1556.8394976163581,,35.06724185215729,82.309,24.082,,
Pre-demographic dividend,PRE,2022,14.733645237099399,,1655.7592535879508,,34.7057439363622,82.054,24.555,,
Pre-demographic dividend,PRE,2023,14.8236041330292,,1628.0985595405182,,34.36808568968305,85.242,25.148,,
Pre-demographic dividend,PRE,2024,14.466924352174448,,1453.7030916717708,,33.999829221871146,85.328,25.209,,
Puerto Rico (US),PRI,2000,,,10550.0,,15.59,59.394,,75.5141,
Puerto Rico (US),PRI,2000,,,10550.0,,15.59,59.092,,75.5141,
Puerto Rico (US),PRI,2001,,,10950.0,,14.59,60.906,,75.9715,
Puerto Rico (US),PRI,2002,,,11250.0,,13.7,62.452,,76.8192,
Puerto Rico (US),PRI,2002,,,11250.0,,13.7,62.453,,76.8192,
Puerto Rico (US),PRI,2003,,,12170.0,,13.1,63.449,,76.9406,
Puerto Rico (US),PRI,2003,,,12170.0,,13.1,63.449,,76.9406,
Puerto Rico (US),PRI,2004,,,14260.0,,13.16,62.092,,76.9129,
Puerto Rico (US),PRI,2004,,,14260.0,,13.16,62.092,,76.9129,
Puerto Rico (US),PRI,2005,,,14750.0,,12.96,63.631,,76.7028,
Puerto Rico (US),PRI,2005,,,14750.0,,12.96,63.53,,76.7028,
Puerto Rico (US),PRI,2006,,,15030.0,,12.41,65.762,,77.5612,
Puerto Rico (US),PRI,2006,,,15030.0,,12.41,65.761,,77.5612,
Puerto Rico (US),PRI,2007,,,15860.0,,11.86,65.7,,77.6595,
Puerto Rico (US),PRI,2007,,,15860.0,,11.86,65.253,,77.6595,
Puerto Rico (US),PRI,2008,,,16360.0,,11.79,66.374,,78.1105,
Puerto Rico (US),PRI,2008,,,16360.0,,11.79,66.485,,78.1105,
Puerto Rico (US),PRI,2009,,,16580.0,,11.72,66.4,,78.3772,
Puerto Rico (US),PRI,2010,,,16910.0,,11.3,66.472,,78.7174,
Puerto Rico (US),PRI,2010,,,16910.0,,11.3,66.472,,78.7174,
Puerto Rico (US),PRI,2011,,,17600.0,,11.1,67.545,,78.7656,
Puerto Rico (US),PRI,2011,,,17600.0,,11.1,67.546,,78.7656,
Puerto Rico (US),PRI,2012,,,18550.0,,10.6,68.343,,79.2584,
Puerto Rico (US),PRI,2012,,,18550.0,,10.6,65.945,,79.2584,
Puerto Rico (US),PRI,2013,0.0,,18960.0,,10.1,69.15,,80.3181,
Puerto Rico (US),PRI,2014,0.0,,19010.0,,9.7,69.963,,80.0391,
Puerto Rico (US),PRI,2015,12.2820783186901,,19080.0,,9.0,70.883,,80.6775,
Puerto Rico (US),PRI,2015,12.2820783186901,,19080.0,,9.0,64.938,,80.6775,
Puerto Rico (US),PRI,2016,10.081633355818,,19290.0,,8.3,71.837,,80.3547,
Puerto Rico (US),PRI,2017,10.8898937574732,,19500.0,,7.3,72.597,,79.07,
Puerto Rico (US),PRI,2018,10.2810327951507,,20380.0,,6.7,73.395,,81.0859,
Puerto Rico (US),PRI,2019,13.8154757913494,,21310.0,,6.4,74.56,,81.4383,
Puerto Rico (US),PRI,2020,16.6793429424522,,21200.0,,6.0,74.295,,80.009,
Puerto Rico (US),PRI,2020,16.6793429424522,,21200.0,,6.0,80.577,,80.009,
Puerto Rico (US),PRI,2021,14.0790458190651,,22580.0,,5.9,74.449,,79.7698,
Puerto Rico (US),PRI,2022,16.3748707258125,,24670.0,,5.9,73.875,,79.4269,
Puerto Rico (US),PRI,2023,17.485793221639,,25290.0,,5.8,74.293,,81.6902,
Puerto Rico (US),PRI,2024,17.147099640013,,25860.0,,5.7,74.199,,,
"Korea, Dem. People's Rep.",PRK,2000,,,,,17.521,89.705,20.087,60.9111,
"Korea, Dem. People's Rep.",PRK,2001,,,,,16.894,89.571,20.087,60.8926,
"Korea, Dem. People's Rep.",PRK,2002,,,,,16.05,89.543,20.087,60.8772,
"Korea, Dem. People's Rep.",PRK,2003,,,,,15.318,89.491,,69.3986,
"Korea, Dem. People's Rep.",PRK,2004,,,,,14.599,89.433,20.087,69.2942,
"Korea, Dem. People's Rep.",PRK,2005,,,,,13.903,89.304,20.087,69.1675,
"Korea, Dem. People's Rep.",PRK,2006,,,,,14.021,89.368,20.087,69.0615,
"Korea, Dem. People's Rep.",PRK,2007,,,,,13.856,89.439,20.087,69.0211,
"Korea, Dem. People's Rep.",PRK,2008,,,,,13.923,89.332,20.087,69.3032,
"Korea, Dem. People's Rep.",PRK,2009,,,,,13.403,89.389,15.575,69.7023,
"Korea, Dem. People's Rep.",PRK,2010,13.0806010928962,,,,13.294,89.426,15.575,70.2456,
"Korea, Dem. People's Rep.",PRK,2011,13.3247089262613,,,,13.273,89.413,15.575,70.7724,
"Korea, Dem. People's Rep.",PRK,2012,13.9827904118009,,,,13.316,89.376,15.575,71.3171,
"Korea, Dem. People's Rep.",PRK,2013,14.5656624744077,,,,13.357,89.351,15.575,71.8667,
"Korea, Dem. People's Rep.",PRK,2014,14.2535844813045,,,,13.411,89.329,16.303,72.4508,
"Korea, Dem. People's Rep.",PRK,2015,14.0916355887054,,,,13.423,89.397,16.303,72.8253,
"Korea, Dem. People's Rep.",PRK,2016,13.768115942029,,,,13.458,89.26,16.303,72.9708,
"Korea, Dem. People's Rep.",PRK,2017,14.3320848938826,,,,13.474,89.425,16.303,73.0344,
"Korea, Dem. People's Rep.",PRK,2018,14.9720149253731,,,,13.427,89.626,16.303,73.0196,
"Korea, Dem. People's Rep.",PRK,2019,15.0340715502555,,,,13.405,89.629,17.613,72.9282,
"Korea, Dem. People's Rep.",PRK,2020,14.171383954714,,,,13.391,89.628,17.613,72.7826,
"Korea, Dem. People's Rep.",PRK,2021,12.7598566308244,,,,13.267,89.839,17.613,73.4366,
"Korea, Dem. People's Rep.",PRK,2022,13.8555208161922,,,,13.149,89.509,17.613,73.6411,
"Korea, Dem. People's Rep.",PRK,2023,15.0775011742602,,,,12.947,89.561,17.613,73.6418,
"Korea, Dem. People's Rep.",PRK,2024,13.6765153822723,,,,12.858,89.565,17.613,,
Portugal,PRT,2000,12.0548496246338,,12180.0,,11.7,75.689,17.391,76.8301,
Portugal,PRT,2000,12.0548496246338,,12180.0,,11.7,75.61,17.391,76.8301,
Portugal,PRT,2001,12.0966300964356,,11850.0,,10.9,76.182,18.696,77.1517,
Portugal,PRT,2001,12.0966300964356,,11850.0,,10.9,76.118,18.696,77.1517,
Portugal,PRT,2002,11.9009599685669,,11780.0,,11.0,76.454,19.13,77.3698,
Portugal,PRT,2002,11.9009599685669,,11780.0,,11.0,76.411,19.13,77.3698,
Portugal,PRT,2003,11.63733959198,,13290.0,38.8,10.8,78.363,19.13,77.5828,
Portugal,PRT,2003,11.63733959198,,13290.0,38.8,10.8,78.302,19.13,77.5828,
Portugal,PRT,2004,10.9565200805664,10.6607398986816,16190.0,38.9,10.4,78.132,19.13,78.4274,
Portugal,PRT,2004,10.9565200805664,10.6607398986816,16190.0,38.9,10.4,78.116,19.13,78.4274,
Portugal,PRT,2005,10.8519697189331,10.9376697540283,18600.0,38.5,10.4,79.978,21.304,78.3169,
Portugal,PRT,2005,10.8519697189331,10.9376697540283,18600.0,38.5,10.4,80.001,21.304,78.3169,
Portugal,PRT,2006,10.8700895309448,11.6760902404785,19410.0,38.1,10.0,80.143,21.304,79.0894,
Portugal,PRT,2006,10.8700895309448,11.6760902404785,19410.0,38.1,10.0,80.169,21.304,79.0894,
Portugal,PRT,2007,11.0479097366333,11.8091802597046,20860.0,36.8,9.7,80.91,28.261,79.3087,
Portugal,PRT,2007,11.0479097366333,11.8091802597046,20860.0,36.8,9.7,80.941,28.261,79.3087,
Portugal,PRT,2008,10.3243398666382,12.1280202865601,22630.0,36.6,9.9,80.961,28.261,79.6026,
Portugal,PRT,2008,10.3243398666382,12.1280202865601,22630.0,36.6,9.9,81.002,28.261,79.6026,
Portugal,PRT,2009,11.0692796707153,12.4961700439453,22970.0,34.9,9.4,82.15,27.391,79.8295,
Portugal,PRT,2009,11.0692796707153,12.4961700439453,22970.0,34.9,9.4,82.19,27.391,79.8295,
Portugal,PRT,2010,10.416729927063,13.1550903320312,23030.0,35.8,9.6,83.093,27.391,80.1149,
Portugal,PRT,2010,10.416729927063,13.1550903320312,23030.0,35.8,9.6,83.122,27.391,80.1149,
Portugal,PRT,2011,10.227970123291,14.4505300521851,22750.0,36.3,9.2,81.487,28.696,80.5822,
Portugal,PRT,2011,10.227970123291,14.4505300521851,22750.0,36.3,9.2,81.452,28.696,80.5822,
Portugal,PRT,2012,10.1204595565796,15.5597200393677,21220.0,36.0,8.5,82.514,28.696,80.5549,0.6641690124235099
Portugal,PRT,2012,10.1204595565796,15.5597200393677,21220.0,36.0,8.5,82.44,28.696,80.5549,0.6641690124235099
Portugal,PRT,2013,10.5396003723144,16.3137702941894,21380.0,36.2,7.9,83.293,31.304,80.9029,0.6641690124235099
Portugal,PRT,2013,10.5396003723144,16.3137702941894,21380.0,36.2,7.9,83.22,31.304,80.9029,0.6641690124235099
Portugal,PRT,2014,9.91121959686279,17.9767093658447,21210.0,35.6,7.9,83.452,31.304,81.3135,0.6626699804754278
Portugal,PRT,2014,9.91121959686279,17.9767093658447,21210.0,35.6,7.9,83.379,31.304,81.3135,0.6626699804754278
Portugal,PRT,2015,10.150710105896,18.7413902282715,20450.0,35.5,8.2,83.821,34.783,81.3213,0.7136048610190536
Portugal,PRT,2015,10.150710105896,18.7413902282715,20450.0,35.5,8.2,83.817,34.783,81.3213,0.7136048610190536
Portugal,PRT,2016,,19.5643501281738,19950.0,35.2,8.4,83.554,34.783,81.3636,0.7164588344384425
Portugal,PRT,2016,,19.5643501281738,19950.0,35.2,8.4,83.5,34.783,81.3636,0.7164588344384425
Portugal,PRT,2017,11.0515699386597,19.7842197418213,20030.0,33.8,8.3,83.907,34.783,81.6605,0.720659511207498
Portugal,PRT,2017,11.0515699386597,19.7842197418213,20030.0,33.8,8.3,83.831,34.783,81.6605,0.720659511207498
Portugal,PRT,2018,10.8116998672485,19.2310905456543,22040.0,33.5,8.4,84.646,34.783,81.5915,0.720659511207498
Portugal,PRT,2018,10.8116998672485,19.2310905456543,22040.0,33.5,8.4,84.577,34.783,81.5915,0.720659511207498
Portugal,PRT,2019,10.8932199478149,21.4358196258545,23250.0,32.8,8.4,85.122,38.696,81.9587,0.7120927168745907
Portugal,PRT,2019,10.8932199478149,21.4358196258545,23250.0,32.8,8.4,85.11,38.696,81.9587,0.7120927168745907
Portugal,PRT,2020,9.90178966522217,23.1114807128906,21910.0,34.7,8.1,84.926,40.0,81.3664,0.7043532812129274
Portugal,PRT,2020,9.90178966522217,23.1114807128906,21910.0,34.7,8.1,84.937,40.0,81.3664,0.7043532812129274
Portugal,PRT,2021,10.0826196670532,21.9323596954346,23980.0,34.6,7.6,86.318,40.0,81.3978,0.6998131236999515
Portugal,PRT,2021,10.0826196670532,21.9323596954346,23980.0,34.6,7.6,86.362,40.0,81.3978,0.6998131236999515
Portugal,PRT,2022,10.3742399215698,24.0851915116435,25880.0,36.3,8.0,86.412,36.957,81.1936,0.6892942991968155
Portugal,PRT,2022,10.3742399215698,24.0851915116435,25880.0,36.3,8.0,86.544,36.957,81.1936,0.6892942991968155
Portugal,PRT,2023,,24.5133629992824,26340.0,33.9,8.1,87.048,36.087,82.3599,0.6829637303746712
Portugal,PRT,2023,,24.5133629992824,26340.0,33.9,8.1,87.323,36.087,82.3599,0.6829637303746712
Portugal,PRT,2024,,26.0579987846678,26910.0,,7.9,87.914,32.609,,0.6774966404074869
Portugal,PRT,2024,,26.0579987846678,26910.0,,7.9,87.561,32.609,,0.6774966404074869
Paraguay,PRY,2000,21.5593891143799,,1500.0,,26.885,59.654,2.5,70.0259,
Paraguay,PRY,2000,21.5593891143799,,1500.0,,26.885,62.72,2.5,70.0259,
Paraguay,PRY,2001,19.8792190551758,,1470.0,54.6,25.933,59.915,2.5,70.2808,
Paraguay,PRY,2001,19.8792190551758,,1470.0,54.6,25.933,62.358,2.5,70.2808,
Paraguay,PRY,2002,18.8153991699219,,1400.0,57.3,25.109,60.358,2.5,70.5393,
Paraguay,PRY,2002,18.8153991699219,,1400.0,57.3,25.109,60.358,2.5,70.5393,
Paraguay,PRY,2003,20.8940296173096,,1300.0,54.9,24.412,61.615,8.75,70.7949,
Paraguay,PRY,2003,20.8940296173096,,1300.0,54.9,24.412,61.615,8.75,70.7949,
Paraguay,PRY,2004,18.218240737915,,1440.0,52.3,24.089,66.299,10.0,71.054,
Paraguay,PRY,2004,18.218240737915,,1440.0,52.3,24.089,66.299,10.0,71.054,
Paraguay,PRY,2005,,,1620.0,51.4,23.72,65.597,10.0,71.3174,
Paraguay,PRY,2005,,,1620.0,51.4,23.72,65.596,10.0,71.3174,
Paraguay,PRY,2006,,,1980.0,53.0,23.301,61.413,10.0,71.5837,
Paraguay,PRY,2006,,,1980.0,53.0,23.301,61.412,10.0,71.5837,
Paraguay,PRY,2007,19.4247207641602,,2500.0,53.0,23.019,64.646,10.0,71.8173,
Paraguay,PRY,2007,19.4247207641602,,2500.0,53.0,23.019,64.646,10.0,71.8173,
Paraguay,PRY,2008,,,3320.0,50.7,22.989,63.393,12.5,72.0475,
Paraguay,PRY,2008,,,3320.0,50.7,22.989,63.393,12.5,72.0475,
Paraguay,PRY,2009,,,3740.0,49.1,22.907,65.566,12.5,72.2821,
Paraguay,PRY,2009,,,3740.0,49.1,22.907,65.567,12.5,72.2821,
Paraguay,PRY,2010,18.7624092102051,,4410.0,51.0,22.544,64.362,12.5,72.5506,
Paraguay,PRY,2010,18.7624092102051,,4410.0,51.0,22.544,64.363,12.5,72.5506,
Paraguay,PRY,2011,23.2977409362793,,4840.0,52.3,22.483,66.934,12.5,72.7875,
Paraguay,PRY,2011,23.2977409362793,,4840.0,52.3,22.483,66.934,12.5,72.7875,
Paraguay,PRY,2012,19.6342296600342,,5170.0,47.6,22.559,72.405,12.5,73.1046,
Paraguay,PRY,2012,19.6342296600342,,5170.0,47.6,22.559,72.405,12.5,73.1046,
Paraguay,PRY,2013,,,5970.0,47.9,22.474,70.295,17.5,73.2916,
Paraguay,PRY,2013,,,5970.0,47.9,22.474,70.295,17.5,73.2916,
Paraguay,PRY,2014,,,6290.0,50.7,22.635,66.717,15.0,73.4145,
Paraguay,PRY,2014,,,6290.0,50.7,22.635,66.718,15.0,73.4145,
Paraguay,PRY,2015,,,6100.0,47.6,22.662,67.659,15.0,73.4535,
Paraguay,PRY,2015,,,6100.0,47.6,22.662,67.659,15.0,73.4535,
Paraguay,PRY,2016,18.1543197631836,,5880.0,47.9,22.487,67.636,15.0,73.4865,
Paraguay,PRY,2016,18.1543197631836,,5880.0,47.9,22.487,67.637,15.0,73.4865,
Paraguay,PRY,2017,,,5820.0,48.5,22.166,68.643,13.75,73.4495,
Paraguay,PRY,2017,,,5820.0,48.5,22.166,68.643,13.75,73.4495,
Paraguay,PRY,2018,,,6060.0,46.0,21.836,70.426,15.0,73.6271,
Paraguay,PRY,2018,,,6060.0,46.0,21.836,70.427,15.0,73.6271,
Paraguay,PRY,2019,,,5950.0,45.7,21.421,71.241,15.0,73.6681,
Paraguay,PRY,2019,,,5950.0,45.7,21.421,71.241,15.0,73.6681,
Paraguay,PRY,2020,24.5218200683594,,5550.0,43.5,21.036,68.635,16.25,72.7197,
Paraguay,PRY,2020,24.5218200683594,,5550.0,43.5,21.036,68.634,16.25,72.7197,
Paraguay,PRY,2021,23.6368999481201,,5740.0,42.9,20.689,71.186,16.25,68.1081,0.4760385995211768
Paraguay,PRY,2021,23.6368999481201,,5740.0,42.9,20.689,71.112,16.25,68.1081,0.4760385995211768
Paraguay,PRY,2022,24.068510055542,,5930.0,44.6,20.356,71.692,17.5,72.3185,0.4684307316571047
Paraguay,PRY,2022,24.068510055542,,5930.0,44.6,20.356,71.583,17.5,72.3185,0.4684307316571047
Paraguay,PRY,2023,21.9888305664062,,6210.0,44.2,19.985,71.401,22.5,73.8443,0.4628918541208443
Paraguay,PRY,2023,21.9888305664062,,6210.0,44.2,19.985,71.296,22.5,73.8443,0.4628918541208443
Paraguay,PRY,2024,16.8337097167969,,6300.0,44.2,19.728,72.134,23.75,,0.45809617497647587
Paraguay,PRY,2024,16.8337097167969,,6300.0,44.2,19.728,72.027,23.75,,0.45809617497647587
West Bank and Gaza,PSE,2000,,,1550.0,,40.9,18.247,,70.2984,
West Bank and Gaza,PSE,2000,,,1550.0,,40.9,18.247,,70.2984,
West Bank and Gaza,PSE,2001,,,1370.0,,40.2,15.899,,69.75,
West Bank and Gaza,PSE,2001,,,1370.0,,40.2,15.899,,69.75,
West Bank and Gaza,PSE,2002,,,1190.0,,39.6,16.288,,70.8805,
West Bank and Gaza,PSE,2002,,,1190.0,,39.6,16.289,,70.8805,
West Bank and Gaza,PSE,2003,,,1370.0,,38.8,19.189,,70.9672,
West Bank and Gaza,PSE,2003,,,1370.0,,38.8,19.19,,70.9672,
West Bank and Gaza,PSE,2004,,,1640.0,,38.1,20.153,,71.0943,
West Bank and Gaza,PSE,2004,,,1640.0,,38.1,20.152,,71.0943,
West Bank and Gaza,PSE,2005,,,1780.0,,37.3,19.706,,72.0041,
West Bank and Gaza,PSE,2005,,,1780.0,,37.3,19.706,,72.0041,
West Bank and Gaza,PSE,2006,,,1710.0,,36.7,21.027,,71.8306,
West Bank and Gaza,PSE,2006,,,1710.0,,36.7,21.027,,71.8306,
West Bank and Gaza,PSE,2007,,,1790.0,,35.855,23.007,,72.0636,
West Bank and Gaza,PSE,2007,,,1790.0,,35.855,23.007,,72.0636,
West Bank and Gaza,PSE,2008,,,2040.0,,33.887,22.778,,72.2045,
West Bank and Gaza,PSE,2008,,,2040.0,,33.887,22.776,,72.2045,
West Bank and Gaza,PSE,2009,,,2250.0,,34.019,22.422,,72.306,
West Bank and Gaza,PSE,2009,,,2250.0,,34.019,22.422,,72.306,
West Bank and Gaza,PSE,2010,,,2510.0,,34.543,21.078,,73.3018,
West Bank and Gaza,PSE,2010,,,2510.0,,34.543,21.077,,73.3018,
West Bank and Gaza,PSE,2011,,,2880.0,,34.083,23.064,,73.5572,
West Bank and Gaza,PSE,2011,,,2880.0,,34.083,23.064,,73.5572,
West Bank and Gaza,PSE,2012,,,3210.0,,33.371,23.821,,73.7218,
West Bank and Gaza,PSE,2012,,,3210.0,,33.371,23.82,,73.7218,
West Bank and Gaza,PSE,2013,,,3470.0,,32.9,23.101,,74.1404,
West Bank and Gaza,PSE,2013,,,3470.0,,32.9,23.102,,74.1404,
West Bank and Gaza,PSE,2014,,,3560.0,,32.782,24.191,,72.7814,
West Bank and Gaza,PSE,2014,,,3560.0,,32.782,24.192,,72.7814,
West Bank and Gaza,PSE,2015,,,3670.0,,32.87,25.421,,74.5773,
West Bank and Gaza,PSE,2015,,,3670.0,,32.87,25.421,,74.5773,
West Bank and Gaza,PSE,2016,,,3900.0,,32.274,24.549,,74.9168,
West Bank and Gaza,PSE,2016,,,3900.0,,32.274,24.548,,74.9168,
West Bank and Gaza,PSE,2017,,,3930.0,,31.432,24.777,,75.2159,
West Bank and Gaza,PSE,2017,,,3930.0,,31.432,24.777,,75.2159,
West Bank and Gaza,PSE,2018,,,4190.0,,30.529,25.165,,75.3798,
West Bank and Gaza,PSE,2018,,,4190.0,,30.529,25.164,,75.3798,
West Bank and Gaza,PSE,2019,,,4200.0,,29.708,25.84,,75.8114,
West Bank and Gaza,PSE,2019,,,4200.0,,29.708,25.84,,75.8114,
West Bank and Gaza,PSE,2020,,,3700.0,,28.877,24.748,,74.9978,
West Bank and Gaza,PSE,2020,,,3700.0,,28.877,24.747,,74.9978,
West Bank and Gaza,PSE,2021,,,4270.0,,28.225,24.988,,73.8896,
West Bank and Gaza,PSE,2021,,,4270.0,,28.225,24.988,,73.8896,
West Bank and Gaza,PSE,2022,,,4720.0,,27.575,26.263,,76.6624,
West Bank and Gaza,PSE,2022,,,4720.0,,27.575,26.263,,76.6624,
West Bank and Gaza,PSE,2023,,,4310.0,,27.062,,,65.1703,
West Bank and Gaza,PSE,2024,,,2710.0,,26.465,24.185,,,
Pacific island small states,PSS,2000,,,1775.8937810469274,,29.41664080823631,68.982,,,
Pacific island small states,PSS,2001,,,1722.288480696329,,29.167467791021878,68.988,2.95,,
Pacific island small states,PSS,2002,,,1687.702921259367,,28.940450386656057,68.975,3.198,,
Pacific island small states,PSS,2003,,,1822.002199264292,,28.743096949814014,68.818,2.736,,
Pacific island small states,PSS,2004,,,2151.745090672433,,28.55823891531364,68.654,3.59,,
Pacific island small states,PSS,2005,,,2478.157369937681,,28.402605260114033,68.735,3.856,,
Pacific island small states,PSS,2006,,,2557.695729180946,,28.346411440733,69.468,,,
Pacific island small states,PSS,2007,,,2681.588889287476,,28.253271438489246,69.899,,,
Pacific island small states,PSS,2008,,,2875.6419318339995,,28.139407382564414,70.346,,,
Pacific island small states,PSS,2009,,,2880.248653090009,,27.953919314231964,70.846,,,
Pacific island small states,PSS,2010,,,2890.1212852436493,,27.66827596412858,71.424,,,
Pacific island small states,PSS,2011,,,3028.7784963534414,,27.421320058304996,72.541,,,
Pacific island small states,PSS,2012,,,3251.6554495058513,,27.263928738768765,72.606,,,
Pacific island small states,PSS,2013,,,3604.289170056345,,27.125902320293786,72.71,,,
Pacific island small states,PSS,2014,,,3729.9123215685904,,27.002391744652158,72.881,4.865,,
Pacific island small states,PSS,2015,,,3774.575401358742,,26.64799035318638,72.407,5.676,,
Pacific island small states,PSS,2016,,,3815.8123092142837,,26.21009988844916,71.984,6.469,,
Pacific island small states,PSS,2017,,,3866.3987504787324,,25.651266894528643,72.407,7.278,,
Pacific island small states,PSS,2018,,,4156.979470620876,,25.16248100498464,72.777,7.796,,
Pacific island small states,PSS,2019,,,4265.853306605745,,24.708561778221764,73.105,7.775,,
Pacific island small states,PSS,2020,,,3804.6942717615393,,24.302041626693978,73.73,8.108,,
Pacific island small states,PSS,2021,,,3727.9813389514593,,24.014626210391725,74.608,7.775,,
Pacific island small states,PSS,2022,,,4096.147225101163,,23.61810517539398,73.586,8.753,,
Pacific island small states,PSS,2023,,,4323.440698555225,,23.264597151445916,74.016,8.639,,
Pacific island small states,PSS,2024,,,4380.523070428851,,23.05118771724322,74.33,9.211,,
Post-demographic dividend,PST,2000,11.8517503738403,,26126.397226026314,,11.613259093502553,73.908,19.417,,
Post-demographic dividend,PST,2000,11.8517503738403,,26126.397226026314,,11.613259093502553,73.765,19.417,,
Post-demographic dividend,PST,2001,12.0966300964356,,26137.591319859235,,11.3031330790406,74.355,18.957,,
Post-demographic dividend,PST,2001,12.0966300964356,,26137.591319859235,,11.3031330790406,74.343,18.957,,
Post-demographic dividend,PST,2002,12.0795297622681,,25984.385074583253,,11.187222305457954,74.818,20.129,,
Post-demographic dividend,PST,2002,12.0795297622681,,25984.385074583253,,11.187222305457954,74.928,20.129,,
Post-demographic dividend,PST,2003,12.0988101959228,,28029.021628627255,,11.22041411759279,75.323,20.725,,
Post-demographic dividend,PST,2003,12.0988101959228,,28029.021628627255,,11.22041411759279,75.628,20.725,,
Post-demographic dividend,PST,2004,12.4157648086548,,32028.62107818881,,11.21319960848352,75.732,21.67,,
Post-demographic dividend,PST,2004,12.4157648086548,,32028.62107818881,,11.21319960848352,75.829,21.67,,
Post-demographic dividend,PST,2005,12.1780700683594,,35290.37931441402,,11.131240512212335,76.164,22.034,,
Post-demographic dividend,PST,2005,12.1780700683594,,35290.37931441402,,11.131240512212335,76.34,22.034,,
Post-demographic dividend,PST,2006,12.37561511993405,,36962.46317498609,,11.37216465489455,76.63,22.776,,
Post-demographic dividend,PST,2006,12.37561511993405,,36962.46317498609,,11.37216465489455,76.658,22.776,,
Post-demographic dividend,PST,2007,11.9808897972107,,38317.96640002456,,11.488836689486275,76.894,23.658,,
Post-demographic dividend,PST,2007,11.9808897972107,,38317.96640002456,,11.488836689486275,76.969,23.658,,
Post-demographic dividend,PST,2008,12.1785898208618,,39907.051280871,,11.528816887909652,77.281,24.318,,
Post-demographic dividend,PST,2008,12.1785898208618,,39907.051280871,,11.528816887909652,77.365,24.318,,
Post-demographic dividend,PST,2009,11.942720413208,,39310.254703141894,,11.287906836798124,77.978,24.737,,
Post-demographic dividend,PST,2009,11.942720413208,,39310.254703141894,,11.287906836798124,78.069,24.737,,
Post-demographic dividend,PST,2010,11.7781295776367,,40451.58350841702,,11.15129388936949,78.164,24.854,,
Post-demographic dividend,PST,2010,11.7781295776367,,40451.58350841702,,11.15129388936949,78.011,24.854,,
Post-demographic dividend,PST,2011,11.61483478546145,,41782.373891666786,,10.962158021722832,78.445,25.319,,
Post-demographic dividend,PST,2011,11.61483478546145,,41782.373891666786,,10.962158021722832,78.642,25.319,,
Post-demographic dividend,PST,2012,12.093685150146449,,43001.559181288896,,10.91042015456346,78.622,25.939,,
Post-demographic dividend,PST,2012,12.093685150146449,,43001.559181288896,,10.91042015456346,78.828,25.939,,
Post-demographic dividend,PST,2013,12.04137992858885,,43800.44182946324,,10.62787626960351,78.938,27.478,,
Post-demographic dividend,PST,2013,12.04137992858885,,43800.44182946324,,10.62787626960351,79.137,27.478,,
Post-demographic dividend,PST,2014,12.3875398635864,,43958.979346126194,,10.637459116968575,79.273,28.128,,
Post-demographic dividend,PST,2014,12.3875398635864,,43958.979346126194,,10.637459116968575,79.725,28.128,,
Post-demographic dividend,PST,2015,12.1794447898865,,42702.71352372718,,10.520887465378232,79.369,28.565,,
Post-demographic dividend,PST,2015,12.1794447898865,,42702.71352372718,,10.520887465378232,80.118,28.565,,
Post-demographic dividend,PST,2016,12.2776851654053,,41927.28770570809,,10.4086570007165,79.686,28.562,,
Post-demographic dividend,PST,2016,12.2776851654053,,41927.28770570809,,10.4086570007165,80.279,28.562,,
Post-demographic dividend,PST,2017,12.1707401275635,,42321.16031564091,,10.051299018018055,80.088,29.572,,
Post-demographic dividend,PST,2017,12.1707401275635,,42321.16031564091,,10.051299018018055,80.71,29.572,,
Post-demographic dividend,PST,2018,12.04034519195555,,45263.63343291663,,9.814585636619679,80.338,30.428,,
Post-demographic dividend,PST,2018,12.04034519195555,,45263.63343291663,,9.814585636619679,81.012,30.428,,
Post-demographic dividend,PST,2019,11.8738851547241,,46932.50102351885,,9.567446338348763,80.851,31.972,,
Post-demographic dividend,PST,2019,11.8738851547241,,46932.50102351885,,9.567446338348763,81.356,31.972,,
Post-demographic dividend,PST,2020,11.8351697921753,,45399.80009830994,,9.21822773399279,80.853,32.935,,
Post-demographic dividend,PST,2020,11.8351697921753,,45399.80009830994,,9.21822773399279,81.342,32.935,,
Post-demographic dividend,PST,2021,11.543059825897199,,50140.132340641336,,9.256563617663533,81.29,33.519,,
Post-demographic dividend,PST,2021,11.543059825897199,,50140.132340641336,,9.256563617663533,81.748,33.519,,
Post-demographic dividend,PST,2022,11.97623491287235,,53270.10030770941,,8.967822857007715,81.798,33.572,,
Post-demographic dividend,PST,2022,11.97623491287235,,53270.10030770941,,8.967822857007715,82.459,33.572,,
Post-demographic dividend,PST,2023,,,54081.65845825332,,8.627863442607785,82.405,33.523,,
Post-demographic dividend,PST,2023,,,54081.65845825332,,8.627863442607785,83.005,33.523,,
Post-demographic dividend,PST,2024,,,54750.95016699719,,8.505411594172704,82.775,33.846,,
Post-demographic dividend,PST,2024,,,54750.95016699719,,8.505411594172704,83.51,33.846,,
French Polynesia,PYF,2000,,,19380.0,,21.396,69.587,,79.0001,
French Polynesia,PYF,2001,,,,,20.782,69.875,,79.3158,
French Polynesia,PYF,2002,,,,,19.973,70.151,,79.5438,
French Polynesia,PYF,2002,,,,,19.973,70.105,,79.5438,
French Polynesia,PYF,2003,,,,,18.605,70.692,,79.7103,
French Polynesia,PYF,2004,,,,,18.075,71.295,,79.829,
French Polynesia,PYF,2005,,,24320.0,,17.925,71.928,,79.9511,
French Polynesia,PYF,2006,,,25170.0,,18.184,72.524,,80.0999,
French Polynesia,PYF,2007,,,25940.0,,17.391,73.081,,80.3277,
French Polynesia,PYF,2007,,,25940.0,,17.391,72.99,,80.3277,
French Polynesia,PYF,2008,,,27720.0,,18.028,73.94,,80.5874,
French Polynesia,PYF,2009,,,27530.0,,17.662,74.853,,80.8667,
French Polynesia,PYF,2010,,,26220.0,,17.823,75.767,,81.1407,
French Polynesia,PYF,2011,,,25270.0,,16.92,76.678,,81.4341,
French Polynesia,PYF,2012,,,24050.0,,16.532,77.604,,81.6953,
French Polynesia,PYF,2012,,,24050.0,,16.532,77.49,,81.6953,
French Polynesia,PYF,2013,,,24290.0,,15.713,77.609,,81.9352,
French Polynesia,PYF,2014,,,23990.0,,15.799,77.661,,82.1514,
French Polynesia,PYF,2015,,,23060.0,,15.001,77.916,,82.3393,
French Polynesia,PYF,2016,,,22170.0,,13.999,78.316,,82.5551,
French Polynesia,PYF,2017,,,22220.0,,13.146,79.165,,82.7741,
French Polynesia,PYF,2018,,,23700.0,,12.812,79.537,,82.9852,
French Polynesia,PYF,2019,,,24530.0,,11.938,80.054,,83.1955,
French Polynesia,PYF,2020,,,22170.0,,11.782,79.964,,82.4588,
French Polynesia,PYF,2021,,,23460.0,,11.424,80.256,,79.5711,
French Polynesia,PYF,2022,,,24150.0,,11.156,79.778,,83.8594,
French Polynesia,PYF,2023,,,24370.0,,10.907,80.047,,84.0698,
French Polynesia,PYF,2024,,,23930.0,,10.688,80.255,,,
Qatar,QAT,2000,9.67605018615723,,19620.0,,17.318,51.38,,75.25,
Qatar,QAT,2001,10.5513095855713,,23090.0,,17.59,51.75,,75.4858,
Qatar,QAT,2002,12.0074596405029,,25590.0,,17.352,51.704,,75.7655,
Qatar,QAT,2003,10.7000598907471,,28090.0,,16.921,51.97,,76.0975,
Qatar,QAT,2004,12.0531301498413,25.5490207672119,35220.0,,16.259,50.241,,76.4839,
Qatar,QAT,2004,12.0531301498413,25.5490207672119,35220.0,,16.259,44.275,,76.4839,
Qatar,QAT,2005,13.7447595596313,,40110.0,,15.436,50.067,,76.9088,
Qatar,QAT,2006,,,53410.0,,11.972,50.013,0.0,77.3226,
Qatar,QAT,2007,,29.7934494018555,58500.0,,10.783,52.193,0.0,77.7413,
Qatar,QAT,2007,,29.7934494018555,58500.0,,10.783,51.98,0.0,77.7413,
Qatar,QAT,2008,15.0555200576782,26.4033107757568,66030.0,,11.226,51.702,0.0,78.2618,
Qatar,QAT,2009,14.8356504440308,25.1018905639648,63010.0,,10.98,51.233,0.0,78.8371,
Qatar,QAT,2009,14.8356504440308,25.1018905639648,63010.0,,10.98,51.156,0.0,78.8371,
Qatar,QAT,2010,13.8172702789307,20.2744693756104,72630.0,,11.223,52.967,0.0,79.4438,
Qatar,QAT,2010,13.8172702789307,20.2744693756104,72630.0,,11.223,54.402,0.0,79.4438,
Qatar,QAT,2011,13.1068496704102,22.1442909240723,83540.0,,11.33,54.813,0.0,79.9943,
Qatar,QAT,2011,13.1068496704102,22.1442909240723,83540.0,,11.33,54.45,0.0,79.9943,
Qatar,QAT,2012,12.307939529419,25.3007907867432,92500.0,,11.397,55.357,0.0,80.4994,
Qatar,QAT,2012,12.307939529419,25.3007907867432,92500.0,,11.397,54.766,0.0,80.4994,
Qatar,QAT,2013,13.1483402252197,25.0186500549316,96800.0,,11.367,55.758,0.0,80.9735,
Qatar,QAT,2013,13.1483402252197,25.0186500549316,96800.0,,11.367,51.906,0.0,80.9735,
Qatar,QAT,2014,12.7428398132324,24.5754299163818,92440.0,,11.131,57.127,0.0,81.3955,
Qatar,QAT,2014,12.7428398132324,24.5754299163818,92440.0,,11.131,57.307,0.0,81.3955,
Qatar,QAT,2015,,,80370.0,,10.596,58.627,0.0,81.785,
Qatar,QAT,2015,,,80370.0,,10.596,60.198,0.0,81.785,
Qatar,QAT,2016,,23.9165592193604,69170.0,,9.969,59.464,0.0,82.1472,
Qatar,QAT,2016,,23.9165592193604,69170.0,,9.969,60.505,0.0,82.1472,
Qatar,QAT,2017,8.56085014343262,24.2026500701904,60920.0,,10.031,60.257,9.756,82.4583,
Qatar,QAT,2017,8.56085014343262,24.2026500701904,60920.0,,10.031,61.094,9.756,82.4583,
Qatar,QAT,2018,,,63410.0,,9.921,61.013,9.756,82.7136,
Qatar,QAT,2018,,,63410.0,,9.921,60.967,9.756,82.7136,
Qatar,QAT,2019,8.63648986816406,,65700.0,,9.979,61.636,9.756,82.9454,
Qatar,QAT,2019,8.63648986816406,,65700.0,,9.979,60.411,9.756,82.9454,
Qatar,QAT,2020,9.31910991668701,,57730.0,,10.046,62.012,9.756,80.4095,
Qatar,QAT,2020,9.31910991668701,,57730.0,,10.046,60.992,9.756,80.4095,
Qatar,QAT,2021,,,66970.0,,9.555,63.981,4.444,81.083,
Qatar,QAT,2021,,,66970.0,,9.555,62.467,4.444,81.083,
Qatar,QAT,2022,,35.1379089355469,71050.0,,10.099,66.628,4.444,81.8566,
Qatar,QAT,2022,,35.1379089355469,71050.0,,10.099,64.754,4.444,81.8566,
Qatar,QAT,2023,,,80200.0,,9.908,66.233,4.444,82.368,
Qatar,QAT,2024,,,77290.0,,9.524,64.509,4.444,,
Romania,ROU,2000,8.18758010864258,,1710.0,29.3,10.4,69.815,,71.1594,
Romania,ROU,2000,8.18758010864258,,1710.0,29.3,10.4,81.821,,71.1594,
Romania,ROU,2001,9.84881973266602,,1760.0,29.4,10.0,69.894,10.725,71.1223,
Romania,ROU,2001,9.84881973266602,,1760.0,29.4,10.0,81.851,10.725,71.1223,
Romania,ROU,2002,10.9223499298096,12.6461095809937,1950.0,30.2,9.7,70.008,10.725,70.8348,
Romania,ROU,2002,10.9223499298096,12.6461095809937,1950.0,30.2,9.7,79.18,10.725,70.8348,
Romania,ROU,2003,11.1390600204468,,2250.0,29.9,9.8,70.021,10.725,70.8189,
Romania,ROU,2003,11.1390600204468,,2250.0,29.9,9.8,77.499,10.725,70.8189,
Romania,ROU,2004,9.84331035614014,,2960.0,30.0,10.1,70.238,11.446,71.0957,
Romania,ROU,2004,9.84331035614014,,2960.0,30.0,10.1,77.289,11.446,71.0957,
Romania,ROU,2005,10.8366804122925,,3880.0,29.8,10.4,70.297,11.178,71.5808,
Romania,ROU,2005,10.8366804122925,,3880.0,29.8,10.4,76.166,11.178,71.5808,
Romania,ROU,2006,12.7196197509766,14.5231311328077,4900.0,39.6,10.4,70.592,11.178,72.1693,
Romania,ROU,2006,12.7196197509766,14.5231311328077,4900.0,39.6,10.4,76.388,11.178,72.1693,
Romania,ROU,2007,12.0049600601196,14.6735095977783,6510.0,37.5,10.3,71.011,9.394,72.7922,
Romania,ROU,2007,12.0049600601196,14.6735095977783,6510.0,37.5,10.3,75.805,9.394,72.7922,
Romania,ROU,2008,11.6162204742432,15.2645196914673,8800.0,36.4,10.8,71.753,11.377,73.2158,
Romania,ROU,2008,11.6162204742432,15.2645196914673,8800.0,36.4,10.8,74.572,11.377,73.2158,
Romania,ROU,2009,11.0212898254394,15.540060043335,9220.0,35.6,10.9,69.095,11.377,73.457,
Romania,ROU,2009,11.0212898254394,15.540060043335,9220.0,35.6,10.9,74.236,11.377,73.457,
Romania,ROU,2010,9.12913036346436,15.9055700302124,8770.0,35.5,10.5,70.418,11.377,73.5793,
Romania,ROU,2010,9.12913036346436,15.9055700302124,8770.0,35.5,10.5,71.925,11.377,73.5793,
Romania,ROU,2011,8.31299018859863,16.6837596893311,9080.0,35.9,9.7,71.313,11.212,74.2877,
Romania,ROU,2011,8.31299018859863,16.6837596893311,9080.0,35.9,9.7,73.445,11.212,74.2877,
Romania,ROU,2012,8.43579006195068,17.0980491638184,9260.0,36.5,10.0,70.675,13.35,74.314,0.6054564662401474
Romania,ROU,2012,8.43579006195068,17.0980491638184,9260.0,36.5,10.0,72.678,13.35,74.314,0.6054564662401474
Romania,ROU,2013,8.96413040161133,17.3730602264404,9390.0,36.9,9.4,70.417,13.35,74.9179,0.6054564662401474
Romania,ROU,2013,8.96413040161133,17.3730602264404,9390.0,36.9,9.4,72.186,13.35,74.9179,0.6054564662401474
Romania,ROU,2014,9.25695037841797,17.2269802093506,9760.0,36.0,10.0,70.368,13.514,74.7654,0.5934635839066853
Romania,ROU,2014,9.25695037841797,17.2269802093506,9760.0,36.0,10.0,71.923,13.514,74.7654,0.5934635839066853
Romania,ROU,2015,9.09451007843018,17.7632293701172,9610.0,35.9,10.2,69.864,13.716,74.7371,0.6378959944595394
Romania,ROU,2015,9.09451007843018,17.7632293701172,9610.0,35.9,10.2,70.146,13.716,74.7371,0.6378959944595394
Romania,ROU,2016,9.51058959960938,17.7419300079346,9460.0,34.4,10.4,69.583,13.716,75.0209,0.6647863583241057
Romania,ROU,2016,9.51058959960938,17.7419300079346,9460.0,34.4,10.4,69.827,13.716,75.0209,0.6647863583241057
Romania,ROU,2017,10.0526504516602,17.7385807037354,10030.0,36.0,10.8,70.473,20.669,75.0236,0.6572850885653804
Romania,ROU,2017,10.0526504516602,17.7385807037354,10030.0,36.0,10.8,71.014,20.669,75.0236,0.6572850885653804
Romania,ROU,2018,10.4609603881836,17.9597633321169,11490.0,35.8,10.4,69.788,20.669,75.1033,0.6572850885653804
Romania,ROU,2018,10.4609603881836,17.9597633321169,11490.0,35.8,10.4,70.269,20.669,75.1033,0.6572850885653804
Romania,ROU,2019,10.7054901123047,18.3722896575928,12660.0,34.8,10.3,69.435,21.884,75.3288,0.6421637470011918
Romania,ROU,2019,10.7054901123047,18.3722896575928,12660.0,34.8,10.3,69.712,21.884,75.3288,0.6421637470011918
Romania,ROU,2020,9.39970016479492,18.6828002929688,12720.0,34.6,10.3,68.885,21.884,74.0464,0.6325652096537264
Romania,ROU,2020,9.39970016479492,18.6828002929688,12720.0,34.6,10.3,69.297,21.884,74.0464,0.6325652096537264
Romania,ROU,2021,8.95024013519287,18.756160736084,14180.0,33.9,10.1,67.836,18.541,72.7405,0.6273842145818441
Romania,ROU,2021,8.95024013519287,18.756160736084,14180.0,33.9,10.1,66.385,18.541,72.7405,0.6273842145818441
Romania,ROU,2022,8.77511978149414,19.5579700469971,15390.0,32.3,9.4,68.751,19.091,75.2614,0.6333128249485658
Romania,ROU,2022,8.77511978149414,19.5579700469971,15390.0,32.3,9.4,68.165,19.091,75.2614,0.6333128249485658
Romania,ROU,2023,,18.746791623271,16590.0,29.8,8.4,67.873,19.091,75.9381,0.630478052813918
Romania,ROU,2023,,18.746791623271,16590.0,29.8,8.4,67.776,19.091,75.9381,0.630478052813918
Romania,ROU,2024,,,17600.0,,7.5,67.755,19.207,,0.620233215851603
Romania,ROU,2024,,,17600.0,,7.5,68.832,19.207,,0.620233215851603
Russian Federation,RUS,2000,8.95184993743896,,1710.0,37.1,8.7,79.102,7.71,64.9982,
Russian Federation,RUS,2000,8.95184993743896,,1710.0,37.1,8.7,83.956,7.71,64.9982,
Russian Federation,RUS,2001,9.21335983276367,,1780.0,36.9,9.0,79.177,7.572,65.0151,
Russian Federation,RUS,2001,9.21335983276367,,1780.0,36.9,9.0,84.058,7.572,65.0151,
Russian Federation,RUS,2002,10.5838403701782,,2100.0,37.3,9.7,80.573,7.572,64.73,
Russian Federation,RUS,2002,10.5838403701782,,2100.0,37.3,9.7,85.547,7.572,64.73,
Russian Federation,RUS,2003,10.5316896438599,,2590.0,40.0,10.2,80.83,7.572,64.715,
Russian Federation,RUS,2003,10.5316896438599,,2590.0,40.0,10.2,85.905,7.572,64.715,
Russian Federation,RUS,2004,11.1759099960327,,3410.0,40.3,10.4,80.998,9.843,65.1489,
Russian Federation,RUS,2004,11.1759099960327,,3410.0,40.3,10.4,86.227,9.843,65.1489,
Russian Federation,RUS,2005,11.9505701065063,,4450.0,41.3,10.2,81.346,9.843,65.2185,
Russian Federation,RUS,2005,11.9505701065063,,4450.0,41.3,10.2,86.5,9.843,65.2185,
Russian Federation,RUS,2006,12.4258003234863,,5810.0,41.0,10.3,81.745,9.843,66.5458,
Russian Federation,RUS,2006,12.4258003234863,,5810.0,41.0,10.3,86.917,9.843,66.5458,
Russian Federation,RUS,2007,,,7560.0,42.3,11.3,81.283,14.0,67.469,
Russian Federation,RUS,2007,,,7560.0,42.3,11.3,86.239,14.0,67.469,
Russian Federation,RUS,2008,11.9592304229736,,9580.0,41.6,12.0,79.958,14.0,67.8621,
Russian Federation,RUS,2008,11.9592304229736,,9580.0,41.6,12.0,84.864,14.0,67.8621,
Russian Federation,RUS,2009,,,9230.0,39.8,12.3,80.212,14.0,68.6571,
Russian Federation,RUS,2009,,,9230.0,39.8,12.3,85.193,14.0,68.6571,
Russian Federation,RUS,2010,,,9980.0,39.5,12.5,79.316,14.0,68.1526,
Russian Federation,RUS,2010,,,9980.0,39.5,12.5,84.237,14.0,68.1526,
Russian Federation,RUS,2011,,,11060.0,39.7,12.6,79.472,13.556,69.7255,
Russian Federation,RUS,2011,,,11060.0,39.7,12.6,84.63,13.556,69.7255,
Russian Federation,RUS,2012,11.1467599868774,,13470.0,40.7,13.3,79.233,13.556,70.1165,0.4259058304518515
Russian Federation,RUS,2012,11.1467599868774,,13470.0,40.7,13.3,84.619,13.556,70.1165,0.4259058304518515
Russian Federation,RUS,2013,10.8618402481079,,15160.0,40.9,13.2,78.689,13.556,70.6403,0.4259058304518515
Russian Federation,RUS,2013,10.8618402481079,,15160.0,40.9,13.2,84.294,13.556,70.6403,0.4259058304518515
Russian Federation,RUS,2014,11.4885196685791,,14590.0,36.9,13.3,78.41,13.556,70.7978,0.4471985874542521
Russian Federation,RUS,2014,11.4885196685791,,14590.0,36.9,13.3,84.302,13.556,70.7978,0.4471985874542521
Russian Federation,RUS,2015,10.8694696426392,,11740.0,36.5,13.3,77.904,13.556,71.3449,0.4740109147066919
Russian Federation,RUS,2015,10.8694696426392,,11740.0,36.5,13.3,83.985,13.556,71.3449,0.4740109147066919
Russian Federation,RUS,2016,10.9852800369263,,9680.0,36.7,12.9,77.849,12.667,71.9101,0.45746820217644263
Russian Federation,RUS,2016,10.9852800369263,,9680.0,36.7,12.9,84.037,12.667,71.9101,0.45746820217644263
Russian Federation,RUS,2017,13.4650802612305,,9160.0,35.5,11.5,77.809,15.778,72.845,0.4690548249891247
Russian Federation,RUS,2017,13.4650802612305,,9160.0,35.5,11.5,78.048,15.778,72.845,0.4690548249891247
Russian Federation,RUS,2018,14.3410797119141,,10180.0,35.3,10.9,78.159,15.778,72.9363,0.4690548249891247
Russian Federation,RUS,2018,14.3410797119141,,10180.0,35.3,10.9,78.319,15.778,72.9363,0.4690548249891247
Russian Federation,RUS,2019,,,11190.0,35.7,10.1,78.274,15.778,73.0658,0.47213089547009723
Russian Federation,RUS,2019,,,11190.0,35.7,10.1,78.408,15.778,73.0658,0.47213089547009723
Russian Federation,RUS,2020,,,10660.0,33.7,9.8,78.583,15.778,71.1705,0.4652947028449242
Russian Federation,RUS,2020,,,10660.0,33.7,9.8,78.69,15.778,71.1705,0.4652947028449242
Russian Federation,RUS,2021,,,11710.0,35.1,9.6,78.552,16.222,69.8066,0.46221588160633986
Russian Federation,RUS,2021,,,11710.0,35.1,9.6,78.53,16.222,69.8066,0.46221588160633986
Russian Federation,RUS,2022,,,12890.0,33.9,8.9,79.096,16.222,72.5174,0.44582296653705533
Russian Federation,RUS,2022,,,12890.0,33.9,8.9,78.964,16.222,72.5174,0.44582296653705533
Russian Federation,RUS,2023,,,14460.0,33.0,8.6,78.773,16.444,73.1541,0.436149626648098
Russian Federation,RUS,2023,,,14460.0,33.0,8.6,79.726,16.444,73.1541,0.436149626648098
Russian Federation,RUS,2024,,,15320.0,,8.4,79.122,16.444,,0.4284287788836249
Russian Federation,RUS,2024,,,15320.0,,8.4,80.05,16.444,,0.4284287788836249
Rwanda,RWA,2000,18.8353290557861,,270.0,,42.112,73.073,25.714,47.7977,
Rwanda,RWA,2000,18.8353290557861,,270.0,,42.112,103.686,25.714,47.7977,
Rwanda,RWA,2001,25.3131408691406,,260.0,,42.113,74.69,25.676,49.4897,
Rwanda,RWA,2002,,,260.0,,41.784,75.971,25.676,51.262,
Rwanda,RWA,2002,,,260.0,,41.784,99.678,25.676,51.262,
Rwanda,RWA,2003,,,250.0,,41.402,76.824,48.75,53.5291,
Rwanda,RWA,2004,,,270.0,,41.145,77.401,48.75,55.5204,
Rwanda,RWA,2005,,,310.0,,40.638,77.784,48.75,56.9683,
Rwanda,RWA,2005,,,310.0,,40.638,104.059,48.75,56.9683,
Rwanda,RWA,2006,,,350.0,,39.861,78.001,48.75,58.3422,
Rwanda,RWA,2007,17.7865505218506,,400.0,,38.833,78.128,48.75,59.5041,
Rwanda,RWA,2008,15.5915098190308,,470.0,,37.643,78.257,56.25,60.6407,
Rwanda,RWA,2009,,,540.0,,36.315,78.475,56.25,61.8128,
Rwanda,RWA,2010,17.548059463501,,590.0,,35.149,78.803,56.25,62.804,
Rwanda,RWA,2011,15.3433799743652,,640.0,,33.8,79.196,56.25,63.4764,
Rwanda,RWA,2012,15.8154697418213,,690.0,,32.852,79.609,56.25,64.1887,
Rwanda,RWA,2012,15.8154697418213,,690.0,,32.852,94.845,56.25,64.1887,
Rwanda,RWA,2013,16.8596305847168,,710.0,,32.409,80.011,63.75,64.6512,
Rwanda,RWA,2014,13.7343196868897,,720.0,,32.24,80.413,63.75,65.0877,
Rwanda,RWA,2014,13.7343196868897,,720.0,,32.24,100.332,63.75,65.0877,
Rwanda,RWA,2015,12.5390501022339,,740.0,,32.098,80.847,63.75,65.4188,
Rwanda,RWA,2016,12.2783899307251,,730.0,,31.971,81.347,63.75,65.7326,
Rwanda,RWA,2017,11.0796098709106,,720.0,,31.666,81.921,61.25,66.1404,
Rwanda,RWA,2017,11.0796098709106,,720.0,,31.666,81.92,61.25,66.1404,
Rwanda,RWA,2018,10.8046102523804,,770.0,,31.231,80.54,61.25,66.3539,
Rwanda,RWA,2018,10.8046102523804,,770.0,,31.231,80.54,61.25,66.3539,
Rwanda,RWA,2019,10.9981460523976,,820.0,,30.672,78.958,61.25,66.6905,0.6094419855634855
Rwanda,RWA,2019,10.9981460523976,,820.0,,30.672,78.959,61.25,66.6905,0.6094419855634855
Rwanda,RWA,2020,10.7835245127746,,770.0,,30.021,81.8,61.25,66.9534,0.6171571264248973
Rwanda,RWA,2020,10.7835245127746,,770.0,,30.021,81.8,61.25,66.9534,0.6171571264248973
Rwanda,RWA,2021,15.5322399139404,,840.0,,29.389,81.709,61.25,66.8496,0.6202408929572385
Rwanda,RWA,2021,15.5322399139404,,840.0,,29.389,81.708,61.25,66.8496,0.6202408929572385
Rwanda,RWA,2022,12.7661399841309,,940.0,,28.859,82.696,61.25,67.528,0.6286870956943249
Rwanda,RWA,2022,12.7661399841309,,940.0,,28.859,82.696,61.25,67.528,0.6286870956943249
Rwanda,RWA,2023,15.024640083313,,1000.0,,28.348,83.168,61.25,67.7852,0.6292740917221664
Rwanda,RWA,2023,15.024640083313,,1000.0,,28.348,83.168,61.25,67.7852,0.6292740917221664
Rwanda,RWA,2024,14.1909799575806,,1040.0,,28.062,80.982,63.75,,0.6343169606273977
Rwanda,RWA,2024,14.1909799575806,,1040.0,,28.062,80.983,63.75,,0.6343169606273977
South Asia,SAS,2000,19.1560401916504,,441.0910049908255,,27.66647485630049,40.069,8.444,,
South Asia,SAS,2000,19.1560401916504,,441.0910049908255,,27.66647485630049,40.093,8.444,,
South Asia,SAS,2001,20.12049007415775,,448.47305138325737,,27.338672854452387,40.344,8.122,,
South Asia,SAS,2001,20.12049007415775,,448.47305138325737,,27.338672854452387,48.071,8.122,,
South Asia,SAS,2002,18.06892490386965,,453.3380917822092,,26.677451877171634,40.611,6.314,,
South Asia,SAS,2003,16.6816291809082,,507.6792721550911,,25.92744079287933,40.883,6.314,,
South Asia,SAS,2004,15.9531202316284,,593.1801392705589,,25.257725273257865,41.162,6.161,,
South Asia,SAS,2005,16.75133991241455,,682.5818461176518,,24.435277143165475,41.451,9.157,,
South Asia,SAS,2005,16.75133991241455,,682.5818461176518,,24.435277143165475,44.89,9.157,,
South Asia,SAS,2006,17.3365306854248,,757.718041670463,,23.698913390052148,40.265,8.558,,
South Asia,SAS,2007,19.649769783020048,,873.5266799199626,,23.06684361537541,39.333,9.961,,
South Asia,SAS,2008,20.02311038970945,,953.8932137234774,,22.59023184675475,38.444,16.392,,
South Asia,SAS,2009,12.61053514480595,,1067.1628796870348,,22.227734777927868,37.6,18.658,,
South Asia,SAS,2010,11.8336801528931,,1170.7086988860679,,21.61509944864485,36.802,18.603,,
South Asia,SAS,2010,11.8336801528931,,1170.7086988860679,,21.61509944864485,37.264,18.603,,
South Asia,SAS,2011,15.1794400215149,,1310.147985033567,,21.119738549742063,35.991,18.934,,
South Asia,SAS,2012,14.8686199188232,,1424.79537220007,,20.660587726654928,35.16,18.934,,
South Asia,SAS,2012,14.8686199188232,,1424.79537220007,,20.660587726654928,34.758,18.934,,
South Asia,SAS,2013,14.042415142059351,,1466.6043121301768,,20.11265405188244,35.082,12.058,,
South Asia,SAS,2014,14.5122409529269,,1513.5314029883557,,19.238018383635684,35.128,17.832,,
South Asia,SAS,2015,13.8681614388569,,1561.6737212223998,,19.08868489435177,35.291,17.956,,
South Asia,SAS,2016,16.72513008117675,,1664.0459895569802,,18.920132554033426,35.449,18.049,,
South Asia,SAS,2017,15.8097696304321,,1800.1147499162455,,18.225685500536905,36.002,18.059,,
South Asia,SAS,2018,14.17352068419585,,1998.7198578758778,,18.147557411552874,36.297,16.404,,
South Asia,SAS,2018,14.17352068419585,,1998.7198578758778,,18.147557411552874,28.408,16.404,,
South Asia,SAS,2019,12.1130298505003,,2105.4095476471625,,17.66847822719929,36.625,17.246,,
South Asia,SAS,2019,12.1130298505003,,2105.4095476471625,,17.66847822719929,32.532,17.246,,
South Asia,SAS,2020,15.017913986190749,,1957.0045248744993,,17.125804320913122,36.524,17.323,,
South Asia,SAS,2020,15.017913986190749,,1957.0045248744993,,17.125804320913122,35.426,17.323,,
South Asia,SAS,2021,13.57959207696845,,2222.5019283554,,16.898848719184393,38.576,17.411,,
South Asia,SAS,2021,13.57959207696845,,2222.5019283554,,16.898848719184393,36.176,17.411,,
South Asia,SAS,2022,12.420984705849751,,2438.085520012322,,16.775922968083623,40.369,17.639,,
South Asia,SAS,2022,12.420984705849751,,2438.085520012322,,16.775922968083623,39.138,17.639,,
South Asia,SAS,2023,13.0012248166938,,2603.0150401510045,,16.568099809611095,41.634,17.721,,
South Asia,SAS,2023,13.0012248166938,,2603.0150401510045,,16.568099809611095,46.552,17.721,,
South Asia,SAS,2024,11.2647104167737,,2662.2084415232594,,16.368140647468426,42.622,16.269,,
South Asia,SAS,2024,11.2647104167737,,2662.2084415232594,,16.368140647468426,44.776,16.269,,
Saudi Arabia,SAU,2000,,,10450.0,,27.49,22.138,,72.6067,
Saudi Arabia,SAU,2000,,,10450.0,,27.49,21.138,,72.6067,
Saudi Arabia,SAU,2001,,,10540.0,,25.528,22.061,,72.9505,
Saudi Arabia,SAU,2001,,,10540.0,,25.528,20.869,,72.9505,
Saudi Arabia,SAU,2002,,,10310.0,,23.767,22.331,,73.2959,
Saudi Arabia,SAU,2002,,,10310.0,,23.767,21.076,,73.2959,
Saudi Arabia,SAU,2003,,,11140.0,,22.302,23.288,0.0,73.657,
Saudi Arabia,SAU,2004,,,12880.0,,21.274,24.236,0.0,74.0273,
Saudi Arabia,SAU,2005,,,14620.0,,21.062,25.168,0.0,74.4004,
Saudi Arabia,SAU,2006,,,16250.0,,21.35,26.085,0.0,74.7617,
Saudi Arabia,SAU,2006,,,16250.0,,21.35,24.994,0.0,74.7617,
Saudi Arabia,SAU,2007,,,17870.0,,21.73,25.295,0.0,75.0662,
Saudi Arabia,SAU,2007,,,17870.0,,21.73,24.355,0.0,75.0662,
Saudi Arabia,SAU,2008,,,20540.0,,21.314,24.682,0.0,75.3014,
Saudi Arabia,SAU,2008,,,20540.0,,21.314,23.929,0.0,75.3014,
Saudi Arabia,SAU,2009,,,19810.0,,20.802,24.054,0.0,75.4471,
Saudi Arabia,SAU,2009,,,19810.0,,20.802,23.447,0.0,75.4471,
Saudi Arabia,SAU,2010,,,21820.0,,20.127,25.166,0.0,75.6161,
Saudi Arabia,SAU,2011,,,24110.0,,20.324,26.337,0.0,75.8081,
Saudi Arabia,SAU,2011,,,24110.0,,20.324,25.833,0.0,75.8081,
Saudi Arabia,SAU,2012,,,27610.0,,20.387,26.589,0.0,76.0896,
Saudi Arabia,SAU,2012,,,27610.0,,20.387,26.144,0.0,76.0896,
Saudi Arabia,SAU,2013,,,28620.0,,19.712,25.855,19.868,76.5169,
Saudi Arabia,SAU,2013,,,28620.0,,19.712,25.652,19.868,76.5169,
Saudi Arabia,SAU,2014,,,29080.0,,19.822,25.989,19.868,77.1159,
Saudi Arabia,SAU,2014,,,29080.0,,19.822,26.087,19.868,77.1159,
Saudi Arabia,SAU,2015,,,26580.0,,19.405,27.357,19.868,77.7762,
Saudi Arabia,SAU,2015,,,26580.0,,19.405,27.577,19.868,77.7762,
Saudi Arabia,SAU,2016,,,23940.0,,19.553,28.648,19.868,78.3537,
Saudi Arabia,SAU,2016,,,23940.0,,19.553,28.38,19.868,78.3537,
Saudi Arabia,SAU,2017,,,23130.0,,19.824,25.068,19.868,78.7213,
Saudi Arabia,SAU,2017,,,23130.0,,19.824,25.627,19.868,78.7213,
Saudi Arabia,SAU,2018,,,26570.0,,19.739,27.437,19.868,78.7499,
Saudi Arabia,SAU,2018,,,26570.0,,19.739,27.894,19.868,78.7499,
Saudi Arabia,SAU,2019,,,29140.0,,18.075,29.936,19.868,78.3132,
Saudi Arabia,SAU,2019,,,29140.0,,18.075,30.599,19.868,78.3132,
Saudi Arabia,SAU,2020,,,26940.0,,16.628,36.257,19.868,77.5962,
Saudi Arabia,SAU,2020,,,26940.0,,16.628,36.981,19.868,77.5962,
Saudi Arabia,SAU,2021,,,30480.0,,15.902,42.79,19.868,77.0887,
Saudi Arabia,SAU,2021,,,30480.0,,15.902,43.647,19.868,77.0887,
Saudi Arabia,SAU,2022,,,35110.0,,15.217,42.325,19.868,77.3098,
Saudi Arabia,SAU,2022,,,35110.0,,15.217,43.265,19.868,77.3098,
Saudi Arabia,SAU,2023,,,36330.0,,16.415,41.287,19.868,78.7321,
Saudi Arabia,SAU,2023,,,36330.0,,16.415,41.414,19.868,78.7321,
Saudi Arabia,SAU,2024,,,35630.0,,16.495,39.876,19.868,,
Saudi Arabia,SAU,2024,,,35630.0,,16.495,40.048,19.868,,
Sudan,SDN,2000,,,330.0,,40.836,37.378,,58.9456,
Sudan,SDN,2001,,,370.0,,40.65,37.125,9.722,59.2641,
Sudan,SDN,2002,,,420.0,,40.439,36.87,9.722,59.3078,
Sudan,SDN,2003,,,510.0,,40.206,36.6,9.722,58.3193,
Sudan,SDN,2004,,,620.0,,39.967,36.334,9.722,56.7731,
Sudan,SDN,2005,,,750.0,,39.612,36.089,14.667,57.2263,
Sudan,SDN,2006,,,920.0,,39.187,35.844,17.778,60.3996,
Sudan,SDN,2007,,,1160.0,,38.871,35.613,18.059,61.4419,
Sudan,SDN,2008,,,1350.0,,38.392,35.433,18.059,61.2609,
Sudan,SDN,2008,,,1350.0,,38.392,35.474,18.059,61.2609,
Sudan,SDN,2009,,,1310.0,,38.084,36.91,18.919,62.6765,
Sudan,SDN,2009,,,1310.0,,38.084,31.507,18.919,62.6765,
Sudan,SDN,2010,,,1230.0,,37.987,38.608,25.561,62.9792,
Sudan,SDN,2011,,,1250.0,,37.317,40.4,24.576,63.1809,
Sudan,SDN,2011,,,1250.0,,37.317,40.441,24.576,63.1809,
Sudan,SDN,2012,,,1120.0,,36.59,38.849,24.576,63.4273,
Sudan,SDN,2013,,,1060.0,,36.015,37.425,24.576,63.4433,
Sudan,SDN,2014,,,1130.0,,35.491,36.13,24.294,63.9905,
Sudan,SDN,2015,,,1180.0,,35.683,34.851,30.516,64.3746,
Sudan,SDN,2016,,,1140.0,,35.412,33.521,30.516,64.6773,
Sudan,SDN,2017,,,1010.0,,35.023,32.219,30.516,65.1464,
Sudan,SDN,2018,,,810.0,,35.074,30.81,30.516,65.5005,
Sudan,SDN,2019,,,720.0,,34.909,29.198,,65.8032,
Sudan,SDN,2020,,,600.0,,34.48,27.335,,65.1237,
Sudan,SDN,2021,,,620.0,,33.913,25.529,,64.4604,0.4245206367416112
Sudan,SDN,2022,,,720.0,,33.535,23.442,,65.695,0.3910502380205
Sudan,SDN,2022,,,720.0,,33.535,23.266,,65.695,0.3910502380205
Sudan,SDN,2023,,,660.0,,33.612,,,66.331,0.36203147422961907
Sudan,SDN,2024,,,710.0,,32.996,,,,0.35255171884456354
Senegal,SEN,2000,17.6184902191162,,650.0,,39.3,48.112,12.143,57.6153,
Senegal,SEN,2001,15.7297401428223,,640.0,,38.858,48.339,16.667,58.158,
Senegal,SEN,2002,16.7219200134277,,610.0,,38.624,48.652,19.167,58.9124,
Senegal,SEN,2003,16.1175098419189,,710.0,,38.675,48.949,19.167,59.4735,
Senegal,SEN,2004,16.9622497558594,,850.0,,38.381,49.124,19.167,60.3076,
Senegal,SEN,2005,21.7709693908691,,980.0,,37.984,49.283,19.167,60.9801,
Senegal,SEN,2006,17.9546394348144,,1020.0,,37.583,49.417,19.167,61.8006,
Senegal,SEN,2006,17.9546394348144,,1020.0,,37.583,49.396,19.167,61.8006,
Senegal,SEN,2007,,,1090.0,,37.272,50.325,22.0,62.6525,
Senegal,SEN,2008,19.2261390686035,,1240.0,,37.344,51.278,22.0,63.2012,
Senegal,SEN,2009,23.3004493713379,,1330.0,,37.29,52.281,22.667,63.7513,
Senegal,SEN,2010,2.51060009002686,,1340.0,,37.254,53.335,22.667,64.2214,
Senegal,SEN,2011,21.0869693756104,,1310.0,,37.391,54.444,22.667,64.7987,
Senegal,SEN,2011,21.0869693756104,,1310.0,,37.391,65.689,22.667,64.7987,
Senegal,SEN,2012,20.7952499389648,,1320.0,,37.536,55.607,42.667,65.2291,0.5447974730597354
Senegal,SEN,2013,25.7423496246338,,1350.0,,36.748,56.833,42.667,65.6376,0.5447974730597354
Senegal,SEN,2014,24.8013095855713,,1370.0,,35.48,58.122,43.333,66.0014,0.5423461689582673
Senegal,SEN,2015,23.7782707214356,,1310.0,,34.505,59.477,42.667,66.4511,0.5677199711598304
Senegal,SEN,2015,23.7782707214356,,1310.0,,34.505,59.478,42.667,66.4511,0.5677199711598304
Senegal,SEN,2016,21.3373699188232,,1270.0,,33.828,62.667,42.667,66.724,0.5776182135420151
Senegal,SEN,2016,21.3373699188232,,1270.0,,33.828,62.668,42.667,66.724,0.5776182135420151
Senegal,SEN,2017,21.1016902923584,,1270.0,,32.801,62.374,41.818,67.0589,0.552337328207752
Senegal,SEN,2017,21.1016902923584,,1270.0,,32.801,62.375,41.818,67.0589,0.552337328207752
Senegal,SEN,2018,22.6592807769775,,1390.0,,31.596,60.056,41.818,67.3792,0.552337328207752
Senegal,SEN,2019,14.6931200027466,,1430.0,,30.405,58.071,41.818,67.668,0.5515682430849211
Senegal,SEN,2019,14.6931200027466,,1430.0,,30.405,58.071,41.818,67.668,0.5515682430849211
Senegal,SEN,2020,19.216739654541,,1440.0,,29.931,57.551,43.03,67.4961,0.5511903582870187
Senegal,SEN,2021,16.6768703460693,,1530.0,,29.71,57.436,43.03,66.8685,0.554159078431711
Senegal,SEN,2022,16.4915504455566,,1600.0,,29.46,57.037,44.242,67.7884,0.560840445191174
Senegal,SEN,2022,16.4915504455566,,1600.0,,29.46,54.105,44.242,67.7884,0.560840445191174
Senegal,SEN,2023,22.5471709472248,,1630.0,,29.423,57.325,46.061,68.6829,0.5536646943719344
Senegal,SEN,2023,22.5471709472248,,1630.0,,29.423,55.464,46.061,68.6829,0.5536646943719344
Senegal,SEN,2024,,,1680.0,,29.184,57.913,41.212,,0.5521363023790659
Senegal,SEN,2024,,,1680.0,,29.184,52.858,41.212,,0.5521363023790659
Singapore,SGP,2000,20.3055305480957,,23680.0,,13.7,66.857,4.301,77.7525,
Singapore,SGP,2000,20.3055305480957,,23680.0,,13.7,70.354,4.301,77.7525,
Singapore,SGP,2001,21.5566596984863,,22130.0,,11.8,67.53,11.765,78.2668,
Singapore,SGP,2001,21.5566596984863,,22130.0,,11.8,66.405,11.765,78.2668,
Singapore,SGP,2002,21.4160709381104,,22000.0,,11.4,66.598,11.765,78.7357,
Singapore,SGP,2002,21.4160709381104,,22000.0,,11.4,65.531,11.765,78.7357,
Singapore,SGP,2003,24.7598304748535,,23440.0,,10.5,67.964,15.957,79.1777,
Singapore,SGP,2003,24.7598304748535,,23440.0,,10.5,66.908,15.957,79.1777,
Singapore,SGP,2004,22.7444095611572,,26170.0,,10.3,68.945,15.957,79.6584,
Singapore,SGP,2004,22.7444095611572,,26170.0,,10.3,67.776,15.957,79.6584,
Singapore,SGP,2005,22.2787895202637,38.2560997009277,28830.0,,10.2,70.203,15.957,80.2706,
Singapore,SGP,2005,22.2787895202637,38.2560997009277,28830.0,,10.2,69.892,15.957,80.2706,
Singapore,SGP,2006,22.5367794036865,36.7557907104492,32550.0,,10.3,71.73,21.176,80.6404,
Singapore,SGP,2006,22.5367794036865,36.7557907104492,32550.0,,10.3,71.204,21.176,80.6404,
Singapore,SGP,2007,23.2322902679443,37.7844009399414,36010.0,,10.3,69.932,24.468,80.8845,
Singapore,SGP,2007,23.2322902679443,37.7844009399414,36010.0,,10.3,69.413,24.468,80.8845,
Singapore,SGP,2008,30.0994091033936,40.4071388244629,37230.0,,10.2,73.502,24.468,81.0992,
Singapore,SGP,2008,30.0994091033936,40.4071388244629,37230.0,,10.2,73.104,24.468,81.0992,
Singapore,SGP,2009,21.852970123291,40.7291488647461,37320.0,,9.9,72.653,23.404,81.4282,
Singapore,SGP,2009,21.852970123291,40.7291488647461,37320.0,,9.9,72.331,23.404,81.4282,
Singapore,SGP,2010,18.5717296600342,46.4755783081055,44930.0,,9.3,74.417,23.404,81.6472,
Singapore,SGP,2010,18.5717296600342,46.4755783081055,44930.0,,9.3,73.804,23.404,81.6472,
Singapore,SGP,2011,28.8618392944336,46.9351692199707,48250.0,,9.5,75.843,22.222,81.9417,
Singapore,SGP,2011,28.8618392944336,46.9351692199707,48250.0,,9.5,75.317,22.222,81.9417,
Singapore,SGP,2012,31.3717498779297,48.6826095581055,51710.0,,10.1,76.486,24.242,82.2089,0.8031180985245249
Singapore,SGP,2012,31.3717498779297,48.6826095581055,51710.0,,10.1,75.928,24.242,82.2089,0.8031180985245249
Singapore,SGP,2013,28.8391494750977,50.0018692016602,54470.0,,9.3,77.036,24.242,82.4676,0.8031180985245249
Singapore,SGP,2013,28.8391494750977,50.0018692016602,54470.0,,9.3,76.649,24.242,82.4676,0.8031180985245249
Singapore,SGP,2014,20.4744008205012,51.1525802612305,56380.0,,9.8,78.218,25.253,82.6146,0.7880905841716822
Singapore,SGP,2014,20.4744008205012,51.1525802612305,56380.0,,9.8,77.239,25.253,82.6146,0.7880905841716822
Singapore,SGP,2015,17.6953756282711,52.0410003662109,53160.0,,9.7,79.617,23.913,82.7479,0.8183909850055564
Singapore,SGP,2015,17.6953756282711,52.0410003662109,53160.0,,9.7,78.764,23.913,82.7479,0.8183909850055564
Singapore,SGP,2016,17.5508480540502,52.7865180969238,53470.0,,9.4,80.129,23.762,82.897,0.8181771764924091
Singapore,SGP,2016,17.5508480540502,52.7865180969238,53470.0,,9.4,79.26,23.762,82.897,0.8181771764924091
Singapore,SGP,2017,17.2535211267606,54.2321090698242,55230.0,,8.9,79.462,23.0,83.0947,0.7964833422440811
Singapore,SGP,2017,17.2535211267606,54.2321090698242,55230.0,,8.9,78.731,23.0,83.0947,0.7964833422440811
Singapore,SGP,2018,20.7195301055908,55.7606086730957,56360.0,,8.8,80.333,23.0,83.3783,0.7964833422440811
Singapore,SGP,2018,20.7195301055908,55.7606086730957,56360.0,,8.8,79.577,23.0,83.3783,0.7964833422440811
Singapore,SGP,2019,19.4742603302002,57.2499008178711,58430.0,,8.8,81.712,23.0,83.6622,0.7959695080663359
Singapore,SGP,2019,19.4742603302002,57.2499008178711,58430.0,,8.8,81.072,23.0,83.6622,0.7959695080663359
Singapore,SGP,2020,19.1947708129883,58.2861518859863,55780.0,,8.5,82.067,29.474,83.6607,0.7888843266320683
Singapore,SGP,2020,19.1947708129883,58.2861518859863,55780.0,,8.5,81.149,29.474,83.6607,0.7888843266320683
Singapore,SGP,2021,11.4717397689819,61.8374710083008,65010.0,,8.6,84.149,29.808,83.4846,0.7811302499635944
Singapore,SGP,2021,11.4717397689819,61.8374710083008,65010.0,,8.6,83.161,29.808,83.4846,0.7811302499635944
Singapore,SGP,2022,15.1349296569824,63.0869407653809,66910.0,,7.9,82.69,29.126,82.9211,0.776887451275768
Singapore,SGP,2022,15.1349296569824,63.0869407653809,66910.0,,7.9,82.296,29.126,82.9211,0.776887451275768
Singapore,SGP,2023,14.0704202651978,,69850.0,,7.4,84.312,29.126,83.7362,0.7761671199392172
Singapore,SGP,2023,14.0704202651978,,69850.0,,7.4,83.628,29.126,83.7362,0.7761671199392172
Singapore,SGP,2024,12.8611152384608,,74750.0,,7.4,84.338,29.293,,0.7826090696568875
Singapore,SGP,2024,12.8611152384608,,74750.0,,7.4,84.281,29.293,,0.7826090696568875
Solomon Islands,SLB,2000,,,920.0,,35.445,96.511,2.041,67.1164,
Solomon Islands,SLB,2001,,,870.0,,35.116,96.59,,67.2365,
Solomon Islands,SLB,2002,,,790.0,,34.841,96.584,0.0,67.3501,
Solomon Islands,SLB,2003,,,870.0,,34.612,96.44,0.0,67.4787,
Solomon Islands,SLB,2004,,,980.0,,34.288,96.281,0.0,67.6283,
Solomon Islands,SLB,2005,,,1130.0,,34.027,96.136,0.0,67.79,
Solomon Islands,SLB,2005,,,1130.0,,34.027,93.549,0.0,67.79,
Solomon Islands,SLB,2006,,,1190.0,,33.993,96.044,0.0,67.9676,
Solomon Islands,SLB,2007,,,1260.0,,33.944,95.977,0.0,67.8451,
Solomon Islands,SLB,2008,,,1380.0,,33.847,95.908,0.0,68.3362,
Solomon Islands,SLB,2009,,,1460.0,,33.678,95.907,0.0,68.3971,
Solomon Islands,SLB,2009,,,1460.0,,33.678,98.031,0.0,68.3971,
Solomon Islands,SLB,2010,,,1600.0,,33.203,95.861,0.0,68.6694,
Solomon Islands,SLB,2011,,,1690.0,,32.962,95.842,0.0,68.8241,
Solomon Islands,SLB,2012,,,1820.0,,32.734,95.851,2.0,68.9606,
Solomon Islands,SLB,2013,,,2090.0,,32.486,95.815,2.0,69.0072,
Solomon Islands,SLB,2013,,,2090.0,,32.486,95.477,2.0,69.0072,
Solomon Islands,SLB,2014,,,2090.0,,32.554,95.798,2.0,68.9836,
Solomon Islands,SLB,2015,,,2010.0,,31.895,95.761,2.0,69.3234,
Solomon Islands,SLB,2016,,,2000.0,,31.137,95.682,2.0,69.5012,
Solomon Islands,SLB,2017,,,2020.0,,30.083,95.622,2.0,69.6517,
Solomon Islands,SLB,2018,,,2150.0,,29.147,95.567,2.041,69.8061,
Solomon Islands,SLB,2019,,,2210.0,,28.413,95.561,4.082,69.9807,
Solomon Islands,SLB,2020,,,2170.0,,27.966,95.586,6.383,69.2577,
Solomon Islands,SLB,2021,,,2120.0,,27.699,96.213,8.0,68.8904,
Solomon Islands,SLB,2022,,,2010.0,,27.283,95.492,8.0,70.4086,
Solomon Islands,SLB,2023,,,1980.0,,26.935,95.542,8.0,70.5277,
Solomon Islands,SLB,2024,,,1910.0,,26.707,95.555,6.0,,
Sierra Leone,SLE,2000,20.7299995422363,,150.0,,45.045,100.243,8.75,44.8341,
Sierra Leone,SLE,2001,17.9699993133545,,170.0,,44.013,100.141,8.75,45.4476,
Sierra Leone,SLE,2002,17.6999988555908,,260.0,,44.281,100.082,,46.1739,
Sierra Leone,SLE,2003,17.3199996948242,,420.0,,43.473,100.077,14.516,46.7843,
Sierra Leone,SLE,2003,17.3199996948242,,420.0,,43.473,100.077,14.516,46.7843,
Sierra Leone,SLE,2004,17.1499996185303,,410.0,,42.465,99.412,14.516,47.4853,
Sierra Leone,SLE,2004,17.1499996185303,,410.0,,42.465,99.412,14.516,47.4853,
Sierra Leone,SLE,2005,15.5100002288818,,440.0,,41.97,99.275,14.516,48.306,
Sierra Leone,SLE,2006,,,440.0,,41.807,99.127,14.516,49.5472,
Sierra Leone,SLE,2007,19.75,,480.0,,41.058,98.978,13.223,50.0239,
Sierra Leone,SLE,2008,14.9299993515015,,580.0,,40.589,98.821,13.223,50.6927,
Sierra Leone,SLE,2009,15.9000005722046,,650.0,,39.853,98.656,13.223,51.3124,
Sierra Leone,SLE,2010,12.7999992370606,,690.0,,39.115,98.486,13.223,51.9272,
Sierra Leone,SLE,2011,12.4099998474121,,710.0,,38.518,98.308,12.903,52.5936,
Sierra Leone,SLE,2012,14.1300001144409,,830.0,,37.775,98.125,12.397,53.159,0.4593022798560386
Sierra Leone,SLE,2013,15.1999998092651,,970.0,,36.6,97.934,12.397,54.0515,0.4593022798560386
Sierra Leone,SLE,2014,15.0900001525879,,970.0,,35.62,97.74,12.097,54.2809,0.43833859225295513
Sierra Leone,SLE,2014,15.0900001525879,,970.0,,35.62,97.738,12.097,54.2809,0.43833859225295513
Sierra Leone,SLE,2015,,,950.0,,34.658,96.101,12.397,55.454,0.43590133016906596
Sierra Leone,SLE,2016,12.4700002670288,,930.0,,34.194,94.441,12.397,56.9368,0.44605071213401876
Sierra Leone,SLE,2017,19.8899993896484,,840.0,,33.808,92.758,12.397,57.761,0.4536227572165959
Sierra Leone,SLE,2018,32.7299995422363,,830.0,,33.34,91.056,12.329,59.0587,0.4536227572165959
Sierra Leone,SLE,2018,32.7299995422363,,830.0,,33.34,91.055,12.329,59.0587,0.4536227572165959
Sierra Leone,SLE,2019,35.0099983215332,,850.0,,32.808,91.98,12.329,59.5935,0.4543720868445443
Sierra Leone,SLE,2020,34.2400016784668,,840.0,,32.196,91.98,12.329,59.6935,0.4502532463632085
Sierra Leone,SLE,2021,33.4200019836426,,890.0,,31.644,92.255,12.329,60.2596,0.44340271185265306
Sierra Leone,SLE,2022,29.3700008392334,,920.0,,31.071,92.545,12.329,61.2748,0.44874598604768634
Sierra Leone,SLE,2023,,,870.0,,30.601,93.244,28.188,61.7858,0.4394599347694843
Sierra Leone,SLE,2024,19.9591899733007,,820.0,,30.108,93.556,29.53,,0.4336936477903186
El Salvador,SLV,2000,13.5439701080322,,1890.0,51.5,27.132,56.88,9.524,67.7114,
El Salvador,SLV,2000,13.5439701080322,,1890.0,51.5,27.132,56.361,9.524,67.7114,
El Salvador,SLV,2001,,,1940.0,51.3,25.826,57.199,9.524,67.9645,
El Salvador,SLV,2001,,,1940.0,51.3,25.826,56.258,9.524,67.9645,
El Salvador,SLV,2002,14.4047498703003,,1990.0,51.9,24.406,57.564,9.524,68.5264,
El Salvador,SLV,2002,14.4047498703003,,1990.0,51.9,24.406,57.606,9.524,68.5264,
El Salvador,SLV,2003,13.8522701263428,,2120.0,50.4,23.144,58.077,10.714,68.7918,
El Salvador,SLV,2003,13.8522701263428,,2120.0,50.4,23.144,58.081,10.714,68.7918,
El Salvador,SLV,2004,,,2280.0,47.8,22.065,56.633,10.714,69.2948,
El Salvador,SLV,2004,,,2280.0,47.8,22.065,56.962,10.714,69.2948,
El Salvador,SLV,2005,14.1668500900269,,2430.0,48.5,21.373,57.518,10.714,69.3356,
El Salvador,SLV,2005,14.1668500900269,,2430.0,48.5,21.373,57.455,10.714,69.3356,
El Salvador,SLV,2006,14.9191904067993,,2600.0,45.7,20.972,58.418,16.667,69.6123,
El Salvador,SLV,2006,14.9191904067993,,2600.0,45.7,20.972,58.711,16.667,69.6123,
El Salvador,SLV,2007,15.8150501251221,,2730.0,45.2,20.566,58.025,16.667,69.8195,
El Salvador,SLV,2007,15.8150501251221,,2730.0,45.2,20.566,57.875,16.667,69.8195,
El Salvador,SLV,2008,18.1625194549561,,2910.0,46.9,20.045,58.727,16.667,70.1378,
El Salvador,SLV,2008,18.1625194549561,,2910.0,46.9,20.045,58.119,16.667,70.1378,
El Salvador,SLV,2009,17.9502601623535,,2870.0,45.8,19.835,59.466,19.048,70.3586,
El Salvador,SLV,2009,17.9502601623535,,2870.0,45.8,19.835,58.746,19.048,70.3586,
El Salvador,SLV,2010,15.8184099197388,,2940.0,43.5,19.69,60.245,19.048,70.9088,
El Salvador,SLV,2010,15.8184099197388,,2940.0,43.5,19.69,59.735,19.048,70.9088,
El Salvador,SLV,2011,15.423680305481,,3120.0,42.3,19.618,59.825,19.048,71.1918,
El Salvador,SLV,2011,15.423680305481,,3120.0,42.3,19.618,59.379,19.048,71.1918,
El Salvador,SLV,2012,13.5578603744507,,3280.0,41.8,19.39,60.835,26.19,71.4201,0.46767962609304553
El Salvador,SLV,2012,13.5578603744507,,3280.0,41.8,19.39,60.151,26.19,71.4201,0.46767962609304553
El Salvador,SLV,2013,13.3416004180908,,3410.0,43.4,19.185,62.443,26.19,71.2251,0.46767962609304553
El Salvador,SLV,2013,13.3416004180908,,3410.0,43.4,19.185,62.136,26.19,71.2251,0.46767962609304553
El Salvador,SLV,2014,13.8507604598999,,3480.0,41.6,19.014,61.383,27.381,71.1442,0.48474887675124334
El Salvador,SLV,2014,13.8507604598999,,3480.0,41.6,19.014,60.646,27.381,71.1442,0.48474887675124334
El Salvador,SLV,2015,14.4225101470947,,3520.0,40.6,18.579,60.437,32.143,70.9524,0.5081277548554094
El Salvador,SLV,2015,14.4225101470947,,3520.0,40.6,18.579,59.835,32.143,70.9524,0.5081277548554094
El Salvador,SLV,2016,13.9301700592041,,3600.0,40.0,17.73,61.084,32.143,70.9081,0.49600431279004886
El Salvador,SLV,2016,13.9301700592041,,3600.0,40.0,17.73,60.152,32.143,70.9081,0.49600431279004886
El Salvador,SLV,2017,13.2611303329468,,3700.0,38.0,17.122,60.039,32.143,71.0074,0.48137483093846656
El Salvador,SLV,2017,13.2611303329468,,3700.0,38.0,17.122,59.04,32.143,71.0074,0.48137483093846656
El Salvador,SLV,2018,13.0620498657227,,3940.0,38.6,16.683,60.008,30.952,71.3836,0.48137483093846656
El Salvador,SLV,2018,13.0620498657227,,3940.0,38.6,16.683,59.203,30.952,71.3836,0.48137483093846656
El Salvador,SLV,2019,12.1919403076172,,4130.0,38.8,16.57,60.387,30.952,71.7253,0.47811678003559466
El Salvador,SLV,2019,12.1919403076172,,4130.0,38.8,16.57,59.359,30.952,71.7253,0.47811678003559466
El Salvador,SLV,2020,11.194299697876,,3800.0,,16.303,59.941,33.333,70.2436,0.493592111072678
El Salvador,SLV,2020,11.194299697876,,3800.0,,16.303,59.963,33.333,70.2436,0.493592111072678
El Salvador,SLV,2021,11.5080699920654,,4380.0,39.0,16.15,59.908,27.381,69.9414,0.47707601174287556
El Salvador,SLV,2021,11.5080699920654,,4380.0,39.0,16.15,59.12,27.381,69.9414,0.47707601174287556
El Salvador,SLV,2022,11.4042797088623,,4710.0,38.8,15.92,60.185,27.381,71.9695,0.4575225046860448
El Salvador,SLV,2022,11.4042797088623,,4710.0,38.8,15.92,59.678,27.381,71.9695,0.4575225046860448
El Salvador,SLV,2023,10.4416399002075,,4950.0,39.8,15.758,63.219,27.381,72.0993,0.44598550713175755
El Salvador,SLV,2023,10.4416399002075,,4950.0,39.8,15.758,62.458,27.381,72.0993,0.44598550713175755
El Salvador,SLV,2024,10.575590133667,,5120.0,,15.597,63.585,31.667,,0.43150641228873776
El Salvador,SLV,2024,10.575590133667,,5120.0,,15.597,60.894,31.667,,0.43150641228873776
San Marino,SMR,2000,,,,,12.004,,13.333,80.5036,
San Marino,SMR,2001,,,,,12.82,66.43,16.667,80.8028,
San Marino,SMR,2002,,,,,11.935,67.489,16.667,81.0608,
San Marino,SMR,2003,,,,,10.661,67.886,16.667,81.3303,
San Marino,SMR,2004,,,,,10.4,,16.667,81.5921,
San Marino,SMR,2005,,,,,9.5,,16.667,81.9256,
San Marino,SMR,2006,,,,,10.0,,11.667,82.2577,
San Marino,SMR,2007,,,,,9.4,,11.667,82.6049,
San Marino,SMR,2008,,,,,11.0,,15.0,82.8936,
San Marino,SMR,2009,,,,,10.7,,16.667,83.2239,
San Marino,SMR,2010,,,,,10.3,,16.667,83.4638,
San Marino,SMR,2011,,,,,10.0,,18.333,83.7132,
San Marino,SMR,2012,,,,,8.7,,16.667,83.9427,
San Marino,SMR,2013,,,,,9.7,,18.333,84.1749,
San Marino,SMR,2014,,,,,9.1,,18.333,84.3941,
San Marino,SMR,2015,,,,,8.2,73.171,16.667,84.5959,
San Marino,SMR,2016,,,,,7.9,,23.333,84.7751,
San Marino,SMR,2017,,,,,6.7,96.805,26.667,84.9326,
San Marino,SMR,2018,,,,,6.8,98.045,26.667,85.0947,
San Marino,SMR,2019,,,,,6.7,98.553,25.0,85.2565,
San Marino,SMR,2020,,,,,6.4,98.202,33.333,82.6495,
San Marino,SMR,2021,,,,,6.2,99.845,33.333,83.5389,
San Marino,SMR,2022,,,,,6.1,99.688,33.333,85.7082,
San Marino,SMR,2023,,,,,5.6,,33.333,85.7062,
San Marino,SMR,2024,,,,,4.2,,35.0,,
"Somalia, Fed. Rep.",SOM,2000,,,370.0,,50.443,44.354,,50.7466,
"Somalia, Fed. Rep.",SOM,2001,,,320.0,,50.374,44.199,,50.8291,
"Somalia, Fed. Rep.",SOM,2002,,,270.0,,50.373,44.04,,50.8202,
"Somalia, Fed. Rep.",SOM,2003,,,260.0,,50.123,43.858,,50.7208,
"Somalia, Fed. Rep.",SOM,2004,,,310.0,,49.904,43.593,,50.6849,
"Somalia, Fed. Rep.",SOM,2005,,,390.0,,49.615,43.163,8.0,50.8937,
"Somalia, Fed. Rep.",SOM,2006,,,450.0,,49.391,42.603,7.807,50.9152,
"Somalia, Fed. Rep.",SOM,2007,,,480.0,,48.908,42.195,8.203,50.8852,
"Somalia, Fed. Rep.",SOM,2008,,,510.0,,48.763,42.135,8.203,51.4558,
"Somalia, Fed. Rep.",SOM,2009,,,380.0,,48.426,42.261,6.865,52.101,
"Somalia, Fed. Rep.",SOM,2010,,,290.0,,48.062,42.444,6.777,48.8996,
"Somalia, Fed. Rep.",SOM,2011,,,250.0,,48.58,42.985,6.777,32.4525,
"Somalia, Fed. Rep.",SOM,2012,,,280.0,,48.159,43.546,13.818,49.1384,
"Somalia, Fed. Rep.",SOM,2013,,,340.0,,47.744,43.722,13.818,54.0163,
"Somalia, Fed. Rep.",SOM,2014,,,410.0,,47.457,43.845,13.818,54.4421,
"Somalia, Fed. Rep.",SOM,2015,,,440.0,,47.171,43.963,13.818,55.0555,
"Somalia, Fed. Rep.",SOM,2016,,,450.0,,46.561,44.083,,55.2828,
"Somalia, Fed. Rep.",SOM,2017,,,500.0,,46.155,44.268,24.364,52.1901,
"Somalia, Fed. Rep.",SOM,2018,,,510.0,,45.67,44.495,24.364,54.7673,
"Somalia, Fed. Rep.",SOM,2019,,,520.0,,45.139,44.678,24.364,57.2494,
"Somalia, Fed. Rep.",SOM,2019,,,520.0,,45.139,44.679,24.364,57.2494,
"Somalia, Fed. Rep.",SOM,2020,,,500.0,,44.544,44.678,24.364,57.0948,
"Somalia, Fed. Rep.",SOM,2021,,,540.0,,44.094,44.76,24.364,55.7027,
"Somalia, Fed. Rep.",SOM,2022,,,570.0,,43.789,43.584,19.708,53.9315,
"Somalia, Fed. Rep.",SOM,2022,,,570.0,,43.789,44.367,19.708,53.9315,
"Somalia, Fed. Rep.",SOM,2023,,,600.0,,42.964,43.729,19.708,58.8158,
"Somalia, Fed. Rep.",SOM,2024,,,620.0,,42.346,43.789,19.636,,
Serbia,SRB,2000,,,1720.0,,9.8,70.794,,72.3344,
Serbia,SRB,2001,,,1630.0,,10.5,70.829,,72.2745,
Serbia,SRB,2002,,13.2008399963379,1610.0,32.7,10.4,70.824,,72.5994,
Serbia,SRB,2003,,,2510.0,32.8,10.6,70.758,,72.7222,
Serbia,SRB,2004,,,3340.0,35.5,10.5,70.676,,72.8667,
Serbia,SRB,2004,,,3340.0,35.5,10.5,72.755,,72.8667,
Serbia,SRB,2005,,,3940.0,36.5,9.7,70.599,,73.1151,
Serbia,SRB,2005,,,3940.0,36.5,9.7,70.794,,73.1151,
Serbia,SRB,2006,,,4280.0,29.7,9.58,70.507,12.0,73.3951,
Serbia,SRB,2006,,,4280.0,29.7,9.58,70.754,12.0,73.3951,
Serbia,SRB,2007,,20.4951927676894,5000.0,28.7,9.22,72.063,20.4,73.724,
Serbia,SRB,2007,,20.4951927676894,5000.0,28.7,9.22,71.701,20.4,73.724,
Serbia,SRB,2008,,14.8457202911377,6250.0,27.6,9.4,72.345,21.6,73.9041,
Serbia,SRB,2008,,14.8457202911377,6250.0,27.6,9.4,71.893,21.6,73.9041,
Serbia,SRB,2009,,15.3599901199341,6680.0,28.0,9.6,72.188,21.6,74.106,
Serbia,SRB,2009,,15.3599901199341,6680.0,28.0,9.6,71.723,21.6,74.106,
Serbia,SRB,2010,,15.721360206604,6500.0,29.0,9.4,71.51,21.6,74.3762,
Serbia,SRB,2010,,15.721360206604,6500.0,29.0,9.4,70.339,21.6,74.3762,
Serbia,SRB,2011,,19.1687107086182,6380.0,,9.1,70.876,22.0,74.7194,
Serbia,SRB,2011,,19.1687107086182,6380.0,,9.1,68.359,22.0,74.7194,
Serbia,SRB,2012,,17.2563796614681,6310.0,39.9,9.3,70.895,33.2,75.0888,0.5068452356720914
Serbia,SRB,2012,,17.2563796614681,6310.0,39.9,9.3,68.689,33.2,75.0888,0.5068452356720914
Serbia,SRB,2013,,18.215030670166,6630.0,39.4,9.2,71.52,33.2,75.3461,0.5068452356720914
Serbia,SRB,2013,,18.215030670166,6630.0,39.4,9.2,70.819,33.2,75.3461,0.5068452356720914
Serbia,SRB,2014,,20.3467502593994,6450.0,40.4,9.3,72.236,34.0,75.4778,0.5059415322058644
Serbia,SRB,2014,,20.3467502593994,6450.0,40.4,9.3,72.248,34.0,75.4778,0.5059415322058644
Serbia,SRB,2015,,21.7399997711182,6210.0,40.5,9.3,72.032,34.0,75.653,0.5056964410876617
Serbia,SRB,2015,,21.7399997711182,6210.0,40.5,9.3,72.067,34.0,75.653,0.5056964410876617
Serbia,SRB,2016,,22.5822696685791,5920.0,38.8,9.2,73.489,34.0,75.7375,0.5029224163537084
Serbia,SRB,2016,,22.5822696685791,5920.0,38.8,9.2,73.55,34.0,75.7375,0.5029224163537084
Serbia,SRB,2017,,22.583610534668,5810.0,36.1,9.2,74.369,34.4,75.7921,0.5021020128261529
Serbia,SRB,2017,,22.583610534668,5810.0,36.1,9.2,74.41,34.4,75.7921,0.5021020128261529
Serbia,SRB,2018,,23.2185947147462,6700.0,35.0,9.2,74.259,34.4,76.0356,0.5021020128261529
Serbia,SRB,2018,,23.2185947147462,6700.0,35.0,9.2,74.273,34.4,76.0356,0.5021020128261529
Serbia,SRB,2019,,23.2534694671631,7380.0,34.5,9.3,75.09,37.652,76.0585,0.49991549438774713
Serbia,SRB,2019,,23.2534694671631,7380.0,34.5,9.3,75.096,37.652,76.0585,0.49991549438774713
Serbia,SRB,2020,,23.6766547109738,7790.0,35.0,8.9,75.121,38.8,74.5065,0.502844152219402
Serbia,SRB,2020,,23.6766547109738,7790.0,35.0,8.9,75.085,38.8,74.5065,0.502844152219402
Serbia,SRB,2021,,24.530739661149,8890.0,33.1,9.1,76.319,39.2,72.853,0.493654156474966
Serbia,SRB,2021,,24.530739661149,8890.0,33.1,9.1,76.202,39.2,72.853,0.493654156474966
Serbia,SRB,2022,,26.1678504943848,9790.0,32.8,9.3,77.335,36.555,75.4778,0.4898376444139929
Serbia,SRB,2022,,26.1678504943848,9790.0,32.8,9.3,77.361,36.555,75.4778,0.4898376444139929
Serbia,SRB,2023,,25.6712952451897,10750.0,32.8,9.2,78.342,34.8,76.7693,0.4818635840707879
Serbia,SRB,2023,,25.6712952451897,10750.0,32.8,9.2,78.634,34.8,76.7693,0.4818635840707879
Serbia,SRB,2024,,26.9088680008745,11610.0,,9.2,79.055,38.0,,0.47471312276302624
Serbia,SRB,2024,,26.9088680008745,11610.0,,9.2,79.5,38.0,,0.47471312276302624
Sub-Saharan Africa (excluding high income),SSA,2000,15.2369203567505,,715.9803034936392,,41.959623862422276,85.102,11.93,,
Sub-Saharan Africa (excluding high income),SSA,2001,15.73720979690555,,687.1871951290312,,41.749050926808906,85.291,12.64,,
Sub-Saharan Africa (excluding high income),SSA,2002,15.59602975845335,,675.1220522375014,,41.478257243758534,85.6,13.956,,
Sub-Saharan Africa (excluding high income),SSA,2003,17.3199996948242,,739.6730483590961,,41.25866273870242,85.772,14.16,,
Sub-Saharan Africa (excluding high income),SSA,2004,17.3871002197266,,902.7621781130191,,41.09138630597593,85.963,15.211,,
Sub-Saharan Africa (excluding high income),SSA,2005,18.0330390930176,,1116.7698650550485,,40.96122449738348,86.102,15.782,,
Sub-Saharan Africa (excluding high income),SSA,2006,17.9546394348144,,1254.1997946699776,,40.720429565405894,86.208,16.198,,
Sub-Saharan Africa (excluding high income),SSA,2007,,,1380.3323350946566,,40.392258260118794,86.244,16.941,,
Sub-Saharan Africa (excluding high income),SSA,2008,17.082224845886202,,1502.1233803309378,,40.181342294068415,86.174,17.472,,
Sub-Saharan Africa (excluding high income),SSA,2009,,,1537.5520696072672,,39.775018226436885,86.041,18.193,,
Sub-Saharan Africa (excluding high income),SSA,2010,17.57964515686035,,1605.4571754218728,,39.395167325900864,86.006,18.028,,
Sub-Saharan Africa (excluding high income),SSA,2011,16.12358474731445,,1701.2723182712436,,38.96032282365314,85.951,19.913,,
Sub-Saharan Africa (excluding high income),SSA,2012,16.4283199310303,,1846.4866877089657,,38.43331539130747,85.542,20.826,,
Sub-Saharan Africa (excluding high income),SSA,2013,16.183090209960902,,1928.3919272425214,,37.87675063336807,85.769,21.996,,
Sub-Saharan Africa (excluding high income),SSA,2014,17.4073095441863,,1979.4018065191285,,37.39374486368005,85.635,21.659,,
Sub-Saharan Africa (excluding high income),SSA,2015,16.844510078430147,,1858.8290808692475,,36.80933698343915,85.536,22.539,,
Sub-Saharan Africa (excluding high income),SSA,2016,15.831259727478,,1656.4431498772462,,36.220156638387195,85.374,22.819,,
Sub-Saharan Africa (excluding high income),SSA,2017,16.448539733886697,,1545.2353838174424,,35.70365143424478,85.324,23.068,,
Sub-Saharan Africa (excluding high income),SSA,2018,17.2210118266549,,1594.7267710894544,,35.1958645026145,85.125,23.131,,
Sub-Saharan Africa (excluding high income),SSA,2019,15.324447659025449,,1708.8440557845022,,34.69393343946504,84.96,23.102,,
Sub-Saharan Africa (excluding high income),SSA,2020,15.65665538464205,,1671.9229875226376,,34.190716688781166,84.713,23.919,,
Sub-Saharan Africa (excluding high income),SSA,2021,15.3551631854332,,1815.3377397462696,,33.86562020053526,85.108,25.056,,
Sub-Saharan Africa (excluding high income),SSA,2022,14.9914706871899,,1900.172119340668,,33.50902336930771,85.156,25.483,,
Sub-Saharan Africa (excluding high income),SSA,2022,14.9914706871899,,1900.172119340668,,33.50902336930771,83.497,25.483,,
Sub-Saharan Africa (excluding high income),SSA,2023,14.924122108171101,,1850.119087022096,,33.170958468617776,88.293,26.212,,
Sub-Saharan Africa (excluding high income),SSA,2024,15.2403410722657,,1652.170796846441,,32.80400777082723,88.441,26.049,,
South Sudan,SSD,2000,,,,,49.816,91.328,,47.5913,
South Sudan,SSD,2001,,,,,48.921,91.283,,48.5505,
South Sudan,SSD,2002,,,,,48.029,91.029,,49.3942,
South Sudan,SSD,2003,,,,,46.77,90.783,,52.3242,
South Sudan,SSD,2004,,,,,45.513,90.96,,53.0517,
South Sudan,SSD,2005,,,,,44.3,91.498,,53.9646,
South Sudan,SSD,2006,,,,,43.183,92.136,,54.6529,
South Sudan,SSD,2007,,,,,42.307,92.837,,55.4249,
South Sudan,SSD,2008,,,,,41.624,93.52,,56.2803,
South Sudan,SSD,2008,,,,,41.624,93.519,,56.2803,
South Sudan,SSD,2009,,,,,41.025,94.09,,56.8478,
South Sudan,SSD,2010,,,,,39.878,94.95,,57.4848,
South Sudan,SSD,2011,,,,,39.791,95.837,26.506,57.6738,
South Sudan,SSD,2012,,,,,39.141,96.214,26.506,58.2406,
South Sudan,SSD,2013,,,,,38.295,96.293,26.506,58.2853,
South Sudan,SSD,2014,,,,,38.191,95.406,26.506,45.6247,
South Sudan,SSD,2015,,,,,35.407,94.523,26.506,39.7565,
South Sudan,SSD,2016,,,,,35.052,93.604,28.46,36.72,
South Sudan,SSD,2017,,,,,32.802,91.881,28.46,35.3511,
South Sudan,SSD,2018,,,,,29.068,92.058,28.46,51.9049,
South Sudan,SSD,2019,,,,,29.421,93.856,28.46,58.1293,
South Sudan,SSD,2020,,,,,29.441,93.858,28.46,57.6479,
South Sudan,SSD,2021,,,,,29.693,94.092,32.364,57.0474,
South Sudan,SSD,2022,,,,,29.066,92.135,32.364,57.2026,
South Sudan,SSD,2023,,,,,28.59,91.851,32.364,57.6174,
South Sudan,SSD,2024,,,,,29.222,,32.364,,
Sub-Saharan Africa,SSF,2000,15.0723252296448,,658.2326851635677,,41.95683996623629,84.882,11.585,,
Sub-Saharan Africa,SSF,2001,15.7333097457886,,632.1785974702512,,41.74625803754848,85.046,12.283,,
Sub-Saharan Africa,SSF,2002,16.1877498626709,,619.9031927200475,,41.47548562531901,85.323,13.467,,
Sub-Saharan Africa,SSF,2003,,,676.9681506769327,,41.25606475754092,85.481,13.709,,
Sub-Saharan Africa,SSF,2004,17.3871002197266,,825.4371417115078,,41.088809348346565,85.659,14.735,,
Sub-Saharan Africa,SSF,2005,18.0330390930176,,1019.9609289015322,,40.95883613521144,85.792,16.237,,
Sub-Saharan Africa,SSF,2006,17.9798145294189,,1145.5930829257309,,40.717955416848845,85.895,16.639,,
Sub-Saharan Africa,SSF,2007,,,1262.6893233503251,,40.389903703837525,85.936,17.306,,
Sub-Saharan Africa,SSF,2008,17.9063091278076,,1378.5261456391522,,40.17904244019385,85.882,17.801,,
Sub-Saharan Africa,SSF,2009,18.2409391403198,,1416.1905645155664,,39.772843116220834,85.773,18.464,,
Sub-Saharan Africa,SSF,2010,17.6112308502197,,1481.0142811158614,,39.392899116990996,85.751,18.737,,
Sub-Saharan Africa,SSF,2011,16.9037895202637,,1568.149314571039,,38.95838581648234,85.713,20.535,,
Sub-Saharan Africa,SSF,2012,16.65352756374065,,1700.6582100865144,,38.43146118478464,85.359,21.376,,
Sub-Saharan Africa,SSF,2013,16.1913795471191,,1779.8015894055359,,37.8748532651062,85.574,22.457,,
Sub-Saharan Africa,SSF,2014,17.611244684507703,,1833.6077962475213,,37.39187690384595,85.325,22.158,,
Sub-Saharan Africa,SSF,2015,16.9629096984863,,1729.5575308088319,,36.80753095070894,85.104,23.637,,
Sub-Saharan Africa,SSF,2016,15.911284923553449,,1552.7801753174692,,36.21846314637303,84.824,23.81,,
Sub-Saharan Africa,SSF,2017,16.534330368042,,1457.8688998101181,,35.70200967265967,84.637,24.017,,
Sub-Saharan Africa,SSF,2018,17.37127098901105,,1508.4408715872826,,35.19428588948809,84.317,24.074,,
Sub-Saharan Africa,SSF,2019,15.357029914856,,1616.7448069369493,,34.69236471884049,84.021,24.078,,
Sub-Saharan Africa,SSF,2020,15.6666108638886,,1586.8014931928067,,34.1891665352201,83.617,24.869,,
Sub-Saharan Africa,SSF,2021,15.40143661133235,,1721.625149176119,,33.864206343479395,83.81,25.925,,
Sub-Saharan Africa,SSF,2022,15.250486156436,,1805.67572711322,,33.50703133388878,83.915,26.338,,
Sub-Saharan Africa,SSF,2023,15.024640083313,,1767.645431430248,,33.169039245524516,86.733,27.034,,
Sub-Saharan Africa,SSF,2024,15.3772099653715,,1597.375917526107,,32.8019565039641,86.906,26.878,,
Small states,SST,2000,13.827690124511701,,4704.739849292241,,22.572749564523797,66.382,9.848,,
Small states,SST,2001,14.03269481658935,,4734.787019641965,,22.201893768600716,66.793,10.476,,
Small states,SST,2002,14.71791982650755,,4829.899237861562,,21.93274451703773,67.529,11.841,,
Small states,SST,2003,16.48096990585325,,5378.728565709302,,21.71525573410699,68.298,12.441,,
Small states,SST,2004,16.6100401878357,,6354.188650530683,,21.483616165816105,68.927,12.737,,
Small states,SST,2005,16.46374559402465,,7395.711803337206,,21.25226999981616,69.915,13.542,,
Small states,SST,2006,16.1796207427979,,8198.17894575883,,21.04869148271582,70.443,12.771,,
Small states,SST,2007,14.1832799911499,,9103.736773528213,,20.93518380825285,70.509,13.073,,
Small states,SST,2008,14.0394401550293,,9967.074685819045,,20.861717661562963,71.377,14.084,,
Small states,SST,2009,13.2472295761108,,9656.121762517929,,20.665789394136027,71.824,14.17,,
Small states,SST,2010,14.06589460372925,,9702.506988460234,,20.30811273851791,72.482,14.086,,
Small states,SST,2011,13.561275005340551,,9985.559360624546,,19.99845533411238,72.662,14.677,,
Small states,SST,2012,11.8632898330688,,10540.187786610599,,19.748381010775642,73.47,15.228,,
Small states,SST,2013,13.6335401535034,,10990.270165728005,,19.41981290041388,73.228,15.367,,
Small states,SST,2014,11.926984786987301,,11021.734404957628,,19.162322839158183,73.429,15.358,,
Small states,SST,2015,12.8675603866577,,10844.750701041565,,18.7882459931726,74.007,16.118,,
Small states,SST,2016,15.159589767456,,10420.208221222796,,18.48206103573742,74.14,16.713,,
Small states,SST,2017,14.8294095993042,,10548.769895172522,,18.0447879304695,74.511,16.787,,
Small states,SST,2018,13.8565149307251,,11363.90516401576,,17.667024149625043,74.819,17.735,,
Small states,SST,2019,13.01333999633785,,11957.0818805841,,17.362780955355525,75.566,18.743,,
Small states,SST,2020,12.1383652687073,,10857.500316809408,,17.085394926971883,75.541,19.767,,
Small states,SST,2021,12.15552473068235,,11704.473678901815,,16.857268061276308,76.233,20.475,,
Small states,SST,2022,13.0291900634766,,12728.275430841195,,16.49164894090195,75.716,21.272,,
Small states,SST,2023,,,13788.873712849427,,16.27809116634788,76.862,21.507,,
Small states,SST,2024,11.670044718142295,,14172.746269377838,,16.048761196935335,77.063,21.654,,
Sao Tome and Principe,STP,2000,,,480.0,,39.748,86.71,9.091,61.2067,
Sao Tome and Principe,STP,2000,,,480.0,,39.748,53.859,9.091,61.2067,
Sao Tome and Principe,STP,2001,,,510.0,,39.965,88.022,9.091,61.4996,
Sao Tome and Principe,STP,2002,6.56044006347656,,520.0,,39.841,88.519,,61.8262,
Sao Tome and Principe,STP,2003,6.69200992584229,,600.0,,39.551,89.033,9.091,62.1579,
Sao Tome and Principe,STP,2004,5.85359001159668,,690.0,,39.206,89.432,9.091,62.5601,
Sao Tome and Principe,STP,2005,12.1254796981812,,800.0,,38.979,89.716,9.091,62.4344,
Sao Tome and Principe,STP,2006,14.0842304229736,,910.0,,38.851,89.865,7.273,63.0413,
Sao Tome and Principe,STP,2006,14.0842304229736,,910.0,,38.851,69.218,7.273,63.0413,
Sao Tome and Principe,STP,2007,16.6573505401611,,940.0,,38.915,89.809,1.818,63.3356,
Sao Tome and Principe,STP,2008,18.2486305236816,,1000.0,,38.468,89.629,7.273,63.4478,
Sao Tome and Principe,STP,2009,20.5607795715332,,1070.0,,37.892,89.515,7.273,63.6687,
Sao Tome and Principe,STP,2010,19.3274097442627,,1090.0,,37.323,89.632,18.182,63.8667,
Sao Tome and Principe,STP,2011,11.3804157822642,,1140.0,,36.847,89.965,18.182,64.1217,
Sao Tome and Principe,STP,2012,13.7216196060181,,1160.0,,36.364,89.95,18.182,64.5053,
Sao Tome and Principe,STP,2013,18.8296699523926,,1320.0,,35.361,89.678,18.182,64.9301,
Sao Tome and Principe,STP,2014,12.3246698379517,,1430.0,,34.27,89.722,18.182,65.4775,
Sao Tome and Principe,STP,2015,11.2973403930664,,1400.0,,33.025,90.177,18.182,66.0231,
Sao Tome and Principe,STP,2016,15.9666795730591,,1420.0,,31.691,91.114,18.182,66.5632,
Sao Tome and Principe,STP,2017,18.3999996185303,,1440.0,,30.564,92.497,18.182,67.0741,
Sao Tome and Principe,STP,2017,18.3999996185303,,1440.0,,30.564,92.339,18.182,67.0741,
Sao Tome and Principe,STP,2018,20.1165409088135,,1660.0,,29.804,94.234,14.545,67.6015,
Sao Tome and Principe,STP,2019,17.5924450901,,1810.0,,29.229,96.301,14.545,68.0435,
Sao Tome and Principe,STP,2020,16.1259357979116,,2030.0,,28.643,95.95,23.636,67.979,
Sao Tome and Principe,STP,2021,16.5841912023207,,2220.0,,28.518,96.825,23.636,68.0262,
Sao Tome and Principe,STP,2022,17.086328518452,,2430.0,,28.277,95.832,14.545,69.2368,
Sao Tome and Principe,STP,2023,18.3450062516556,,2590.0,,28.185,95.185,14.545,69.7182,
Sao Tome and Principe,STP,2024,18.0866969516388,,2850.0,,28.094,94.769,14.545,,
Suriname,SUR,2000,,,1950.0,,25.518,54.984,,64.4089,
Suriname,SUR,2001,,,1640.0,,25.357,55.751,17.647,64.8201,
Suriname,SUR,2002,,,1870.0,,24.254,56.519,17.647,65.2744,
Suriname,SUR,2003,,,2120.0,,23.021,57.29,17.647,65.7785,
Suriname,SUR,2004,,,2710.0,,22.053,58.061,19.608,66.3615,
Suriname,SUR,2005,,,3190.0,,21.701,58.835,25.49,66.9974,
Suriname,SUR,2006,,,3880.0,,21.673,59.61,25.49,67.6431,
Suriname,SUR,2007,,,4860.0,,21.569,60.385,25.49,68.3071,
Suriname,SUR,2008,,,6090.0,,21.338,61.16,25.49,68.8732,
Suriname,SUR,2009,,,6700.0,,21.053,61.936,25.49,69.3231,
Suriname,SUR,2009,,,6700.0,,21.053,66.116,25.49,69.3231,
Suriname,SUR,2010,,,7330.0,,20.718,62.712,9.804,69.6262,
Suriname,SUR,2010,,,7330.0,,20.718,61.957,9.804,69.6262,
Suriname,SUR,2011,,,7620.0,,20.423,63.486,11.765,69.8203,
Suriname,SUR,2011,,,7620.0,,20.423,65.699,11.765,69.8203,
Suriname,SUR,2012,,,8220.0,,20.332,64.26,11.765,69.9568,
Suriname,SUR,2012,,,8220.0,,20.332,67.936,11.765,69.9568,
Suriname,SUR,2013,,,8610.0,,20.123,65.031,11.765,70.1101,
Suriname,SUR,2013,,,8610.0,,20.123,63.887,11.765,70.1101,
Suriname,SUR,2014,,,8900.0,,19.859,65.801,11.765,70.33,
Suriname,SUR,2014,,,8900.0,,19.859,66.168,11.765,70.33,
Suriname,SUR,2015,,,8550.0,,19.479,66.57,25.49,70.5671,
Suriname,SUR,2015,,,8550.0,,19.479,65.67,25.49,70.5671,
Suriname,SUR,2016,,,6660.0,,18.942,67.334,25.49,70.9786,0.5295593258702624
Suriname,SUR,2016,,,6660.0,,18.942,67.334,25.49,70.9786,0.5295593258702624
Suriname,SUR,2017,,,5700.0,,18.448,67.738,25.49,71.2474,0.5097529519061762
Suriname,SUR,2018,,,5730.0,,18.092,68.701,25.49,71.4679,0.5097529519061762
Suriname,SUR,2019,,,6000.0,,17.869,69.028,31.373,71.7734,0.5098037095593493
Suriname,SUR,2020,,,4710.0,,17.692,68.764,29.412,72.3208,0.5007777744714095
Suriname,SUR,2021,,,4490.0,,17.577,69.19,29.412,68.9427,0.49117536215017876
Suriname,SUR,2022,,,5040.0,,17.47,69.811,29.412,73.2538,0.4958658805202979
Suriname,SUR,2023,,,5210.0,,17.298,70.462,29.412,73.631,0.4915655895244514
Suriname,SUR,2024,,,5690.0,,17.152,71.348,31.373,,0.49366732722568946
Slovak Republic,SVK,2000,7.26560020446777,,5520.0,,10.2,78.096,14.0,73.1393,
Slovak Republic,SVK,2000,7.26560020446777,,5520.0,,10.2,78.023,14.0,73.1393,
Slovak Republic,SVK,2001,8.52626991271973,12.5332803726196,5700.0,,9.5,77.837,14.0,73.5706,
Slovak Republic,SVK,2001,8.52626991271973,12.5332803726196,5700.0,,9.5,77.801,14.0,73.5706,
Slovak Republic,SVK,2002,9.24452018737793,,6020.0,,9.5,77.32,17.333,73.765,
Slovak Republic,SVK,2002,9.24452018737793,,6020.0,,9.5,77.476,17.333,73.765,
Slovak Republic,SVK,2003,10.579270362854,,6920.0,,9.6,77.448,19.333,73.8185,
Slovak Republic,SVK,2003,10.579270362854,,6920.0,,9.6,77.83,19.333,73.8185,
Slovak Republic,SVK,2004,10.7206401824951,,9010.0,27.1,10.0,76.82,16.667,74.2172,
Slovak Republic,SVK,2004,10.7206401824951,,9010.0,27.1,10.0,77.084,16.667,74.2172,
Slovak Republic,SVK,2005,9.64748954772949,,11310.0,29.3,10.1,74.803,16.667,74.1562,
Slovak Republic,SVK,2005,9.64748954772949,,11310.0,29.3,10.1,75.096,16.667,74.1562,
Slovak Republic,SVK,2006,9.71280002593994,11.9121439996195,12950.0,25.8,10.0,74.061,20.0,74.4161,
Slovak Republic,SVK,2006,9.71280002593994,11.9121439996195,12950.0,25.8,10.0,74.298,20.0,74.4161,
Slovak Republic,SVK,2007,9.80428028106689,11.7688987511045,14940.0,24.7,10.1,74.255,19.333,74.4947,
Slovak Republic,SVK,2007,9.80428028106689,11.7688987511045,14940.0,24.7,10.1,74.641,19.333,74.4947,
Slovak Republic,SVK,2008,9.65705966949463,11.9349920838707,17250.0,26.0,10.7,74.374,19.333,74.8643,
Slovak Republic,SVK,2008,9.65705966949463,11.9349920838707,17250.0,26.0,10.7,74.714,19.333,74.8643,
Slovak Republic,SVK,2009,9.2721700668335,12.4957884488316,17120.0,27.2,11.4,73.588,18.0,75.2175,
Slovak Republic,SVK,2009,9.2721700668335,12.4957884488316,17120.0,27.2,11.4,73.864,18.0,75.2175,
Slovak Republic,SVK,2010,9.85927963256836,13.6274698965245,17600.0,27.3,11.2,74.628,15.333,75.4963,
Slovak Republic,SVK,2010,9.85927963256836,13.6274698965245,17600.0,27.3,11.2,74.924,15.333,75.4963,
Slovak Republic,SVK,2011,9.57921028137207,20.6529293060303,17560.0,26.5,11.3,73.659,16.0,76.0181,
Slovak Republic,SVK,2011,9.57921028137207,20.6529293060303,17560.0,26.5,11.3,73.703,16.0,76.0181,
Slovak Republic,SVK,2012,9.6274995803833,17.1705797172521,17830.0,26.1,10.3,74.109,18.667,76.1764,
Slovak Republic,SVK,2012,9.6274995803833,17.1705797172521,17830.0,26.1,10.3,74.135,18.667,76.1764,
Slovak Republic,SVK,2013,9.87994956970215,17.8818825283534,18280.0,28.1,10.1,74.866,18.667,76.5139,
Slovak Republic,SVK,2013,9.87994956970215,17.8818825283534,18280.0,28.1,10.1,74.897,18.667,76.5139,
Slovak Republic,SVK,2014,10.016900062561,19.4953899383545,18380.0,26.1,10.2,76.344,18.667,76.8484,
Slovak Republic,SVK,2014,10.016900062561,19.4953899383545,18380.0,26.1,10.2,76.319,18.667,76.8484,
Slovak Republic,SVK,2015,10.3434495925903,20.6261596679688,17800.0,26.5,10.3,76.524,18.667,76.6505,
Slovak Republic,SVK,2015,10.3434495925903,20.6261596679688,17800.0,26.5,10.3,76.53,18.667,76.6505,
Slovak Republic,SVK,2016,9.49580001831055,21.5165290832519,16900.0,25.2,10.6,77.193,20.0,77.2156,
Slovak Republic,SVK,2016,9.49580001831055,21.5165290832519,16900.0,25.2,10.6,77.193,20.0,77.2156,
Slovak Republic,SVK,2017,9.85027980804443,22.7982692718506,16710.0,23.2,10.7,77.782,20.0,77.22,
Slovak Republic,SVK,2017,9.85027980804443,22.7982692718506,16710.0,23.2,10.7,77.794,20.0,77.22,
Slovak Republic,SVK,2018,9.92531967163086,24.1399993896484,18460.0,25.0,10.6,77.143,20.0,77.265,
Slovak Republic,SVK,2018,9.92531967163086,24.1399993896484,18460.0,25.0,10.6,77.139,20.0,77.265,
Slovak Republic,SVK,2019,10.4993095397949,25.2378692626953,19230.0,23.2,10.5,77.364,20.0,77.6863,
Slovak Republic,SVK,2019,10.4993095397949,25.2378692626953,19230.0,23.2,10.5,77.373,20.0,77.6863,
Slovak Republic,SVK,2020,10.607569694519,25.7079693622855,19420.0,24.2,10.4,77.9,22.667,76.8643,
Slovak Republic,SVK,2020,10.607569694519,25.7079693622855,19420.0,24.2,10.4,77.917,22.667,76.8643,
Slovak Republic,SVK,2021,10.5073795318603,26.5985339974302,21010.0,24.1,10.4,82.562,22.667,74.5901,0.6633030027154071
Slovak Republic,SVK,2021,10.5073795318603,26.5985339974302,21010.0,24.1,10.4,83.047,22.667,74.5901,0.6633030027154071
Slovak Republic,SVK,2022,10.8280897140503,27.8421283631591,21890.0,24.1,9.7,83.135,21.333,77.0356,0.6570058972835676
Slovak Republic,SVK,2022,10.8280897140503,27.8421283631591,21890.0,24.1,9.7,83.537,21.333,77.0356,0.6570058972835676
Slovak Republic,SVK,2023,,27.2756518214602,22710.0,23.8,9.0,83.113,22.0,78.3414,0.6589921291819093
Slovak Republic,SVK,2023,,27.2756518214602,22710.0,23.8,9.0,83.539,22.0,78.3414,0.6589921291819093
Slovak Republic,SVK,2024,,,23560.0,,8.5,83.415,22.667,,0.6588258976103459
Slovak Republic,SVK,2024,,,23560.0,,8.5,83.301,22.667,,0.6588258976103459
Slovenia,SVN,2000,,,11200.0,,9.1,79.849,,75.8302,
Slovenia,SVN,2000,,,11200.0,,9.1,80.575,,75.8302,
Slovenia,SVN,2001,11.8278303146362,,10840.0,,8.8,78.815,12.222,76.1809,
Slovenia,SVN,2001,11.8278303146362,,10840.0,,8.8,79.08,12.222,76.1809,
Slovenia,SVN,2002,12.0111598968506,,10780.0,29.1,8.8,79.609,12.222,76.3155,
Slovenia,SVN,2002,12.0111598968506,,10780.0,29.1,8.8,80.214,12.222,76.3155,
Slovenia,SVN,2003,12.0988101959228,,12510.0,30.9,8.7,79.577,12.222,76.3172,
Slovenia,SVN,2003,12.0988101959228,,12510.0,30.9,8.7,79.5,12.222,76.3172,
Slovenia,SVN,2004,12.122260093689,,15490.0,24.8,9.0,80.38,12.222,76.9319,
Slovenia,SVN,2004,12.122260093689,,15490.0,24.8,9.0,80.668,12.222,76.9319,
Slovenia,SVN,2005,12.0989799499512,,18180.0,24.6,9.1,79.71,12.222,77.5029,
Slovenia,SVN,2005,12.0989799499512,,18180.0,24.6,9.1,80.159,12.222,77.5029,
Slovenia,SVN,2006,12.3009099960327,,19710.0,24.4,9.4,80.56,12.222,77.8204,
Slovenia,SVN,2006,12.3009099960327,,19710.0,24.4,9.4,81.117,12.222,77.8204,
Slovenia,SVN,2007,11.8118295669556,,21710.0,24.4,9.8,80.168,12.222,78.2855,
Slovenia,SVN,2007,11.8118295669556,,21710.0,24.4,9.8,80.337,12.222,78.2855,
Slovenia,SVN,2008,11.3648595809937,,24530.0,23.7,10.8,81.055,13.333,78.595,
Slovenia,SVN,2008,11.3648595809937,,24530.0,23.7,10.8,81.58,13.333,78.595,
Slovenia,SVN,2009,11.2416896820068,,24260.0,24.8,10.7,81.105,14.444,79.027,
Slovenia,SVN,2009,11.2416896820068,,24260.0,24.8,10.7,81.888,14.444,79.027,
Slovenia,SVN,2010,11.0278196334839,,24370.0,24.9,10.9,80.784,14.444,79.3008,
Slovenia,SVN,2010,11.0278196334839,,24370.0,24.9,10.9,81.582,14.444,79.3008,
Slovenia,SVN,2011,10.8593997955322,,24340.0,24.9,10.7,81.593,32.222,79.5884,
Slovenia,SVN,2011,10.8593997955322,,24340.0,24.9,10.7,82.145,32.222,79.5884,
Slovenia,SVN,2012,11.3390598297119,,23010.0,25.6,10.7,82.36,32.222,79.7652,0.6559896958210892
Slovenia,SVN,2012,11.3390598297119,,23010.0,25.6,10.7,82.832,32.222,79.7652,0.6559896958210892
Slovenia,SVN,2013,9.47187042236328,,23040.0,26.2,10.2,81.763,32.222,80.0884,0.6559896958210892
Slovenia,SVN,2013,9.47187042236328,,23040.0,26.2,10.2,81.808,32.222,80.0884,0.6559896958210892
Slovenia,SVN,2014,10.5688896179199,,23400.0,25.7,10.3,82.935,35.556,80.2517,0.6498872844168432
Slovenia,SVN,2014,10.5688896179199,,23400.0,25.7,10.3,82.51,35.556,80.2517,0.6498872844168432
Slovenia,SVN,2015,10.0119800567627,,22080.0,25.4,10.0,82.887,36.667,80.4994,0.6683463343442079
Slovenia,SVN,2015,10.0119800567627,,22080.0,25.4,10.0,82.477,36.667,80.4994,0.6683463343442079
Slovenia,SVN,2016,10.3266496658325,,21610.0,24.8,9.9,84.451,36.667,80.512,0.6760212123705207
Slovenia,SVN,2016,10.3266496658325,,21610.0,24.8,9.9,84.813,36.667,80.512,0.6760212123705207
Slovenia,SVN,2017,10.8128595352173,,22040.0,24.2,9.8,84.058,36.667,80.6163,0.6725673172578553
Slovenia,SVN,2017,10.8128595352173,,22040.0,24.2,9.8,85.177,36.667,80.6163,0.6725673172578553
Slovenia,SVN,2018,11.3020401000977,,24510.0,24.6,9.4,83.582,24.444,80.861,0.6725673172578553
Slovenia,SVN,2018,11.3020401000977,,24510.0,24.6,9.4,84.007,24.444,80.861,0.6725673172578553
Slovenia,SVN,2019,11.2711896896362,,25900.0,24.4,9.3,84.167,27.778,81.007,0.6738236508902837
Slovenia,SVN,2019,11.2711896896362,,25900.0,24.4,9.3,84.535,27.778,81.007,0.6738236508902837
Slovenia,SVN,2020,10.4621200561523,,25380.0,24.0,8.9,84.935,27.778,80.3641,0.6851087044856551
Slovenia,SVN,2020,10.4621200561523,,25380.0,24.0,8.9,85.247,27.778,80.3641,0.6851087044856551
Slovenia,SVN,2021,10.8063201904297,,28320.0,24.3,9.0,84.475,26.667,80.434,0.6825219587341455
Slovenia,SVN,2021,10.8063201904297,,28320.0,24.3,9.0,85.986,26.667,80.434,0.6825219587341455
Slovenia,SVN,2022,11.0809497833252,,29590.0,24.3,8.3,83.882,40.0,80.7933,0.6772396844234848
Slovenia,SVN,2022,11.0809497833252,,29590.0,24.3,8.3,85.312,40.0,80.7933,0.6772396844234848
Slovenia,SVN,2023,,,31020.0,24.7,8.0,83.941,37.778,81.6034,0.6877690815785313
Slovenia,SVN,2023,,,31020.0,24.7,8.0,85.184,37.778,81.6034,0.6877690815785313
Slovenia,SVN,2024,,,31790.0,,7.9,83.23,37.778,,0.6893438427733619
Slovenia,SVN,2024,,,31790.0,,7.9,84.905,37.778,,0.6893438427733619
Sweden,SWE,2000,12.8986797332764,,31600.0,27.0,10.2,87.984,42.693,79.7387,
Sweden,SWE,2000,12.8986797332764,,31600.0,27.0,10.2,87.526,42.693,79.7387,
Sweden,SWE,2001,12.785530090332,,29710.0,26.5,10.3,87.487,42.693,79.8363,
Sweden,SWE,2001,12.785530090332,,29710.0,26.5,10.3,87.467,42.693,79.8363,
Sweden,SWE,2002,13.1183500289917,,29130.0,26.2,10.7,87.989,44.986,79.9349,
Sweden,SWE,2002,13.1183500289917,,29130.0,26.2,10.7,87.979,44.986,79.9349,
Sweden,SWE,2003,12.8338298797607,,32690.0,25.3,11.1,88.251,45.272,80.1951,
Sweden,SWE,2003,12.8338298797607,,32690.0,25.3,11.1,88.272,45.272,80.1951,
Sweden,SWE,2004,12.9132299423218,31.8675899505615,39690.0,26.1,11.2,87.937,45.272,80.5465,
Sweden,SWE,2004,12.9132299423218,31.8675899505615,39690.0,26.1,11.2,87.883,45.272,80.5465,
Sweden,SWE,2005,12.7313299179077,32.7204895019531,45690.0,26.8,11.2,87.595,45.272,80.6213,
Sweden,SWE,2005,12.7313299179077,32.7204895019531,45690.0,26.8,11.2,87.571,45.272,80.6213,
Sweden,SWE,2006,12.7120199203491,33.4906616210938,49090.0,26.4,11.7,87.67,47.278,80.8318,
Sweden,SWE,2006,12.7120199203491,33.4906616210938,49090.0,26.4,11.7,87.634,47.278,80.8318,
Sweden,SWE,2007,12.7656803131103,34.2771415710449,52180.0,27.1,11.7,88.057,46.991,80.97,
Sweden,SWE,2007,12.7656803131103,34.2771415710449,52180.0,27.1,11.7,88.028,46.991,80.97,
Sweden,SWE,2008,12.9236297607422,32.2878189086914,55370.0,28.1,11.9,88.003,46.991,81.1373,
Sweden,SWE,2008,12.9236297607422,32.2878189086914,55370.0,28.1,11.9,87.704,46.991,81.1373,
Sweden,SWE,2009,13.1281204223633,33.0457916259766,52390.0,27.3,12.0,88.056,46.418,81.3633,
Sweden,SWE,2009,13.1281204223633,33.0457916259766,52390.0,27.3,12.0,88.223,46.418,81.3633,
Sweden,SWE,2010,13.193790435791,33.8039703369141,54380.0,27.7,12.3,87.365,44.986,81.519,
Sweden,SWE,2010,13.193790435791,33.8039703369141,54380.0,27.7,12.3,90.828,44.986,81.519,
Sweden,SWE,2011,13.0481300354004,34.5561981201172,56450.0,27.6,11.8,88.039,44.699,81.7584,
Sweden,SWE,2011,13.0481300354004,34.5561981201172,56450.0,27.6,11.8,91.787,44.699,81.7584,
Sweden,SWE,2012,15.0750799179077,35.2411804199219,58840.0,27.6,11.9,88.6,44.699,81.7299,0.8898991239553451
Sweden,SWE,2012,15.0750799179077,35.2411804199219,58840.0,27.6,11.9,92.329,44.699,81.7299,0.8898991239553451
Sweden,SWE,2013,14.8873195648193,35.920539855957,61530.0,28.8,11.8,88.891,44.986,81.9354,0.8898991239553451
Sweden,SWE,2013,14.8873195648193,35.920539855957,61530.0,28.8,11.8,92.499,44.986,81.9354,0.8898991239553451
Sweden,SWE,2014,15.0450096130371,36.5774383544922,61350.0,28.4,11.9,89.212,44.699,82.2241,0.8529367264710511
Sweden,SWE,2014,15.0450096130371,36.5774383544922,61350.0,28.4,11.9,92.487,44.699,82.2241,0.8529367264710511
Sweden,SWE,2015,15.186710357666,37.2194213867188,57900.0,29.2,11.7,89.963,43.553,82.1844,0.8661355804944368
Sweden,SWE,2015,15.186710357666,37.2194213867188,57900.0,29.2,11.7,93.375,43.553,82.1844,0.8661355804944368
Sweden,SWE,2016,15.4641704559326,37.8982696533203,53850.0,29.6,11.8,89.927,43.553,82.3391,0.862947392025998
Sweden,SWE,2016,15.4641704559326,37.8982696533203,53850.0,29.6,11.8,93.592,43.553,82.3391,0.862947392025998
Sweden,SWE,2017,15.5369501113892,38.5563888549805,52240.0,28.8,11.5,90.081,43.553,82.4377,0.8635991329216395
Sweden,SWE,2017,15.5369501113892,38.5563888549805,52240.0,28.8,11.5,93.44,43.553,82.4377,0.8635991329216395
Sweden,SWE,2018,15.5150499343872,,54930.0,30.0,11.4,90.43,46.132,82.5321,0.8635991329216395
Sweden,SWE,2018,15.5150499343872,,54930.0,30.0,11.4,93.885,46.132,82.5321,0.8635991329216395
Sweden,SWE,2019,15.7452297210693,40.003101348877,56100.0,29.3,11.1,90.374,47.278,83.0518,0.8600963469339775
Sweden,SWE,2019,15.7452297210693,40.003101348877,56100.0,29.3,11.1,93.969,47.278,83.0518,0.8600963469339775
Sweden,SWE,2020,15.3117399215698,,54590.0,28.9,10.9,89.483,46.991,82.4271,0.8617404942497999
Sweden,SWE,2020,15.3117399215698,,54590.0,28.9,10.9,92.51,46.991,82.4271,0.8617404942497999
Sweden,SWE,2021,15.549150466919,49.2745870374326,59840.0,29.8,11.0,89.752,46.991,83.0196,0.8617951874254107
Sweden,SWE,2021,15.549150466919,49.2745870374326,59840.0,29.8,11.0,90.176,46.991,83.0196,0.8617951874254107
Sweden,SWE,2022,15.2760496139526,50.8118527795601,61920.0,31.6,10.0,89.712,46.418,83.046,0.8574213027224633
Sweden,SWE,2022,15.2760496139526,50.8118527795601,61920.0,31.6,10.0,90.439,46.418,83.046,0.8574213027224633
Sweden,SWE,2023,,52.5325932598817,60300.0,29.3,9.5,90.5,46.418,83.2624,0.8541905062552375
Sweden,SWE,2023,,52.5325932598817,60300.0,29.3,9.5,91.155,46.418,83.2624,0.8541905062552375
Sweden,SWE,2024,,,58190.0,,9.3,91.011,46.705,,0.8563826495712684
Sweden,SWE,2024,,,58190.0,,9.3,92.051,46.705,,0.8563826495712684
Eswatini,SWZ,2000,18.745080947876,,1600.0,,32.59,70.425,3.077,47.6273,
Eswatini,SWZ,2001,19.6561794281006,,1620.0,,32.44,71.583,3.077,46.3442,
Eswatini,SWZ,2002,17.2937698364258,,1470.0,,32.247,72.596,3.077,45.3799,
Eswatini,SWZ,2003,22.0638198852539,,1600.0,,32.333,73.451,10.769,44.6321,
Eswatini,SWZ,2004,21.1040706634521,,2020.0,,32.557,74.175,10.769,43.9064,
Eswatini,SWZ,2005,20.8918590545654,,2880.0,,32.535,74.792,10.769,43.9581,
Eswatini,SWZ,2006,22.7075691223144,,3090.0,,32.232,75.326,10.769,44.5628,
Eswatini,SWZ,2007,,,3250.0,,32.163,76.029,10.769,45.1604,
Eswatini,SWZ,2008,21.8132400512695,,3160.0,,32.28,77.032,13.846,45.8527,
Eswatini,SWZ,2009,19.3863792419434,,3120.0,,31.889,78.116,13.636,46.9126,
Eswatini,SWZ,2010,18.2830295562744,,3260.0,,30.867,79.138,13.636,48.331,
Eswatini,SWZ,2011,22.3339290618896,,3620.0,,30.402,80.064,13.636,49.0568,
Eswatini,SWZ,2012,21.4377595434245,,4010.0,,29.952,80.869,13.636,50.7143,
Eswatini,SWZ,2013,17.2339964069829,,4120.0,,29.646,81.63,6.154,52.1102,
Eswatini,SWZ,2014,24.7954406738281,,3890.0,,29.02,82.503,6.154,53.4913,
Eswatini,SWZ,2015,16.4153878428853,,3540.0,,28.308,83.476,6.154,54.9407,
Eswatini,SWZ,2016,16.5549111270287,,3270.0,,27.623,84.401,6.154,56.2284,
Eswatini,SWZ,2016,16.5549111270287,,3270.0,,27.623,84.4,6.154,56.2284,
Eswatini,SWZ,2017,18.6662750914785,,3290.0,,26.926,85.569,6.154,57.5742,
Eswatini,SWZ,2018,17.2210118266549,,3460.0,,26.412,86.827,7.246,58.7072,
Eswatini,SWZ,2019,18.5068975878254,,3680.0,,25.889,88.156,7.246,59.8496,
Eswatini,SWZ,2020,15.8905396021243,,3430.0,,25.39,88.106,9.589,59.8618,
Eswatini,SWZ,2021,15.340870018605,,3620.0,,24.957,89.099,9.589,58.2284,
Eswatini,SWZ,2021,15.340870018605,,3620.0,,24.957,89.1,9.589,58.2284,
Eswatini,SWZ,2022,16.620931006141,,3650.0,,24.611,87.724,13.514,63.0283,
Eswatini,SWZ,2023,16.9363883121326,,3750.0,,24.073,88.694,17.143,64.1227,
Eswatini,SWZ,2023,16.9363883121326,,3750.0,,24.073,88.693,17.143,64.1227,
Eswatini,SWZ,2024,19.3541960760225,,3590.0,,23.648,89.415,21.622,,
Sint Maarten (Dutch part),SXM,2000,,,,,17.552,,,74.4091,
Sint Maarten (Dutch part),SXM,2001,,,,,16.315,,,74.5246,
Sint Maarten (Dutch part),SXM,2002,,,,,15.176,,,74.5847,
Sint Maarten (Dutch part),SXM,2003,,,,,14.29,,,74.5879,
Sint Maarten (Dutch part),SXM,2004,,,,,13.698,,,74.6175,
Sint Maarten (Dutch part),SXM,2005,,,,,13.505,,,74.6812,
Sint Maarten (Dutch part),SXM,2006,,,,,13.688,,,74.7786,
Sint Maarten (Dutch part),SXM,2007,,,,,12.112,,,74.8123,
Sint Maarten (Dutch part),SXM,2008,,,,,13.124,,,74.8522,
Sint Maarten (Dutch part),SXM,2009,,,,,12.844,,,74.7963,
Sint Maarten (Dutch part),SXM,2010,,,,,13.666,,,74.8212,
Sint Maarten (Dutch part),SXM,2011,,,26550.0,,14.445,,,74.8684,
Sint Maarten (Dutch part),SXM,2012,,,26910.0,,14.085,,,75.1253,
Sint Maarten (Dutch part),SXM,2013,,,27400.0,,13.544,,,75.3913,
Sint Maarten (Dutch part),SXM,2014,,,29620.0,,12.925,,,75.7346,
Sint Maarten (Dutch part),SXM,2015,,,31890.0,,12.247,,,75.8992,
Sint Maarten (Dutch part),SXM,2016,,,35260.0,,11.523,,,75.9518,
Sint Maarten (Dutch part),SXM,2017,,,32950.0,,10.919,,,75.4551,
Sint Maarten (Dutch part),SXM,2018,,,31140.0,,10.456,,,75.6932,
Sint Maarten (Dutch part),SXM,2019,,,34060.0,,10.024,,,75.6796,
Sint Maarten (Dutch part),SXM,2020,,,29440.0,,9.745,,,75.0023,
Sint Maarten (Dutch part),SXM,2021,,,31430.0,,9.47,,,74.5049,
Sint Maarten (Dutch part),SXM,2022,,,36960.0,,9.198,,,76.1804,
Sint Maarten (Dutch part),SXM,2023,,,38260.0,,9.126,,,76.371,
Sint Maarten (Dutch part),SXM,2024,,,38950.0,,9.085,,,,
Seychelles,SYC,2000,,,7920.0,,18.6,,23.529,71.3127,
Seychelles,SYC,2001,,,7860.0,,17.7,,23.529,71.4292,
Seychelles,SYC,2002,9.22015953063965,,7330.0,,17.7,,29.412,71.5458,
Seychelles,SYC,2003,12.0431995391846,,8000.0,,18.1,,29.412,71.684,
Seychelles,SYC,2004,,,9870.0,,17.4,,29.412,71.7069,
Seychelles,SYC,2005,,,11850.0,,18.5,,29.412,71.9209,
Seychelles,SYC,2006,10.9545202255249,,13380.0,,17.3,,29.412,72.0474,
Seychelles,SYC,2007,,,12890.0,,17.6,,23.529,72.1617,
Seychelles,SYC,2008,,,11520.0,,17.8,,23.529,72.3233,
Seychelles,SYC,2009,,,10310.0,,18.1,,23.529,72.4139,
Seychelles,SYC,2010,,,10160.0,,16.8,,23.529,72.4771,
Seychelles,SYC,2011,10.3683004379272,,11150.0,,18.6,90.684,43.75,72.5062,
Seychelles,SYC,2012,6.77966976165771,,12540.0,,18.6,,43.75,72.4907,
Seychelles,SYC,2013,9.53662967681885,,12350.0,,17.4,,43.75,72.4279,
Seychelles,SYC,2014,11.8409996032715,,13340.0,,17.0,90.898,43.75,72.3545,
Seychelles,SYC,2015,15.5924196243286,,14750.0,,17.0,89.317,43.75,72.2854,
Seychelles,SYC,2016,11.6648302078247,,15630.0,,17.4,90.59,21.212,72.2456,
Seychelles,SYC,2017,10.2598304003339,,16180.0,,17.2,90.51,21.212,72.2319,
Seychelles,SYC,2018,10.5146202166016,,17620.0,,17.1,93.188,21.212,72.1756,
Seychelles,SYC,2019,11.130556515303,,18700.0,,16.4,90.236,21.212,72.1226,
Seychelles,SYC,2020,9.16800507042633,,15400.0,,15.8,94.969,24.242,74.0912,
Seychelles,SYC,2021,10.4837460475179,,14950.0,,16.8,,22.857,71.2198,
Seychelles,SYC,2022,10.6487628679669,,14700.0,,13.1,,22.857,71.2481,
Seychelles,SYC,2023,12.7399803021294,,16400.0,,13.0,93.607,22.857,72.862,
Seychelles,SYC,2024,13.1419580972917,,17460.0,,11.0,94.387,20.588,,
Syrian Arab Republic,SYR,2000,,,890.0,,31.204,25.833,10.4,70.8563,
Syrian Arab Republic,SYR,2000,,,890.0,,31.204,25.833,10.4,70.8563,
Syrian Arab Republic,SYR,2001,,,980.0,,30.744,25.41,10.4,71.2958,
Syrian Arab Republic,SYR,2001,,,980.0,,30.744,25.597,10.4,71.2958,
Syrian Arab Republic,SYR,2002,,,1060.0,,30.133,25.008,10.4,71.7424,
Syrian Arab Republic,SYR,2002,,,1060.0,,30.133,28.761,10.4,71.7424,
Syrian Arab Republic,SYR,2003,,,1150.0,,29.577,24.624,12.0,72.1875,
Syrian Arab Republic,SYR,2003,,,1150.0,,29.577,24.624,12.0,72.1875,
Syrian Arab Republic,SYR,2004,,,1280.0,,29.117,23.065,12.0,72.4938,
Syrian Arab Republic,SYR,2005,,,1390.0,,28.828,21.585,12.0,72.7966,
Syrian Arab Republic,SYR,2006,,,1520.0,,28.273,20.184,12.0,73.0396,
Syrian Arab Republic,SYR,2006,,,1520.0,,28.273,20.183,12.0,73.0396,
Syrian Arab Republic,SYR,2007,,,1670.0,,29.074,19.136,12.0,73.2563,
Syrian Arab Republic,SYR,2007,,,1670.0,,29.074,19.136,12.0,73.2563,
Syrian Arab Republic,SYR,2008,,,1950.0,,30.464,18.65,12.4,73.3681,
Syrian Arab Republic,SYR,2008,,,1950.0,,30.464,20.17,12.4,73.3681,
Syrian Arab Republic,SYR,2009,,,2250.0,,29.249,18.182,12.4,73.4959,
Syrian Arab Republic,SYR,2009,,,2250.0,,29.249,18.168,12.4,73.4959,
Syrian Arab Republic,SYR,2010,,,2480.0,,28.673,17.928,12.4,73.5417,
Syrian Arab Republic,SYR,2010,,,2480.0,,28.673,17.927,12.4,73.5417,
Syrian Arab Republic,SYR,2011,,,2600.0,,28.11,20.787,12.4,72.2593,
Syrian Arab Republic,SYR,2011,,,2600.0,,28.11,20.787,12.4,72.2593,
Syrian Arab Republic,SYR,2012,,,1980.0,,27.722,20.787,12.0,66.2064,
Syrian Arab Republic,SYR,2013,,,1270.0,,26.868,20.786,12.0,65.1457,
Syrian Arab Republic,SYR,2014,,,1070.0,,23.784,20.355,12.0,65.4916,
Syrian Arab Republic,SYR,2015,,,900.0,,21.298,20.163,12.4,63.2651,
Syrian Arab Republic,SYR,2016,,,750.0,,19.619,20.251,13.2,65.1896,
Syrian Arab Republic,SYR,2017,,,720.0,,19.585,20.465,13.2,65.6508,
Syrian Arab Republic,SYR,2018,,,810.0,,18.932,20.803,13.2,67.3711,
Syrian Arab Republic,SYR,2019,,,970.0,,19.717,21.261,13.2,70.9701,
Syrian Arab Republic,SYR,2020,,,790.0,,20.64,21.189,11.2,71.944,
Syrian Arab Republic,SYR,2021,,,700.0,,21.172,21.216,11.2,72.4175,
Syrian Arab Republic,SYR,2022,,,710.0,,21.234,20.931,11.2,72.7898,
Syrian Arab Republic,SYR,2023,,,,,22.107,20.806,10.8,72.1201,
Syrian Arab Republic,SYR,2024,,,,,23.162,20.716,9.6,,
Turks and Caicos Islands,TCA,2000,0.0,,,,22.632,,,73.9715,
Turks and Caicos Islands,TCA,2001,0.0,,,,21.896,,,74.4085,
Turks and Caicos Islands,TCA,2002,0.0,,,,20.631,,,74.8434,
Turks and Caicos Islands,TCA,2003,0.0,,,,19.616,,,75.2624,
Turks and Caicos Islands,TCA,2004,,,,,18.882,,,75.6305,
Turks and Caicos Islands,TCA,2005,0.0,,,,18.287,,,75.9539,
Turks and Caicos Islands,TCA,2006,,,,,17.721,,,76.1965,
Turks and Caicos Islands,TCA,2007,,,,,17.155,,,76.4267,
Turks and Caicos Islands,TCA,2008,,,,,16.434,,,76.0839,
Turks and Caicos Islands,TCA,2009,,,,,15.671,,,76.672,
Turks and Caicos Islands,TCA,2010,,,,,14.898,,,76.784,
Turks and Caicos Islands,TCA,2011,11.7038730913976,,,,14.192,,,76.8697,
Turks and Caicos Islands,TCA,2012,11.6208933425061,,,,13.443,,,76.9694,
Turks and Caicos Islands,TCA,2013,12.2492348545243,,,,13.001,,,77.0998,
Turks and Caicos Islands,TCA,2014,11.8090185781029,,,,12.905,,,77.2116,
Turks and Caicos Islands,TCA,2015,14.1916999816894,,,,12.665,,,77.3211,
Turks and Caicos Islands,TCA,2016,13.1762965443946,,,,12.785,,,77.4372,
Turks and Caicos Islands,TCA,2017,11.0337485368617,,,,12.692,,,77.5051,
Turks and Caicos Islands,TCA,2018,11.9410200119019,,,,12.511,,,77.5957,
Turks and Caicos Islands,TCA,2019,9.61544036865234,,,,12.066,,,77.691,
Turks and Caicos Islands,TCA,2020,10.8222127704495,,,,11.671,,,77.4989,
Turks and Caicos Islands,TCA,2021,11.2383499145508,,,,11.198,,,77.2342,
Turks and Caicos Islands,TCA,2022,11.8633003234863,,,,10.981,,,77.9176,
Turks and Caicos Islands,TCA,2023,9.31734723273403,,,,10.738,,,78.0077,
Turks and Caicos Islands,TCA,2024,10.7342526058546,,,,10.539,,,,
Chad,TCD,2000,12.8444900512695,,180.0,,51.589,76.767,2.4,47.937,
Chad,TCD,2001,13.7868499755859,,180.0,,51.241,76.296,2.4,48.3056,
Chad,TCD,2002,,,190.0,,50.473,75.822,,48.3596,
Chad,TCD,2003,,,210.0,,50.028,75.344,5.806,48.6095,
Chad,TCD,2004,11.0319004058838,,330.0,,50.375,74.86,6.452,48.6865,
Chad,TCD,2005,14.6728200912476,,510.0,,50.672,74.373,6.452,48.86,
Chad,TCD,2006,,,630.0,,50.303,73.882,6.452,48.7467,
Chad,TCD,2007,,,820.0,,50.107,73.388,5.161,49.2102,
Chad,TCD,2008,,,910.0,,49.53,72.888,5.161,49.5034,
Chad,TCD,2009,8.82818031311035,,1020.0,,49.257,72.386,5.161,49.8275,
Chad,TCD,2010,8.1192798614502,,1150.0,,48.979,71.88,5.161,50.1067,
Chad,TCD,2011,10.0832595825195,,1190.0,,48.49,71.371,12.766,50.4258,
Chad,TCD,2012,9.21240997314453,,1310.0,,48.177,70.859,14.894,50.7651,
Chad,TCD,2013,12.4614601135254,,1310.0,,47.429,70.343,14.894,51.0508,
Chad,TCD,2014,,,1260.0,,47.052,69.825,14.894,51.1411,
Chad,TCD,2015,,,1130.0,,46.51,69.304,14.894,51.3196,
Chad,TCD,2016,,,940.0,,45.533,68.779,14.894,51.6027,
Chad,TCD,2017,16.3627490997314,,830.0,,44.917,68.254,12.766,51.8747,
Chad,TCD,2018,,,890.0,,44.401,67.725,15.254,52.4467,
Chad,TCD,2018,,,890.0,,44.401,67.725,15.254,52.4467,
Chad,TCD,2019,14.2137900389947,,920.0,,44.316,67.859,14.881,52.9927,
Chad,TCD,2020,11.6715060004173,,890.0,,43.75,67.859,15.432,53.0818,
Chad,TCD,2021,15.4477100372315,,890.0,,43.284,68.053,32.258,53.1362,
Chad,TCD,2022,16.7226097517041,,950.0,,43.35,66.77,25.888,54.5275,
Chad,TCD,2023,16.4843534424325,,960.0,,42.396,66.663,25.888,55.0692,
Chad,TCD,2024,,,940.0,,43.264,66.253,26.108,,
East Asia & Pacific (IDA & IBRD countries),TEA,2000,15.640765190124501,,927.5109487378028,,16.43158196849804,80.956,16.922,,
East Asia & Pacific (IDA & IBRD countries),TEA,2000,15.640765190124501,,927.5109487378028,,16.43158196849804,81.167,16.922,,
East Asia & Pacific (IDA & IBRD countries),TEA,2001,12.754899978637699,,999.8091103056436,,15.917590577986141,80.455,17.204,,
East Asia & Pacific (IDA & IBRD countries),TEA,2002,15.2626600265503,,1083.098502542164,,15.466786666651881,80.012,17.875,,
East Asia & Pacific (IDA & IBRD countries),TEA,2003,,,1232.3351967114436,,15.078238727739851,79.755,16.812,,
East Asia & Pacific (IDA & IBRD countries),TEA,2004,14.1702995300293,,1449.9097752884568,,14.9320745103376,79.304,16.75,,
East Asia & Pacific (IDA & IBRD countries),TEA,2005,,,1670.4719326325303,,14.960289917537006,79.14,16.868,,
East Asia & Pacific (IDA & IBRD countries),TEA,2006,,,1932.0064743698053,,14.731924028300789,78.891,17.249,,
East Asia & Pacific (IDA & IBRD countries),TEA,2007,14.939920425415,,2316.669712806732,,14.73368449319964,79.064,17.681,,
East Asia & Pacific (IDA & IBRD countries),TEA,2008,14.0386400222778,,2824.1432675049373,,14.712050923934207,78.855,17.976,,
East Asia & Pacific (IDA & IBRD countries),TEA,2009,14.511420249939,,3284.487592718873,,14.545401135944118,78.698,18.796,,
East Asia & Pacific (IDA & IBRD countries),TEA,2010,15.46687984466555,,3840.7537477634155,,14.47346148123277,78.484,18.103,,
East Asia & Pacific (IDA & IBRD countries),TEA,2010,15.46687984466555,,3840.7537477634155,,14.47346148123277,79.054,18.103,,
East Asia & Pacific (IDA & IBRD countries),TEA,2011,12.1508502960205,,4437.8308833850515,,15.432834424737429,78.593,18.087,,
East Asia & Pacific (IDA & IBRD countries),TEA,2012,16.248825073242198,,5185.671126501112,,16.264034057392248,78.689,18.429,,
East Asia & Pacific (IDA & IBRD countries),TEA,2013,16.6078553199768,,5828.180821177696,,15.07008570087497,78.703,19.633,,
East Asia & Pacific (IDA & IBRD countries),TEA,2014,15.5159407407407,,6342.570970043811,,15.508521826041967,78.853,19.283,,
East Asia & Pacific (IDA & IBRD countries),TEA,2015,15.0167530601057,,6602.701700173266,,14.145406396071749,79.002,20.064,,
East Asia & Pacific (IDA & IBRD countries),TEA,2016,13.0631103515625,,6816.029784707063,,15.02216649300978,79.177,20.208,,
East Asia & Pacific (IDA & IBRD countries),TEA,2017,12.04227797284185,,7162.817134089516,,14.199530081270968,79.364,20.511,,
East Asia & Pacific (IDA & IBRD countries),TEA,2018,11.1683780140713,,7860.73593786578,,12.797156895517887,79.677,21.059,,
East Asia & Pacific (IDA & IBRD countries),TEA,2019,10.831620568327,,8469.134972112071,,12.37123990582405,79.868,21.153,,
East Asia & Pacific (IDA & IBRD countries),TEA,2020,10.86549654158375,,8555.340958393634,,10.967121446247091,79.563,21.901,,
East Asia & Pacific (IDA & IBRD countries),TEA,2021,10.42790296746292,,9603.338638611609,,10.159925233803355,80.117,21.927,,
East Asia & Pacific (IDA & IBRD countries),TEA,2022,11.6742808441972,,10351.231653613651,,9.59471687740523,80.305,22.48,,
East Asia & Pacific (IDA & IBRD countries),TEA,2023,11.9599823394206,,10784.248409949068,,9.28196397960318,80.521,23.31,,
East Asia & Pacific (IDA & IBRD countries),TEA,2024,12.16246039680005,,10749.511363955035,,9.482872490804787,80.611,23.472,,
Europe & Central Asia (IDA & IBRD countries),TEC,2000,11.3589696884155,,2065.8906336028026,,12.631550069969897,72.978,8.623,,
Europe & Central Asia (IDA & IBRD countries),TEC,2000,11.3589696884155,,2065.8906336028026,,12.631550069969897,74.648,8.623,,
Europe & Central Asia (IDA & IBRD countries),TEC,2001,12.11381006240845,,1996.983442282752,,12.521521596690373,73.221,10.762,,
Europe & Central Asia (IDA & IBRD countries),TEC,2001,12.11381006240845,,1996.983442282752,,12.521521596690373,75.358,10.762,,
Europe & Central Asia (IDA & IBRD countries),TEC,2002,11.920599937439,,2156.407509748421,,12.618848074924694,74.005,12.835,,
Europe & Central Asia (IDA & IBRD countries),TEC,2002,11.920599937439,,2156.407509748421,,12.618848074924694,77.489,12.835,,
Europe & Central Asia (IDA & IBRD countries),TEC,2003,11.6752195358276,,2524.2089427595683,,12.814001544952808,73.988,10.643,,
Europe & Central Asia (IDA & IBRD countries),TEC,2003,11.6752195358276,,2524.2089427595683,,12.814001544952808,77.405,10.643,,
Europe & Central Asia (IDA & IBRD countries),TEC,2004,12.3235301971435,,3233.8022097083262,,13.090564298386088,73.638,12.421,,
Europe & Central Asia (IDA & IBRD countries),TEC,2004,12.3235301971435,,3233.8022097083262,,13.090564298386088,77.774,12.421,,
Europe & Central Asia (IDA & IBRD countries),TEC,2005,12.442699909210202,,4096.290915984821,,13.122299982990565,73.654,12.347,,
Europe & Central Asia (IDA & IBRD countries),TEC,2005,12.442699909210202,,4096.290915984821,,13.122299982990565,76.951,12.347,,
Europe & Central Asia (IDA & IBRD countries),TEC,2006,12.8075046539307,,5009.601338652293,,13.389501924801376,73.844,12.793,,
Europe & Central Asia (IDA & IBRD countries),TEC,2006,12.8075046539307,,5009.601338652293,,13.389501924801376,77.221,12.793,,
Europe & Central Asia (IDA & IBRD countries),TEC,2007,11.3483295440674,,6181.724110424418,,13.941262256550978,73.462,14.812,,
Europe & Central Asia (IDA & IBRD countries),TEC,2007,11.3483295440674,,6181.724110424418,,13.941262256550978,75.986,14.812,,
Europe & Central Asia (IDA & IBRD countries),TEC,2008,12.6122598648071,,7533.226896858542,,14.501731976292252,72.878,15.103,,
Europe & Central Asia (IDA & IBRD countries),TEC,2008,12.6122598648071,,7533.226896858542,,14.501731976292252,76.048,15.103,,
Europe & Central Asia (IDA & IBRD countries),TEC,2009,11.86989974975585,,7499.031255242544,,14.626760340509465,72.886,15.819,,
Europe & Central Asia (IDA & IBRD countries),TEC,2009,11.86989974975585,,7499.031255242544,,14.626760340509465,76.031,15.819,,
Europe & Central Asia (IDA & IBRD countries),TEC,2010,11.470774650573698,,7971.7130520939945,,14.613129975272154,72.766,15.882,,
Europe & Central Asia (IDA & IBRD countries),TEC,2010,11.470774650573698,,7971.7130520939945,,14.613129975272154,74.662,15.882,,
Europe & Central Asia (IDA & IBRD countries),TEC,2011,11.363349914550799,,8571.19673143689,,14.501752547914487,72.626,16.885,,
Europe & Central Asia (IDA & IBRD countries),TEC,2011,11.363349914550799,,8571.19673143689,,14.501752547914487,75.743,16.885,,
Europe & Central Asia (IDA & IBRD countries),TEC,2012,12.5606350898743,,9679.52458166132,,14.881236044659492,72.433,18.232,,
Europe & Central Asia (IDA & IBRD countries),TEC,2012,12.5606350898743,,9679.52458166132,,14.881236044659492,75.773,18.232,,
Europe & Central Asia (IDA & IBRD countries),TEC,2013,12.1239099502563,,10540.64256311558,,14.82168372527883,72.057,18.429,,
Europe & Central Asia (IDA & IBRD countries),TEC,2013,12.1239099502563,,10540.64256311558,,14.82168372527883,74.849,18.429,,
Europe & Central Asia (IDA & IBRD countries),TEC,2014,11.98861026763915,,10465.747838245417,,15.061919897504573,71.709,18.87,,
Europe & Central Asia (IDA & IBRD countries),TEC,2014,11.98861026763915,,10465.747838245417,,15.061919897504573,75.536,18.87,,
Europe & Central Asia (IDA & IBRD countries),TEC,2015,11.49944019317625,,9259.571621501365,,14.889200870540925,71.433,18.886,,
Europe & Central Asia (IDA & IBRD countries),TEC,2015,11.49944019317625,,9259.571621501365,,14.889200870540925,76.346,18.886,,
Europe & Central Asia (IDA & IBRD countries),TEC,2016,12.221035003662099,,8188.873561358655,,14.616632145827836,71.232,19.242,,
Europe & Central Asia (IDA & IBRD countries),TEC,2016,12.221035003662099,,8188.873561358655,,14.616632145827836,75.362,19.242,,
Europe & Central Asia (IDA & IBRD countries),TEC,2017,12.55808019638065,,7942.631895350275,,13.91175744838503,71.109,21.139,,
Europe & Central Asia (IDA & IBRD countries),TEC,2017,12.55808019638065,,7942.631895350275,,13.91175744838503,73.608,21.139,,
Europe & Central Asia (IDA & IBRD countries),TEC,2018,12.5308599472046,,8483.747578528773,,13.550233386351703,71.089,21.451,,
Europe & Central Asia (IDA & IBRD countries),TEC,2018,12.5308599472046,,8483.747578528773,,13.550233386351703,72.655,21.451,,
Europe & Central Asia (IDA & IBRD countries),TEC,2019,13.1106300354004,,8956.31106398099,,13.100348314522341,71.032,23.191,,
Europe & Central Asia (IDA & IBRD countries),TEC,2019,13.1106300354004,,8956.31106398099,,13.100348314522341,72.726,23.191,,
Europe & Central Asia (IDA & IBRD countries),TEC,2020,11.803279876709,,8665.825528397536,,12.796034690438658,70.865,24.357,,
Europe & Central Asia (IDA & IBRD countries),TEC,2020,11.803279876709,,8665.825528397536,,12.796034690438658,71.336,24.357,,
Europe & Central Asia (IDA & IBRD countries),TEC,2021,11.5247602462769,,9533.970282751716,,12.601139105600225,70.992,25.006,,
Europe & Central Asia (IDA & IBRD countries),TEC,2021,11.5247602462769,,9533.970282751716,,12.601139105600225,71.906,25.006,,
Europe & Central Asia (IDA & IBRD countries),TEC,2022,12.07958984375,,10378.361759705766,,11.984680670147004,71.154,25.006,,
Europe & Central Asia (IDA & IBRD countries),TEC,2022,12.07958984375,,10378.361759705766,,11.984680670147004,72.824,25.006,,
Europe & Central Asia (IDA & IBRD countries),TEC,2023,14.6913599967957,,11495.421014466621,,11.545266161824872,71.346,25.063,,
Europe & Central Asia (IDA & IBRD countries),TEC,2023,14.6913599967957,,11495.421014466621,,11.545266161824872,72.306,25.063,,
Europe & Central Asia (IDA & IBRD countries),TEC,2024,,,12407.38843396442,,11.19819848355717,71.662,25.548,,
Europe & Central Asia (IDA & IBRD countries),TEC,2024,,,12407.38843396442,,11.19819848355717,72.822,25.548,,
Togo,TGO,2000,24.4237098693848,,420.0,,37.719,89.276,4.938,54.577,
Togo,TGO,2001,25.7313594818115,,400.0,,37.818,89.652,4.938,54.7456,
Togo,TGO,2002,30.7000293731689,,410.0,,37.873,89.942,4.938,55.0319,
Togo,TGO,2003,27.7564296722412,,470.0,,37.849,90.22,7.407,55.2994,
Togo,TGO,2004,21.8306903839111,,530.0,,37.692,90.524,6.173,55.5941,
Togo,TGO,2005,17.6780796051025,,550.0,,38.169,90.787,7.407,55.9159,
Togo,TGO,2006,17.2866497039795,,560.0,,38.741,91.101,8.642,56.1416,
Togo,TGO,2006,17.2866497039795,,560.0,,38.741,100.488,8.642,56.1416,
Togo,TGO,2007,18.15452003479,,570.0,,39.184,91.374,11.111,56.3821,
Togo,TGO,2008,19.2456607818604,,640.0,,39.326,91.529,11.111,56.6511,
Togo,TGO,2009,19.3719806671143,,710.0,,39.397,91.587,11.111,56.9267,
Togo,TGO,2010,19.6157608032227,,740.0,,39.292,91.503,11.111,57.2266,
Togo,TGO,2010,19.6157608032227,,740.0,,39.292,100.277,11.111,57.2266,
Togo,TGO,2011,16.9037895202637,,800.0,,38.525,91.419,11.111,57.6118,
Togo,TGO,2011,16.9037895202637,,800.0,,38.525,95.26,11.111,57.6118,
Togo,TGO,2012,17.6804294586182,,790.0,,37.494,91.399,11.111,57.9396,
Togo,TGO,2013,15.4976797103882,,830.0,,36.722,91.457,15.385,58.3447,
Togo,TGO,2014,15.63267993927,,850.0,,36.337,91.589,17.582,58.7663,
Togo,TGO,2015,16.2116394042969,,840.0,,36.098,91.775,17.582,59.2201,
Togo,TGO,2015,16.2116394042969,,840.0,,36.098,124.007,17.582,59.2201,
Togo,TGO,2016,15.9913101196289,,800.0,,36.002,92.002,17.582,59.6686,
Togo,TGO,2017,23.1400394439697,,770.0,,35.738,92.277,17.582,60.1351,
Togo,TGO,2017,23.1400394439697,,770.0,,35.738,92.277,17.582,60.1351,
Togo,TGO,2018,21.7690906524658,,830.0,,35.431,92.6,17.582,60.6006,
Togo,TGO,2019,19.2347839695385,,860.0,,34.907,92.961,16.484,61.0554,0.4536939078823663
Togo,TGO,2019,19.2347839695385,,860.0,,34.907,92.76,16.484,61.0554,0.4536939078823663
Togo,TGO,2020,18.1434528739699,,870.0,,34.251,92.961,18.681,61.1225,0.4502799916016985
Togo,TGO,2021,17.4534236455191,,930.0,,33.695,93.165,18.681,61.3285,0.45452269774374143
Togo,TGO,2022,14.4758197870089,,1000.0,,33.129,94.327,18.681,62.2898,0.458786996078463
Togo,TGO,2022,14.4758197870089,,1000.0,,33.129,94.985,18.681,62.2898,0.458786996078463
Togo,TGO,2023,14.8236041330292,,1050.0,,32.643,95.197,19.78,62.7387,0.4537752767387045
Togo,TGO,2024,11.6454351521044,,1080.0,,32.061,95.688,18.584,,0.4453837482122781
Thailand,THA,2000,28.3885993957519,,1980.0,42.8,15.027,80.278,4.813,71.2053,
Thailand,THA,2000,28.3885993957519,,1980.0,42.8,15.027,80.549,4.813,71.2053,
Thailand,THA,2001,24.241340637207,,1960.0,,14.665,79.364,9.2,71.5198,
Thailand,THA,2001,24.241340637207,,1960.0,,14.665,79.862,9.2,71.5198,
Thailand,THA,2002,16.2229309082031,,1980.0,41.9,14.335,79.589,9.2,71.7747,
Thailand,THA,2003,20.8663501739502,,2170.0,,14.053,79.832,9.2,72.1012,
Thailand,THA,2003,20.8663501739502,,2170.0,,14.053,80.227,9.2,72.1012,
Thailand,THA,2004,21.457670211792,,2520.0,42.5,13.82,79.415,8.83,72.1,
Thailand,THA,2004,21.457670211792,,2520.0,42.5,13.82,79.611,8.83,72.1,
Thailand,THA,2005,20.5468196868896,,2770.0,,13.488,80.326,10.6,72.8938,
Thailand,THA,2005,20.5468196868896,,2770.0,,13.488,81.34,10.6,72.8938,
Thailand,THA,2006,22.0027904510498,,3070.0,41.8,13.208,79.299,8.678,73.3413,
Thailand,THA,2006,22.0027904510498,,3070.0,41.8,13.208,80.116,8.678,73.3413,
Thailand,THA,2007,18.4846706390381,,3480.0,39.8,12.926,79.705,11.74,73.7795,
Thailand,THA,2007,18.4846706390381,,3480.0,39.8,12.926,80.742,11.74,73.7795,
Thailand,THA,2008,18.1628494262695,,3900.0,40.3,12.525,79.827,11.667,74.2205,
Thailand,THA,2008,18.1628494262695,,3900.0,40.3,12.525,80.685,11.667,74.2205,
Thailand,THA,2009,18.1783008575439,,4060.0,39.6,12.188,79.44,13.319,74.6691,
Thailand,THA,2009,18.1783008575439,,4060.0,39.6,12.188,79.523,13.319,74.6691,
Thailand,THA,2010,16.222620010376,,4490.0,39.4,12.009,79.598,13.319,75.0117,
Thailand,THA,2010,16.222620010376,,4490.0,39.4,12.009,79.622,13.319,75.0117,
Thailand,THA,2011,22.6302394866943,,4840.0,37.5,11.943,81.233,15.8,75.3015,
Thailand,THA,2011,22.6302394866943,,4840.0,37.5,11.943,81.268,15.8,75.3015,
Thailand,THA,2012,21.3967990875244,,5400.0,39.3,11.758,80.365,15.8,75.5899,0.533454014070812
Thailand,THA,2012,21.3967990875244,,5400.0,39.3,11.758,80.424,15.8,75.5899,0.533454014070812
Thailand,THA,2013,19.1255207061768,,5580.0,37.8,11.367,78.617,15.8,75.9601,0.533454014070812
Thailand,THA,2013,19.1255207061768,,5580.0,37.8,11.367,78.6,15.8,75.9601,0.533454014070812
Thailand,THA,2014,20.5354099009901,,5620.0,37.0,10.95,78.192,6.091,76.2792,0.5202364076737173
Thailand,THA,2014,20.5354099009901,,5620.0,37.0,10.95,78.195,6.091,76.2792,0.5202364076737173
Thailand,THA,2015,20.6230990291262,,5560.0,36.0,10.594,78.371,6.091,76.5631,0.5174226181284307
Thailand,THA,2015,20.6230990291262,,5560.0,36.0,10.594,78.401,6.091,76.5631,0.5174226181284307
Thailand,THA,2016,19.8021649855908,,5550.0,36.7,10.111,78.223,6.091,76.7693,0.517712485411282
Thailand,THA,2016,19.8021649855908,,5550.0,36.7,10.111,78.281,6.091,76.7693,0.517712485411282
Thailand,THA,2017,18.3623674307219,,5800.0,36.4,9.765,77.91,4.8,76.9888,0.5054185007722833
Thailand,THA,2017,18.3623674307219,,5800.0,36.4,9.765,77.952,4.8,76.9888,0.5054185007722833
Thailand,THA,2018,17.1662098360656,,6430.0,36.4,9.4,77.841,5.285,77.1903,0.5054185007722833
Thailand,THA,2018,17.1662098360656,,6430.0,36.4,9.4,77.951,5.285,77.1903,0.5054185007722833
Thailand,THA,2019,17.0142333333333,,7060.0,34.9,9.056,78.029,16.2,77.1967,0.5025832276570691
Thailand,THA,2019,17.0142333333333,,7060.0,34.9,9.056,78.158,16.2,77.1967,0.5025832276570691
Thailand,THA,2020,15.431959375,,6900.0,35.0,8.792,78.334,15.746,77.3314,0.5071999084787271
Thailand,THA,2020,15.431959375,,6900.0,35.0,8.792,78.471,15.746,77.3314,0.5071999084787271
Thailand,THA,2021,14.691722834279,,7090.0,34.9,8.544,78.643,15.746,77.6065,0.4960640645720008
Thailand,THA,2021,14.691722834279,,7090.0,34.9,8.544,78.735,15.746,77.6065,0.4960640645720008
Thailand,THA,2022,14.6416516129032,,7210.0,34.3,8.38,79.099,15.746,75.2913,0.4952754078968563
Thailand,THA,2022,14.6416516129032,,7210.0,34.3,8.38,78.797,15.746,75.2913,0.4952754078968563
Thailand,THA,2023,14.1862982731554,,7190.0,33.5,8.245,79.505,18.838,76.4115,0.4902597622386833
Thailand,THA,2023,14.1862982731554,,7190.0,33.5,8.245,79.113,18.838,76.4115,0.4902597622386833
Thailand,THA,2024,13.0909885057471,,7100.0,33.3,8.116,78.926,19.4,,0.4977126289210407
Thailand,THA,2024,13.0909885057471,,7100.0,33.3,8.116,78.154,19.4,,0.4977126289210407
Tajikistan,TJK,2000,12.7238502502441,,170.0,,29.109,66.475,15.0,63.542,
Tajikistan,TJK,2001,14.0071296691894,,160.0,,29.267,66.475,12.698,64.197,
Tajikistan,TJK,2002,14.6392498016357,,170.0,,29.183,66.475,12.698,64.8983,
Tajikistan,TJK,2003,12.7082395553589,,210.0,,28.951,66.475,12.698,65.8742,
Tajikistan,TJK,2003,12.7082395553589,,210.0,,28.951,66.475,12.698,65.8742,
Tajikistan,TJK,2004,13.709659576416,,260.0,,29.889,63.917,12.698,66.6042,
Tajikistan,TJK,2004,13.709659576416,,260.0,,29.889,70.618,12.698,66.6042,
Tajikistan,TJK,2005,15.3397302627563,,370.0,,29.27,61.346,17.46,66.5313,
Tajikistan,TJK,2006,15.8465700149536,,460.0,,29.227,58.771,17.46,66.9968,
Tajikistan,TJK,2007,16.8224906921387,,570.0,,29.927,56.211,17.46,67.4046,
Tajikistan,TJK,2008,17.2426700592041,,730.0,,30.57,53.677,17.46,67.9243,
Tajikistan,TJK,2009,17.3597393035889,,790.0,,31.411,51.183,17.46,68.2475,
Tajikistan,TJK,2009,17.3597393035889,,790.0,,31.411,51.182,17.46,68.2475,
Tajikistan,TJK,2010,15.4921998977661,,910.0,,31.984,49.463,19.048,68.3698,
Tajikistan,TJK,2011,16.2078094482422,,1000.0,,32.205,47.776,19.048,68.6983,
Tajikistan,TJK,2012,16.2496795654297,,1130.0,,32.012,46.122,19.048,69.1296,
Tajikistan,TJK,2013,17.3689571897652,,1300.0,,32.145,44.506,19.048,69.579,
Tajikistan,TJK,2014,17.7963839111665,,1320.0,,32.233,42.926,16.949,69.697,
Tajikistan,TJK,2015,16.3986701965332,,1230.0,,31.994,41.383,19.048,69.6647,
Tajikistan,TJK,2016,17.038363448912,,1090.0,,30.941,39.876,19.048,69.9819,
Tajikistan,TJK,2016,17.038363448912,,1090.0,,30.941,39.877,19.048,69.9819,
Tajikistan,TJK,2017,18.1411503054245,,1000.0,,29.65,39.192,19.048,70.5241,
Tajikistan,TJK,2018,15.8886226898467,,1000.0,,29.459,38.46,19.048,70.7366,
Tajikistan,TJK,2019,18.2282385687441,,1050.0,,29.168,37.781,19.048,70.962,
Tajikistan,TJK,2020,17.2974230795463,,1030.0,,28.361,37.78,23.81,68.6054,
Tajikistan,TJK,2021,15.0433161381905,,1130.0,,27.744,37.63,23.81,69.5935,
Tajikistan,TJK,2022,18.3473626996201,,1360.0,,27.043,38.602,26.984,71.5624,
Tajikistan,TJK,2023,17.2254749729296,,1400.0,,26.124,38.936,26.984,71.7901,
Tajikistan,TJK,2024,19.2551624040639,,1650.0,,25.333,39.269,26.984,,
Turkmenistan,TKM,2000,,,590.0,,23.717,87.411,26.0,64.9315,
Turkmenistan,TKM,2001,,,630.0,,23.207,87.19,26.0,65.3246,
Turkmenistan,TKM,2002,,,720.0,,22.582,87.36,26.0,65.5934,
Turkmenistan,TKM,2003,,,940.0,,22.445,87.238,26.0,65.8538,
Turkmenistan,TKM,2004,,,1240.0,,22.76,86.951,,66.0548,
Turkmenistan,TKM,2005,,,1500.0,,23.264,86.006,16.0,66.2747,
Turkmenistan,TKM,2006,,,1770.0,,23.663,85.294,16.0,66.5744,
Turkmenistan,TKM,2007,,,2160.0,,24.038,84.643,16.0,67.0198,
Turkmenistan,TKM,2008,,,2800.0,,24.442,83.871,,67.5836,
Turkmenistan,TKM,2009,,,3260.0,,25.055,83.643,16.8,68.1552,
Turkmenistan,TKM,2010,,,3720.0,,25.713,83.296,16.8,68.6078,
Turkmenistan,TKM,2011,,,4300.0,,26.298,82.816,16.8,68.8696,
Turkmenistan,TKM,2012,,,5040.0,,26.876,82.566,16.8,68.9607,
Turkmenistan,TKM,2013,,,5880.0,,27.351,82.412,16.8,68.968,
Turkmenistan,TKM,2014,,,6480.0,,27.466,82.326,26.4,69.0014,
Turkmenistan,TKM,2015,,,6300.0,,27.466,82.306,25.806,69.0608,
Turkmenistan,TKM,2016,,,6080.0,,26.941,82.307,25.806,69.1421,
Turkmenistan,TKM,2017,,,5650.0,,26.272,82.327,25.806,69.19,
Turkmenistan,TKM,2018,,,5930.0,,25.502,82.365,24.8,69.2718,
Turkmenistan,TKM,2019,,,6230.0,,24.839,82.421,25.0,69.4046,
Turkmenistan,TKM,2020,,,6300.0,,24.12,82.087,25.0,68.8457,
Turkmenistan,TKM,2021,,,6260.0,,23.348,82.456,25.0,69.3525,
Turkmenistan,TKM,2022,,,6260.0,,22.635,82.846,25.862,69.9133,
Turkmenistan,TKM,2023,,,6270.0,,21.74,83.005,25.6,70.0727,
Turkmenistan,TKM,2024,,,6510.0,,20.906,82.865,25.6,,
Latin America & the Caribbean (IDA & IBRD countries),TLA,2000,15.2503700256348,,4185.592112389855,,22.532774897735102,60.479,12.619,,
Latin America & the Caribbean (IDA & IBRD countries),TLA,2001,16.3559608459473,,4061.219303219635,,21.972033172036696,61.548,11.753,,
Latin America & the Caribbean (IDA & IBRD countries),TLA,2001,16.3559608459473,,4061.219303219635,,21.972033172036696,61.679,11.753,,
Latin America & the Caribbean (IDA & IBRD countries),TLA,2002,16.0649995803833,,3806.8334167273456,,21.428928297022228,62.415,13.996,,
Latin America & the Caribbean (IDA & IBRD countries),TLA,2002,16.0649995803833,,3806.8334167273456,,21.428928297022228,62.829,13.996,,
Latin America & the Caribbean (IDA & IBRD countries),TLA,2003,14.6583099365234,,3789.9918753801494,,20.89265508597506,63.092,15.378,,
Latin America & the Caribbean (IDA & IBRD countries),TLA,2003,14.6583099365234,,3789.9918753801494,,20.89265508597506,63.97,15.378,,
Latin America & the Caribbean (IDA & IBRD countries),TLA,2004,,,4094.5066942352832,,20.511937949509313,63.946,16.023,,
Latin America & the Caribbean (IDA & IBRD countries),TLA,2004,,,4094.5066942352832,,20.511937949509313,64.462,16.023,,
Latin America & the Caribbean (IDA & IBRD countries),TLA,2005,,,4589.547617043923,,20.154787187053167,64.765,17.449,,
Latin America & the Caribbean (IDA & IBRD countries),TLA,2005,,,4589.547617043923,,20.154787187053167,65.318,17.449,,
Latin America & the Caribbean (IDA & IBRD countries),TLA,2006,,,5294.629965476901,,19.741980079995948,65.078,17.642,,
Latin America & the Caribbean (IDA & IBRD countries),TLA,2006,,,5294.629965476901,,19.741980079995948,65.198,17.642,,
Latin America & the Caribbean (IDA & IBRD countries),TLA,2007,16.95973014831545,,6190.968098397139,,19.373946142681298,65.408,18.644,,
Latin America & the Caribbean (IDA & IBRD countries),TLA,2007,16.95973014831545,,6190.968098397139,,19.373946142681298,65.758,18.644,,
Latin America & the Caribbean (IDA & IBRD countries),TLA,2008,17.4011306762695,,7148.512294315486,,19.088065488861915,65.491,18.622,,
Latin America & the Caribbean (IDA & IBRD countries),TLA,2008,17.4011306762695,,7148.512294315486,,19.088065488861915,65.652,18.622,,
Latin America & the Caribbean (IDA & IBRD countries),TLA,2009,,,7310.505306639168,,18.816008414516755,66.36,19.277,,
Latin America & the Caribbean (IDA & IBRD countries),TLA,2009,,,7310.505306639168,,18.816008414516755,66.662,19.277,,
Latin America & the Caribbean (IDA & IBRD countries),TLA,2010,16.1029396057129,,8123.982490597147,,18.532112933557315,66.098,19.568,,
Latin America & the Caribbean (IDA & IBRD countries),TLA,2011,15.2931151390076,,8961.363686584165,,18.308011296933504,65.822,19.505,,
Latin America & the Caribbean (IDA & IBRD countries),TLA,2011,15.2931151390076,,8961.363686584165,,18.308011296933504,65.835,19.505,,
Latin America & the Caribbean (IDA & IBRD countries),TLA,2012,17.6779278193166,,9902.92485901963,,18.004431818604154,66.217,21.192,,
Latin America & the Caribbean (IDA & IBRD countries),TLA,2012,17.6779278193166,,9902.92485901963,,18.004431818604154,66.125,21.192,,
Latin America & the Caribbean (IDA & IBRD countries),TLA,2013,16.9059906005859,,10252.959841308008,,17.746813258002444,66.269,21.783,,
Latin America & the Caribbean (IDA & IBRD countries),TLA,2013,16.9059906005859,,10252.959841308008,,17.746813258002444,66.136,21.783,,
Latin America & the Caribbean (IDA & IBRD countries),TLA,2014,17.178885459899902,,9986.600550941399,,17.521661560554293,66.151,23.931,,
Latin America & the Caribbean (IDA & IBRD countries),TLA,2014,17.178885459899902,,9986.600550941399,,17.521661560554293,65.876,23.931,,
Latin America & the Caribbean (IDA & IBRD countries),TLA,2015,17.9547243118286,,9033.789187474278,,17.17391871085787,66.706,24.2,,
Latin America & the Caribbean (IDA & IBRD countries),TLA,2015,17.9547243118286,,9033.789187474278,,17.17391871085787,66.417,24.2,,
Latin America & the Caribbean (IDA & IBRD countries),TLA,2016,17.9393291473389,,8225.11140138931,,16.663944178749556,67.183,25.538,,
Latin America & the Caribbean (IDA & IBRD countries),TLA,2016,17.9393291473389,,8225.11140138931,,16.663944178749556,66.835,25.538,,
Latin America & the Caribbean (IDA & IBRD countries),TLA,2017,17.949229240417502,,8073.566274622212,,16.380311444168605,67.709,26.452,,
Latin America & the Caribbean (IDA & IBRD countries),TLA,2017,17.949229240417502,,8073.566274622212,,16.380311444168605,67.609,26.452,,
Latin America & the Caribbean (IDA & IBRD countries),TLA,2018,17.1521797180176,,8381.281538082243,,16.135318084343734,68.357,27.737,,
Latin America & the Caribbean (IDA & IBRD countries),TLA,2018,17.1521797180176,,8381.281538082243,,16.135318084343734,68.291,27.737,,
Latin America & the Caribbean (IDA & IBRD countries),TLA,2019,16.46068362622235,,8456.500326724194,,15.668024516360529,69.18,28.293,,
Latin America & the Caribbean (IDA & IBRD countries),TLA,2019,16.46068362622235,,8456.500326724194,,15.668024516360529,69.137,28.293,,
Latin America & the Caribbean (IDA & IBRD countries),TLA,2020,15.9272603988647,,7377.665122587626,,15.092873512776992,67.426,29.467,,
Latin America & the Caribbean (IDA & IBRD countries),TLA,2020,15.9272603988647,,7377.665122587626,,15.092873512776992,67.516,29.467,,
Latin America & the Caribbean (IDA & IBRD countries),TLA,2021,15.99503321086695,,7860.678926971718,,14.823078174713602,68.473,31.434,,
Latin America & the Caribbean (IDA & IBRD countries),TLA,2021,15.99503321086695,,7860.678926971718,,14.823078174713602,68.258,31.434,,
Latin America & the Caribbean (IDA & IBRD countries),TLA,2022,16.12716484069825,,8463.406885387056,,14.572522915213172,68.916,32.869,,
Latin America & the Caribbean (IDA & IBRD countries),TLA,2022,16.12716484069825,,8463.406885387056,,14.572522915213172,69.143,32.869,,
Latin America & the Caribbean (IDA & IBRD countries),TLA,2023,15.609580039978,,9227.27754676829,,14.34025580624411,69.155,33.116,,
Latin America & the Caribbean (IDA & IBRD countries),TLA,2023,15.609580039978,,9227.27754676829,,14.34025580624411,69.713,33.116,,
Latin America & the Caribbean (IDA & IBRD countries),TLA,2024,16.2802952981979,,9756.962015232748,,14.167689931255826,69.273,33.979,,
Latin America & the Caribbean (IDA & IBRD countries),TLA,2024,16.2802952981979,,9756.962015232748,,14.167689931255826,69.755,33.979,,
Timor-Leste,TLS,2000,,,660.0,,38.642,85.701,,58.0969,
Timor-Leste,TLS,2001,,,710.0,,38.039,85.579,,58.7722,
Timor-Leste,TLS,2001,,,710.0,,38.039,48.567,,58.7722,
Timor-Leste,TLS,2002,,,790.0,,37.998,85.622,26.136,59.4766,
Timor-Leste,TLS,2003,,,690.0,,38.365,85.634,26.136,60.1304,
Timor-Leste,TLS,2004,,,820.0,,37.526,85.556,25.287,60.7428,
Timor-Leste,TLS,2004,,,820.0,,37.526,73.067,25.287,60.7428,
Timor-Leste,TLS,2005,,,970.0,,36.236,85.379,25.287,61.2717,
Timor-Leste,TLS,2006,,,1360.0,,35.061,85.32,25.287,61.8807,
Timor-Leste,TLS,2007,,,1900.0,,34.046,85.04,29.231,62.3957,
Timor-Leste,TLS,2007,,,1900.0,,34.046,62.206,29.231,62.3957,
Timor-Leste,TLS,2008,7.09053993225098,,3040.0,,33.097,84.821,29.231,62.8575,
Timor-Leste,TLS,2009,10.5861196517944,,2370.0,,32.25,84.682,29.231,63.2652,
Timor-Leste,TLS,2010,9.15421009063721,,2870.0,,31.488,84.606,29.231,63.6599,
Timor-Leste,TLS,2010,9.15421009063721,,2870.0,,31.488,47.898,29.231,63.6599,
Timor-Leste,TLS,2011,7.65089988708496,,3740.0,,30.679,84.578,32.308,64.0223,
Timor-Leste,TLS,2012,5.53769016265869,,3570.0,,29.794,84.582,38.462,64.3844,
Timor-Leste,TLS,2013,5.89317989349365,,3190.0,,28.962,84.609,38.462,64.7189,
Timor-Leste,TLS,2013,5.89317989349365,,3190.0,,28.962,67.312,38.462,64.7189,
Timor-Leste,TLS,2014,6.77287006378174,,2700.0,,28.055,84.651,38.462,65.0268,
Timor-Leste,TLS,2015,8.63696956634521,,2180.0,,27.06,84.688,38.462,65.3262,
Timor-Leste,TLS,2015,8.63696956634521,,2180.0,,27.06,69.778,38.462,65.3262,
Timor-Leste,TLS,2016,7.24691009521484,,1730.0,,26.15,84.719,38.462,65.6099,
Timor-Leste,TLS,2016,7.24691009521484,,1730.0,,26.15,84.527,38.462,65.6099,
Timor-Leste,TLS,2017,8.21769046783447,,1780.0,,25.251,84.725,32.308,65.8982,
Timor-Leste,TLS,2018,8.00562953948975,,1790.0,,24.481,84.739,33.846,66.2039,
Timor-Leste,TLS,2019,6.86969221637237,,2180.0,,23.855,84.864,38.462,66.4964,
Timor-Leste,TLS,2020,6.95663710899488,,2040.0,,23.352,84.76,38.462,66.9191,
Timor-Leste,TLS,2021,7.47076980255183,,2050.0,,22.73,85.39,38.462,66.1993,
Timor-Leste,TLS,2021,7.47076980255183,,2050.0,,22.73,67.455,38.462,66.1993,
Timor-Leste,TLS,2022,,,1820.0,,22.424,85.058,40.0,67.3684,
Timor-Leste,TLS,2022,,,1820.0,,22.424,77.899,40.0,67.3684,
Timor-Leste,TLS,2023,,,1900.0,,22.077,84.014,36.923,67.6894,
Timor-Leste,TLS,2024,6.27514023058775,,1650.0,,21.768,85.319,35.385,,
"Middle East, North Africa, Afghanistan & Pakistan (IDA & IBRD)",TMN,2000,,,1140.7826394181066,,29.912331114672103,22.528,,,
"Middle East, North Africa, Afghanistan & Pakistan (IDA & IBRD)",TMN,2000,,,1140.7826394181066,,29.912331114672103,23.613,,,
"Middle East, North Africa, Afghanistan & Pakistan (IDA & IBRD)",TMN,2001,,,1188.1044641515446,,29.421182058178864,22.866,,,
"Middle East, North Africa, Afghanistan & Pakistan (IDA & IBRD)",TMN,2002,,,1183.1196170149703,,28.95651588572576,22.591,7.4,,
"Middle East, North Africa, Afghanistan & Pakistan (IDA & IBRD)",TMN,2003,,,1230.1452881914588,,28.762143039172454,23.269,7.898,,
"Middle East, North Africa, Afghanistan & Pakistan (IDA & IBRD)",TMN,2004,,,1391.797720070112,,28.39319506299865,23.964,8.688,,
"Middle East, North Africa, Afghanistan & Pakistan (IDA & IBRD)",TMN,2005,,,1571.0637531783248,,28.269180903730298,24.687,9.086,,
"Middle East, North Africa, Afghanistan & Pakistan (IDA & IBRD)",TMN,2005,,,1571.0637531783248,,28.269180903730298,25.181,9.086,,
"Middle East, North Africa, Afghanistan & Pakistan (IDA & IBRD)",TMN,2006,,,1761.4550836435305,,28.46757750114108,25.144,10.986,,
"Middle East, North Africa, Afghanistan & Pakistan (IDA & IBRD)",TMN,2006,,,1761.4550836435305,,28.46757750114108,26.074,10.986,,
"Middle East, North Africa, Afghanistan & Pakistan (IDA & IBRD)",TMN,2007,,,2023.2638533849176,,28.641479562607028,25.701,11.137,,
"Middle East, North Africa, Afghanistan & Pakistan (IDA & IBRD)",TMN,2007,,,2023.2638533849176,,28.641479562607028,26.175,11.137,,
"Middle East, North Africa, Afghanistan & Pakistan (IDA & IBRD)",TMN,2008,,,2337.458313793561,,28.80101677837646,25.257,11.187,,
"Middle East, North Africa, Afghanistan & Pakistan (IDA & IBRD)",TMN,2008,,,2337.458313793561,,28.80101677837646,27.135,11.187,,
"Middle East, North Africa, Afghanistan & Pakistan (IDA & IBRD)",TMN,2009,,,2522.141128359158,,28.866967866179298,26.166,11.425,,
"Middle East, North Africa, Afghanistan & Pakistan (IDA & IBRD)",TMN,2009,,,2522.141128359158,,28.866967866179298,26.537,11.425,,
"Middle East, North Africa, Afghanistan & Pakistan (IDA & IBRD)",TMN,2010,,,2705.6439685434752,,28.92171501772798,26.435,12.996,,
"Middle East, North Africa, Afghanistan & Pakistan (IDA & IBRD)",TMN,2010,,,2705.6439685434752,,28.92171501772798,26.817,12.996,,
"Middle East, North Africa, Afghanistan & Pakistan (IDA & IBRD)",TMN,2011,,,2815.7982870660726,,28.811675545326686,26.297,12.853,,
"Middle East, North Africa, Afghanistan & Pakistan (IDA & IBRD)",TMN,2011,,,2815.7982870660726,,28.811675545326686,27.74,12.853,,
"Middle East, North Africa, Afghanistan & Pakistan (IDA & IBRD)",TMN,2012,,,3141.21439486701,,28.781313124177956,26.572,15.784,,
"Middle East, North Africa, Afghanistan & Pakistan (IDA & IBRD)",TMN,2012,,,3141.21439486701,,28.781313124177956,26.88,15.784,,
"Middle East, North Africa, Afghanistan & Pakistan (IDA & IBRD)",TMN,2013,,,3233.3195180250773,,28.57972760859061,26.641,17.679,,
"Middle East, North Africa, Afghanistan & Pakistan (IDA & IBRD)",TMN,2013,,,3233.3195180250773,,28.57972760859061,27.974,17.679,,
"Middle East, North Africa, Afghanistan & Pakistan (IDA & IBRD)",TMN,2014,,,3162.381416224722,,28.23143163050726,27.046,17.956,,
"Middle East, North Africa, Afghanistan & Pakistan (IDA & IBRD)",TMN,2014,,,3162.381416224722,,28.23143163050726,27.249,17.956,,
"Middle East, North Africa, Afghanistan & Pakistan (IDA & IBRD)",TMN,2015,,,2905.273811224916,,27.78727108837675,27.852,18.079,,
"Middle East, North Africa, Afghanistan & Pakistan (IDA & IBRD)",TMN,2015,,,2905.273811224916,,27.78727108837675,29.177,18.079,,
"Middle East, North Africa, Afghanistan & Pakistan (IDA & IBRD)",TMN,2016,,,2878.311751071655,,27.063347395433464,27.938,18.478,,
"Middle East, North Africa, Afghanistan & Pakistan (IDA & IBRD)",TMN,2016,,,2878.311751071655,,27.063347395433464,28.711,18.478,,
"Middle East, North Africa, Afghanistan & Pakistan (IDA & IBRD)",TMN,2017,,,2819.3279667643883,,26.622099040590818,27.505,17.638,,
"Middle East, North Africa, Afghanistan & Pakistan (IDA & IBRD)",TMN,2018,,,2842.234462338476,,25.728441078642206,26.082,17.244,,
"Middle East, North Africa, Afghanistan & Pakistan (IDA & IBRD)",TMN,2019,,,2764.658564022903,,25.074548285447925,26.132,17.332,,
"Middle East, North Africa, Afghanistan & Pakistan (IDA & IBRD)",TMN,2019,,,2764.658564022903,,25.074548285447925,27.385,17.332,,
"Middle East, North Africa, Afghanistan & Pakistan (IDA & IBRD)",TMN,2020,,,2499.599517065811,,24.677316745032783,25.205,19.125,,
"Middle East, North Africa, Afghanistan & Pakistan (IDA & IBRD)",TMN,2020,,,2499.599517065811,,24.677316745032783,19.928,19.125,,
"Middle East, North Africa, Afghanistan & Pakistan (IDA & IBRD)",TMN,2021,,,2624.5752856368085,,24.282104050708593,25.359,17.951,,
"Middle East, North Africa, Afghanistan & Pakistan (IDA & IBRD)",TMN,2021,,,2624.5752856368085,,24.282104050708593,26.074,17.951,,
"Middle East, North Africa, Afghanistan & Pakistan (IDA & IBRD)",TMN,2022,,,2842.0962187314494,,24.007580078959467,24.493,17.584,,
"Middle East, North Africa, Afghanistan & Pakistan (IDA & IBRD)",TMN,2023,,,2930.5206430880653,,23.73127369317171,25.194,16.987,,
"Middle East, North Africa, Afghanistan & Pakistan (IDA & IBRD)",TMN,2024,,,2915.881888479782,,23.436399375549293,25.159,16.758,,
Tonga,TON,2000,22.9558601379394,,2010.0,,29.396,61.114,0.0,69.6349,
Tonga,TON,2001,22.1091804504394,,1920.0,,29.364,61.171,0.0,69.7998,
Tonga,TON,2002,15.8265800476074,,1890.0,,29.549,61.253,,70.0301,
Tonga,TON,2003,18.619119644165,,1870.0,,29.887,61.358,0.0,70.2275,
Tonga,TON,2003,18.619119644165,,1870.0,,29.887,73.818,0.0,70.2275,
Tonga,TON,2004,19.0971698760986,,2050.0,,29.997,61.469,0.0,70.433,
Tonga,TON,2005,,,2290.0,,30.013,61.599,3.448,70.56,
Tonga,TON,2006,,,2560.0,,29.519,61.751,3.333,70.7098,
Tonga,TON,2007,,,2720.0,,29.038,61.899,3.333,70.8868,
Tonga,TON,2008,,,3130.0,,28.717,62.041,3.125,71.0412,
Tonga,TON,2009,,,3090.0,,28.398,62.21,3.125,70.9489,
Tonga,TON,2010,,,3270.0,,28.008,62.413,0.0,71.3185,
Tonga,TON,2011,,,3660.0,,27.656,62.656,3.571,71.4372,
Tonga,TON,2012,,,4130.0,,27.277,62.891,3.571,71.5461,
Tonga,TON,2013,,,4330.0,,26.866,63.066,3.571,71.6499,
Tonga,TON,2014,,,4360.0,,26.391,63.276,0.0,71.7212,
Tonga,TON,2015,,,4220.0,,25.834,63.522,0.0,71.851,
Tonga,TON,2016,,,4280.0,,25.229,63.774,0.0,71.9505,
Tonga,TON,2016,,,4280.0,,25.229,59.072,0.0,71.9505,
Tonga,TON,2017,11.0781454120686,,4450.0,,24.514,63.91,7.692,72.0657,
Tonga,TON,2018,11.278447720785,,4650.0,,24.144,64.009,7.407,72.1691,
Tonga,TON,2018,11.278447720785,,4650.0,,24.144,64.657,7.407,72.1691,
Tonga,TON,2019,12.9959424034927,,4980.0,,23.849,65.002,7.407,72.292,
Tonga,TON,2020,10.7315486486999,,5210.0,,23.634,66.135,7.407,72.3787,
Tonga,TON,2021,10.1174321653832,,5240.0,,23.507,67.816,0.0,72.1296,
Tonga,TON,2021,10.1174321653832,,5240.0,,23.507,72.102,0.0,72.1296,
Tonga,TON,2022,9.76537216828479,,5390.0,,23.35,68.936,3.704,72.6353,
Tonga,TON,2023,8.44224958030218,,5910.0,,23.117,70.628,7.143,72.8947,
Tonga,TON,2023,8.44224958030218,,5910.0,,23.117,69.985,7.143,72.8947,
Tonga,TON,2024,9.32964222353637,,,,23.04,71.213,7.143,,
South Asia (IDA & IBRD),TSA,2000,19.1560401916504,,441.0910049908255,,27.66647485630049,40.069,8.444,,
South Asia (IDA & IBRD),TSA,2000,19.1560401916504,,441.0910049908255,,27.66647485630049,40.093,8.444,,
South Asia (IDA & IBRD),TSA,2001,20.12049007415775,,448.47305138325737,,27.338672854452387,40.344,8.122,,
South Asia (IDA & IBRD),TSA,2001,20.12049007415775,,448.47305138325737,,27.338672854452387,48.071,8.122,,
South Asia (IDA & IBRD),TSA,2002,18.06892490386965,,453.3380917822092,,26.677451877171634,40.611,6.314,,
South Asia (IDA & IBRD),TSA,2003,16.6816291809082,,507.6792721550911,,25.92744079287933,40.883,6.314,,
South Asia (IDA & IBRD),TSA,2004,15.9531202316284,,593.1801392705589,,25.25772527325786,41.162,6.161,,
South Asia (IDA & IBRD),TSA,2005,16.75133991241455,,682.5818461176518,,24.435277143165475,41.451,9.157,,
South Asia (IDA & IBRD),TSA,2005,16.75133991241455,,682.5818461176518,,24.435277143165475,44.89,9.157,,
South Asia (IDA & IBRD),TSA,2006,17.3365306854248,,757.718041670463,,23.698913390052148,40.265,8.558,,
South Asia (IDA & IBRD),TSA,2007,19.649769783020048,,873.5266799199626,,23.06684361537541,39.333,9.961,,
South Asia (IDA & IBRD),TSA,2008,20.02311038970945,,953.8932137234774,,22.59023184675475,38.444,16.392,,
South Asia (IDA & IBRD),TSA,2009,12.61053514480595,,1067.1628796870348,,22.227734777927868,37.6,18.658,,
South Asia (IDA & IBRD),TSA,2010,11.8336801528931,,1170.7086988860679,,21.61509944864485,36.802,18.603,,
South Asia (IDA & IBRD),TSA,2010,11.8336801528931,,1170.7086988860679,,21.61509944864485,37.264,18.603,,
South Asia (IDA & IBRD),TSA,2011,15.1794400215149,,1310.147985033567,,21.11973854974206,35.991,18.934,,
South Asia (IDA & IBRD),TSA,2012,14.8686199188232,,1424.79537220007,,20.660587726654928,35.16,18.934,,
South Asia (IDA & IBRD),TSA,2012,14.8686199188232,,1424.79537220007,,20.660587726654928,34.758,18.934,,
South Asia (IDA & IBRD),TSA,2013,14.042415142059351,,1466.6043121301768,,20.112654051882437,35.082,12.058,,
South Asia (IDA & IBRD),TSA,2014,14.5122409529269,,1513.5314029883557,,19.238018383635684,35.128,17.832,,
South Asia (IDA & IBRD),TSA,2015,13.8681614388569,,1561.6737212223998,,19.08868489435177,35.291,17.956,,
South Asia (IDA & IBRD),TSA,2016,16.72513008117675,,1664.0459895569802,,18.920132554033426,35.449,18.049,,
South Asia (IDA & IBRD),TSA,2017,15.8097696304321,,1800.1147499162455,,18.2256855005369,36.002,18.059,,
South Asia (IDA & IBRD),TSA,2018,14.17352068419585,,1998.7198578758778,,18.14755741155287,36.297,16.404,,
South Asia (IDA & IBRD),TSA,2018,14.17352068419585,,1998.7198578758778,,18.14755741155287,28.408,16.404,,
South Asia (IDA & IBRD),TSA,2019,12.1130298505003,,2105.4095476471625,,17.668478227199287,36.625,17.246,,
South Asia (IDA & IBRD),TSA,2019,12.1130298505003,,2105.4095476471625,,17.668478227199287,32.532,17.246,,
South Asia (IDA & IBRD),TSA,2020,15.017913986190749,,1957.0045248744993,,17.125804320913122,36.524,17.323,,
South Asia (IDA & IBRD),TSA,2020,15.017913986190749,,1957.0045248744993,,17.125804320913122,35.426,17.323,,
South Asia (IDA & IBRD),TSA,2021,13.57959207696845,,2222.5019283554,,16.898848719184393,38.576,17.411,,
South Asia (IDA & IBRD),TSA,2021,13.57959207696845,,2222.5019283554,,16.898848719184393,36.176,17.411,,
South Asia (IDA & IBRD),TSA,2022,12.420984705849751,,2438.085520012322,,16.77592296808362,40.369,17.639,,
South Asia (IDA & IBRD),TSA,2022,12.420984705849751,,2438.085520012322,,16.77592296808362,39.138,17.639,,
South Asia (IDA & IBRD),TSA,2023,13.0012248166938,,2603.0150401510045,,16.568099809611095,41.634,17.721,,
South Asia (IDA & IBRD),TSA,2023,13.0012248166938,,2603.0150401510045,,16.568099809611095,46.552,17.721,,
South Asia (IDA & IBRD),TSA,2024,11.2647104167737,,2662.2084415232594,,16.368140647468426,42.622,16.269,,
South Asia (IDA & IBRD),TSA,2024,11.2647104167737,,2662.2084415232594,,16.368140647468426,44.776,16.269,,
Sub-Saharan Africa (IDA & IBRD countries),TSS,2000,15.0723252296448,,658.2326851635672,,41.95683996623629,84.882,11.585,,
Sub-Saharan Africa (IDA & IBRD countries),TSS,2001,15.7333097457886,,632.1785974702507,,41.74625803754848,85.046,12.283,,
Sub-Saharan Africa (IDA & IBRD countries),TSS,2002,16.1877498626709,,619.903192720047,,41.475485625319,85.323,13.467,,
Sub-Saharan Africa (IDA & IBRD countries),TSS,2003,,,676.9681506769323,,41.25606475754092,85.481,13.709,,
Sub-Saharan Africa (IDA & IBRD countries),TSS,2004,17.3871002197266,,825.4371417115074,,41.08880934834658,85.659,14.735,,
Sub-Saharan Africa (IDA & IBRD countries),TSS,2005,18.0330390930176,,1019.9609289015319,,40.958836135211435,85.792,16.237,,
Sub-Saharan Africa (IDA & IBRD countries),TSS,2006,17.9798145294189,,1145.5930829257306,,40.71795541684885,85.895,16.639,,
Sub-Saharan Africa (IDA & IBRD countries),TSS,2007,,,1262.6893233503247,,40.389903703837525,85.936,17.306,,
Sub-Saharan Africa (IDA & IBRD countries),TSS,2008,17.9063091278076,,1378.5261456391522,,40.17904244019385,85.882,17.801,,
Sub-Saharan Africa (IDA & IBRD countries),TSS,2009,18.2409391403198,,1416.1905645155657,,39.772843116220834,85.773,18.464,,
Sub-Saharan Africa (IDA & IBRD countries),TSS,2010,17.6112308502197,,1481.0142811158612,,39.392899116990996,85.751,18.737,,
Sub-Saharan Africa (IDA & IBRD countries),TSS,2011,16.9037895202637,,1568.1493145710394,,38.95838581648234,85.713,20.535,,
Sub-Saharan Africa (IDA & IBRD countries),TSS,2012,16.65352756374065,,1700.658210086514,,38.431461184784624,85.359,21.376,,
Sub-Saharan Africa (IDA & IBRD countries),TSS,2013,16.1913795471191,,1779.8015894055354,,37.874853265106196,85.574,22.457,,
Sub-Saharan Africa (IDA & IBRD countries),TSS,2014,17.611244684507703,,1833.6077962475206,,37.39187690384593,85.325,22.158,,
Sub-Saharan Africa (IDA & IBRD countries),TSS,2015,16.9629096984863,,1729.5575308088319,,36.80753095070894,85.104,23.637,,
Sub-Saharan Africa (IDA & IBRD countries),TSS,2016,15.911284923553449,,1552.7801753174695,,36.21846314637303,84.824,23.81,,
Sub-Saharan Africa (IDA & IBRD countries),TSS,2017,16.534330368042,,1457.8688998101181,,35.70200967265967,84.637,24.017,,
Sub-Saharan Africa (IDA & IBRD countries),TSS,2018,17.37127098901105,,1508.4408715872826,,35.1942858894881,84.317,24.074,,
Sub-Saharan Africa (IDA & IBRD countries),TSS,2019,15.357029914856,,1616.7448069369489,,34.69236471884049,84.021,24.078,,
Sub-Saharan Africa (IDA & IBRD countries),TSS,2020,15.6666108638886,,1586.801493192807,,34.18916653522011,83.617,24.869,,
Sub-Saharan Africa (IDA & IBRD countries),TSS,2021,15.40143661133235,,1721.6251491761188,,33.864206343479395,83.81,25.925,,
Sub-Saharan Africa (IDA & IBRD countries),TSS,2022,15.250486156436,,1805.6757271132196,,33.50703133388878,83.915,26.338,,
Sub-Saharan Africa (IDA & IBRD countries),TSS,2023,15.024640083313,,1767.6454314302475,,33.16903924552452,86.733,27.034,,
Sub-Saharan Africa (IDA & IBRD countries),TSS,2024,15.3772099653715,,1597.375917526107,,32.8019565039641,86.906,26.878,,
Trinidad and Tobago,TTO,2000,11.7311201095581,,5180.0,,14.869,61.852,,68.6288,
Trinidad and Tobago,TTO,2000,11.7311201095581,,5180.0,,14.869,62.419,,68.6288,
Trinidad and Tobago,TTO,2001,12.1654300689697,,5830.0,,14.731,62.807,11.111,68.8744,
Trinidad and Tobago,TTO,2001,12.1654300689697,,5830.0,,14.731,62.4,11.111,68.8744,
Trinidad and Tobago,TTO,2002,14.2852096557617,,6480.0,,14.528,63.755,19.444,69.2322,
Trinidad and Tobago,TTO,2002,14.2852096557617,,6480.0,,14.528,63.653,19.444,69.2322,
Trinidad and Tobago,TTO,2003,13.9100704193115,,7740.0,,14.407,65.952,19.444,69.4536,
Trinidad and Tobago,TTO,2003,13.9100704193115,,7740.0,,14.407,65.814,19.444,69.4536,
Trinidad and Tobago,TTO,2004,,,9300.0,,14.286,68.115,19.444,69.8791,
Trinidad and Tobago,TTO,2004,,,9300.0,,14.286,67.553,19.444,69.8791,
Trinidad and Tobago,TTO,2005,,,11200.0,,14.33,70.258,19.444,70.1847,
Trinidad and Tobago,TTO,2005,,,11200.0,,14.33,69.625,19.444,70.1847,
Trinidad and Tobago,TTO,2006,,,13320.0,,14.39,70.944,19.444,70.4367,
Trinidad and Tobago,TTO,2006,,,13320.0,,14.39,71.109,19.444,70.4367,
Trinidad and Tobago,TTO,2007,,,15060.0,,14.372,68.645,26.829,70.7973,
Trinidad and Tobago,TTO,2007,,,15060.0,,14.372,68.799,26.829,70.7973,
Trinidad and Tobago,TTO,2008,,,17420.0,,14.287,70.407,26.829,71.1171,
Trinidad and Tobago,TTO,2008,,,17420.0,,14.287,70.509,26.829,71.1171,
Trinidad and Tobago,TTO,2009,,,16330.0,,14.221,68.531,26.829,71.4042,
Trinidad and Tobago,TTO,2009,,,16330.0,,14.221,68.72,26.829,71.4042,
Trinidad and Tobago,TTO,2010,12.9033102202913,,16590.0,,14.087,68.804,28.571,71.809,
Trinidad and Tobago,TTO,2010,12.9033102202913,,16590.0,,14.087,68.731,28.571,71.809,
Trinidad and Tobago,TTO,2011,11.1150541951613,,15060.0,,13.928,68.233,28.571,72.2323,
Trinidad and Tobago,TTO,2011,11.1150541951613,,15060.0,,13.928,67.597,28.571,72.2323,
Trinidad and Tobago,TTO,2012,11.2732949708338,,17960.0,,13.749,70.724,28.571,72.513,
Trinidad and Tobago,TTO,2012,11.2732949708338,,17960.0,,13.749,71.102,28.571,72.513,
Trinidad and Tobago,TTO,2013,11.7303844582749,,20110.0,,13.51,70.792,28.571,72.7855,
Trinidad and Tobago,TTO,2013,11.7303844582749,,20110.0,,13.51,70.917,28.571,72.7855,
Trinidad and Tobago,TTO,2014,10.5093876319068,,20620.0,,13.289,71.34,28.571,72.8984,
Trinidad and Tobago,TTO,2014,10.5093876319068,,20620.0,,13.289,71.49,28.571,72.8984,
Trinidad and Tobago,TTO,2015,12.3070447486926,,20650.0,,13.031,69.672,30.952,72.8817,
Trinidad and Tobago,TTO,2015,12.3070447486926,,20650.0,,13.031,69.884,30.952,72.8817,
Trinidad and Tobago,TTO,2016,11.7850028841985,,17870.0,,12.804,71.529,30.952,72.9348,0.5700022945005578
Trinidad and Tobago,TTO,2016,11.7850028841985,,17870.0,,12.804,71.899,30.952,72.9348,0.5700022945005578
Trinidad and Tobago,TTO,2017,9.88690577318633,,16930.0,,12.491,71.764,30.952,72.9844,0.5575898452152058
Trinidad and Tobago,TTO,2018,10.6522780521634,,16800.0,,12.06,72.018,30.952,72.6582,0.5575898452152058
Trinidad and Tobago,TTO,2019,10.4561041957235,,17240.0,,12.088,72.256,30.952,72.8357,0.5403919237037463
Trinidad and Tobago,TTO,2019,10.4561041957235,,17240.0,,12.088,72.532,30.952,72.8357,0.5403919237037463
Trinidad and Tobago,TTO,2020,11.7162704467773,,15040.0,,11.647,72.227,26.19,72.645,0.536790311725474
Trinidad and Tobago,TTO,2020,11.7162704467773,,15040.0,,11.647,73.244,26.19,72.645,0.536790311725474
Trinidad and Tobago,TTO,2021,10.0265197753906,,16310.0,,11.291,73.273,26.19,71.1114,0.5341513800279925
Trinidad and Tobago,TTO,2021,10.0265197753906,,16310.0,,11.291,74.116,26.19,71.1114,0.5341513800279925
Trinidad and Tobago,TTO,2022,10.4055900573731,,17460.0,,10.987,74.682,26.19,73.3308,0.5227885039227214
Trinidad and Tobago,TTO,2022,10.4055900573731,,17460.0,,10.987,75.795,26.19,73.3308,0.5227885039227214
Trinidad and Tobago,TTO,2023,9.82689952850342,,19920.0,,10.708,72.685,28.571,73.4896,0.5184512380704691
Trinidad and Tobago,TTO,2023,9.82689952850342,,19920.0,,10.708,72.803,28.571,73.4896,0.5184512380704691
Trinidad and Tobago,TTO,2024,9.14688932489539,,19740.0,,10.543,70.274,28.571,,0.5116414343546422
Trinidad and Tobago,TTO,2024,9.14688932489539,,19740.0,,10.543,75.444,28.571,,0.5116414343546422
Tunisia,TUN,2000,24.5917797088623,,2260.0,,16.549,32.797,11.538,72.6043,
Tunisia,TUN,2001,24.6477603912354,,2220.0,,16.227,33.098,11.538,72.8219,
Tunisia,TUN,2002,22.8801307678223,,2150.0,,16.036,33.427,11.538,73.0695,
Tunisia,TUN,2003,27.684289932251,,2420.0,,16.249,33.781,11.538,73.3036,
Tunisia,TUN,2003,27.684289932251,,2420.0,,16.249,35.861,11.538,73.3036,
Tunisia,TUN,2004,27.8338108062744,,2860.0,,16.333,34.14,22.751,73.5195,
Tunisia,TUN,2005,26.6956901550293,,3120.0,,16.496,34.492,22.751,73.7117,
Tunisia,TUN,2005,26.6956901550293,,3120.0,,16.496,34.803,22.751,73.7117,
Tunisia,TUN,2006,26.8613090515137,,3290.0,,16.612,35.612,22.751,73.8884,
Tunisia,TUN,2006,26.8613090515137,,3290.0,,16.612,36.25,22.751,73.8884,
Tunisia,TUN,2007,26.4286308288574,,3490.0,,16.769,35.623,22.751,74.0391,
Tunisia,TUN,2007,26.4286308288574,,3490.0,,16.769,36.176,22.751,74.0391,
Tunisia,TUN,2008,25.2586708068848,,3820.0,,17.008,35.847,22.751,74.1923,
Tunisia,TUN,2008,25.2586708068848,,3820.0,,17.008,36.379,22.751,74.1923,
Tunisia,TUN,2009,25.2620105743408,,4020.0,,17.303,35.394,27.57,74.3199,
Tunisia,TUN,2009,25.2620105743408,,4020.0,,17.303,36.095,27.57,74.3199,
Tunisia,TUN,2010,24.846830368042,,4140.0,,17.94,35.129,27.57,74.4376,
Tunisia,TUN,2010,24.846830368042,,4140.0,,17.94,35.756,27.57,74.4376,
Tunisia,TUN,2011,,,4060.0,,18.892,34.838,26.728,74.4714,
Tunisia,TUN,2011,,,4060.0,,18.892,35.478,26.728,74.4714,
Tunisia,TUN,2012,20.9910106658936,,4250.0,,19.58,35.732,26.728,74.5985,0.5665450833249822
Tunisia,TUN,2012,20.9910106658936,,4250.0,,19.58,36.653,26.728,74.5985,0.5665450833249822
Tunisia,TUN,2013,,,4300.0,,19.755,35.934,26.728,74.6736,0.5665450833249822
Tunisia,TUN,2013,,,4300.0,,19.755,36.518,26.728,74.6736,0.5665450833249822
Tunisia,TUN,2014,,,4310.0,,19.658,36.632,31.336,74.7838,0.5457107423220566
Tunisia,TUN,2014,,,4310.0,,19.658,33.333,31.336,74.7838,0.5457107423220566
Tunisia,TUN,2015,22.665340423584,,4130.0,,19.415,37.406,31.336,74.8748,0.5567645792924748
Tunisia,TUN,2015,22.665340423584,,4130.0,,19.415,37.851,31.336,74.8748,0.5567645792924748
Tunisia,TUN,2016,,,3930.0,,18.954,38.285,31.336,75.0074,0.5348318100081613
Tunisia,TUN,2016,,,3930.0,,18.954,38.836,31.336,75.0074,0.5348318100081613
Tunisia,TUN,2017,,,3700.0,,18.168,38.182,31.336,75.1768,0.5345426902263225
Tunisia,TUN,2017,,,3700.0,,18.168,38.801,31.336,75.1768,0.5345426902263225
Tunisia,TUN,2018,,,3700.0,,17.344,38.715,31.336,75.37,0.5345426902263225
Tunisia,TUN,2019,17.6466772041561,,3590.0,,16.82,39.254,22.581,75.5992,0.5329351401764013
Tunisia,TUN,2019,17.6466772041561,,3590.0,,16.82,39.738,22.581,75.5992,0.5329351401764013
Tunisia,TUN,2020,20.8134754153382,,3270.0,,15.787,40.045,24.885,75.0035,0.5365443649809769
Tunisia,TUN,2021,19.7515155624873,,3640.0,,13.999,41.308,26.267,72.8928,0.5285531927401332
Tunisia,TUN,2022,19.9702624772082,,3890.0,,14.124,41.566,26.267,76.0505,0.5183809658659733
Tunisia,TUN,2022,19.9702624772082,,3890.0,,14.124,41.921,26.267,76.0505,0.5183809658659733
Tunisia,TUN,2023,18.1078971304239,,3850.0,,13.748,40.752,16.234,76.5077,0.5152842434577789
Tunisia,TUN,2023,18.1078971304239,,3850.0,,13.748,41.108,16.234,76.5077,0.5152842434577789
Tunisia,TUN,2024,17.8098954936878,,3880.0,,13.37,40.807,15.686,,0.5035815617882501
Turkiye,TUR,2000,,,4180.0,,21.42,36.041,4.182,71.9312,
Turkiye,TUR,2000,,,4180.0,,21.42,36.037,4.182,71.9312,
Turkiye,TUR,2001,,,3480.0,,20.593,37.241,4.182,72.2711,
Turkiye,TUR,2001,,,3480.0,,20.593,37.253,4.182,72.2711,
Turkiye,TUR,2002,,,3500.0,41.4,19.531,38.98,,72.6047,
Turkiye,TUR,2002,,,3500.0,41.4,19.531,38.993,,72.6047,
Turkiye,TUR,2003,,,3860.0,42.2,18.949,37.744,4.364,72.9061,
Turkiye,TUR,2003,,,3860.0,42.2,18.949,37.752,4.364,72.9061,
Turkiye,TUR,2004,,,5170.0,41.3,18.857,33.19,4.364,73.2232,
Turkiye,TUR,2004,,,5170.0,41.3,18.857,33.189,4.364,73.2232,
Turkiye,TUR,2005,,,6710.0,42.6,18.794,33.016,4.364,73.5098,
Turkiye,TUR,2005,,,6710.0,42.6,18.794,33.013,4.364,73.5098,
Turkiye,TUR,2006,,,7780.0,39.6,18.686,33.76,4.364,73.8038,
Turkiye,TUR,2006,,,7780.0,39.6,18.686,33.756,4.364,73.8038,
Turkiye,TUR,2007,,,8930.0,38.4,18.4,33.838,9.107,74.1291,
Turkiye,TUR,2007,,,8930.0,38.4,18.4,33.851,9.107,74.1291,
Turkiye,TUR,2008,,,9830.0,39.0,18.2,34.903,9.107,74.3802,
Turkiye,TUR,2008,,,9830.0,39.0,18.2,34.903,9.107,74.3802,
Turkiye,TUR,2009,,,9610.0,39.0,17.6,36.894,9.107,74.679,
Turkiye,TUR,2009,,,9610.0,39.0,17.6,36.897,9.107,74.679,
Turkiye,TUR,2010,,,10460.0,38.8,17.2,39.017,9.107,74.9642,
Turkiye,TUR,2010,,,10460.0,38.8,17.2,39.02,9.107,74.9642,
Turkiye,TUR,2011,12.8658599853516,,11260.0,40.0,16.9,40.191,14.182,74.8234,
Turkiye,TUR,2011,12.8658599853516,,11260.0,40.0,16.9,40.196,14.182,74.8234,
Turkiye,TUR,2012,12.8528900146484,,11950.0,40.2,17.2,41.508,14.182,75.5519,0.5163189026604532
Turkiye,TUR,2012,12.8528900146484,,11950.0,40.2,17.2,41.521,14.182,75.5519,0.5163189026604532
Turkiye,TUR,2013,12.8919696807861,,12640.0,40.2,17.0,43.024,14.416,76.1705,0.5163189026604532
Turkiye,TUR,2013,12.8919696807861,,12640.0,40.2,17.0,43.027,14.416,76.1705,0.5163189026604532
Turkiye,TUR,2014,13.5273504257202,,12670.0,41.2,17.5,42.464,14.416,76.4519,0.5029496109869599
Turkiye,TUR,2014,13.5273504257202,,12670.0,41.2,17.5,42.472,14.416,76.4519,0.5029496109869599
Turkiye,TUR,2015,13.2618503570557,,12080.0,42.9,17.1,44.01,14.909,76.5389,0.4648691176706151
Turkiye,TUR,2015,13.2618503570557,,12080.0,42.9,17.1,44.013,14.909,76.5389,0.4648691176706151
Turkiye,TUR,2016,13.6914596557617,,11350.0,41.9,16.6,45.081,14.909,76.5948,0.43627231311073333
Turkiye,TUR,2016,13.6914596557617,,11350.0,41.9,16.6,45.091,14.909,76.5948,0.43627231311073333
Turkiye,TUR,2017,13.2585802078247,,11140.0,43.5,16.2,46.351,14.572,77.0372,0.41947860855074365
Turkiye,TUR,2017,13.2585802078247,,11140.0,43.5,16.2,46.358,14.572,77.0372,0.41947860855074365
Turkiye,TUR,2018,12.5308599472046,,10760.0,42.4,15.4,47.034,17.45,77.4535,0.41947860855074365
Turkiye,TUR,2018,12.5308599472046,,10760.0,42.4,15.4,47.034,17.45,77.4535,0.41947860855074365
Turkiye,TUR,2019,12.523699760437,,9970.0,43.8,14.4,47.734,17.45,77.737,0.4279447683504846
Turkiye,TUR,2019,12.523699760437,,9970.0,43.8,14.4,47.736,17.45,77.737,0.4279447683504846
Turkiye,TUR,2020,11.6336297988892,,9330.0,43.0,13.4,45.302,17.317,76.5255,0.4292568300328649
Turkiye,TUR,2020,11.6336297988892,,9330.0,43.0,13.4,45.307,17.317,76.5255,0.4292568300328649
Turkiye,TUR,2021,11.3091802597046,,10240.0,44.4,12.9,46.71,17.333,75.7222,0.4185225449665015
Turkiye,TUR,2021,11.3091802597046,,10240.0,44.4,12.9,46.714,17.333,75.7222,0.4185225449665015
Turkiye,TUR,2022,11.3262901306152,,10870.0,44.5,12.2,49.098,17.354,77.5913,0.4169065283146721
Turkiye,TUR,2022,11.3262901306152,,10870.0,44.5,12.2,49.159,17.354,77.5913,0.4169065283146721
Turkiye,TUR,2023,,,11980.0,43.7,11.2,50.297,19.833,77.1557,0.4138199278314289
Turkiye,TUR,2023,,,11980.0,43.7,11.2,50.355,19.833,77.1557,0.4138199278314289
Turkiye,TUR,2024,,,13460.0,,11.0,51.182,19.866,,0.4155407480954199
Turkiye,TUR,2024,,,13460.0,,11.0,51.134,19.866,,0.4155407480954199
Tuvalu,TUV,2000,,,2330.0,,26.641,,0.0,63.5356,
Tuvalu,TUV,2001,,,2780.0,,25.597,,0.0,63.709,
Tuvalu,TUV,2002,,,3430.0,,24.464,69.696,,63.8246,
Tuvalu,TUV,2003,,,2620.0,,23.632,,0.0,63.8974,
Tuvalu,TUV,2004,,,3380.0,,23.09,,0.0,63.9885,
Tuvalu,TUV,2005,,,3750.0,,22.746,,0.0,64.0962,
Tuvalu,TUV,2006,,,3920.0,,22.438,,0.0,64.2467,
Tuvalu,TUV,2007,,,4670.0,,21.859,,0.0,64.4017,
Tuvalu,TUV,2008,,,4780.0,,21.685,,0.0,64.5162,
Tuvalu,TUV,2009,,,4870.0,,21.876,,0.0,64.693,
Tuvalu,TUV,2010,,,4480.0,,22.175,81.242,0.0,64.834,
Tuvalu,TUV,2011,,,4720.0,,22.54,,6.667,64.9598,
Tuvalu,TUV,2012,,,4440.0,,22.887,,6.667,65.0792,
Tuvalu,TUV,2013,,,5610.0,,22.831,,6.667,65.1713,
Tuvalu,TUV,2014,,,4750.0,,22.975,,6.667,65.2778,
Tuvalu,TUV,2015,,,5650.0,,23.339,,6.667,65.3652,
Tuvalu,TUV,2016,,,5450.0,,23.76,53.848,6.667,65.51,
Tuvalu,TUV,2017,,,5330.0,,24.284,66.416,6.667,65.6826,
Tuvalu,TUV,2018,,,6230.0,,24.927,,6.667,65.871,
Tuvalu,TUV,2019,,,6880.0,,24.867,,6.25,66.1085,
Tuvalu,TUV,2020,,,6880.0,,24.632,,6.25,66.3567,
Tuvalu,TUV,2021,,,7510.0,,24.35,,6.25,65.8236,
Tuvalu,TUV,2022,,,8100.0,,24.084,67.205,6.25,66.8516,
Tuvalu,TUV,2023,,,8770.0,,23.075,,6.25,67.1049,
Tuvalu,TUV,2024,,,,,21.969,,0.0,,
Tanzania,TZA,2000,,,400.0,,41.528,95.192,,53.2439,
Tanzania,TZA,2001,,,400.0,,41.398,95.207,22.263,54.1243,
Tanzania,TZA,2001,,,400.0,,41.398,95.207,22.263,54.1243,
Tanzania,TZA,2002,,,410.0,,41.171,95.641,22.263,54.9396,
Tanzania,TZA,2003,,,430.0,,41.335,96.056,21.356,55.9292,
Tanzania,TZA,2004,19.492639541626,,460.0,,41.527,96.453,21.356,56.8355,
Tanzania,TZA,2005,18.1431407928467,,490.0,,41.465,96.831,30.408,57.675,
Tanzania,TZA,2006,15.0150699615478,,510.0,,40.973,97.192,30.408,58.5123,
Tanzania,TZA,2006,15.0150699615478,,510.0,,40.973,97.192,30.408,58.5123,
Tanzania,TZA,2007,19.4492301940918,,530.0,,40.168,96.557,30.408,59.2602,
Tanzania,TZA,2008,18.9404697418213,,590.0,,39.579,95.884,30.408,59.8961,
Tanzania,TZA,2008,18.9404697418213,,590.0,,39.579,100.601,30.408,59.8961,
Tanzania,TZA,2009,17.6823406219482,,660.0,,39.162,95.168,30.65,60.494,
Tanzania,TZA,2010,19.8020191192627,,720.0,,38.756,94.412,,61.1266,
Tanzania,TZA,2010,19.8020191192627,,720.0,,38.756,95.588,,61.1266,
Tanzania,TZA,2011,17.6182433145382,,760.0,,38.108,93.609,36.0,61.6176,
Tanzania,TZA,2011,17.6182433145382,,760.0,,38.108,97.106,36.0,61.6176,
Tanzania,TZA,2012,16.878735196451,,810.0,,38.102,92.763,36.0,62.2862,0.4885822556513836
Tanzania,TZA,2012,16.878735196451,,810.0,,38.102,89.38,36.0,62.2862,0.4885822556513836
Tanzania,TZA,2013,19.1151921301851,,880.0,,38.408,91.871,36.0,62.788,0.4885822556513836
Tanzania,TZA,2013,19.1151921301851,,880.0,,38.408,89.692,36.0,62.788,0.4885822556513836
Tanzania,TZA,2014,17.2971000671387,,970.0,,38.355,90.933,36.0,63.3638,0.47160490054733856
Tanzania,TZA,2014,17.2971000671387,,970.0,,38.355,90.933,36.0,63.3638,0.47160490054733856
Tanzania,TZA,2015,17.6345504974681,,970.0,,37.622,91.09,36.0,63.9284,0.4786504870841839
Tanzania,TZA,2016,17.2042319575026,,960.0,,37.632,91.289,36.559,64.4037,0.47052681644101385
Tanzania,TZA,2017,24.3965396881104,,960.0,,37.611,91.462,37.179,64.9631,0.4698704786244413
Tanzania,TZA,2018,20.504940032959,,1010.0,,37.335,91.593,37.179,65.488,0.4698704786244413
Tanzania,TZA,2019,14.2921084679586,,1050.0,,36.883,91.708,36.896,66.0068,0.4675508081907673
Tanzania,TZA,2020,13.6285579909749,,1060.0,,36.437,91.735,36.719,66.7712,0.470065651964661
Tanzania,TZA,2020,13.6285579909749,,1060.0,,36.437,91.753,36.719,66.7712,0.470065651964661
Tanzania,TZA,2021,13.5370081069869,,1130.0,,36.015,92.235,36.856,66.1306,0.4650132950685452
Tanzania,TZA,2022,14.3321092964105,,1210.0,,35.637,91.813,36.856,66.8786,0.4613445416123533
Tanzania,TZA,2023,13.7042376436214,,1220.0,,35.222,91.951,37.405,66.9953,0.4654709701289669
Tanzania,TZA,2024,13.4080981163871,,1210.0,,34.801,91.896,37.405,,0.46636540689818784
Tanzania,TZA,2024,13.4080981163871,,1210.0,,34.801,91.542,37.405,,0.46636540689818784
Uganda,UGA,2000,10.3548698425293,,270.0,,48.247,91.87,17.794,49.6397,
Uganda,UGA,2001,,,240.0,,47.915,91.818,24.671,50.5761,
Uganda,UGA,2002,,,250.0,,47.446,91.87,24.671,51.4432,
Uganda,UGA,2002,,,250.0,,47.446,98.675,24.671,51.4432,
Uganda,UGA,2003,,,250.0,,46.962,91.933,24.671,52.4136,
Uganda,UGA,2003,,,250.0,,46.962,96.093,24.671,52.4136,
Uganda,UGA,2004,20.3083400726318,,280.0,,46.508,91.96,23.934,53.6988,
Uganda,UGA,2005,,,310.0,,45.833,91.986,23.934,54.9264,
Uganda,UGA,2006,,,350.0,,45.184,92.101,29.819,56.1184,
Uganda,UGA,2007,,,380.0,,44.524,92.231,30.723,57.2479,
Uganda,UGA,2008,,,430.0,,43.784,92.418,30.723,58.253,
Uganda,UGA,2009,,,550.0,,43.381,92.619,31.481,59.1574,
Uganda,UGA,2009,,,550.0,,43.381,97.424,31.481,59.1574,
Uganda,UGA,2010,10.1048898696899,,680.0,,42.889,92.84,31.288,59.9593,
Uganda,UGA,2010,10.1048898696899,,680.0,,42.889,92.359,31.288,59.9593,
Uganda,UGA,2011,13.6113700866699,,860.0,,42.22,94.448,34.974,60.7914,
Uganda,UGA,2011,13.6113700866699,,860.0,,42.22,94.6,34.974,60.7914,
Uganda,UGA,2012,11.4518995285034,,830.0,,41.419,87.85,34.974,61.5786,0.4191899986563705
Uganda,UGA,2012,11.4518995285034,,830.0,,41.419,87.894,34.974,61.5786,0.4191899986563705
Uganda,UGA,2013,11.7431201934815,,810.0,,40.551,93.853,34.974,62.3531,0.4191899986563705
Uganda,UGA,2013,11.7431201934815,,810.0,,40.551,94.987,34.974,62.3531,0.4191899986563705
Uganda,UGA,2014,11.7049102783203,,830.0,,39.714,95.931,34.974,63.0575,0.40516907325824675
Uganda,UGA,2014,11.7049102783203,,830.0,,39.714,96.339,34.974,63.0575,0.40516907325824675
Uganda,UGA,2015,13.2200803756714,,850.0,,39.007,95.077,34.974,63.8315,0.4048216142476603
Uganda,UGA,2016,12.4691696166992,,810.0,,38.279,94.104,33.489,64.4944,0.3909739461550974
Uganda,UGA,2017,12.1973304748535,,760.0,,37.944,93.009,34.298,65.1738,0.4030784768215486
Uganda,UGA,2017,12.1973304748535,,760.0,,37.944,92.314,34.298,65.1738,0.4030784768215486
Uganda,UGA,2018,11.2536497116089,,770.0,,37.673,91.855,34.298,65.7751,0.4030784768215486
Uganda,UGA,2019,8.89710752279272,,810.0,,37.212,91.413,34.858,66.3537,0.4045741127833826
Uganda,UGA,2019,8.89710752279272,,810.0,,37.212,91.855,34.858,66.3537,0.4045741127833826
Uganda,UGA,2020,8.52880465495882,,820.0,,36.803,89.972,34.858,66.4098,0.397193368604103
Uganda,UGA,2021,8.21456053372555,,860.0,,36.342,88.757,33.813,66.4497,0.3937676811707493
Uganda,UGA,2021,8.21456053372555,,860.0,,36.342,88.461,33.813,66.4497,0.3937676811707493
Uganda,UGA,2022,8.48236433206127,,930.0,,35.8,88.769,33.813,67.6747,0.3905338033792615
Uganda,UGA,2023,,,970.0,,35.201,89.025,33.813,68.2523,0.39072316373102894
Uganda,UGA,2024,,,1020.0,,34.436,89.338,33.932,,0.38799231017922065
Ukraine,UKR,2000,11.3589696884155,,680.0,,7.823,84.911,7.778,67.7862,
Ukraine,UKR,2001,12.8109502792358,,710.0,,7.779,85.431,7.778,67.6754,
Ukraine,UKR,2001,12.8109502792358,,710.0,,7.779,79.821,7.778,67.6754,
Ukraine,UKR,2002,14.3609600067139,,780.0,29.0,8.113,85.965,,67.6986,
Ukraine,UKR,2002,14.3609600067139,,780.0,29.0,8.113,85.953,,67.6986,
Ukraine,UKR,2003,14.4195203781128,,970.0,28.7,8.546,86.507,5.333,67.6383,
Ukraine,UKR,2003,14.4195203781128,,970.0,28.7,8.546,86.054,5.333,67.6383,
Ukraine,UKR,2004,12.7817497253418,,1250.0,28.9,8.959,87.061,5.333,67.4724,
Ukraine,UKR,2004,12.7817497253418,,1250.0,28.9,8.959,86.271,5.333,67.4724,
Ukraine,UKR,2005,13.7386503219604,,1530.0,29.0,9.12,87.625,5.333,67.5168,
Ukraine,UKR,2005,13.7386503219604,,1530.0,29.0,9.12,83.949,5.333,67.5168,
Ukraine,UKR,2006,13.9232301712036,,1930.0,29.8,9.787,88.201,8.667,67.4901,
Ukraine,UKR,2006,13.9232301712036,,1930.0,29.8,9.787,83.194,8.667,67.4901,
Ukraine,UKR,2007,14.036190032959,,2560.0,27.0,10.202,87.175,8.222,67.7147,
Ukraine,UKR,2007,14.036190032959,,2560.0,27.0,10.202,82.923,8.222,67.7147,
Ukraine,UKR,2008,13.5578298568726,,3170.0,26.6,11.014,86.165,8.222,68.2618,
Ukraine,UKR,2008,13.5578298568726,,3170.0,26.6,11.014,82.406,8.222,68.2618,
Ukraine,UKR,2009,15.05482006073,,2810.0,25.3,11.201,85.17,8.0,69.1595,
Ukraine,UKR,2009,15.05482006073,,2810.0,25.3,11.201,83.988,8.0,69.1595,
Ukraine,UKR,2010,,,2990.0,24.8,10.915,84.192,8.0,70.1883,
Ukraine,UKR,2011,13.4843196868897,,3100.0,24.6,11.054,83.226,8.0,70.7106,
Ukraine,UKR,2011,13.4843196868897,,3100.0,24.6,11.054,82.744,8.0,70.7106,
Ukraine,UKR,2012,13.6655197143555,,3600.0,24.7,11.419,82.276,9.438,71.0896,0.45602618164672315
Ukraine,UKR,2012,13.6655197143555,,3600.0,24.7,11.419,82.188,9.438,71.0896,0.45602618164672315
Ukraine,UKR,2013,13.867639541626,,3900.0,24.6,11.172,81.338,9.438,71.4744,0.45602618164672315
Ukraine,UKR,2014,13.1213502883911,,3500.0,24.0,10.632,80.415,11.667,71.8034,0.47170336143318187
Ukraine,UKR,2014,13.1213502883911,,3500.0,24.0,10.632,81.019,11.667,71.8034,0.47170336143318187
Ukraine,UKR,2015,12.4049319402434,,2760.0,25.5,9.802,79.506,12.085,72.6862,0.47362346139229317
Ukraine,UKR,2015,12.4049319402434,,2760.0,25.5,9.802,81.261,12.085,72.6862,0.47362346139229317
Ukraine,UKR,2016,12.2832899093628,,2330.0,25.0,9.614,78.611,12.019,73.3894,0.4942006800701215
Ukraine,UKR,2016,12.2832899093628,,2330.0,25.0,9.614,80.906,12.019,73.3894,0.4942006800701215
Ukraine,UKR,2017,12.9999399185181,,2330.0,26.0,8.779,77.728,12.293,73.9935,0.4985413860683027
Ukraine,UKR,2017,12.9999399185181,,2330.0,26.0,8.779,80.681,12.293,73.9935,0.4985413860683027
Ukraine,UKR,2018,12.6901998519897,,2720.0,26.1,8.125,76.858,12.293,73.5691,0.4985413860683027
Ukraine,UKR,2018,12.6901998519897,,2720.0,26.1,8.125,82.204,12.293,73.5691,0.4985413860683027
Ukraine,UKR,2019,13.1106300354004,,3270.0,26.6,7.823,76.001,20.519,73.9199,0.5022455654227289
Ukraine,UKR,2019,13.1106300354004,,3270.0,26.6,7.823,76.001,20.519,73.9199,0.5022455654227289
Ukraine,UKR,2020,11.803279876709,,3530.0,25.6,7.555,75.887,20.804,73.2833,0.5064582200284286
Ukraine,UKR,2020,11.803279876709,,3530.0,25.6,7.555,75.887,20.804,73.2833,0.5064582200284286
Ukraine,UKR,2021,12.6954898834228,,4060.0,,6.977,75.978,20.804,71.6308,0.5096841021920556
Ukraine,UKR,2021,12.6954898834228,,4060.0,,6.977,75.98,20.804,71.6308,0.5096841021920556
Ukraine,UKR,2022,,,3930.0,,5.679,,20.331,72.6582,0.4996525260952163
Ukraine,UKR,2023,,,4980.0,,5.625,,20.433,73.4225,0.4853031502951288
Ukraine,UKR,2024,,,5210.0,,5.466,,21.092,,0.48694407247898785
Upper middle income,UMC,2000,13.471505165100101,,1770.8352495620793,,17.386617149055624,74.912,14.195,,
Upper middle income,UMC,2000,13.471505165100101,,1770.8352495620793,,17.386617149055624,77.348,14.195,,
Upper middle income,UMC,2001,,,1782.4340324322243,,16.90428141588087,74.713,14.047,,
Upper middle income,UMC,2002,14.5780601501465,,1803.44982432348,,16.479530800669078,74.606,15.645,,
Upper middle income,UMC,2003,,,1952.8913196736814,,16.149671184332096,74.57,15.262,,
Upper middle income,UMC,2004,15.0367603302002,,2258.459343564169,,16.054329890068267,74.363,16.161,,
Upper middle income,UMC,2005,14.2739448547363,,2626.3265973922494,,16.060020005947372,74.31,15.514,,
Upper middle income,UMC,2006,,,3048.200926632257,,15.894563057639495,74.171,16.47,,
Upper middle income,UMC,2007,14.56160020828245,,3608.4195279147434,,15.865151386215167,74.342,17.345,,
Upper middle income,UMC,2008,14.3231348991394,,4264.224493532834,,15.866350604782406,74.18,17.849,,
Upper middle income,UMC,2009,15.05482006073,,4645.875101740857,,15.694632042437098,74.106,18.884,,
Upper middle income,UMC,2010,15.8688473556953,,5280.666704416092,,15.607350020724502,73.863,18.859,,
Upper middle income,UMC,2010,15.8688473556953,,5280.666704416092,,15.607350020724502,74.303,18.859,,
Upper middle income,UMC,2011,14.86631488800045,,5961.325978965866,,16.27523774819088,73.883,19.585,,
Upper middle income,UMC,2012,15.472172505627299,,6805.578281705435,,16.849630749126373,73.97,21.397,,
Upper middle income,UMC,2013,15.367449760437,,7415.279927160358,,15.9738846465009,73.923,22.316,,
Upper middle income,UMC,2014,16.0836515386161,,7714.2802694546535,,16.267213539853877,73.931,22.741,,
Upper middle income,UMC,2015,15.2635682817487,,7613.028290311741,,15.192600844334468,74.164,22.948,,
Upper middle income,UMC,2016,13.9301700592041,,7530.441349858765,,15.648129538068558,74.411,23.732,,
Upper middle income,UMC,2017,14.2683095932007,,7734.65108978657,,14.946371794245017,74.696,23.905,,
Upper middle income,UMC,2018,13.83056020736695,,8313.775745471543,,13.844954571280052,74.921,24.989,,
Upper middle income,UMC,2019,14.0744772919358,,8764.69332120081,,13.37855139126822,75.239,25.684,,
Upper middle income,UMC,2020,15.634289741516099,,8548.193447475327,,12.233514816285375,74.662,26.015,,
Upper middle income,UMC,2021,14.3231296539307,,9478.537880895514,,11.585779496191856,75.216,26.193,,
Upper middle income,UMC,2022,14.01974417366085,,10194.527004550899,,11.072787401726934,75.287,26.502,,
Upper middle income,UMC,2023,13.4134232980856,,10770.161801966593,,10.756394131744878,75.517,26.941,,
Upper middle income,UMC,2024,,,10906.836043328927,,10.82028137240683,75.562,27.153,,
Uruguay,URY,2000,8.35916996002197,,7180.0,43.4,15.952,67.673,12.121,74.6929,
Uruguay,URY,2000,8.35916996002197,,7180.0,43.4,15.952,67.674,12.121,74.6929,
Uruguay,URY,2001,9.22963047027588,,6610.0,45.0,15.695,70.31,12.121,74.9865,
Uruguay,URY,2001,9.22963047027588,,6610.0,45.0,15.695,70.311,12.121,74.9865,
Uruguay,URY,2002,7.71265983581543,,5210.0,45.5,15.644,69.53,12.121,74.9788,
Uruguay,URY,2002,7.71265983581543,,5210.0,45.5,15.644,69.53,12.121,74.9788,
Uruguay,URY,2003,6.83626985549927,,4300.0,45.0,15.275,70.592,12.121,75.0858,
Uruguay,URY,2003,6.83626985549927,,4300.0,45.0,15.275,70.592,12.121,75.0858,
Uruguay,URY,2004,8.60923957824707,,4180.0,45.9,15.078,69.249,12.121,75.3194,
Uruguay,URY,2004,8.60923957824707,,4180.0,45.9,15.078,69.249,12.121,75.3194,
Uruguay,URY,2005,9.47097015380859,,4770.0,44.7,15.096,71.135,11.111,75.8286,
Uruguay,URY,2005,9.47097015380859,,4770.0,44.7,15.096,71.135,11.111,75.8286,
Uruguay,URY,2006,9.84121036529541,,5470.0,45.9,14.829,70.376,11.111,75.8884,
Uruguay,URY,2006,9.84121036529541,,5470.0,45.9,14.829,70.375,11.111,75.8884,
Uruguay,URY,2007,,,6510.0,46.4,14.613,71.11,12.121,76.1502,
Uruguay,URY,2007,,,6510.0,46.4,14.613,71.112,12.121,76.1502,
Uruguay,URY,2008,,,7930.0,45.1,14.449,73.048,12.121,76.2746,
Uruguay,URY,2008,,,7930.0,45.1,14.449,73.048,12.121,76.2746,
Uruguay,URY,2009,,,9140.0,45.5,14.328,73.279,14.141,76.67,
Uruguay,URY,2009,,,9140.0,45.5,14.328,73.278,14.141,76.67,
Uruguay,URY,2010,,,10930.0,44.5,14.246,73.617,15.152,76.6911,
Uruguay,URY,2010,,,10930.0,44.5,14.246,73.617,15.152,76.6911,
Uruguay,URY,2011,15.1625499725342,,12730.0,42.2,14.052,74.7,12.121,76.6141,
Uruguay,URY,2011,15.1625499725342,,12730.0,42.2,14.052,74.699,12.121,76.6141,
Uruguay,URY,2012,17.6779278193166,,14230.0,39.9,14.208,75.516,12.121,76.6914,0.6837128153148586
Uruguay,URY,2012,17.6779278193166,,14230.0,39.9,14.208,75.515,12.121,76.6914,0.6837128153148586
Uruguay,URY,2013,14.3704700469971,,16480.0,40.5,14.336,73.506,12.121,76.9531,0.6837128153148586
Uruguay,URY,2013,14.3704700469971,,16480.0,40.5,14.336,73.506,12.121,76.9531,0.6837128153148586
Uruguay,URY,2014,14.4442701339722,,17140.0,40.1,14.235,75.154,13.131,77.1941,0.6919638177646592
Uruguay,URY,2014,14.4442701339722,,17140.0,40.1,14.235,75.154,13.131,77.1941,0.6919638177646592
Uruguay,URY,2015,14.7243003845215,,17070.0,40.1,14.302,75.682,16.162,77.2847,0.72713669714459
Uruguay,URY,2015,14.7243003845215,,17070.0,40.1,14.302,75.681,16.162,77.2847,0.72713669714459
Uruguay,URY,2016,14.7101402282715,,16490.0,39.7,13.726,76.487,16.162,77.3511,0.7277931866181959
Uruguay,URY,2016,14.7101402282715,,16490.0,39.7,13.726,76.486,16.162,77.3511,0.7277931866181959
Uruguay,URY,2017,14.8612604141235,,16720.0,39.5,12.707,76.88,20.202,77.618,0.711811858256471
Uruguay,URY,2017,14.8612604141235,,16720.0,39.5,12.707,76.88,20.202,77.618,0.711811858256471
Uruguay,URY,2018,15.1723299026489,,17700.0,39.7,11.687,77.588,20.202,77.5273,0.711811858256471
Uruguay,URY,2018,15.1723299026489,,17700.0,39.7,11.687,77.588,20.202,77.5273,0.711811858256471
Uruguay,URY,2019,15.1325101852417,,18390.0,39.7,10.894,78.135,19.192,77.5028,0.7053070528816213
Uruguay,URY,2019,15.1325101852417,,18390.0,39.7,10.894,78.135,19.192,77.5028,0.7053070528816213
Uruguay,URY,2020,13.8836097717285,,16130.0,40.2,10.41,79.054,21.212,78.3811,0.7099431152966936
Uruguay,URY,2020,13.8836097717285,,16130.0,40.2,10.41,79.055,21.212,78.3811,0.7099431152966936
Uruguay,URY,2021,14.7678899765015,,16220.0,40.8,10.071,79.64,24.242,75.4345,0.7138618641781074
Uruguay,URY,2021,14.7678899765015,,16220.0,40.8,10.071,79.639,24.242,75.4345,0.7138618641781074
Uruguay,URY,2022,14.933629989624,,17970.0,40.6,9.958,77.968,25.253,76.4682,0.7138838425405911
Uruguay,URY,2022,14.933629989624,,17970.0,40.6,9.958,77.968,25.253,76.4682,0.7138838425405911
Uruguay,URY,2023,15.609580039978,,19880.0,40.9,9.871,77.03,26.263,78.1385,0.7165477484192495
Uruguay,URY,2023,15.609580039978,,19880.0,40.9,9.871,77.03,26.263,78.1385,0.7165477484192495
Uruguay,URY,2024,,,21650.0,40.0,9.802,77.955,28.283,,0.7193675028002385
Uruguay,URY,2024,,,21650.0,40.0,9.802,76.806,28.283,,0.7193675028002385
United States,USA,2000,,,35960.0,40.1,14.4,79.461,,76.8058,
United States,USA,2000,,,35960.0,40.1,14.4,80.126,,76.8058,
United States,USA,2001,,,36710.0,40.6,14.1,79.707,14.023,76.9194,
United States,USA,2001,,,36710.0,40.6,14.1,80.312,14.023,76.9194,
United States,USA,2002,,,37320.0,40.4,14.0,79.907,13.793,76.9883,
United States,USA,2002,,,37320.0,40.4,14.0,80.459,13.793,76.9883,
United States,USA,2003,,,39770.0,40.8,14.1,80.417,14.253,77.1369,
United States,USA,2003,,,39770.0,40.8,14.1,80.95,14.253,77.1369,
United States,USA,2004,,,43520.0,40.5,14.0,80.214,14.943,77.535,
United States,USA,2004,,,43520.0,40.5,14.0,80.686,14.943,77.535,
United States,USA,2005,,,46190.0,41.3,14.0,80.359,15.172,77.5264,
United States,USA,2005,,,46190.0,41.3,14.0,80.814,15.172,77.5264,
United States,USA,2006,,,47850.0,41.7,14.3,80.391,16.322,77.7976,
United States,USA,2006,,,47850.0,41.7,14.3,80.806,16.322,77.7976,
United States,USA,2007,,,48530.0,41.1,14.3,80.616,16.782,78.0471,
United States,USA,2007,,,48530.0,41.1,14.3,80.996,16.782,78.0471,
United States,USA,2008,,,49110.0,41.1,14.0,81.172,17.011,78.1273,
United States,USA,2008,,,49110.0,41.1,14.0,81.52,17.011,78.1273,
United States,USA,2009,,,47910.0,40.9,13.5,81.99,16.782,78.4758,
United States,USA,2009,,,47910.0,40.9,13.5,82.269,16.782,78.4758,
United States,USA,2010,,,49180.0,40.2,13.0,82.089,16.782,78.6681,
United States,USA,2010,,,49180.0,40.2,13.0,82.354,16.782,78.6681,
United States,USA,2011,,,50620.0,41.2,12.7,81.925,16.82,78.7023,
United States,USA,2011,,,50620.0,41.2,12.7,82.446,16.82,78.7023,
United States,USA,2012,,,52610.0,41.2,12.6,81.657,17.972,78.8169,0.7340248857301492
United States,USA,2012,,,52610.0,41.2,12.6,82.219,17.972,78.8169,0.7340248857301492
United States,USA,2013,,,53830.0,40.9,12.4,81.47,17.824,78.8175,0.7340248857301492
United States,USA,2013,,,53830.0,40.9,12.4,82.042,17.824,78.8175,0.7340248857301492
United States,USA,2014,,,55600.0,41.7,12.5,81.736,19.31,78.8785,0.7094087911711215
United States,USA,2014,,,55600.0,41.7,12.5,82.316,19.31,78.8785,0.7094087911711215
United States,USA,2015,,,56400.0,41.5,12.4,81.497,19.355,78.7219,0.7367935118104106
United States,USA,2015,,,56400.0,41.5,12.4,82.081,19.355,78.7219,0.7367935118104106
United States,USA,2016,,,56900.0,41.3,12.2,81.541,19.169,78.686,0.7412828364544979
United States,USA,2016,,,56900.0,41.3,12.2,82.095,19.169,78.686,0.7412828364544979
United States,USA,2017,,,58920.0,41.4,11.8,82.071,19.355,78.6483,0.7328331819183895
United States,USA,2017,,,58920.0,41.4,11.8,82.577,19.355,78.6483,0.7328331819183895
United States,USA,2018,,,63020.0,41.8,11.6,82.181,23.502,78.7997,0.7328331819183895
United States,USA,2018,,,63020.0,41.8,11.6,82.656,23.502,78.7997,0.7328331819183895
United States,USA,2019,,,65880.0,41.9,11.4,82.632,23.434,78.916,0.7198901893227185
United States,USA,2019,,,65880.0,41.9,11.4,83.044,23.434,78.916,0.7198901893227185
United States,USA,2020,,,64920.0,40.0,10.9,82.652,27.465,77.0115,0.7157723102688441
United States,USA,2020,,,64920.0,40.0,10.9,83.059,27.465,77.0115,0.7157723102688441
United States,USA,2021,,,71730.0,39.7,11.0,82.59,27.65,76.3836,0.6949815523735728
United States,USA,2021,,,71730.0,39.7,11.0,82.976,27.65,76.3836,0.6949815523735728
United States,USA,2022,,,77330.0,41.7,11.0,82.944,28.704,77.9789,0.7072352075434962
United States,USA,2022,,,77330.0,41.7,11.0,83.549,28.704,77.9789,0.7072352075434962
United States,USA,2023,,,80000.0,41.8,10.7,83.789,28.966,79.3043,0.7032559689480214
United States,USA,2023,,,80000.0,41.8,10.7,84.166,28.966,79.3043,0.7032559689480214
United States,USA,2024,,,83490.0,41.8,10.6,83.977,28.736,,0.6989958841498793
United States,USA,2024,,,83490.0,41.8,10.6,84.612,28.736,,0.6989958841498793
Uzbekistan,UZB,2000,,,620.0,,21.737,53.156,7.2,65.456,
Uzbekistan,UZB,2001,,,550.0,,21.097,53.187,7.2,65.8532,
Uzbekistan,UZB,2002,,,450.0,,20.901,53.5,7.2,66.3763,
Uzbekistan,UZB,2002,,,450.0,,20.901,78.176,7.2,66.3763,
Uzbekistan,UZB,2003,,,420.0,,20.464,53.479,7.2,66.8523,
Uzbekistan,UZB,2003,,,420.0,,20.464,80.048,7.2,66.8523,
Uzbekistan,UZB,2004,,,460.0,,20.605,53.555,17.5,67.2031,
Uzbekistan,UZB,2004,,,460.0,,20.605,93.303,17.5,67.2031,
Uzbekistan,UZB,2005,,,520.0,,20.404,53.458,17.5,67.481,
Uzbekistan,UZB,2005,,,520.0,,20.404,91.356,17.5,67.481,
Uzbekistan,UZB,2006,,,600.0,,20.919,53.547,17.5,67.9053,
Uzbekistan,UZB,2006,,,600.0,,20.919,91.547,17.5,67.9053,
Uzbekistan,UZB,2007,,,760.0,,22.233,53.632,17.5,68.4833,
Uzbekistan,UZB,2008,,,970.0,,23.155,53.731,17.5,69.0347,
Uzbekistan,UZB,2009,,,1150.0,,23.144,54.009,22.0,69.517,
Uzbekistan,UZB,2009,,,1150.0,,23.144,90.151,22.0,69.517,
Uzbekistan,UZB,2010,,,1420.0,,22.449,54.204,22.0,69.8364,
Uzbekistan,UZB,2010,,,1420.0,,22.449,89.2,22.0,69.8364,
Uzbekistan,UZB,2011,,,1760.0,,21.929,53.779,22.0,70.1429,
Uzbekistan,UZB,2011,,,1760.0,,21.929,87.32,22.0,70.1429,
Uzbekistan,UZB,2012,,,2200.0,,21.959,53.878,22.0,70.4108,0.4278731656969777
Uzbekistan,UZB,2012,,,2200.0,,21.959,87.626,22.0,70.4108,0.4278731656969777
Uzbekistan,UZB,2013,22.7609691619873,,2470.0,,22.989,53.954,22.0,70.6925,0.4278731656969777
Uzbekistan,UZB,2013,22.7609691619873,,2470.0,,22.989,88.943,22.0,70.6925,0.4278731656969777
Uzbekistan,UZB,2014,22.9768505096436,,2650.0,,23.846,53.859,22.0,70.9732,0.4547243511695842
Uzbekistan,UZB,2014,22.9768505096436,,2650.0,,23.846,89.05,22.0,70.9732,0.4547243511695842
Uzbekistan,UZB,2015,22.3652591705322,,2790.0,,23.982,53.888,16.0,71.3298,0.45629643179459783
Uzbekistan,UZB,2015,22.3652591705322,,2790.0,,23.982,89.716,16.0,71.3298,0.45629643179459783
Uzbekistan,UZB,2016,23.0903301239014,,2840.0,,23.513,53.909,16.0,71.5798,0.4559495950710836
Uzbekistan,UZB,2016,23.0903301239014,,2840.0,,23.513,90.13,16.0,71.5798,0.4559495950710836
Uzbekistan,UZB,2017,22.5394592285156,,2630.0,,23.196,54.048,16.0,71.7372,0.4611108051619378
Uzbekistan,UZB,2017,22.5394592285156,,2630.0,,23.196,90.835,16.0,71.7372,0.4611108051619378
Uzbekistan,UZB,2018,25.8752309179907,,2340.0,,24.007,54.102,16.0,71.9988,0.4611108051619378
Uzbekistan,UZB,2019,28.4183284791714,,2150.0,,24.722,54.304,16.0,72.0934,0.46374139577390366
Uzbekistan,UZB,2019,28.4183284791714,,2150.0,,24.722,82.904,16.0,72.0934,0.46374139577390366
Uzbekistan,UZB,2020,17.0601902008057,,2000.0,,25.634,54.272,32.0,71.4613,0.47170732255793923
Uzbekistan,UZB,2020,17.0601902008057,,2000.0,,25.634,54.576,32.0,71.4613,0.47170732255793923
Uzbekistan,UZB,2021,15.075309753418,,2250.0,,26.45,54.543,32.653,71.6808,0.4909194107031195
Uzbekistan,UZB,2022,21.8510183445407,,2500.0,,26.524,55.257,33.333,72.1465,0.4960157145109621
Uzbekistan,UZB,2023,22.6481566265995,,2750.0,,26.465,55.461,33.571,72.3884,0.49646840080402554
Uzbekistan,UZB,2024,22.0746450382045,,3020.0,,25.557,55.593,38.0,,0.49451740536112604
St. Vincent and the Grenadines,VCT,2000,30.7891998291016,,3390.0,,19.18,59.441,4.762,70.3498,
St. Vincent and the Grenadines,VCT,2001,,,3660.0,,18.91,59.861,,70.3817,
St. Vincent and the Grenadines,VCT,2002,28.7013092041016,,4010.0,,18.236,60.746,22.727,70.6579,
St. Vincent and the Grenadines,VCT,2003,31.4755096435547,,4430.0,,17.622,61.818,22.727,70.4302,
St. Vincent and the Grenadines,VCT,2004,,,4800.0,,17.113,62.614,22.727,70.4452,
St. Vincent and the Grenadines,VCT,2005,22.5919895172119,,5060.0,,16.883,63.271,18.182,70.4538,
St. Vincent and the Grenadines,VCT,2006,,,5580.0,,16.483,64.535,18.182,70.4342,
St. Vincent and the Grenadines,VCT,2007,20.0384101867676,,6030.0,,16.589,65.39,18.182,70.446,
St. Vincent and the Grenadines,VCT,2008,,,6380.0,,17.126,65.918,18.182,70.6113,
St. Vincent and the Grenadines,VCT,2009,17.3384990692139,,6530.0,,17.181,66.293,21.739,70.7119,
St. Vincent and the Grenadines,VCT,2010,15.4856300354004,,6310.0,,16.783,66.375,14.286,70.66,
St. Vincent and the Grenadines,VCT,2011,,,6390.0,,16.093,67.0,17.391,70.6094,
St. Vincent and the Grenadines,VCT,2012,,,6720.0,,16.2,67.722,17.391,70.5386,
St. Vincent and the Grenadines,VCT,2013,,,6980.0,,16.021,68.476,13.043,70.0912,
St. Vincent and the Grenadines,VCT,2014,,,6860.0,,16.119,69.094,13.043,70.3548,
St. Vincent and the Grenadines,VCT,2015,17.2,,7110.0,,15.888,69.875,13.043,70.4626,
St. Vincent and the Grenadines,VCT,2016,20.1484107971191,,7480.0,,15.141,70.851,13.043,70.6997,0.6149406137976363
St. Vincent and the Grenadines,VCT,2017,20.197639465332,,7730.0,,14.13,71.618,13.043,71.0126,0.6111956840196837
St. Vincent and the Grenadines,VCT,2018,19.8603401184082,,8370.0,,13.678,72.637,13.043,71.0174,0.6111956840196837
St. Vincent and the Grenadines,VCT,2019,,,8700.0,,13.26,73.416,13.043,70.9944,0.6195905675434698
St. Vincent and the Grenadines,VCT,2020,13.0,,8360.0,,12.835,73.448,18.182,69.6051,0.6370841543651651
St. Vincent and the Grenadines,VCT,2021,,,8720.0,,12.638,73.745,18.182,69.132,0.6356499168351423
St. Vincent and the Grenadines,VCT,2022,15.2270812769575,,9510.0,,12.393,74.733,18.182,71.1906,0.6303790748927122
St. Vincent and the Grenadines,VCT,2023,12.8554647399902,,10380.0,,12.158,76.283,18.182,71.2301,0.625373425273627
St. Vincent and the Grenadines,VCT,2024,12.6268774882043,,11060.0,,11.955,77.466,21.739,,0.6162656790549644
"Venezuela, RB",VEN,2000,,,4070.0,,23.681,59.55,,72.3876,
"Venezuela, RB",VEN,2001,,,4540.0,,23.599,60.607,9.697,71.0189,
"Venezuela, RB",VEN,2001,,,4540.0,,23.599,63.475,9.697,71.0189,
"Venezuela, RB",VEN,2002,,,3940.0,,23.282,60.278,9.697,72.8225,
"Venezuela, RB",VEN,2002,,,3940.0,,23.282,65.435,9.697,72.8225,
"Venezuela, RB",VEN,2003,,,3450.0,,22.939,58.793,9.697,72.0556,
"Venezuela, RB",VEN,2004,,,4060.0,,22.42,59.245,9.697,72.7523,
"Venezuela, RB",VEN,2005,,,4910.0,,22.373,62.211,17.365,73.0752,
"Venezuela, RB",VEN,2005,,,4910.0,,22.373,62.21,17.365,73.0752,
"Venezuela, RB",VEN,2006,,,6050.0,,22.104,62.432,17.964,72.9724,
"Venezuela, RB",VEN,2006,,,6050.0,,22.104,62.432,17.964,72.9724,
"Venezuela, RB",VEN,2007,,,7520.0,,21.512,62.524,18.563,73.3478,
"Venezuela, RB",VEN,2007,,,7520.0,,21.512,62.524,18.563,73.3478,
"Venezuela, RB",VEN,2008,,,9260.0,,21.058,62.724,18.563,72.5776,
"Venezuela, RB",VEN,2008,,,9260.0,,21.058,62.725,18.563,72.5776,
"Venezuela, RB",VEN,2009,,,10230.0,,20.555,63.685,17.47,72.7852,
"Venezuela, RB",VEN,2009,,,10230.0,,20.555,63.686,17.47,72.7852,
"Venezuela, RB",VEN,2010,,,11660.0,,20.276,63.132,16.97,73.0922,
"Venezuela, RB",VEN,2010,,,11660.0,,20.276,63.132,16.97,73.0922,
"Venezuela, RB",VEN,2011,,,11860.0,,20.197,63.583,16.97,73.0895,
"Venezuela, RB",VEN,2011,,,11860.0,,20.197,63.584,16.97,73.0895,
"Venezuela, RB",VEN,2012,,,12480.0,,19.94,64.103,16.97,73.0858,0.35859205011581974
"Venezuela, RB",VEN,2012,,,12480.0,,19.94,64.103,16.97,73.0858,0.35859205011581974
"Venezuela, RB",VEN,2013,,,10340.0,,19.475,64.018,16.97,73.0765,0.35859205011581974
"Venezuela, RB",VEN,2014,,,8390.0,,19.055,63.94,16.97,72.8371,0.3105444165136808
"Venezuela, RB",VEN,2015,,,5290.0,,18.604,63.867,16.97,73.0044,0.3127859152467974
"Venezuela, RB",VEN,2016,,,3680.0,,18.262,63.801,14.371,72.0019,0.2774595528867995
"Venezuela, RB",VEN,2016,,,3680.0,,18.262,63.801,14.371,72.0019,0.2774595528867995
"Venezuela, RB",VEN,2017,,,2950.0,,17.931,62.253,22.156,71.9026,0.28608625703979934
"Venezuela, RB",VEN,2017,,,2950.0,,17.931,67.571,22.156,71.9026,0.28608625703979934
"Venezuela, RB",VEN,2018,,,2800.0,,17.33,62.184,22.156,72.6415,0.28608625703979934
"Venezuela, RB",VEN,2019,,,2370.0,,16.299,61.744,22.156,72.7664,0.2762991984711953
"Venezuela, RB",VEN,2020,,,1670.0,,15.542,61.462,22.156,72.3693,0.2691009506063608
"Venezuela, RB",VEN,2020,,,1670.0,,15.542,64.975,22.156,72.3693,0.2691009506063608
"Venezuela, RB",VEN,2021,,,1790.0,,15.219,61.855,22.156,71.5364,0.26506162710726283
"Venezuela, RB",VEN,2022,,,2260.0,,15.025,52.536,,72.5656,0.2613805022450237
"Venezuela, RB",VEN,2023,,,3030.0,,15.087,53.688,,72.5142,0.263803985320371
"Venezuela, RB",VEN,2024,,,3820.0,,15.231,55.287,,,0.260713295585324
British Virgin Islands,VGB,2000,,,,,14.539,,,74.753,
British Virgin Islands,VGB,2001,,,,,11.724,,,74.8308,
British Virgin Islands,VGB,2002,,,,,9.746,,,74.9708,
British Virgin Islands,VGB,2003,,,,,10.472,,,75.1831,
British Virgin Islands,VGB,2004,,,,,12.245,,,75.4043,
British Virgin Islands,VGB,2005,,,,,11.138,,,75.5694,
British Virgin Islands,VGB,2006,,,,,10.389,,,75.7453,
British Virgin Islands,VGB,2007,,,,,11.059,,,75.8932,
British Virgin Islands,VGB,2008,,,,,10.7,,,76.0696,
British Virgin Islands,VGB,2009,,,,,10.273,,,76.205,
British Virgin Islands,VGB,2010,,,,,9.93,,,76.2892,
British Virgin Islands,VGB,2011,,,,,9.929,,,76.363,
British Virgin Islands,VGB,2012,12.0587729656466,,,,9.322,,,76.4335,
British Virgin Islands,VGB,2013,15.7342762000973,,,,9.313,,,76.4721,
British Virgin Islands,VGB,2014,14.7094424528207,,,,10.821,,,76.5271,
British Virgin Islands,VGB,2015,13.2639815530117,,,,10.234,,,76.5582,
British Virgin Islands,VGB,2016,12.8649093973932,,,,9.545,,,76.6242,
British Virgin Islands,VGB,2017,12.6408934501255,,,,6.925,,,75.6699,
British Virgin Islands,VGB,2018,10.2179974184966,,,,6.982,,,76.7281,
British Virgin Islands,VGB,2019,17.2014475359307,,,,8.071,,,76.8452,
British Virgin Islands,VGB,2020,11.8637145931247,,,,8.174,,,76.8941,
British Virgin Islands,VGB,2021,10.8460684687826,,,,8.397,,,75.297,
British Virgin Islands,VGB,2022,12.2001662192542,,,,8.416,,,77.177,
British Virgin Islands,VGB,2023,11.0853035749943,,,,8.332,,,77.2758,
British Virgin Islands,VGB,2024,10.8600279817268,,,,8.218,,,,
Virgin Islands (U.S.),VIR,2000,,,,,14.4,86.66,,71.8046,
Virgin Islands (U.S.),VIR,2001,,,,,13.1,87.143,,72.2175,
Virgin Islands (U.S.),VIR,2002,,,,,15.1,87.675,,72.0544,
Virgin Islands (U.S.),VIR,2003,,,,,14.0,88.059,,72.0065,
Virgin Islands (U.S.),VIR,2004,,,,,14.5,89.006,,71.8287,
Virgin Islands (U.S.),VIR,2005,,,,,14.8,89.992,,72.2349,
Virgin Islands (U.S.),VIR,2006,,,,,13.2,91.016,,72.4788,
Virgin Islands (U.S.),VIR,2007,,,,,16.4,92.133,,72.5874,
Virgin Islands (U.S.),VIR,2008,,,,,15.8,92.819,,72.6575,
Virgin Islands (U.S.),VIR,2009,,,,,15.3,92.203,,72.9192,
Virgin Islands (U.S.),VIR,2010,,,,,14.8,92.783,,73.235,
Virgin Islands (U.S.),VIR,2011,,,,,13.8,91.956,,73.4027,
Virgin Islands (U.S.),VIR,2012,,,,,13.1,89.917,,73.6956,
Virgin Islands (U.S.),VIR,2013,,,,,13.1,89.316,,73.9471,
Virgin Islands (U.S.),VIR,2014,,,,,13.2,89.388,,74.1975,
Virgin Islands (U.S.),VIR,2015,,,,,13.2,89.769,,74.3104,
Virgin Islands (U.S.),VIR,2016,,,,,13.0,90.604,,74.4236,
Virgin Islands (U.S.),VIR,2017,,,,,12.8,91.157,,74.3721,
Virgin Islands (U.S.),VIR,2018,,,,,12.6,92.133,,74.6823,
Virgin Islands (U.S.),VIR,2019,,,,,12.3,93.29,,74.8761,
Virgin Islands (U.S.),VIR,2020,,,,,12.1,92.926,,74.7137,
Virgin Islands (U.S.),VIR,2021,,,,,11.8,93.318,,74.6132,
Virgin Islands (U.S.),VIR,2022,,,,,11.6,93.951,,75.0449,
Virgin Islands (U.S.),VIR,2023,,,,,11.4,94.085,,75.4724,
Virgin Islands (U.S.),VIR,2024,,,,,11.1,93.777,,,
Viet Nam,VNM,2000,,,390.0,,18.018,90.772,26.0,72.7455,
Viet Nam,VNM,2000,,,390.0,,18.018,90.407,26.0,72.7455,
Viet Nam,VNM,2001,,,410.0,,18.123,90.948,26.0,72.9842,
Viet Nam,VNM,2001,,,410.0,,18.123,90.625,26.0,72.9842,
Viet Nam,VNM,2002,,,430.0,,18.095,90.468,27.309,73.1384,
Viet Nam,VNM,2002,,,430.0,,18.095,90.551,27.309,73.1384,
Viet Nam,VNM,2003,,,480.0,,18.151,90.015,27.309,73.2356,
Viet Nam,VNM,2003,,,480.0,,18.151,90.369,27.309,73.2356,
Viet Nam,VNM,2004,,,550.0,,17.996,89.628,27.309,73.0623,
Viet Nam,VNM,2004,,,550.0,,17.996,89.548,27.309,73.0623,
Viet Nam,VNM,2005,,,650.0,,17.369,89.711,27.309,73.1983,
Viet Nam,VNM,2006,,,740.0,,17.249,89.739,27.309,73.2925,
Viet Nam,VNM,2007,,,860.0,,17.537,89.723,25.761,73.385,
Viet Nam,VNM,2007,,,860.0,,17.537,89.9,25.761,73.385,
Viet Nam,VNM,2008,18.0012397766113,,1000.0,,17.664,89.429,25.761,73.455,
Viet Nam,VNM,2009,15.1887102127075,,1120.0,,17.528,89.251,25.761,73.5253,
Viet Nam,VNM,2009,15.1887102127075,,1120.0,,17.528,88.881,25.761,73.5253,
Viet Nam,VNM,2010,17.0566692352295,,1370.0,,17.409,88.303,25.761,73.6107,
Viet Nam,VNM,2010,17.0566692352295,,1370.0,,17.409,88.311,25.761,73.6107,
Viet Nam,VNM,2011,17.8112697601318,,1630.0,,17.588,88.031,24.4,73.7126,
Viet Nam,VNM,2011,17.8112697601318,,1630.0,,17.588,88.083,24.4,73.7126,
Viet Nam,VNM,2012,18.7849903106689,,1980.0,,17.892,88.794,24.4,73.7619,0.4851289558381179
Viet Nam,VNM,2012,18.7849903106689,,1980.0,,17.892,88.708,24.4,73.7619,0.4851289558381179
Viet Nam,VNM,2013,18.515510559082,,2200.0,,17.888,88.951,24.4,73.8207,0.4851289558381179
Viet Nam,VNM,2013,18.515510559082,,2200.0,,17.888,88.968,24.4,73.8207,0.4851289558381179
Viet Nam,VNM,2014,16.8122897465781,,2390.0,,18.671,89.156,24.297,73.8859,0.4772482246807079
Viet Nam,VNM,2014,16.8122897465781,,2390.0,,18.671,89.001,24.297,73.8859,0.4772482246807079
Viet Nam,VNM,2015,15.0167530601057,,2460.0,,18.498,88.408,24.297,73.9554,0.48531832576595385
Viet Nam,VNM,2015,15.0167530601057,,2460.0,,18.498,88.179,24.297,73.9554,0.48531832576595385
Viet Nam,VNM,2016,15.6049003601074,,2560.0,,17.313,88.679,26.721,73.9837,0.5129895570391394
Viet Nam,VNM,2016,15.6049003601074,,2560.0,,17.313,88.339,26.721,73.9837,0.5129895570391394
Viet Nam,VNM,2017,15.4742966457626,,2680.0,,16.764,88.294,26.721,74.0265,0.5008438618306875
Viet Nam,VNM,2017,15.4742966457626,,2680.0,,16.764,88.133,26.721,74.0265,0.5008438618306875
Viet Nam,VNM,2018,16.0908699035644,,3020.0,,15.438,88.459,26.721,74.1004,0.5008438618306875
Viet Nam,VNM,2018,16.0908699035644,,3020.0,,15.438,86.931,26.721,74.1004,0.5008438618306875
Viet Nam,VNM,2019,15.571949049475,,3290.0,,15.513,87.115,26.721,74.2113,0.48878464660069076
Viet Nam,VNM,2019,15.571949049475,,3290.0,,15.513,86.978,26.721,74.2113,0.48878464660069076
Viet Nam,VNM,2020,14.4718812047317,,3400.0,,15.234,86.342,26.721,75.3832,0.491657901647159
Viet Nam,VNM,2020,14.4718812047317,,3400.0,,15.234,85.972,26.721,75.3832,0.491657901647159
Viet Nam,VNM,2021,14.8174866627149,,3540.0,,14.735,87.797,30.261,74.1448,0.48884259255190815
Viet Nam,VNM,2021,14.8174866627149,,3540.0,,14.735,87.687,30.261,74.1448,0.48884259255190815
Viet Nam,VNM,2022,15.4493443908999,,3980.0,,14.272,87.972,30.261,74.5025,0.4891949751881032
Viet Nam,VNM,2022,15.4493443908999,,3980.0,,14.272,88.246,30.261,74.5025,0.4891949751881032
Viet Nam,VNM,2023,,,4150.0,,13.831,88.509,30.261,74.5883,0.4863568311594808
Viet Nam,VNM,2023,,,4150.0,,13.831,88.613,30.261,74.5883,0.4863568311594808
Viet Nam,VNM,2024,,,4490.0,,13.423,88.699,30.629,,0.496466988448204
Viet Nam,VNM,2024,,,4490.0,,13.423,88.347,30.629,,0.496466988448204
Vanuatu,VUT,2000,27.52419090271,,1420.0,,32.312,92.682,0.0,68.586,
Vanuatu,VUT,2001,40.0775489807129,,1360.0,,32.279,92.986,0.0,68.722,
Vanuatu,VUT,2002,36.4096183776855,,1210.0,,31.808,93.427,1.923,68.8358,
Vanuatu,VUT,2003,44.8017997741699,,1350.0,,31.554,93.326,1.923,68.9331,
Vanuatu,VUT,2004,,,1580.0,,31.408,93.241,3.846,68.9847,
Vanuatu,VUT,2005,,,1770.0,,31.235,93.088,3.846,69.1656,
Vanuatu,VUT,2006,,,1980.0,,31.373,92.79,3.846,69.1264,
Vanuatu,VUT,2006,,,1980.0,,31.373,92.789,3.846,69.1264,
Vanuatu,VUT,2007,,,2080.0,,31.851,90.587,3.846,69.1439,
Vanuatu,VUT,2008,21.4056301116943,,2430.0,,32.495,88.071,3.846,69.3017,
Vanuatu,VUT,2009,18.7231502532959,,2500.0,,32.777,85.246,3.846,69.422,
Vanuatu,VUT,2009,18.7231502532959,,2500.0,,32.777,76.997,3.846,69.422,
Vanuatu,VUT,2010,,,2580.0,,32.951,82.129,3.846,69.5703,
Vanuatu,VUT,2010,,,2580.0,,32.951,82.129,3.846,69.5703,
Vanuatu,VUT,2011,,,2790.0,,33.094,82.405,1.923,69.7287,
Vanuatu,VUT,2012,,,2840.0,,33.172,82.698,0.0,69.8983,
Vanuatu,VUT,2013,,,3030.0,,33.235,83.011,0.0,69.9861,
Vanuatu,VUT,2014,22.1906108856201,,3030.0,,33.085,83.345,0.0,70.0433,
Vanuatu,VUT,2015,12.7067003250122,,2980.0,,32.788,83.698,0.0,70.1632,
Vanuatu,VUT,2016,12.4892469656623,,2970.0,,32.506,84.073,0.0,70.3975,
Vanuatu,VUT,2017,12.2079801559448,,3000.0,,32.083,84.469,0.0,70.4996,
Vanuatu,VUT,2018,20.1321514093338,,3270.0,,31.429,84.889,0.0,70.6259,
Vanuatu,VUT,2019,4.45529985427856,,3740.0,,30.717,85.329,0.0,70.7834,
Vanuatu,VUT,2019,4.45529985427856,,3740.0,,30.717,85.328,0.0,70.7834,
Vanuatu,VUT,2020,5.0110502243042,,3390.0,,29.941,85.329,0.0,70.3845,
Vanuatu,VUT,2020,5.0110502243042,,3390.0,,29.941,79.07,0.0,70.3845,
Vanuatu,VUT,2021,20.0074506183817,,3500.0,,29.334,88.166,0.0,69.9518,
Vanuatu,VUT,2022,20.9390999125074,,3830.0,,28.673,84.801,1.923,71.3016,
Vanuatu,VUT,2023,18.4010505676269,,3890.0,,28.05,84.788,1.923,71.4769,
Vanuatu,VUT,2024,19.3083591461182,,3890.0,,27.651,84.71,1.961,,
World,WLD,2000,13.4561200141907,,5501.461077108555,,22.07816458596688,67.876,13.904,,
World,WLD,2000,13.4561200141907,,5501.461077108555,,22.07816458596688,67.04,13.904,,
World,WLD,2001,14.0071296691894,,5475.940556135852,,21.749452025249898,67.902,14.091,,
World,WLD,2002,14.3868999481201,,5429.783824633568,,21.417254917876726,67.97,15.197,,
World,WLD,2003,14.8870000839233,,5826.013909782507,,21.141047726406594,68.058,15.179,,
World,WLD,2004,14.1702995300293,,6639.640079854275,,20.95626110355124,68.047,15.897,,
World,WLD,2005,13.9533896446228,,7355.426255860101,,20.789035413166474,68.173,16.475,,
World,WLD,2006,14.96713018417355,,7835.047320746799,,20.640143142452565,68.038,16.97,,
World,WLD,2007,14.1832799911499,,8343.62947613215,,20.567544640386775,68.033,17.869,,
World,WLD,2008,14.6025447845459,,8932.947700916393,,20.521768791634425,67.839,18.443,,
World,WLD,2009,13.816900253295898,,8968.222225867054,,20.361626607547443,67.847,19.025,,
World,WLD,2010,13.8172702789307,,9404.15208222534,,20.18858328197956,67.641,19.157,,
World,WLD,2010,13.8172702789307,,9404.15208222534,,20.18858328197956,66.675,19.157,,
World,WLD,2011,13.6113700866699,,9888.749929697755,,20.301165627854736,67.571,19.828,,
World,WLD,2012,14.38836002349855,,10468.977515187482,,20.414916627937025,67.464,20.755,,
World,WLD,2013,14.507329940795849,,10838.364841552218,,19.866804634589208,67.472,21.777,,
World,WLD,2014,14.2535844813045,,10945.12387776276,,19.772332938829773,67.505,22.188,,
World,WLD,2015,14.1095227618515,,10591.494135641366,,19.25327824097235,67.595,22.849,,
World,WLD,2016,13.98406535009195,,10335.104424531602,,19.2927308989728,67.692,23.091,,
World,WLD,2017,14.4997596740723,,10409.258263896852,,18.756612425941317,67.836,23.59,,
World,WLD,2018,14.1018695831299,,11106.962891012548,,18.194255609100843,67.97,24.098,,
World,WLD,2019,13.4748601913452,,11538.101314082054,,17.803830100760386,68.182,24.637,,
World,WLD,2019,13.4748601913452,,11538.101314082054,,17.803830100760386,62.429,24.637,,
World,WLD,2020,13.6290164369581,,11100.755687527384,,17.149689935116957,67.773,25.58,,
World,WLD,2021,12.7929880161116,,12194.136652285146,,16.844432157395207,68.428,26.128,,
World,WLD,2022,13.11277554306,,12984.738510455601,,16.5587916024691,68.734,26.468,,
World,WLD,2023,13.96459763660445,,13326.702099959017,,16.33362034496901,69.438,26.736,,
World,WLD,2024,,,13442.500283716608,,16.273007096990696,69.635,27.034,,
Samoa,WSM,2000,10.4612998962402,,1410.0,,32.057,61.349,8.163,70.7906,
Samoa,WSM,2001,12.7703304290772,,1410.0,,31.254,61.304,6.122,71.0284,
Samoa,WSM,2001,12.7703304290772,,1410.0,,31.254,47.673,6.122,71.0284,
Samoa,WSM,2002,12.7938003540039,,1420.0,,30.558,61.279,6.122,71.2333,
Samoa,WSM,2003,,,1570.0,,30.172,61.255,6.122,71.4406,
Samoa,WSM,2004,,,1850.0,,29.774,61.218,6.122,71.5077,
Samoa,WSM,2005,,,2240.0,,29.522,61.269,6.122,71.4868,
Samoa,WSM,2006,,,2470.0,,29.326,61.26,6.122,71.6199,
Samoa,WSM,2006,,,2470.0,,29.326,51.212,6.122,71.6199,
Samoa,WSM,2007,,,2660.0,,29.329,61.19,8.163,71.6045,
Samoa,WSM,2008,16.06422996521,,2970.0,,29.769,61.187,8.163,71.5312,
Samoa,WSM,2009,,,3160.0,,30.135,61.089,8.163,69.4858,
Samoa,WSM,2010,8.81721854285157,,3430.0,,30.537,61.17,8.163,71.4512,
Samoa,WSM,2011,11.0349444370063,,3570.0,,30.785,61.209,4.082,71.393,
Samoa,WSM,2011,11.0349444370063,,3570.0,,30.785,39.99,4.082,71.393,
Samoa,WSM,2012,12.1606493143017,,3590.0,,30.69,61.062,4.082,71.1593,
Samoa,WSM,2012,12.1606493143017,,3590.0,,30.69,61.156,4.082,71.1593,
Samoa,WSM,2013,14.6528645368553,,3750.0,,30.533,61.074,4.082,71.2291,
Samoa,WSM,2014,15.0110564505088,,3830.0,,30.248,61.082,6.122,71.1416,
Samoa,WSM,2014,15.0110564505088,,3830.0,,30.248,61.174,6.122,71.1416,
Samoa,WSM,2015,14.6938878250054,,3970.0,,29.816,61.177,6.122,71.0599,
Samoa,WSM,2016,13.0389003753662,,4120.0,,29.279,61.434,10.0,71.0027,
Samoa,WSM,2017,15.1697279609632,,4100.0,,28.795,61.453,10.0,70.991,
Samoa,WSM,2017,15.1697279609632,,4100.0,,28.795,61.616,10.0,70.991,
Samoa,WSM,2018,14.9553826696845,,4100.0,,28.488,60.416,10.0,71.0516,
Samoa,WSM,2018,14.9553826696845,,4100.0,,28.488,51.286,10.0,71.0516,
Samoa,WSM,2019,13.434943767859,,4270.0,,27.957,59.573,10.0,70.2695,
Samoa,WSM,2020,12.8119491996529,,4080.0,,27.453,58.584,10.0,70.7265,
Samoa,WSM,2021,15.3641900398817,,3990.0,,26.891,57.851,7.843,71.0958,
Samoa,WSM,2022,13.6002878462442,,4130.0,,26.101,55.112,12.963,71.5503,
Samoa,WSM,2022,13.6002878462442,,4130.0,,26.101,55.499,12.963,71.5503,
Samoa,WSM,2023,13.7421577856985,,4800.0,,25.401,55.732,12.963,71.6982,
Samoa,WSM,2024,12.871007904758,,5040.0,,24.969,56.419,12.963,,
Kosovo,XKX,2000,,,,,18.117,45.682,,,
Kosovo,XKX,2001,,,,,18.58,,,,
Kosovo,XKX,2002,,,,,19.037,47.983,,,
Kosovo,XKX,2003,,,,29.0,18.83,41.144,,,
Kosovo,XKX,2004,,,,,19.519,37.168,,,
Kosovo,XKX,2005,,,,31.2,20.077,43.485,,,
Kosovo,XKX,2006,,,,30.3,19.688,43.966,,,
Kosovo,XKX,2007,,,,,19.453,43.405,,,
Kosovo,XKX,2008,,,,,19.733,39.666,,,
Kosovo,XKX,2009,,,,31.8,19.623,42.667,,,
Kosovo,XKX,2010,,,3120.0,33.3,18.83,,,,
Kosovo,XKX,2011,,,3390.0,27.8,17.137,,,,
Kosovo,XKX,2012,,,3540.0,29.0,16.516,31.805,,,
Kosovo,XKX,2013,,,3800.0,26.3,16.453,34.582,,,
Kosovo,XKX,2014,,,3900.0,27.3,15.797,34.309,,,
Kosovo,XKX,2015,,,3930.0,26.5,14.723,31.51,,,
Kosovo,XKX,2016,,,3930.0,26.7,13.172,31.407,,,
Kosovo,XKX,2017,,,3950.0,44.2,12.962,29.971,,,
Kosovo,XKX,2018,,,4300.0,44.6,12.736,29.746,,,
Kosovo,XKX,2019,,,4640.0,40.2,12.618,34.779,,,
Kosovo,XKX,2020,,,4440.0,57.4,12.335,36.661,,,0.5430922190893479
Kosovo,XKX,2021,,,5130.0,49.4,12.546,38.343,,,0.5461094669838851
Kosovo,XKX,2022,,,5600.0,38.3,12.275,39.519,,,0.5593409863681705
Kosovo,XKX,2023,,,6290.0,,12.067,41.997,,,0.5615658543413559
Kosovo,XKX,2024,,,6910.0,,11.852,41.94,,,0.5585135829946033
"Yemen, Rep.",YEM,2000,,,380.0,,40.859,28.687,0.664,62.761,
"Yemen, Rep.",YEM,2001,,,430.0,,40.164,26.917,0.669,63.2864,
"Yemen, Rep.",YEM,2002,,,460.0,,39.579,25.229,0.669,63.8066,
"Yemen, Rep.",YEM,2003,,,480.0,,39.37,23.62,0.332,64.4075,
"Yemen, Rep.",YEM,2004,,,540.0,,38.911,22.09,0.332,64.881,
"Yemen, Rep.",YEM,2004,,,540.0,,38.911,14.035,0.332,64.881,
"Yemen, Rep.",YEM,2005,,,620.0,,38.39,20.634,0.332,65.3561,
"Yemen, Rep.",YEM,2005,,,620.0,,38.39,13.953,0.332,65.3561,
"Yemen, Rep.",YEM,2006,,,710.0,,38.152,19.252,0.332,65.7997,
"Yemen, Rep.",YEM,2006,,,710.0,,38.152,13.838,0.332,65.7997,
"Yemen, Rep.",YEM,2007,,,780.0,,37.529,17.944,0.332,66.2304,
"Yemen, Rep.",YEM,2007,,,780.0,,37.529,13.757,0.332,66.2304,
"Yemen, Rep.",YEM,2008,,,880.0,,36.918,16.706,0.332,66.6091,
"Yemen, Rep.",YEM,2008,,,880.0,,36.918,13.655,0.332,66.6091,
"Yemen, Rep.",YEM,2009,,,960.0,,36.561,15.538,0.332,66.9053,
"Yemen, Rep.",YEM,2009,,,960.0,,36.561,13.479,0.332,66.9053,
"Yemen, Rep.",YEM,2010,,,1040.0,,35.609,14.435,0.332,67.223,
"Yemen, Rep.",YEM,2010,,,1040.0,,35.609,14.856,0.332,67.223,
"Yemen, Rep.",YEM,2011,,,930.0,,34.708,12.787,0.332,67.4124,
"Yemen, Rep.",YEM,2012,,,1080.0,,35.166,11.327,0.332,67.569,
"Yemen, Rep.",YEM,2013,,,1230.0,,35.483,10.043,0.332,67.961,
"Yemen, Rep.",YEM,2014,,,1250.0,,35.738,8.912,0.332,68.0027,
"Yemen, Rep.",YEM,2014,,,1250.0,,35.738,9.23,0.332,68.0027,
"Yemen, Rep.",YEM,2015,,,1030.0,,35.938,8.9,0.0,66.7613,
"Yemen, Rep.",YEM,2016,,,970.0,,36.034,8.668,0.0,67.1054,
"Yemen, Rep.",YEM,2017,,,880.0,,36.067,8.473,0.0,67.1198,
"Yemen, Rep.",YEM,2018,,,740.0,,36.046,8.33,0.0,65.9154,
"Yemen, Rep.",YEM,2019,,,,,35.947,8.202,0.332,66.5673,
"Yemen, Rep.",YEM,2020,,,,,35.895,8.195,0.332,66.4354,
"Yemen, Rep.",YEM,2021,,,,,35.668,8.197,0.0,66.0191,
"Yemen, Rep.",YEM,2022,,,,,35.407,7.873,0.0,67.9517,
"Yemen, Rep.",YEM,2023,,,,,35.209,7.767,0.0,69.2952,
"Yemen, Rep.",YEM,2024,,,,,34.359,7.667,0.0,,
South Africa,ZAF,2000,0.0,,3260.0,,21.567,66.66,29.825,58.3678,
South Africa,ZAF,2000,0.0,,3260.0,,21.567,71.347,29.825,58.3678,
South Africa,ZAF,2001,20.4720497131348,8.88712024688721,3060.0,,21.266,67.881,29.825,57.1607,
South Africa,ZAF,2001,20.4720497131348,8.88712024688721,3060.0,,21.266,80.164,29.825,57.1607,
South Africa,ZAF,2002,20.0956993103027,10.2611398696899,2870.0,,20.928,69.168,29.825,55.5795,
South Africa,ZAF,2002,20.0956993103027,10.2611398696899,2870.0,,20.928,79.721,29.825,55.5795,
South Africa,ZAF,2003,19.5923004150391,10.412859916687,3160.0,,21.388,70.432,29.825,54.2451,
South Africa,ZAF,2003,19.5923004150391,10.412859916687,3160.0,,21.388,78.558,29.825,54.2451,
South Africa,ZAF,2004,19.9346294403076,10.8795795440674,4040.0,,22.136,71.55,32.779,53.963,
South Africa,ZAF,2004,19.9346294403076,10.8795795440674,4040.0,,22.136,76.792,32.779,53.963,
South Africa,ZAF,2005,19.9249897003174,10.9743099212647,5430.0,,22.718,72.468,32.75,53.9142,
South Africa,ZAF,2005,19.9249897003174,10.9743099212647,5430.0,,22.718,78.372,32.75,53.9142,
South Africa,ZAF,2006,18.0049896240234,10.3197298049927,6120.0,,23.144,73.232,32.75,54.2204,
South Africa,ZAF,2006,18.0049896240234,10.3197298049927,6120.0,,23.144,80.022,32.75,54.2204,
South Africa,ZAF,2007,18.0270690917969,10.8519601821899,6440.0,,23.088,73.906,33.0,54.9477,
South Africa,ZAF,2007,18.0270690917969,10.8519601821899,6440.0,,23.088,78.986,33.0,54.9477,
South Africa,ZAF,2008,17.9063091278076,11.9939098358154,6490.0,,24.33,74.439,33.0,55.9817,
South Africa,ZAF,2008,17.9063091278076,11.9939098358154,6490.0,,24.33,74.439,33.0,55.9817,
South Africa,ZAF,2009,18.3062591552734,12.2494201660156,6350.0,,22.779,74.178,44.5,57.413,
South Africa,ZAF,2009,18.3062591552734,12.2494201660156,6350.0,,22.779,74.178,44.5,57.413,
South Africa,ZAF,2010,18.0443706512451,12.4131603240967,6730.0,,22.178,73.701,44.5,58.8863,
South Africa,ZAF,2010,18.0443706512451,12.4131603240967,6730.0,,22.178,73.701,44.5,58.8863,
South Africa,ZAF,2011,18.6622905731201,12.7268295288086,7620.0,,22.075,75.168,42.25,60.6024,
South Africa,ZAF,2011,18.6622905731201,12.7268295288086,7620.0,,22.075,75.168,42.25,60.6024,
South Africa,ZAF,2012,19.6699504852295,13.6019697189331,8220.0,,22.118,74.882,42.25,61.7366,0.5647147852259581
South Africa,ZAF,2012,19.6699504852295,13.6019697189331,8220.0,,22.118,74.882,42.25,61.7366,0.5647147852259581
South Africa,ZAF,2013,18.6965999603271,14.0353441381571,7930.0,,21.894,76.276,42.25,62.3883,0.5647147852259581
South Africa,ZAF,2013,18.6965999603271,14.0353441381571,7930.0,,21.894,76.276,42.25,62.3883,0.5647147852259581
South Africa,ZAF,2014,18.9891605377197,14.615180015564,7230.0,,21.784,76.367,41.5,63.1845,0.5529898518884112
South Africa,ZAF,2014,18.9891605377197,14.615180015564,7230.0,,21.784,76.366,41.5,63.1845,0.5529898518884112
South Africa,ZAF,2015,18.6993503570557,15.1957597732544,6450.0,,21.007,76.78,42.0,64.0532,0.577496230459708
South Africa,ZAF,2015,18.6993503570557,15.1957597732544,6450.0,,21.007,76.779,42.0,64.0532,0.577496230459708
South Africa,ZAF,2016,18.0487403869629,14.2606901321835,5880.0,,20.27,76.524,42.0,64.7495,0.5880481640653309
South Africa,ZAF,2016,18.0487403869629,14.2606901321835,5880.0,,20.27,76.524,42.0,64.7495,0.5880481640653309
South Africa,ZAF,2017,18.7192897796631,13.6938199996948,5850.0,,20.038,77.447,41.837,65.4222,0.58862151026261
South Africa,ZAF,2017,18.7192897796631,13.6938199996948,5850.0,,20.038,77.447,41.837,65.4222,0.58862151026261
South Africa,ZAF,2018,18.90159034729,14.7608331170474,6250.0,,19.85,77.669,42.748,65.726,0.58862151026261
South Africa,ZAF,2018,18.90159034729,14.7608331170474,6250.0,,19.85,77.668,42.748,65.726,0.58862151026261
South Africa,ZAF,2019,19.605770111084,15.170604684934,6570.0,,19.694,77.612,46.348,66.0711,0.5784611443956225
South Africa,ZAF,2019,19.605770111084,15.170604684934,6570.0,,19.694,77.612,46.348,66.0711,0.5784611443956225
South Africa,ZAF,2020,19.6557006835938,,5930.0,,19.522,76.74,46.75,65.1502,0.586271094792999
South Africa,ZAF,2020,19.6557006835938,,5930.0,,19.522,76.74,46.75,65.1502,0.586271094792999
South Africa,ZAF,2021,18.9369506835938,49.0657615661621,6320.0,,19.354,76.706,46.582,62.0099,0.583911986335898
South Africa,ZAF,2021,18.9369506835938,49.0657615661621,6320.0,,19.354,76.707,46.582,62.0099,0.583911986335898
South Africa,ZAF,2022,18.8926601409912,,6530.0,,19.079,78.005,46.5,65.4536,0.5765090004291454
South Africa,ZAF,2022,18.8926601409912,,6530.0,,19.079,78.004,46.5,65.4536,0.5765090004291454
South Africa,ZAF,2023,19.1706295013428,,6490.0,,18.775,79.813,45.865,66.1387,0.5693810362847458
South Africa,ZAF,2023,19.1706295013428,,6490.0,,18.775,79.812,45.865,66.1387,0.5693810362847458
South Africa,ZAF,2024,18.515230178833,50.6647491455078,6110.0,,18.48,80.6,44.703,,0.5634917088238477
South Africa,ZAF,2024,18.515230178833,50.6647491455078,6110.0,,18.48,80.599,44.703,,0.5634917088238477
Zambia,ZMB,2000,8.35262012481689,,350.0,,45.465,74.11,10.127,46.5771,
Zambia,ZMB,2000,8.35262012481689,,350.0,,45.465,66.99,10.127,46.5771,
Zambia,ZMB,2001,,,360.0,,44.774,74.387,10.127,47.4077,
Zambia,ZMB,2002,,,370.0,,44.332,74.683,12.025,48.4614,
Zambia,ZMB,2003,,,420.0,,43.945,74.949,12.025,49.6158,
Zambia,ZMB,2004,10.5849895477295,,470.0,,43.921,75.192,12.025,50.5398,
Zambia,ZMB,2005,7.72973012924194,,570.0,,43.838,75.424,12.658,51.6147,
Zambia,ZMB,2006,,,720.0,,43.681,75.67,14.65,52.6928,
Zambia,ZMB,2007,6.22791004180908,,900.0,,43.178,75.918,15.19,53.73,
Zambia,ZMB,2008,5.65180015563965,,1170.0,,42.632,76.184,15.19,54.835,
Zambia,ZMB,2009,,,1260.0,,42.034,76.459,14.013,55.8862,
Zambia,ZMB,2010,19.8644558494539,,1310.0,,41.393,76.732,14.013,56.896,
Zambia,ZMB,2010,19.8644558494539,,1310.0,,41.393,90.091,14.013,56.896,
Zambia,ZMB,2011,18.643060952214,,1380.0,,40.661,76.978,11.465,57.8431,
Zambia,ZMB,2012,17.5119682867479,,1640.0,,39.864,77.238,11.465,58.704,0.45601189902241523
Zambia,ZMB,2013,17.4679158828022,,1710.0,,38.983,77.564,11.465,59.4452,0.45601189902241523
Zambia,ZMB,2014,20.1654093060307,,1740.0,,38.114,77.97,10.759,60.1091,0.4697403974741729
Zambia,ZMB,2015,16.726110458374,,1530.0,,37.344,78.437,12.658,60.7284,0.46679157068062027
Zambia,ZMB,2015,16.726110458374,,1530.0,,37.344,77.708,12.658,60.7284,0.46679157068062027
Zambia,ZMB,2016,15.6636199951172,,1320.0,,36.617,78.961,17.964,61.1285,0.47969371396514077
Zambia,ZMB,2017,14.9343395233154,,1260.0,,35.938,79.544,17.964,61.5644,0.47290443091029755
Zambia,ZMB,2017,14.9343395233154,,1260.0,,35.938,81.294,17.964,61.5644,0.47290443091029755
Zambia,ZMB,2018,17.0909004211426,,1390.0,,35.464,80.159,17.964,62.1381,0.47290443091029755
Zambia,ZMB,2018,17.0909004211426,,1390.0,,35.464,80.161,17.964,62.1381,0.47290443091029755
Zambia,ZMB,2019,15.2918654031949,,1380.0,,35.006,77.661,17.964,62.9145,0.46640523923567745
Zambia,ZMB,2019,15.2918654031949,,1380.0,,35.006,77.66,17.964,62.9145,0.46640523923567745
Zambia,ZMB,2020,12.3780247373065,,1120.0,,34.408,80.523,16.766,63.3607,0.45406879798803357
Zambia,ZMB,2020,12.3780247373065,,1120.0,,34.408,80.523,16.766,63.3607,0.45406879798803357
Zambia,ZMB,2021,11.514138278853,,1040.0,,33.93,81.652,15.06,62.3631,0.4434163352575901
Zambia,ZMB,2021,11.514138278853,,1040.0,,33.93,81.652,15.06,62.3631,0.4434163352575901
Zambia,ZMB,2022,,,1170.0,,33.542,82.654,15.06,65.2791,0.44988086690298446
Zambia,ZMB,2022,,,1170.0,,33.542,82.655,15.06,65.2791,0.44988086690298446
Zambia,ZMB,2023,13.8587750080111,,1270.0,,33.081,83.179,14.97,66.3487,0.44972612284063146
Zambia,ZMB,2023,13.8587750080111,,1270.0,,33.081,83.179,14.97,66.3487,0.44972612284063146
Zambia,ZMB,2024,15.3772099653715,,1220.0,,32.724,83.346,14.97,,0.452359836189448
Zimbabwe,ZWE,2000,,,350.0,,36.128,85.492,9.333,46.0339,
Zimbabwe,ZWE,2001,,,390.0,,36.463,86.025,10.0,44.5249,
Zimbabwe,ZWE,2002,,,370.0,,36.539,86.214,10.0,45.9381,
Zimbabwe,ZWE,2003,,,340.0,,36.613,86.056,10.0,45.373,
Zimbabwe,ZWE,2004,,,320.0,,36.326,85.762,10.0,46.0426,
Zimbabwe,ZWE,2004,,,320.0,,36.326,87.724,10.0,46.0426,
Zimbabwe,ZWE,2005,,,320.0,,35.803,85.428,16.0,46.5701,
Zimbabwe,ZWE,2006,,,280.0,,35.203,85.228,16.667,47.0559,
Zimbabwe,ZWE,2007,,,240.0,,35.651,85.059,16.0,47.5756,
Zimbabwe,ZWE,2008,,,120.0,,36.361,84.713,15.238,48.4559,
Zimbabwe,ZWE,2009,,,450.0,,37.518,84.233,14.953,49.7496,
Zimbabwe,ZWE,2010,8.53672493112948,,640.0,,37.869,83.692,14.953,51.9252,
Zimbabwe,ZWE,2011,,,960.0,,38.142,83.2,14.953,53.9112,
Zimbabwe,ZWE,2011,,,960.0,,38.142,87.941,14.953,53.9112,
Zimbabwe,ZWE,2012,29.7510882016037,,1150.0,,37.805,82.762,14.953,55.3855,0.3548067033332291
Zimbabwe,ZWE,2012,29.7510882016037,,1150.0,,37.805,75.69,14.953,55.3855,0.3548067033332291
Zimbabwe,ZWE,2013,28.6603405107662,,1220.0,,36.975,82.456,31.481,56.8422,0.3548067033332291
Zimbabwe,ZWE,2014,30.0151492350138,,1270.0,,35.407,82.404,31.481,58.106,0.34455332055865034
Zimbabwe,ZWE,2014,30.0151492350138,,1270.0,,35.407,89.716,31.481,58.106,0.34455332055865034
Zimbabwe,ZWE,2015,29.4708298958553,,1330.0,,33.918,82.557,31.481,58.9895,0.37502313359201883
Zimbabwe,ZWE,2016,23.5270848466941,,1240.0,,32.704,82.882,31.481,59.7601,0.3745134589080314
Zimbabwe,ZWE,2017,19.6912287813186,,1680.0,,31.813,83.336,32.576,60.2626,0.3744375255366446
Zimbabwe,ZWE,2018,19.158784626926,,2140.0,,31.327,83.868,31.481,60.9055,0.3744375255366446
Zimbabwe,ZWE,2019,10.4635886835479,,2430.0,,31.121,84.434,31.852,61.0603,0.3992967985238105
Zimbabwe,ZWE,2019,10.4635886835479,,2430.0,,31.121,84.435,31.852,61.0603,0.3992967985238105
Zimbabwe,ZWE,2020,15.6666108638886,,1980.0,,30.988,83.758,31.852,61.53,0.39311874183528556
Zimbabwe,ZWE,2021,,,2320.0,,30.932,83.832,31.852,60.1347,0.39313541230646365
Zimbabwe,ZWE,2021,,,2320.0,,30.932,83.854,31.852,60.1347,0.39313541230646365
Zimbabwe,ZWE,2022,,,2580.0,,30.882,83.352,30.566,62.3601,0.3914142030757715
Zimbabwe,ZWE,2022,,,2580.0,,30.882,83.313,30.566,62.3601,0.3914142030757715
Zimbabwe,ZWE,2023,10.6889623005577,,2550.0,,30.41,83.521,30.682,62.7748,0.3965265390405546
Zimbabwe,ZWE,2023,10.6889623005577,,2550.0,,30.41,83.522,30.682,62.7748,0.3965265390405546
Zimbabwe,ZWE,2024,16.320335104302,,2400.0,,29.891,83.535,28.09,,0.39673189009238363
Zimbabwe,ZWE,2024,16.320335104302,,2400.0,,29.891,79.222,28.09,,0.39673189009238363
