Code,Year,Value
ABW,2000,20060.0
AFE,2000,656.4435716110337
AGO,2000,360.0
ALB,2000,1130.0
ARB,2000,2431.9894302226508
ARE,2000,28170.0
ARG,2000,7400.0
ARM,2000,630.0
ATG,2000,11200.0
AUS,2000,21340.0
AUT,2000,26660.0
AZE,2000,630.0
BDI,2000,130.0
BEL,2000,25890.0
BEN,2000,450.0
BFA,2000,260.0
BGD,2000,410.0
BGR,2000,1660.0
BHR,2000,12500.0
BHS,2000,23880.0
BIH,2000,1340.0
BLR,2000,1380.0
BLZ,2000,4470.0
BOL,2000,960.0
BRA,2000,3950.0
BRB,2000,11170.0
BRN,2000,19390.0
BTN,2000,710.0
BWA,2000,3110.0
CAF,2000,240.0
CAN,2000,22740.0
CEB,2000,4099.022714806294
CHE,2000,44580.0
CHL,2000,5030.0
CHN,2000,950.0
CIV,2000,610.0
CMR,2000,730.0
COD,2000,130.0
COG,2000,560.0
COL,2000,2370.0
COM,2000,670.0
CPV,2000,1330.0
CRI,2000,3590.0
CSS,2000,5923.701063179799
CUB,2000,2620.0
CYP,2000,14180.0
CZE,2000,6380.0
DEU,2000,26380.0
DMA,2000,4290.0
DNK,2000,32560.0
DOM,2000,2650.0
DZA,2000,1600.0
EAP,2000,916.5195272434293
EAR,2000,1255.069187292555
EAS,2000,3884.435701594943
ECA,2000,1833.305340459481
ECS,2000,12521.140413971969
ECU,2000,1500.0
EGY,2000,1330.0
EMU,2000,21907.816150169427
ERI,2000,310.0
ESP,2000,15770.0
EST,2000,4170.0
ETH,2000,120.0
EUU,2000,18483.350145823122
FIN,2000,26470.0
FJI,2000,2150.0
FRA,2000,24950.0
FSM,2000,2090.0
GAB,2000,2980.0
GBR,2000,29550.0
GEO,2000,790.0
GHA,2000,330.0
GIN,2000,580.0
GMB,2000,560.0
GNB,2000,410.0
GNQ,2000,660.0
GRC,2000,13100.0
GRD,2000,4410.0
GTM,2000,1660.0
GUY,2000,870.0
HIC,2000,22500.43607028613
HKG,2000,26930.0
HND,2000,1060.0
HPC,2000,334.5530520639762
HRV,2000,5310.0
HTI,2000,560.0
HUN,2000,4630.0
IBD,2000,1428.957826465943
IBT,2000,1211.5147970027476
IDA,2000,457.1425185485761
IDN,2000,570.0
IDX,2000,344.25161046863434
IMN,2000,22470.0
IND,2000,440.0
IRL,2000,24130.0
IRN,2000,1750.0
IRQ,2000,1530.0
ISL,2000,31750.0
ISR,2000,20380.0
ITA,2000,21980.0
JAM,2000,3300.0
JOR,2000,1590.0
JPN,2000,36810.0
KAZ,2000,1220.0
KEN,2000,430.0
KGZ,2000,280.0
KHM,2000,290.0
KIR,2000,1370.0
KNA,2000,8890.0
KOR,2000,11460.0
KWT,2000,18810.0
LAC,2000,4109.623001815843
LAO,2000,280.0
LBN,2000,4090.0
LBR,2000,190.0
LBY,2000,5930.0
LCA,2000,5500.0
LCN,2000,4223.844753473602
LDC,2000,302.44096509738785
LIC,2000,286.8783048246461
LKA,2000,860.0
LMC,2000,573.1388703988897
LMY,2000,1140.1417235706392
LSO,2000,590.0
LTE,2000,1643.390752238058
LTU,2000,3220.0
LUX,2000,45690.0
LVA,2000,3240.0
MAC,2000,14620.0
MAR,2000,1580.0
MDA,2000,490.0
MDG,2000,280.0
MDV,2000,2050.0
MEA,2000,2031.359006965647
MEX,2000,6570.0
MHL,2000,2940.0
MIC,2000,1201.6472500073814
MKD,2000,1920.0
MLI,2000,280.0
MLT,2000,11480.0
MMR,2000,190.0
MNA,2000,1143.4005108795677
MNE,2000,1510.0
MNG,2000,470.0
MOZ,2000,330.0
MRT,2000,730.0
MUS,2000,3960.0
MWI,2000,230.0
MYS,2000,3490.0
NAC,2000,34675.133567172816
NAM,2000,2210.0
NER,2000,220.0
NIC,2000,970.0
NLD,2000,28140.0
NOR,2000,36600.0
NPL,2000,220.0
NRU,2000,3050.0
NZL,2000,14070.0
OED,2000,23147.24735603558
OMN,2000,8070.0
OSS,2000,4819.281345416161
PAK,2000,470.0
PAN,2000,3810.0
PER,2000,1960.0
PHL,2000,1150.0
PLW,2000,6860.0
PNG,2000,600.0
POL,2000,4690.0
PRI,2000,10550.0
PRT,2000,12180.0
PRY,2000,1500.0
PSE,2000,1550.0
PSS,2000,1775.8937810469274
PST,2000,26126.397226026314
PYF,2000,19380.0
QAT,2000,19620.0
ROU,2000,1710.0
RUS,2000,1710.0
RWA,2000,270.0
SAS,2000,441.0910049908255
SAU,2000,10450.0
SDN,2000,330.0
SEN,2000,650.0
SGP,2000,23680.0
SLB,2000,920.0
SLE,2000,150.0
SLV,2000,1890.0
SOM,2000,370.0
SRB,2000,1720.0
SSA,2000,715.9803034936392
SSF,2000,658.2326851635677
SST,2000,4704.739849292241
STP,2000,480.0
SUR,2000,1950.0
SVK,2000,5520.0
SVN,2000,11200.0
SWE,2000,31600.0
SWZ,2000,1600.0
SYC,2000,7920.0
SYR,2000,890.0
TCD,2000,180.0
TEA,2000,927.5109487378028
TEC,2000,2065.8906336028026
TGO,2000,420.0
THA,2000,1980.0
TJK,2000,170.0
TKM,2000,590.0
TLA,2000,4185.592112389855
TLS,2000,660.0
TMN,2000,1140.7826394181066
TON,2000,2010.0
TSA,2000,441.0910049908255
TSS,2000,658.2326851635672
TTO,2000,5180.0
TUN,2000,2260.0
TUR,2000,4180.0
TUV,2000,2330.0
TZA,2000,400.0
UGA,2000,270.0
UKR,2000,680.0
UMC,2000,1770.8352495620793
URY,2000,7180.0
USA,2000,35960.0
UZB,2000,620.0
VCT,2000,3390.0
VEN,2000,4070.0
VNM,2000,390.0
VUT,2000,1420.0
WLD,2000,5501.461077108555
WSM,2000,1410.0
YEM,2000,380.0
ZAF,2000,3260.0
ZMB,2000,350.0
ZWE,2000,350.0
ABW,2001,20340.0
AFE,2001,628.9990155000334
AGO,2001,400.0
ALB,2001,1320.0
ARB,2001,2526.3319349355015
ARE,2001,28360.0
ARG,2001,6930.0
ARM,2001,680.0
ATG,2001,10610.0
AUS,2001,20370.0
AUT,2001,25190.0
AZE,2001,680.0
BDI,2001,130.0
BEL,2001,24460.0
BEN,2001,510.0
BFA,2001,270.0
BGD,2001,420.0
BGR,2001,1770.0
BHR,2001,12730.0
BHS,2001,24520.0
BIH,2001,1430.0
BLR,2001,1300.0
BLZ,2001,4470.0
BOL,2001,930.0
BRA,2001,3370.0
BRB,2001,11030.0
BRN,2001,19270.0
BTN,2001,780.0
BWA,2001,3190.0
CAF,2001,240.0
CAN,2001,23120.0
CEB,2001,4174.691852548604
CHE,2001,42010.0
CHL,2001,4780.0
CHN,2001,1020.0
CIV,2001,550.0
CMR,2001,700.0
COD,2001,130.0
COG,2001,620.0
COL,2001,2360.0
COM,2001,680.0
CPV,2001,1270.0
CRI,2001,3700.0
CSS,2001,6145.040490014246
CUB,2001,2760.0
CYP,2001,14170.0
CZE,2001,6380.0
DEU,2001,24990.0
DMA,2001,4750.0
DNK,2001,31430.0
DOM,2001,2700.0
DZA,2001,1720.0
EAP,2001,988.0034405476904
EAR,2001,1273.4285580229925
EAS,2001,3971.32956882208
ECA,2001,1633.3123692275128
ECS,2001,12115.947272978376
ECU,2001,1490.0
EGY,2001,1350.0
EMU,2001,21033.48323610556
ERI,2001,320.0
ESP,2001,15530.0
EST,2001,4310.0
ETH,2001,120.0
EUU,2001,17807.530048766468
FIN,2001,25840.0
FJI,2001,2050.0
FRA,2001,23800.0
FSM,2001,2120.0
GAB,2001,3290.0
GBR,2001,29190.0
GEO,2001,780.0
GHA,2001,290.0
GIN,2001,530.0
GMB,2001,510.0
GNB,2001,350.0
GNQ,2001,760.0
GRC,2001,12840.0
GRD,2001,4310.0
GTM,2001,1590.0
GUY,2001,860.0
HIC,2001,22522.84305901997
HKG,2001,26350.0
HND,2001,1050.0
HPC,2001,331.37971562583346
HRV,2001,5360.0
HTI,2001,650.0
HUN,2001,4790.0
IBD,2001,1440.3945519680606
IBT,2001,1219.6583778302027
IDA,2001,465.7365318285851
IDN,2001,700.0
IDX,2001,347.2729235067034
IMN,2001,23100.0
IND,2001,450.0
IRL,2001,24080.0
IRN,2001,1780.0
IRQ,2001,1660.0
ISL,2001,30780.0
ISR,2001,20390.0
ITA,2001,21260.0
JAM,2001,3300.0
JOR,2001,1650.0
JPN,2001,37380.0
KAZ,2001,1290.0
KEN,2001,410.0
KGZ,2001,280.0
KHM,2001,310.0
KIR,2001,1340.0
KNA,2001,9200.0
KOR,2001,12390.0
KWT,2001,19550.0
LAC,2001,3963.1840805624133
LAO,2001,300.0
LBN,2001,4040.0
LBR,2001,210.0
LBY,2001,6130.0
LCA,2001,5270.0
LCN,2001,4108.971772473232
LDC,2001,307.19516167347297
LIC,2001,297.7766863402671
LKA,2001,810.0
LMC,2001,581.0370279886074
LMY,2001,1146.0209932066443
LSO,2001,650.0
LTE,2001,1656.1705465639775
LTU,2001,3460.0
LUX,2001,45000.0
LVA,2001,3520.0
MAC,2001,15910.0
MAR,2001,1580.0
MDA,2001,500.0
MDG,2001,290.0
MDV,2001,2240.0
MEA,2001,2107.8609257754965
MEX,2001,7100.0
MHL,2001,3100.0
MIC,2001,1207.9706113559148
MKD,2001,1820.0
MLI,2001,290.0
MLT,2001,11030.0
MMR,2001,190.0
MNA,2001,1189.232487451522
MNE,2001,1710.0
MNG,2001,480.0
MOZ,2001,330.0
MRT,2001,660.0
MUS,2001,4030.0
MWI,2001,210.0
MYS,2001,3570.0
NAC,2001,35386.4138905449
NAM,2001,2060.0
NER,2001,220.0
NIC,2001,980.0
NLD,2001,26900.0
NOR,2001,38280.0
NPL,2001,230.0
NRU,2001,2800.0
NZL,2001,13800.0
OED,2001,23117.86779171163
OMN,2001,8940.0
OSS,2001,4790.917896707348
PAK,2001,530.0
PAN,2001,3770.0
PER,2001,1890.0
PHL,2001,1140.0
PLW,2001,7520.0
PNG,2001,530.0
POL,2001,4720.0
PRI,2001,10950.0
PRT,2001,11850.0
PRY,2001,1470.0
PSE,2001,1370.0
PSS,2001,1722.288480696329
PST,2001,26137.591319859235
QAT,2001,23090.0
ROU,2001,1760.0
RUS,2001,1780.0
RWA,2001,260.0
SAS,2001,448.47305138325737
SAU,2001,10540.0
SDN,2001,370.0
SEN,2001,640.0
SGP,2001,22130.0
SLB,2001,870.0
SLE,2001,170.0
SLV,2001,1940.0
SOM,2001,320.0
SRB,2001,1630.0
SSA,2001,687.1871951290312
SSF,2001,632.1785974702512
SST,2001,4734.787019641965
STP,2001,510.0
SUR,2001,1640.0
SVK,2001,5700.0
SVN,2001,10840.0
SWE,2001,29710.0
SWZ,2001,1620.0
SYC,2001,7860.0
SYR,2001,980.0
TCD,2001,180.0
TEA,2001,999.8091103056436
TEC,2001,1996.983442282752
TGO,2001,400.0
THA,2001,1960.0
TJK,2001,160.0
TKM,2001,630.0
TLA,2001,4061.219303219635
TLS,2001,710.0
TMN,2001,1188.1044641515446
TON,2001,1920.0
TSA,2001,448.47305138325737
TSS,2001,632.1785974702507
TTO,2001,5830.0
TUN,2001,2220.0
TUR,2001,3480.0
TUV,2001,2780.0
TZA,2001,400.0
UGA,2001,240.0
UKR,2001,710.0
UMC,2001,1782.4340324322243
URY,2001,6610.0
USA,2001,36710.0
UZB,2001,550.0
VCT,2001,3660.0
VEN,2001,4540.0
VNM,2001,410.0
VUT,2001,1360.0
WLD,2001,5475.940556135852
WSM,2001,1410.0
YEM,2001,430.0
ZAF,2001,3060.0
ZMB,2001,360.0
ZWE,2001,390.0
ABW,2002,19220.0
AFE,2002,615.0893237927978
AFG,2002,180.0
AGO,2002,620.0
ALB,2002,1420.0
ARB,2002,2475.522247487449
ARE,2002,27200.0
ARG,2002,4010.0
ARM,2002,760.0
ATG,2002,10710.0
AUS,2002,20240.0
AUT,2002,24860.0
AZE,2002,740.0
BDI,2002,130.0
BEL,2002,24060.0
BEN,2002,510.0
BFA,2002,260.0
BGD,2002,420.0
BGR,2002,1970.0
BHR,2002,12480.0
BHS,2002,25220.0
BIH,2002,1590.0
BLR,2002,1380.0
BLZ,2002,4550.0
BOL,2002,900.0
BRA,2002,3120.0
BRB,2002,11030.0
BRN,2002,18960.0
BTN,2002,860.0
BWA,2002,2860.0
CAF,2002,240.0
CAN,2002,23590.0
CEB,2002,4425.156699892928
CHE,2002,40640.0
CHL,2002,4520.0
CHN,2002,1130.0
CIV,2002,530.0
CMR,2002,700.0
COD,2002,180.0
COG,2002,670.0
COL,2002,2410.0
COM,2002,700.0
CPV,2002,1230.0
CRI,2002,3790.0
CSS,2002,6478.508098354426
CUB,2002,2830.0
CYP,2002,14510.0
CZE,2002,6680.0
DEU,2002,23920.0
DMA,2002,4720.0
DNK,2002,30870.0
DOM,2002,2850.0
DZA,2002,1840.0
EAP,2002,1070.3659865168029
EAR,2002,1244.4984390399636
EAS,2002,3925.970060456484
ECA,2002,1675.6978864170412
ECS,2002,12037.983689380331
ECU,2002,1650.0
EGY,2002,1250.0
EMU,2002,20538.58858787678
ERI,2002,310.0
ESP,2002,15630.0
EST,2002,4620.0
ETH,2002,120.0
EUU,2002,17494.80766372392
FCS,2002,706.4941590152437
FIN,2002,25610.0
FJI,2002,2050.0
FRA,2002,23040.0
FSM,2002,2120.0
GAB,2002,3460.0
GBR,2002,29260.0
GEO,2002,840.0
GHA,2002,270.0
GIN,2002,500.0
GMB,2002,410.0
GNB,2002,330.0
GNQ,2002,1050.0
GRC,2002,12980.0
GRD,2002,4450.0
GTM,2002,1590.0
GUY,2002,870.0
HIC,2002,22445.853917706678
HKG,2002,25270.0
HND,2002,1070.0
HPC,2002,336.9627990557032
HRV,2002,5650.0
HTI,2002,740.0
HUN,2002,5300.0
IBD,2002,1458.5498746666442
IBT,2002,1233.8550094119478
IDA,2002,479.60170631063926
IDN,2002,780.0
IDX,2002,353.86815669977483
IMN,2002,24130.0
IND,2002,460.0
IRL,2002,24920.0
IRN,2002,1880.0
IRQ,2002,1330.0
ISL,2002,30750.0
ISR,2002,19590.0
ITA,2002,20830.0
JAM,2002,3320.0
JOR,2002,1680.0
JPN,2002,35360.0
KAZ,2002,1450.0
KEN,2002,390.0
KGZ,2002,290.0
KHM,2002,320.0
KIR,2002,1220.0
KNA,2002,9190.0
KOR,2002,13320.0
KWT,2002,19640.0
LAC,2002,3734.3294509953676
LAO,2002,310.0
LBN,2002,3940.0
LBR,2002,250.0
LBY,2002,5190.0
LCA,2002,5280.0
LCN,2002,3864.708967738901
LDC,2002,318.28419935750776
LIC,2002,316.8816570759693
LKA,2002,820.0
LMC,2002,583.4540205409471
LMY,2002,1154.6758743175699
LSO,2002,600.0
LTE,2002,1735.542105563353
LTU,2002,3830.0
LUX,2002,42520.0
LVA,2002,3850.0
MAC,2002,16670.0
MAR,2002,1550.0
MDA,2002,590.0
MDG,2002,260.0
MDV,2002,2650.0
MEA,2002,2096.4160575447745
MEX,2002,7490.0
MHL,2002,3100.0
MIC,2002,1216.9384287944406
MKD,2002,1850.0
MLI,2002,280.0
MLT,2002,10770.0
MMR,2002,170.0
MNA,2002,1183.1719005782438
MNE,2002,1970.0
MNG,2002,530.0
MOZ,2002,300.0
MRT,2002,660.0
MUS,2002,4010.0
MWI,2002,250.0
MYS,2002,3810.0
NAC,2002,35979.15265733587
NAM,2002,1970.0
NER,2002,220.0
NIC,2002,980.0
NLD,2002,26440.0
NOR,2002,39930.0
NPL,2002,230.0
NRU,2002,2500.0
NZL,2002,14170.0
OED,2002,22981.52975699944
OMN,2002,9210.0
OSS,2002,4819.043811758513
PAK,2002,600.0
PAN,2002,3890.0
PER,2002,1940.0
PHL,2002,1110.0
PLW,2002,7740.0
PNG,2002,490.0
POL,2002,4890.0
PRI,2002,11250.0
PRT,2002,11780.0
PRY,2002,1400.0
PSE,2002,1190.0
PSS,2002,1687.702921259367
PST,2002,25984.385074583253
QAT,2002,25590.0
ROU,2002,1950.0
RUS,2002,2100.0
RWA,2002,260.0
SAS,2002,453.3380917822092
SAU,2002,10310.0
SDN,2002,420.0
SEN,2002,610.0
SGP,2002,22000.0
SLB,2002,790.0
SLE,2002,260.0
SLV,2002,1990.0
SOM,2002,270.0
SRB,2002,1610.0
SSA,2002,675.1220522375014
SSF,2002,619.9031927200475
SST,2002,4829.899237861562
STP,2002,520.0
SUR,2002,1870.0
SVK,2002,6020.0
SVN,2002,10780.0
SWE,2002,29130.0
SWZ,2002,1470.0
SYC,2002,7330.0
SYR,2002,1060.0
TCD,2002,190.0
TEA,2002,1083.098502542164
TEC,2002,2156.407509748421
TGO,2002,410.0
THA,2002,1980.0
TJK,2002,170.0
TKM,2002,720.0
TLA,2002,3806.8334167273456
TLS,2002,790.0
TMN,2002,1183.1196170149703
TON,2002,1890.0
TSA,2002,453.3380917822092
TSS,2002,619.903192720047
TTO,2002,6480.0
TUN,2002,2150.0
TUR,2002,3500.0
TUV,2002,3430.0
TZA,2002,410.0
UGA,2002,250.0
UKR,2002,780.0
UMC,2002,1803.44982432348
URY,2002,5210.0
USA,2002,37320.0
UZB,2002,450.0
VCT,2002,4010.0
VEN,2002,3940.0
VNM,2002,430.0
VUT,2002,1210.0
WLD,2002,5429.783824633568
WSM,2002,1420.0
YEM,2002,460.0
ZAF,2002,2870.0
ZMB,2002,370.0
ZWE,2002,370.0
ABW,2003,21020.0
AFE,2003,666.7161646572407
AFG,2003,190.0
AGO,2003,780.0
ALB,2003,1700.0
ARB,2003,2616.394432602371
ARE,2003,29030.0
ARG,2003,3620.0
ARM,2003,910.0
ATG,2003,11680.0
AUS,2003,21420.0
AUT,2003,27950.0
AZE,2003,840.0
BDI,2003,120.0
BEL,2003,27100.0
BEN,2003,570.0
BFA,2003,310.0
BGD,2003,440.0
BGR,2003,2370.0
BHR,2003,13180.0
BHS,2003,25900.0
BIH,2003,1860.0
BLR,2003,1630.0
BLZ,2003,4820.0
BOL,2003,890.0
BRA,2003,3010.0
BRB,2003,11660.0
BRN,2003,19840.0
BTN,2003,960.0
BWA,2003,3300.0
CAF,2003,250.0
CAN,2003,25480.0
CEB,2003,5184.966382339062
CHE,2003,46660.0
CHL,2003,4570.0
CHN,2003,1300.0
CIV,2003,580.0
CMR,2003,820.0
COD,2003,160.0
COG,2003,690.0
COL,2003,2410.0
COM,2003,810.0
CPV,2003,1440.0
CRI,2003,4050.0
CSS,2003,7125.417617291862
CUB,2003,3100.0
CYP,2003,16710.0
CZE,2003,8130.0
DEU,2003,26470.0
DMA,2003,5310.0
DNK,2003,34800.0
DOM,2003,2600.0
DZA,2003,2090.0
EAP,2003,1217.8979247548427
EAR,2003,1319.1486464388295
EAS,2003,4111.741393049797
ECA,2003,1919.659049370369
ECS,2003,13622.681433898098
ECU,2003,2010.0
EGY,2003,1160.0
EMU,2003,23156.792713280003
ERI,2003,310.0
ESP,2003,18080.0
EST,2003,5730.0
ETH,2003,110.0
EUU,2003,19782.818203175033
FCS,2003,682.2164177043613
FIN,2003,28790.0
FJI,2003,2270.0
FRA,2003,25900.0
FSM,2003,2220.0
GAB,2003,3700.0
GBR,2003,32370.0
GEO,2003,990.0
GHA,2003,310.0
GIN,2003,500.0
GMB,2003,360.0
GNB,2003,360.0
GNQ,2003,960.0
GRC,2003,15460.0
GRD,2003,5050.0
GTM,2003,1660.0
GUY,2003,910.0
HIC,2003,24248.508105475914
HKG,2003,26340.0
HND,2003,1130.0
HPC,2003,363.5549896327184
HRV,2003,6700.0
HTI,2003,690.0
HUN,2003,6630.0
IBD,2003,1584.4797780311803
IBT,2003,1336.251496575877
IDA,2003,513.3491997522963
IDN,2003,880.0
IDX,2003,381.22242152277437
IMN,2003,27590.0
IND,2003,510.0
IRL,2003,29980.0
IRN,2003,2180.0
IRQ,2003,790.0
ISL,2003,33410.0
ISR,2003,19680.0
ITA,2003,23440.0
JAM,2003,3500.0
JOR,2003,1800.0
JPN,2003,35660.0
KAZ,2003,1720.0
KEN,2003,420.0
KGZ,2003,340.0
KHM,2003,370.0
KIR,2003,1200.0
KNA,2003,9190.0
KOR,2003,14290.0
KWT,2003,23150.0
LAC,2003,3746.480305441063
LAO,2003,330.0
LBN,2003,3670.0
LBR,2003,180.0
LBY,2003,5160.0
LCA,2003,5650.0
LCN,2003,3860.834943779573
LDC,2003,344.19347722100724
LIC,2003,346.7282850785398
LKA,2003,910.0
LMC,2003,632.1929723783664
LMY,2003,1246.4451284036186
LSO,2003,680.0
LTE,2003,1934.6789770634532
LTU,2003,4700.0
LUX,2003,46050.0
LVA,2003,4530.0
MAC,2003,18510.0
MAR,2003,1740.0
MDA,2003,710.0
MDG,2003,320.0
MDV,2003,3470.0
MEA,2003,2222.337922638045
MEX,2003,7780.0
MHL,2003,3200.0
MIC,2003,1314.4229144558883
MKD,2003,2120.0
MLI,2003,330.0
MLT,2003,12210.0
MMR,2003,190.0
MNA,2003,1231.0493363164314
MNE,2003,2440.0
MNG,2003,610.0
MOZ,2003,330.0
MRT,2003,730.0
MUS,2003,4470.0
MWI,2003,320.0
MYS,2003,4170.0
NAC,2003,38372.580567256984
NAM,2003,2240.0
NER,2003,240.0
NIC,2003,1020.0
NLD,2003,30410.0
NOR,2003,44830.0
NPL,2003,250.0
NRU,2003,2650.0
NZL,2003,16990.0
OED,2003,24724.37485020379
OMN,2003,9640.0
OSS,2003,5418.331983223921
PAK,2003,640.0
PAN,2003,4030.0
PER,2003,2060.0
PHL,2003,1150.0
PLW,2003,7790.0
PNG,2003,480.0
POL,2003,5510.0
PRI,2003,12170.0
PRT,2003,13290.0
PRY,2003,1300.0
PSE,2003,1370.0
PSS,2003,1822.002199264292
PST,2003,28029.021628627255
QAT,2003,28090.0
ROU,2003,2250.0
RUS,2003,2590.0
RWA,2003,250.0
SAS,2003,507.6792721550911
SAU,2003,11140.0
SDN,2003,510.0
SEN,2003,710.0
SGP,2003,23440.0
SLB,2003,870.0
SLE,2003,420.0
SLV,2003,2120.0
SOM,2003,260.0
SRB,2003,2510.0
SSA,2003,739.6730483590961
SSF,2003,676.9681506769327
SST,2003,5378.728565709302
STP,2003,600.0
SUR,2003,2120.0
SVK,2003,6920.0
SVN,2003,12510.0
SWE,2003,32690.0
SWZ,2003,1600.0
SYC,2003,8000.0
SYR,2003,1150.0
TCD,2003,210.0
TEA,2003,1232.3351967114436
TEC,2003,2524.2089427595683
TGO,2003,470.0
THA,2003,2170.0
TJK,2003,210.0
TKM,2003,940.0
TLA,2003,3789.9918753801494
TLS,2003,690.0
TMN,2003,1230.1452881914588
TON,2003,1870.0
TSA,2003,507.6792721550911
TSS,2003,676.9681506769323
TTO,2003,7740.0
TUN,2003,2420.0
TUR,2003,3860.0
TUV,2003,2620.0
TZA,2003,430.0
UGA,2003,250.0
UKR,2003,970.0
UMC,2003,1952.8913196736814
URY,2003,4300.0
USA,2003,39770.0
UZB,2003,420.0
VCT,2003,4430.0
VEN,2003,3450.0
VNM,2003,480.0
VUT,2003,1350.0
WLD,2003,5826.013909782507
WSM,2003,1570.0
YEM,2003,480.0
ZAF,2003,3160.0
ZMB,2003,420.0
ZWE,2003,340.0
ABW,2004,23610.0
AFE,2004,814.8072693875959
AFG,2004,210.0
AGO,2004,1190.0
ALB,2004,2170.0
ARB,2004,3044.993587419928
ARE,2004,33220.0
ARG,2004,3340.0
ARM,2004,1120.0
ATG,2004,12850.0
AUS,2004,25890.0
AUT,2004,33610.0
AZE,2004,960.0
BDI,2004,120.0
BEL,2004,32910.0
BEN,2004,690.0
BFA,2004,370.0
BGD,2004,490.0
BGR,2004,3060.0
BHR,2004,14680.0
BHS,2004,27470.0
BIH,2004,2360.0
BLR,2004,2170.0
BLZ,2004,5000.0
BOL,2004,940.0
BRA,2004,3370.0
BRB,2004,12660.0
BRN,2004,22190.0
BTN,2004,1090.0
BWA,2004,3830.0
CAF,2004,290.0
CAN,2004,29530.0
CEB,2004,6384.439101343076
CHE,2004,55000.0
CHL,2004,5200.0
CHN,2004,1530.0
CIV,2004,710.0
CMR,2004,1030.0
COD,2004,180.0
COG,2004,760.0
COL,2004,2650.0
COM,2004,980.0
CPV,2004,1810.0
CRI,2004,4400.0
CSS,2004,8028.768000045455
CUB,2004,3490.0
CYP,2004,20260.0
CZE,2004,10280.0
DEU,2004,32080.0
DMA,2004,5640.0
DNK,2004,42740.0
DOM,2004,2520.0
DZA,2004,2440.0
EAP,2004,1432.9569487952804
EAR,2004,1494.985023456422
EAS,2004,4626.272436854773
ECA,2004,2527.1345303329927
ECS,2004,16577.193522475813
ECU,2004,2410.0
EGY,2004,1120.0
EMU,2004,28152.54965767713
ERI,2004,350.0
ESP,2004,22140.0
EST,2004,7500.0
ETH,2004,130.0
EUU,2004,24085.89349220488
FCS,2004,819.0717741262652
FIN,2004,35370.0
FJI,2004,2820.0
FRA,2004,31340.0
FSM,2004,2280.0
GAB,2004,4110.0
GBR,2004,37910.0
GEO,2004,1210.0
GHA,2004,370.0
GIN,2004,550.0
GMB,2004,430.0
GNB,2004,410.0
GNQ,2004,1370.0
GRC,2004,19280.0
GRD,2004,5110.0
GTM,2004,1830.0
GUY,2004,1010.0
HIC,2004,27772.908150303338
HKG,2004,28120.0
HND,2004,1210.0
HPC,2004,420.4240412667673
HRV,2004,8570.0
HTI,2004,680.0
HUN,2004,8650.0
IBD,2004,1843.9124124439986
IBT,2004,1549.9584404214957
IDA,2004,586.7703852164856
IDN,2004,1060.0
IDX,2004,433.5262081277889
IMN,2004,33670.0
IND,2004,610.0
IRL,2004,37840.0
IRN,2004,2450.0
IRQ,2004,1310.0
ISL,2004,41660.0
ISR,2004,20990.0
ITA,2004,28390.0
JAM,2004,3730.0
JOR,2004,2050.0
JPN,2004,39000.0
KAZ,2004,2180.0
KEN,2004,460.0
KGZ,2004,400.0
KHM,2004,430.0
KIR,2004,1430.0
KNA,2004,10390.0
KOR,2004,16790.0
KWT,2004,29080.0
LAC,2004,4023.780682975584
LAO,2004,380.0
LBN,2004,4700.0
LBR,2004,210.0
LBY,2004,5150.0
LCA,2004,6300.0
LCN,2004,4180.9448661420165
LDC,2004,400.47404587209274
LIC,2004,402.7930851149031
LKA,2004,1030.0
LMC,2004,726.2999105068062
LMY,2004,1434.7814068982757
LSO,2004,820.0
LTE,2004,2296.6283748303977
LTU,2004,6020.0
LUX,2004,62680.0
LVA,2004,5610.0
MAC,2004,23050.0
MAR,2004,2060.0
MDA,2004,910.0
MDG,2004,330.0
MDV,2004,3890.0
MEA,2004,2545.1525434979076
MEX,2004,8240.0
MHL,2004,3400.0
MIC,2004,1513.947129602827
MKD,2004,2610.0
MLI,2004,500.0
MLT,2004,14200.0
MMR,2004,230.0
MNA,2004,1393.4030462081655
MNE,2004,3100.0
MNG,2004,760.0
MOZ,2004,380.0
MRT,2004,820.0
MUS,2004,5240.0
MWI,2004,440.0
MYS,2004,4720.0
NAC,2004,42157.43300938407
NAM,2004,2840.0
NER,2004,280.0
NIC,2004,1100.0
NLD,2004,36800.0
NOR,2004,54290.0
NPL,2004,280.0
NRU,2004,3090.0
NZL,2004,21530.0
OED,2004,28198.865664762514
OMN,2004,11050.0
OSS,2004,6562.449859341424
PAK,2004,740.0
PAN,2004,4490.0
PER,2004,2270.0
PHL,2004,1260.0
PLW,2004,8370.0
PNG,2004,540.0
POL,2004,6290.0
PRI,2004,14260.0
PRT,2004,16190.0
PRY,2004,1440.0
PSE,2004,1640.0
PSS,2004,2151.745090672433
PST,2004,32028.62107818881
QAT,2004,35220.0
ROU,2004,2960.0
RUS,2004,3410.0
RWA,2004,270.0
SAS,2004,593.1801392705589
SAU,2004,12880.0
SDN,2004,620.0
SEN,2004,850.0
SGP,2004,26170.0
SLB,2004,980.0
SLE,2004,410.0
SLV,2004,2280.0
SOM,2004,310.0
SRB,2004,3340.0
SSA,2004,902.7621781130191
SSF,2004,825.4371417115078
SST,2004,6354.188650530683
STP,2004,690.0
SUR,2004,2710.0
SVK,2004,9010.0
SVN,2004,15490.0
SWE,2004,39690.0
SWZ,2004,2020.0
SYC,2004,9870.0
SYR,2004,1280.0
TCD,2004,330.0
TEA,2004,1449.9097752884568
TEC,2004,3233.8022097083262
TGO,2004,530.0
THA,2004,2520.0
TJK,2004,260.0
TKM,2004,1240.0
TLA,2004,4094.5066942352832
TLS,2004,820.0
TMN,2004,1391.797720070112
TON,2004,2050.0
TSA,2004,593.1801392705589
TSS,2004,825.4371417115074
TTO,2004,9300.0
TUN,2004,2860.0
TUR,2004,5170.0
TUV,2004,3380.0
TZA,2004,460.0
UGA,2004,280.0
UKR,2004,1250.0
UMC,2004,2258.459343564169
URY,2004,4180.0
USA,2004,43520.0
UZB,2004,460.0
VCT,2004,4800.0
VEN,2004,4060.0
VNM,2004,550.0
VUT,2004,1580.0
WLD,2004,6639.640079854275
WSM,2004,1850.0
YEM,2004,540.0
ZAF,2004,4040.0
ZMB,2004,470.0
ZWE,2004,320.0
ABW,2005,19720.0
AFE,2005,1019.8423060605337
AFG,2005,250.0
AGO,2005,1590.0
ALB,2005,2690.0
ARB,2005,3487.1658724219797
ARE,2005,36880.0
ARG,2005,4230.0
ARM,2005,1460.0
ATG,2005,14050.0
AUS,2005,30790.0
AUT,2005,38510.0
AZE,2005,1290.0
BDI,2005,130.0
BEL,2005,37780.0
BEN,2005,780.0
BFA,2005,440.0
BGD,2005,530.0
BGR,2005,3800.0
BHR,2005,16550.0
BHS,2005,28880.0
BIH,2005,2810.0
BLR,2005,2820.0
BLZ,2005,5050.0
BOL,2005,1000.0
BRA,2005,4030.0
BRB,2005,13610.0
BRN,2005,25670.0
BTN,2005,1260.0
BWA,2005,4830.0
CAF,2005,320.0
CAN,2005,34310.0
CEB,2005,7729.698396683948
CHE,2005,62770.0
CHL,2005,6200.0
CHN,2005,1790.0
CIV,2005,850.0
CMR,2005,1140.0
COD,2005,190.0
COG,2005,1100.0
COL,2005,3030.0
COM,2005,1140.0
CPV,2005,2070.0
CRI,2005,4670.0
CSS,2005,8983.022958445807
CUB,2005,3960.0
CUW,2005,17910.0
CYP,2005,23990.0
CZE,2005,12480.0
DEU,2005,36310.0
DMA,2005,5670.0
DNK,2005,49750.0
DOM,2005,3000.0
DZA,2005,2910.0
EAP,2005,1650.995422929318
EAR,2005,1708.7745101177718
EAS,2005,5069.006210245665
ECA,2005,3227.98101012656
ECS,2005,19223.919710272174
ECU,2005,2750.0
EGY,2005,1130.0
EMU,2005,32274.072076139848
ERI,2005,410.0
ESP,2005,25910.0
EST,2005,9730.0
ETH,2005,160.0
EUU,2005,27725.930578034615
FCS,2005,963.1446206397461
FIN,2005,40230.0
FJI,2005,3320.0
FRA,2005,35870.0
FSM,2005,2390.0
GAB,2005,5240.0
GBR,2005,42840.0
GEO,2005,1520.0
GHA,2005,450.0
GIN,2005,530.0
GMB,2005,480.0
GNB,2005,470.0
GNQ,2005,3080.0
GRC,2005,22430.0
GRD,2005,6340.0
GTM,2005,1980.0
GUY,2005,1070.0
HIC,2005,30723.017867057093
HKG,2005,28890.0
HND,2005,1290.0
HPC,2005,476.30755254408916
HRV,2005,10200.0
HTI,2005,710.0
HUN,2005,10380.0
IBD,2005,2153.3953175570264
IBT,2005,1802.045416612637
IDA,2005,661.558799312106
IDN,2005,1200.0
IDX,2005,486.60452624832726
IMN,2005,39430.0
IND,2005,700.0
IRL,2005,44640.0
IRN,2005,2850.0
IRQ,2005,1510.0
ISL,2005,51090.0
ISR,2005,22530.0
ITA,2005,32480.0
JAM,2005,3870.0
JOR,2005,2240.0
JPN,2005,41280.0
KAZ,2005,2780.0
KEN,2005,520.0
KGZ,2005,450.0
KHM,2005,510.0
KIR,2005,1620.0
KNA,2005,11750.0
KOR,2005,19230.0
KWT,2005,35740.0
LAC,2005,4481.49701530612
LAO,2005,450.0
LBN,2005,4910.0
LBR,2005,240.0
LBY,2005,6760.0
LCA,2005,6550.0
LCN,2005,4675.540061786225
LDC,2005,457.4472738675073
LIC,2005,457.5274065477792
LKA,2005,1170.0
LMC,2005,822.1610744655501
LMY,2005,1652.9843050173681
LSO,2005,1040.0
LTE,2005,2715.1173126115164
LTU,2005,7580.0
LUX,2005,73180.0
LVA,2005,7120.0
MAC,2005,24430.0
MAR,2005,2300.0
MDA,2005,1120.0
MDG,2005,320.0
MDV,2005,3660.0
MEA,2005,2889.3933154715332
MEX,2005,8490.0
MHL,2005,3610.0
MIC,2005,1746.102759464152
MKD,2005,3070.0
MLI,2005,550.0
MLT,2005,15380.0
MMR,2005,280.0
MNA,2005,1572.4314404408767
MNE,2005,3660.0
MNG,2005,890.0
MOZ,2005,420.0
MRT,2005,960.0
MUS,2005,5670.0
MWI,2005,430.0
MYS,2005,5240.0
NAC,2005,45034.573946972145
NAM,2005,3480.0
NER,2005,330.0
NIC,2005,1180.0
NLD,2005,42280.0
NOR,2005,64050.0
NPL,2005,300.0
NRU,2005,3510.0
NZL,2005,25450.0
OED,2005,31060.687635197613
OMN,2005,12590.0
OSS,2005,7803.642395174729
PAK,2005,830.0
PAN,2005,4880.0
PER,2005,2520.0
PHL,2005,1350.0
PLW,2005,9010.0
PNG,2005,650.0
POL,2005,7340.0
PRI,2005,14750.0
PRT,2005,18600.0
PRY,2005,1620.0
PSE,2005,1780.0
PSS,2005,2478.157369937681
PST,2005,35290.37931441402
PYF,2005,24320.0
QAT,2005,40110.0
ROU,2005,3880.0
RUS,2005,4450.0
RWA,2005,310.0
SAS,2005,682.5818461176518
SAU,2005,14620.0
SDN,2005,750.0
SEN,2005,980.0
SGP,2005,28830.0
SLB,2005,1130.0
SLE,2005,440.0
SLV,2005,2430.0
SOM,2005,390.0
SRB,2005,3940.0
SSA,2005,1116.7698650550485
SSF,2005,1019.9609289015322
SST,2005,7395.711803337206
STP,2005,800.0
SUR,2005,3190.0
SVK,2005,11310.0
SVN,2005,18180.0
SWE,2005,45690.0
SWZ,2005,2880.0
SYC,2005,11850.0
SYR,2005,1390.0
TCD,2005,510.0
TEA,2005,1670.4719326325303
TEC,2005,4096.290915984821
TGO,2005,550.0
THA,2005,2770.0
TJK,2005,370.0
TKM,2005,1500.0
TLA,2005,4589.547617043923
TLS,2005,970.0
TMN,2005,1571.0637531783248
TON,2005,2290.0
TSA,2005,682.5818461176518
TSS,2005,1019.9609289015319
TTO,2005,11200.0
TUN,2005,3120.0
TUR,2005,6710.0
TUV,2005,3750.0
TZA,2005,490.0
UGA,2005,310.0
UKR,2005,1530.0
UMC,2005,2626.3265973922494
URY,2005,4770.0
USA,2005,46190.0
UZB,2005,520.0
VCT,2005,5060.0
VEN,2005,4910.0
VNM,2005,650.0
VUT,2005,1770.0
WLD,2005,7355.426255860101
WSM,2005,2240.0
YEM,2005,620.0
ZAF,2005,5430.0
ZMB,2005,570.0
ZWE,2005,320.0
ABW,2006,23920.0
AFE,2006,1149.2271398551434
AFG,2006,270.0
AGO,2006,2090.0
ALB,2006,3130.0
ARB,2006,4027.2330689482405
ARE,2006,41670.0
ARG,2006,5440.0
ARM,2006,1910.0
ATG,2006,15740.0
AUS,2006,34670.0
AUT,2006,41170.0
AZE,2006,1920.0
BDI,2006,150.0
BEL,2006,39940.0
BEN,2006,810.0
BFA,2006,470.0
BGD,2006,550.0
BGR,2006,4300.0
BHR,2006,17850.0
BHS,2006,29230.0
BIH,2006,3160.0
BLR,2006,3510.0
BLZ,2006,5160.0
BOL,2006,1090.0
BRA,2006,4890.0
BRB,2006,14630.0
BRN,2006,30720.0
BTN,2006,1390.0
BWA,2006,5400.0
CAF,2006,330.0
CAN,2006,37900.0
CEB,2006,8849.147705996707
CHE,2006,65290.0
CHL,2006,7350.0
CHN,2006,2090.0
CIV,2006,850.0
CMR,2006,1200.0
COD,2006,220.0
COG,2006,1560.0
COL,2006,3540.0
COM,2006,1140.0
CPV,2006,2200.0
CRI,2006,5090.0
CSS,2006,10023.841314228046
CUB,2006,4410.0
CUW,2006,17930.0
CYP,2006,25600.0
CZE,2006,13990.0
DEU,2006,38890.0
DMA,2006,6070.0
DNK,2006,53630.0
DOM,2006,3590.0
DZA,2006,3310.0
EAP,2006,1909.5606345278811
EAR,2006,1913.659188298184
EAS,2006,5357.313321541644
ECA,2006,3833.631846044085
ECS,2006,20813.74989169211
ECU,2006,3000.0
EGY,2006,1230.0
EMU,2006,34398.00459786333
ERI,2006,440.0
ESP,2006,27860.0
EST,2006,11500.0
ETH,2006,180.0
EUU,2006,29714.301024992754
FCS,2006,1133.5552889379758
FIN,2006,42830.0
FJI,2006,3350.0
FRA,2006,37920.0
FSM,2006,2390.0
GAB,2006,5450.0
GBR,2006,44960.0
GEO,2006,1910.0
GHA,2006,570.0
GIN,2006,500.0
GMB,2006,600.0
GNB,2006,470.0
GNQ,2006,6420.0
GRC,2006,24160.0
GRD,2006,6120.0
GTM,2006,2130.0
GUY,2006,1450.0
HIC,2006,32403.78171407685
HKG,2006,30290.0
HND,2006,1360.0
HPC,2006,525.6873008720362
HRV,2006,11240.0
HTI,2006,800.0
HUN,2006,11230.0
IBD,2006,2503.2861837877795
IBT,2006,2081.6896432532803
IDA,2006,722.2940331763104
IDN,2006,1350.0
IDX,2006,534.9937010810542
IMN,2006,44860.0
IND,2006,780.0
IRL,2006,47950.0
IRN,2006,3330.0
IRQ,2006,1880.0
ISL,2006,54890.0
ISR,2006,23380.0
ITA,2006,34260.0
JAM,2006,4170.0
JOR,2006,2340.0
JPN,2006,40590.0
KAZ,2006,3670.0
KEN,2006,590.0
KGZ,2006,500.0
KHM,2006,580.0
KIR,2006,1670.0
KNA,2006,12650.0
KOR,2006,21610.0
KWT,2006,42460.0
LAC,2006,5144.050092624168
LAO,2006,500.0
LBN,2006,4870.0
LBR,2006,270.0
LBY,2006,8540.0
LCA,2006,7210.0
LCN,2006,5372.992593120464
LDC,2006,509.85285656299584
LIC,2006,513.3595971318017
LKA,2006,1320.0
LMC,2006,906.0239916791602
LMY,2006,1890.621819510369
LSO,2006,1160.0
LTE,2006,3217.859865380778
LTU,2006,8810.0
LUX,2006,71370.0
LVA,2006,8590.0
MAC,2006,25920.0
MAR,2006,2490.0
MDA,2006,1280.0
MDG,2006,310.0
MDV,2006,4710.0
MEA,2006,3277.094224135114
MEX,2006,9140.0
MHL,2006,3540.0
MIC,2006,1999.708255901361
MKD,2006,3430.0
MLI,2006,590.0
MLT,2006,16330.0
MMR,2006,300.0
MNA,2006,1761.1231232284538
MNE,2006,4320.0
MNG,2006,1110.0
MOZ,2006,450.0
MRT,2006,1180.0
MUS,2006,5910.0
MWI,2006,440.0
MYS,2006,5790.0
NAC,2006,46883.552740736464
NAM,2006,3990.0
NER,2006,350.0
NIC,2006,1220.0
NLD,2006,45500.0
NOR,2006,70300.0
NPL,2006,330.0
NRU,2006,3890.0
NZL,2006,26380.0
OED,2006,32573.77683646359
OMN,2006,14850.0
OSS,2006,8668.444733230624
PAK,2006,890.0
PAN,2006,5270.0
PER,2006,2790.0
PHL,2006,1470.0
PLW,2006,9440.0
PNG,2006,780.0
POL,2006,8450.0
PRI,2006,15030.0
PRT,2006,19410.0
PRY,2006,1980.0
PSE,2006,1710.0
PSS,2006,2557.695729180946
PST,2006,36962.46317498609
PYF,2006,25170.0
QAT,2006,53410.0
ROU,2006,4900.0
RUS,2006,5810.0
RWA,2006,350.0
SAS,2006,757.718041670463
SAU,2006,16250.0
SDN,2006,920.0
SEN,2006,1020.0
SGP,2006,32550.0
SLB,2006,1190.0
SLE,2006,440.0
SLV,2006,2600.0
SOM,2006,450.0
SRB,2006,4280.0
SSA,2006,1254.1997946699776
SSF,2006,1145.5930829257309
SST,2006,8198.17894575883
STP,2006,910.0
SUR,2006,3880.0
SVK,2006,12950.0
SVN,2006,19710.0
SWE,2006,49090.0
SWZ,2006,3090.0
SYC,2006,13380.0
SYR,2006,1520.0
TCD,2006,630.0
TEA,2006,1932.0064743698053
TEC,2006,5009.601338652293
TGO,2006,560.0
THA,2006,3070.0
TJK,2006,460.0
TKM,2006,1770.0
TLA,2006,5294.629965476901
TLS,2006,1360.0
TMN,2006,1761.4550836435305
TON,2006,2560.0
TSA,2006,757.718041670463
TSS,2006,1145.5930829257306
TTO,2006,13320.0
TUN,2006,3290.0
TUR,2006,7780.0
TUV,2006,3920.0
TZA,2006,510.0
UGA,2006,350.0
UKR,2006,1930.0
UMC,2006,3048.200926632257
URY,2006,5470.0
USA,2006,47850.0
UZB,2006,600.0
VCT,2006,5580.0
VEN,2006,6050.0
VNM,2006,740.0
VUT,2006,1980.0
WLD,2006,7835.047320746799
WSM,2006,2470.0
YEM,2006,710.0
ZAF,2006,6120.0
ZMB,2006,720.0
ZWE,2006,280.0
ABW,2007,22600.0
AFE,2007,1261.6882184639892
AFG,2007,330.0
AGO,2007,2800.0
ALB,2007,3580.0
ARB,2007,4613.921437583309
ARE,2007,43420.0
ARG,2007,6460.0
ARM,2007,2600.0
ATG,2007,17310.0
AUS,2007,37470.0
AUT,2007,44230.0
AZE,2007,2740.0
BDI,2007,160.0
BEL,2007,42740.0
BEN,2007,870.0
BFA,2007,490.0
BGD,2007,580.0
BGR,2007,4820.0
BHR,2007,19600.0
BHS,2007,29690.0
BIH,2007,3680.0
BLR,2007,4310.0
BLZ,2007,5210.0
BOL,2007,1210.0
BRA,2007,6240.0
BRB,2007,15950.0
BRN,2007,33470.0
BTN,2007,1700.0
BWA,2007,5620.0
CAF,2007,360.0
CAN,2007,41540.0
CEB,2007,10311.551909547268
CHE,2007,64120.0
CHL,2007,8700.0
CHN,2007,2550.0
CIV,2007,880.0
CMR,2007,1250.0
COD,2007,260.0
COG,2007,1650.0
COL,2007,4170.0
COM,2007,1190.0
CPV,2007,2770.0
CRI,2007,5710.0
CSS,2007,11073.259031459094
CUB,2007,4740.0
CUW,2007,18390.0
CYP,2007,27340.0
CZE,2007,15830.0
DEU,2007,41130.0
DMA,2007,6280.0
DNK,2007,55870.0
DOM,2007,4380.0
DZA,2007,3780.0
EAP,2007,2289.866479737948
EAR,2007,2159.087615609206
EAS,2007,5726.455141190267
ECA,2007,4562.410992396205
ECS,2007,22568.781505279992
ECU,2007,3210.0
EGY,2007,1420.0
EMU,2007,36557.24757436756
ERI,2007,450.0
ESP,2007,29780.0
EST,2007,13430.0
ETH,2007,210.0
EUU,2007,31780.874243486905
FCS,2007,1370.633086654466
FIN,2007,46190.0
FJI,2007,3510.0
FRA,2007,40200.0
FSM,2007,2400.0
GAB,2007,6240.0
GBR,2007,47640.0
GEO,2007,2380.0
GHA,2007,770.0
GIN,2007,530.0
GMB,2007,650.0
GNB,2007,480.0
GNQ,2007,9200.0
GRC,2007,25960.0
GRD,2007,6500.0
GTM,2007,2340.0
GUY,2007,2250.0
HIC,2007,33887.08442759657
HKG,2007,32070.0
HND,2007,1490.0
HPC,2007,594.6569375345742
HRV,2007,12510.0
HTI,2007,900.0
HUN,2007,11770.0
IBD,2007,2973.7987996662164
IBT,2007,2456.909326057547
IDA,2007,803.1406520611869
IDN,2007,1570.0
IDX,2007,604.2367882702646
IMN,2007,47950.0
IND,2007,910.0
IRL,2007,50540.0
IRN,2007,4070.0
IRQ,2007,2480.0
ISL,2007,63100.0
ISR,2007,25120.0
ITA,2007,35880.0
JAM,2007,4400.0
JOR,2007,2500.0
JPN,2007,39310.0
KAZ,2007,4740.0
KEN,2007,710.0
KGZ,2007,610.0
KHM,2007,670.0
KIR,2007,1790.0
KNA,2007,13350.0
KOR,2007,24390.0
KWT,2007,47510.0
LAC,2007,5982.176588233367
LAO,2007,600.0
LBN,2007,5320.0
LBR,2007,310.0
LBY,2007,10500.0
LCA,2007,7500.0
LCN,2007,6257.447969936608
LDC,2007,584.7570655087419
LIC,2007,590.1372607526679
LKA,2007,1500.0
LMC,2007,1031.9355094682305
LMY,2007,2211.45686094869
LSO,2007,1320.0
LTE,2007,3908.0175731062723
LTU,2007,10590.0
LUX,2007,85730.0
LVA,2007,10730.0
MAC,2007,33070.0
MAR,2007,2630.0
MDA,2007,1440.0
MDG,2007,360.0
MDV,2007,4570.0
MEA,2007,3733.8645542566824
MEX,2007,9720.0
MHL,2007,3730.0
MIC,2007,2342.0219213201262
MKD,2007,3730.0
MLI,2007,630.0
MLT,2007,17990.0
MMR,2007,360.0
MNA,2007,2021.76521614283
MNE,2007,5120.0
MNG,2007,1400.0
MOZ,2007,480.0
MRT,2007,1260.0
MUS,2007,6460.0
MWI,2007,480.0
MYS,2007,6560.0
NAC,2007,47850.022902960074
NAM,2007,4200.0
NER,2007,380.0
NIC,2007,1310.0
NLD,2007,48840.0
NOR,2007,78750.0
NPL,2007,370.0
NRU,2007,3030.0
NZL,2007,28150.0
OED,2007,33844.61415023032
OMN,2007,17290.0
OSS,2007,9685.792901271983
PAK,2007,940.0
PAN,2007,5990.0
PER,2007,3190.0
PHL,2007,1680.0
PLW,2007,9970.0
PNG,2007,1040.0
POL,2007,9940.0
PRI,2007,15860.0
PRT,2007,20860.0
PRY,2007,2500.0
PSE,2007,1790.0
PSS,2007,2681.588889287476
PST,2007,38317.96640002456
PYF,2007,25940.0
QAT,2007,58500.0
ROU,2007,6510.0
RUS,2007,7560.0
RWA,2007,400.0
SAS,2007,873.5266799199626
SAU,2007,17870.0
SDN,2007,1160.0
SEN,2007,1090.0
SGP,2007,36010.0
SLB,2007,1260.0
SLE,2007,480.0
SLV,2007,2730.0
SOM,2007,480.0
SRB,2007,5000.0
SSA,2007,1380.3323350946566
SSF,2007,1262.6893233503251
SST,2007,9103.736773528213
STP,2007,940.0
SUR,2007,4860.0
SVK,2007,14940.0
SVN,2007,21710.0
SWE,2007,52180.0
SWZ,2007,3250.0
SYC,2007,12890.0
SYR,2007,1670.0
TCD,2007,820.0
TEA,2007,2316.669712806732
TEC,2007,6181.724110424418
TGO,2007,570.0
THA,2007,3480.0
TJK,2007,570.0
TKM,2007,2160.0
TLA,2007,6190.968098397139
TLS,2007,1900.0
TMN,2007,2023.2638533849176
TON,2007,2720.0
TSA,2007,873.5266799199626
TSS,2007,1262.6893233503247
TTO,2007,15060.0
TUN,2007,3490.0
TUR,2007,8930.0
TUV,2007,4670.0
TZA,2007,530.0
UGA,2007,380.0
UKR,2007,2560.0
UMC,2007,3608.4195279147434
URY,2007,6510.0
USA,2007,48530.0
UZB,2007,760.0
VCT,2007,6030.0
VEN,2007,7520.0
VNM,2007,860.0
VUT,2007,2080.0
WLD,2007,8343.62947613215
WSM,2007,2660.0
YEM,2007,780.0
ZAF,2007,6440.0
ZMB,2007,900.0
ZWE,2007,240.0
ABW,2008,26780.0
AFE,2008,1349.8899235248007
AFG,2008,370.0
AFW,2008,1419.9906986753956
AGO,2008,3450.0
ALB,2008,4160.0
ARB,2008,5392.980613678724
ARE,2008,44890.0
ARG,2008,7600.0
ARM,2008,3390.0
ATG,2008,17750.0
AUS,2008,42510.0
AUT,2008,48890.0
AZE,2008,3900.0
BDI,2008,180.0
BEL,2008,46570.0
BEN,2008,970.0
BFA,2008,550.0
BGD,2008,640.0
BGR,2008,6070.0
BHR,2008,21070.0
BHS,2008,29660.0
BIH,2008,4500.0
BLR,2008,5470.0
BLZ,2008,5170.0
BOL,2008,1460.0
BRA,2008,7680.0
BRB,2008,16600.0
BRN,2008,36700.0
BTN,2008,1850.0
BWA,2008,5470.0
CAF,2008,390.0
CAN,2008,44930.0
CEB,2008,12373.796125997977
CHE,2008,64870.0
CHL,2008,9950.0
CHN,2008,3140.0
CIV,2008,1000.0
CMR,2008,1360.0
COD,2008,300.0
COG,2008,2090.0
COL,2008,4770.0
COM,2008,1340.0
CPV,2008,3360.0
CRI,2008,6440.0
CSS,2008,12416.505228150745
CUB,2008,5030.0
CUW,2008,19020.0
CYP,2008,31970.0
CZE,2008,18480.0
DEU,2008,44360.0
DMA,2008,6880.0
DNK,2008,60620.0
DOM,2008,4700.0
DZA,2008,4430.0
EAP,2008,2791.6019823986903
EAR,2008,2413.355976237292
EAS,2008,6238.690465102888
ECA,2008,5302.8204901507215
ECS,2008,24587.057211792486
ECU,2008,3770.0
EGY,2008,1710.0
EMU,2008,39378.0677946157
ERI,2008,440.0
ESP,2008,32270.0
EST,2008,15190.0
ETH,2008,270.0
EUU,2008,34523.37143186406
FCS,2008,1648.9226280856383
FIN,2008,50160.0
FJI,2008,3730.0
FRA,2008,43580.0
FSM,2008,2420.0
GAB,2008,6920.0
GBR,2008,48720.0
GEO,2008,2820.0
GHA,2008,1120.0
GIN,2008,610.0
GMB,2008,750.0
GNB,2008,540.0
GNQ,2008,11310.0
GRC,2008,28330.0
GRD,2008,6910.0
GTM,2008,2570.0
GUY,2008,3820.0
HIC,2008,35609.76515822645
HKG,2008,33950.0
HND,2008,1620.0
HPC,2008,693.991597891431
HRV,2008,13990.0
HTI,2008,1010.0
HUN,2008,13250.0
IBD,2008,3511.087170622938
IBT,2008,2888.0329696529843
IDA,2008,917.3369582962282
IDB,2008,1312.8934935922593
IDN,2008,1900.0
IDX,2008,702.3786214723165
IMN,2008,43640.0
IND,2008,990.0
IRL,2008,50940.0
IRN,2008,4720.0
IRQ,2008,3470.0
ISL,2008,52420.0
ISR,2008,27350.0
ITA,2008,37870.0
JAM,2008,4660.0
JOR,2008,2910.0
JPN,2008,39380.0
KAZ,2008,5870.0
KEN,2008,830.0
KGZ,2008,760.0
KHM,2008,780.0
KIR,2008,1860.0
KNA,2008,15980.0
KOR,2008,24840.0
KWT,2008,51800.0
LAC,2008,6868.488630774193
LAO,2008,740.0
LBN,2008,5860.0
LBR,2008,370.0
LBY,2008,12020.0
LCA,2008,8150.0
LCN,2008,7199.617060983849
LDC,2008,680.1461778722579
LIC,2008,677.8695504150032
LKA,2008,1740.0
LMC,2008,1156.9523183396543
LMY,2008,2576.4964023524476
LSO,2008,1310.0
LTE,2008,4737.820368523157
LTU,2008,12670.0
LUX,2008,86000.0
LVA,2008,12830.0
MAC,2008,32190.0
MAR,2008,2970.0
MDA,2008,1870.0
MDG,2008,430.0
MDV,2008,5500.0
MEA,2008,4300.358408477133
MEX,2008,10260.0
MHL,2008,3630.0
MIC,2008,2731.8237049562604
MKD,2008,4540.0
MLI,2008,720.0
MLT,2008,20290.0
MMR,2008,490.0
MNA,2008,2335.50898151247
MNE,2008,6450.0
MNG,2008,1790.0
MOZ,2008,530.0
MRT,2008,1430.0
MUS,2008,7390.0
MWI,2008,530.0
MYS,2008,7420.0
NAC,2008,48712.04951592821
NAM,2008,4310.0
NER,2008,440.0
NGA,2008,1890.0
NIC,2008,1420.0
NLD,2008,51930.0
NOR,2008,87850.0
NPL,2008,430.0
NRU,2008,3510.0
NZL,2008,28680.0
OED,2008,35282.67202382045
OMN,2008,21190.0
OSS,2008,10504.842051641153
PAK,2008,1000.0
PAN,2008,6770.0
PER,2008,3770.0
PHL,2008,1970.0
PLW,2008,10000.0
PNG,2008,1360.0
POL,2008,11980.0
PRE,2008,1190.2021133479054
PRI,2008,16360.0
PRT,2008,22630.0
PRY,2008,3320.0
PSE,2008,2040.0
PSS,2008,2875.6419318339995
PST,2008,39907.051280871
PYF,2008,27720.0
QAT,2008,66030.0
ROU,2008,8800.0
RUS,2008,9580.0
RWA,2008,470.0
SAS,2008,953.8932137234774
SAU,2008,20540.0
SDN,2008,1350.0
SEN,2008,1240.0
SGP,2008,37230.0
SLB,2008,1380.0
SLE,2008,580.0
SLV,2008,2910.0
SOM,2008,510.0
SRB,2008,6250.0
SSA,2008,1502.1233803309378
SSF,2008,1378.5261456391522
SST,2008,9967.074685819045
STP,2008,1000.0
SUR,2008,6090.0
SVK,2008,17250.0
SVN,2008,24530.0
SWE,2008,55370.0
SWZ,2008,3160.0
SYC,2008,11520.0
SYR,2008,1950.0
TCD,2008,910.0
TEA,2008,2824.1432675049373
TEC,2008,7533.226896858542
TGO,2008,640.0
THA,2008,3900.0
TJK,2008,730.0
TKM,2008,2800.0
TLA,2008,7148.512294315486
TLS,2008,3040.0
TMN,2008,2337.458313793561
TON,2008,3130.0
TSA,2008,953.8932137234774
TSS,2008,1378.5261456391522
TTO,2008,17420.0
TUN,2008,3820.0
TUR,2008,9830.0
TUV,2008,4780.0
TZA,2008,590.0
UGA,2008,430.0
UKR,2008,3170.0
UMC,2008,4264.224493532834
URY,2008,7930.0
USA,2008,49110.0
UZB,2008,970.0
VCT,2008,6380.0
VEN,2008,9260.0
VNM,2008,1000.0
VUT,2008,2430.0
WLD,2008,8932.947700916393
WSM,2008,2970.0
YEM,2008,880.0
ZAF,2008,6490.0
ZMB,2008,1170.0
ZWE,2008,120.0
ABW,2009,24340.0
AFE,2009,1367.9139332180962
AFG,2009,460.0
AFW,2009,1485.9655140589039
AGO,2009,3680.0
ALB,2009,4390.0
ARB,2009,5459.921450616241
ARE,2009,41310.0
ARG,2009,7720.0
ARM,2009,3140.0
ATG,2009,15750.0
AUS,2009,44230.0
AUT,2009,48900.0
AZE,2009,4820.0
BDI,2009,190.0
BEL,2009,47120.0
BEN,2009,1020.0
BFA,2009,590.0
BGD,2009,700.0
BGR,2009,6680.0
BHR,2009,18940.0
BHS,2009,27920.0
BIH,2009,4790.0
BLR,2009,5660.0
BLZ,2009,5280.0
BOL,2009,1600.0
BRA,2009,8400.0
BRB,2009,16150.0
BRN,2009,35470.0
BTN,2009,1980.0
BWA,2009,4890.0
CAF,2009,460.0
CAN,2009,43230.0
CEB,2009,12736.714614358334
CHE,2009,71800.0
CHL,2009,9880.0
CHN,2009,3740.0
CIV,2009,1080.0
CMR,2009,1460.0
COD,2009,300.0
COG,2009,2410.0
COL,2009,5200.0
COM,2009,1440.0
CPV,2009,3650.0
CRI,2009,6570.0
CSS,2009,11996.368530179769
CUB,2009,5080.0
CUW,2009,19100.0
CYP,2009,32820.0
CZE,2009,18790.0
DEU,2009,44470.0
DMA,2009,7080.0
DNK,2009,60300.0
DOM,2009,4860.0
DZA,2009,4570.0
EAP,2009,3246.782241670075
EAR,2009,2493.6867253155465
EAS,2009,6590.425603377733
ECA,2009,5325.793139737832
ECS,2009,24371.360508668004
ECU,2009,3970.0
EGY,2009,1970.0
EMU,2009,39539.39781102188
ERI,2009,520.0
ESP,2009,32630.0
EST,2009,14570.0
ETH,2009,330.0
EUU,2009,34696.141003918936
FCS,2009,1736.2315186964008
FIN,2009,48950.0
FJI,2009,3620.0
FRA,2009,44090.0
FSM,2009,2640.0
GAB,2009,7170.0
GBR,2009,44370.0
GEO,2009,2950.0
GHA,2009,1160.0
GIN,2009,660.0
GMB,2009,820.0
GNB,2009,590.0
GNQ,2009,9950.0
GRC,2009,29030.0
GRD,2009,6390.0
GTM,2009,2610.0
GUY,2009,4160.0
HIC,2009,35055.125418651354
HKG,2009,32350.0
HND,2009,1670.0
HPC,2009,744.4248445779856
HRV,2009,13960.0
HTI,2009,1160.0
HUN,2009,13400.0
IBD,2009,3776.7944751840982
IBT,2009,3098.3492981180893
IDA,2009,980.7335665698191
IDB,2009,1369.531783311427
IDN,2009,2110.0
IDX,2009,768.9922947616554
IMN,2009,46790.0
IND,2009,1110.0
IRL,2009,46810.0
IRN,2009,5260.0
IRQ,2009,4010.0
ISL,2009,43550.0
ISR,2009,28490.0
ITA,2009,37830.0
JAM,2009,4420.0
JOR,2009,3270.0
JPN,2009,39230.0
KAZ,2009,6580.0
KEN,2009,830.0
KGZ,2009,860.0
KHM,2009,840.0
KIR,2009,1850.0
KNA,2009,15840.0
KOR,2009,22960.0
KWT,2009,45410.0
LAC,2009,6987.860017666806
LAO,2009,880.0
LBN,2009,6620.0
LBR,2009,410.0
LBY,2009,11140.0
LCA,2009,8130.0
LCN,2009,7357.866903816746
LDC,2009,743.3117334238092
LIC,2009,727.3062538148874
LKA,2009,1950.0
LMC,2009,1269.4281250204128
LMY,2009,2800.7463135565695
LSO,2009,1190.0
LTE,2009,5181.030209444872
LTU,2009,12480.0
LUX,2009,70650.0
LVA,2009,13360.0
MAC,2009,35520.0
MAR,2009,3150.0
MDA,2009,1950.0
MDG,2009,450.0
MDV,2009,5490.0
MEA,2009,4430.463085710358
MEX,2009,9230.0
MHL,2009,3730.0
MIC,2009,2973.0670396759356
MKD,2009,4860.0
MLI,2009,770.0
MLT,2009,20050.0
MMR,2009,660.0
MNA,2009,2520.3539836023165
MNE,2009,6710.0
MNG,2009,1780.0
MOZ,2009,570.0
MRT,2009,1500.0
MUS,2009,7720.0
MWI,2009,590.0
MYS,2009,7500.0
NAC,2009,47456.97996456478
NAM,2009,4260.0
NER,2009,480.0
NGA,2009,1960.0
NIC,2009,1410.0
NLD,2009,52780.0
NOR,2009,88130.0
NPL,2009,480.0
NRU,2009,4090.0
NZL,2009,29770.0
OED,2009,34659.14747318271
OMN,2009,22010.0
OSS,2009,10173.33021263475
PAK,2009,1020.0
PAN,2009,7120.0
PER,2009,3950.0
PHL,2009,2130.0
PLW,2009,10090.0
PNG,2009,1460.0
POL,2009,12520.0
PRE,2009,1262.3639029355147
PRI,2009,16580.0
PRT,2009,22970.0
PRY,2009,3740.0
PSE,2009,2250.0
PSS,2009,2880.248653090009
PST,2009,39310.254703141894
PYF,2009,27530.0
QAT,2009,63010.0
ROU,2009,9220.0
RUS,2009,9230.0
RWA,2009,540.0
SAS,2009,1067.1628796870348
SAU,2009,19810.0
SDN,2009,1310.0
SEN,2009,1330.0
SGP,2009,37320.0
SLB,2009,1460.0
SLE,2009,650.0
SLV,2009,2870.0
SOM,2009,380.0
SRB,2009,6680.0
SSA,2009,1537.5520696072672
SSF,2009,1416.1905645155664
SST,2009,9656.121762517929
STP,2009,1070.0
SUR,2009,6700.0
SVK,2009,17120.0
SVN,2009,24260.0
SWE,2009,52390.0
SWZ,2009,3120.0
SYC,2009,10310.0
SYR,2009,2250.0
TCD,2009,1020.0
TEA,2009,3284.487592718873
TEC,2009,7499.031255242544
TGO,2009,710.0
THA,2009,4060.0
TJK,2009,790.0
TKM,2009,3260.0
TLA,2009,7310.505306639168
TLS,2009,2370.0
TMN,2009,2522.141128359158
TON,2009,3090.0
TSA,2009,1067.1628796870348
TSS,2009,1416.1905645155657
TTO,2009,16330.0
TUN,2009,4020.0
TUR,2009,9610.0
TUV,2009,4870.0
TZA,2009,660.0
UGA,2009,550.0
UKR,2009,2810.0
UMC,2009,4645.875101740857
URY,2009,9140.0
USA,2009,47910.0
UZB,2009,1150.0
VCT,2009,6530.0
VEN,2009,10230.0
VNM,2009,1120.0
VUT,2009,2500.0
WLD,2009,8968.222225867054
WSM,2009,3160.0
YEM,2009,960.0
ZAF,2009,6350.0
ZMB,2009,1260.0
ZWE,2009,450.0
ABW,2010,23050.0
AFE,2010,1436.126373013978
AFG,2010,530.0
AFW,2010,1545.8681459147683
AGO,2010,3780.0
ALB,2010,4430.0
ARB,2010,5774.981239121055
ARE,2010,42380.0
ARG,2010,9160.0
ARM,2010,3280.0
ATG,2010,14390.0
AUS,2010,46900.0
AUT,2010,49460.0
AZE,2010,5400.0
BDI,2010,200.0
BEL,2010,47110.0
BEN,2010,1020.0
BFA,2010,630.0
BGD,2010,780.0
BGR,2010,7010.0
BHR,2010,19510.0
BHS,2010,27320.0
BIH,2010,4820.0
BLR,2010,6150.0
BLZ,2010,5060.0
BMU,2010,105750.0
BOL,2010,1760.0
BRA,2010,9750.0
BRB,2010,17180.0
BRN,2010,35370.0
BTN,2010,2180.0
BWA,2010,5370.0
CAF,2010,500.0
CAN,2010,44490.0
CEB,2010,12812.164837317185
CHE,2010,79040.0
CHL,2010,10720.0
CHN,2010,4410.0
CIV,2010,1120.0
CMR,2010,1450.0
COD,2010,320.0
COG,2010,2640.0
COL,2010,5690.0
COM,2010,1450.0
CPV,2010,3600.0
CRI,2010,7290.0
CSS,2010,12215.791432929182
CUB,2010,5170.0
CUW,2010,19540.0
CYM,2010,73550.0
CYP,2010,32170.0
CZE,2010,19420.0
DEU,2010,45530.0
DMA,2010,7250.0
DNK,2010,61290.0
DOM,2010,5260.0
DZA,2010,4870.0
EAP,2010,3796.827550525294
EAR,2010,2719.3459868161394
EAS,2010,7412.525760122836
ECA,2010,5789.672706424355
ECS,2010,24616.377759741274
ECU,2010,4290.0
EGY,2010,2200.0
EMU,2010,39716.44292127976
ERI,2010,550.0
ESP,2010,32060.0
EST,2010,14580.0
ETH,2010,370.0
EUU,2010,34932.440652052755
FCS,2010,1872.9429575112308
FIN,2010,49750.0
FJI,2010,3450.0
FRA,2010,44040.0
FRO,2010,49050.0
FSM,2010,2720.0
GAB,2010,7420.0
GBR,2010,42010.0
GEO,2010,3220.0
GHA,2010,1200.0
GIN,2010,680.0
GMB,2010,830.0
GNB,2010,620.0
GNQ,2010,7920.0
GRC,2010,27320.0
GRD,2010,6610.0
GTM,2010,2690.0
GUY,2010,4520.0
HIC,2010,36161.694482468716
HKG,2010,33620.0
HND,2010,1730.0
HPC,2010,776.532497667175
HRV,2010,13890.0
HTI,2010,1140.0
HUN,2010,13250.0
IBD,2010,4220.574747064598
IBT,2010,3442.227841722659
IDA,2010,1044.173029935109
IDB,2010,1430.187782227115
IDN,2010,2490.0
IDX,2010,833.5061277425395
IMN,2010,72410.0
IND,2010,1210.0
IRL,2010,44970.0
IRN,2010,5910.0
IRQ,2010,4390.0
ISL,2010,37950.0
ISR,2010,30820.0
ITA,2010,37720.0
JAM,2010,4490.0
JOR,2010,3510.0
JPN,2010,43910.0
KAZ,2010,7210.0
KEN,2010,930.0
KGZ,2010,850.0
KHM,2010,910.0
KIR,2010,2030.0
KNA,2010,15970.0
KOR,2010,23250.0
KWT,2010,42850.0
LAC,2010,7751.327531182356
LAO,2010,990.0
LBN,2010,7340.0
LBR,2010,440.0
LBY,2010,11550.0
LCA,2010,8240.0
LCN,2010,8153.774428278759
LDC,2010,797.8622999512186
LIC,2010,765.9288217411076
LKA,2010,2360.0
LMC,2010,1377.539408681033
LMY,2010,3137.9711096675273
LSO,2010,1270.0
LTE,2010,5834.185238748142
LTU,2010,12430.0
LUX,2010,77640.0
LVA,2010,12250.0
MAC,2010,45370.0
MAR,2010,3190.0
MDA,2010,2380.0
MDG,2010,450.0
MDV,2010,6000.0
MEA,2010,4719.58455971
MEX,2010,9470.0
MHL,2010,3820.0
MIC,2010,3337.93827325342
MKD,2010,5010.0
MLI,2010,810.0
MLT,2010,21390.0
MMR,2010,880.0
MNA,2010,2704.3612225001034
MNE,2010,6910.0
MNG,2010,1990.0
MOZ,2010,550.0
MRT,2010,1550.0
MUS,2010,8200.0
MWI,2010,650.0
MYS,2010,8130.0
NAC,2010,48725.08802432075
NAM,2010,4520.0
NER,2010,510.0
NGA,2010,2050.0
NIC,2010,1490.0
NLD,2010,54000.0
NOR,2010,88940.0
NPL,2010,530.0
NRU,2010,5080.0
NZL,2010,29750.0
OED,2010,35611.32213572878
OMN,2010,22510.0
OSS,2010,10166.188868357282
PAK,2010,1000.0
PAN,2010,7500.0
PER,2010,4400.0
PHL,2010,2310.0
PLW,2010,10080.0
PNG,2010,1660.0
POL,2010,12730.0
PRE,2010,1324.0508436760315
PRI,2010,16910.0
PRT,2010,23030.0
PRY,2010,4410.0
PSE,2010,2510.0
PSS,2010,2890.1212852436493
PST,2010,40451.58350841702
PYF,2010,26220.0
QAT,2010,72630.0
ROU,2010,8770.0
RUS,2010,9980.0
RWA,2010,590.0
SAS,2010,1170.7086988860679
SAU,2010,21820.0
SDN,2010,1230.0
SEN,2010,1340.0
SGP,2010,44930.0
SLB,2010,1600.0
SLE,2010,690.0
SLV,2010,2940.0
SOM,2010,290.0
SRB,2010,6500.0
SSA,2010,1605.4571754218728
SSF,2010,1481.0142811158614
SST,2010,9702.506988460234
STP,2010,1090.0
SUR,2010,7330.0
SVK,2010,17600.0
SVN,2010,24370.0
SWE,2010,54380.0
SWZ,2010,3260.0
SYC,2010,10160.0
SYR,2010,2480.0
TCD,2010,1150.0
TEA,2010,3840.7537477634155
TEC,2010,7971.7130520939945
TGO,2010,740.0
THA,2010,4490.0
TJK,2010,910.0
TKM,2010,3720.0
TLA,2010,8123.982490597147
TLS,2010,2870.0
TMN,2010,2705.6439685434752
TON,2010,3270.0
TSA,2010,1170.7086988860679
TSS,2010,1481.0142811158612
TTO,2010,16590.0
TUN,2010,4140.0
TUR,2010,10460.0
TUV,2010,4480.0
TZA,2010,720.0
UGA,2010,680.0
UKR,2010,2990.0
UMC,2010,5280.666704416092
URY,2010,10930.0
USA,2010,49180.0
UZB,2010,1420.0
VCT,2010,6310.0
VEN,2010,11660.0
VNM,2010,1370.0
VUT,2010,2580.0
WLD,2010,9404.15208222534
WSM,2010,3430.0
XKX,2010,3120.0
YEM,2010,1040.0
ZAF,2010,6730.0
ZMB,2010,1310.0
ZWE,2010,640.0
ABW,2011,23100.0
AFE,2011,1558.8226279059252
AFG,2011,550.0
AFW,2011,1581.7051686320867
AGO,2011,3960.0
ALB,2011,4460.0
ARB,2011,6088.034559985226
ARE,2011,45610.0
ARG,2011,10590.0
ARM,2011,3360.0
ATG,2011,14100.0
AUS,2011,50570.0
AUT,2011,50380.0
AZE,2011,5490.0
BDI,2011,220.0
BEL,2011,46720.0
BEN,2011,1030.0
BFA,2011,660.0
BGD,2011,870.0
BGR,2011,7260.0
BHR,2011,20040.0
BHS,2011,26990.0
BIH,2011,4900.0
BLR,2011,6350.0
BLZ,2011,5160.0
BMU,2011,102930.0
BOL,2011,1970.0
BRA,2011,11210.0
BRB,2011,17890.0
BRN,2011,36520.0
BTN,2011,2430.0
BWA,2011,6500.0
CAF,2011,510.0
CAN,2011,47190.0
CEB,2011,13022.823387404173
CHE,2011,81330.0
CHL,2011,11860.0
CHN,2011,5130.0
CIV,2011,1020.0
CMR,2011,1470.0
COD,2011,330.0
COG,2011,2580.0
COL,2011,6370.0
COM,2011,1490.0
CPV,2011,3760.0
CRI,2011,8130.0
CSS,2011,11908.547070129194
CUB,2011,5590.0
CUW,2011,19420.0
CYM,2011,73950.0
CYP,2011,32680.0
CZE,2011,19600.0
DEU,2011,48200.0
DMA,2011,7510.0
DNK,2011,62050.0
DOM,2011,5460.0
DZA,2011,5050.0
EAP,2011,4387.270500707806
EAR,2011,2967.714357849333
EAS,2011,8223.329009758638
ECA,2011,6226.154736391028
ECS,2011,25097.70103316804
ECU,2011,4770.0
EGY,2011,2380.0
EMU,2011,40240.47000885872
ERI,2011,650.0
ESP,2011,31170.0
EST,2011,15900.0
ETH,2011,380.0
EUU,2011,35433.59618831885
FCS,2011,1877.4863315642806
FIN,2011,50200.0
FJI,2011,3570.0
FRA,2011,44610.0
FRO,2011,53420.0
FSM,2011,2910.0
GAB,2011,7680.0
GBR,2011,41240.0
GEO,2011,3580.0
GHA,2011,1350.0
GIN,2011,670.0
GMB,2011,710.0
GNB,2011,660.0
GNQ,2011,9170.0
GRC,2011,24470.0
GRD,2011,6730.0
GTM,2011,2850.0
GUY,2011,4860.0
HIC,2011,37462.052491084316
HKG,2011,35690.0
HND,2011,1860.0
HPC,2011,801.2104633862128
HRV,2011,13970.0
HTI,2011,1260.0
HUN,2011,13260.0
IBD,2011,4705.416724842784
IBT,2011,3814.1394041750564
IDA,2011,1102.4804391348093
IDB,2011,1490.5152655473134
IDN,2011,2960.0
IDX,2011,890.3926305970489
IMN,2011,74840.0
IND,2011,1350.0
IRL,2011,42670.0
IRN,2011,6680.0
IRQ,2011,4740.0
ISL,2011,39250.0
ISR,2011,32870.0
ITA,2011,37710.0
JAM,2011,4700.0
JOR,2011,3710.0
JPN,2011,47470.0
KAZ,2011,8030.0
KEN,2011,1010.0
KGZ,2011,870.0
KHM,2011,990.0
KIR,2011,2110.0
KNA,2011,16760.0
KOR,2011,24590.0
KWT,2011,44350.0
LAC,2011,8602.973139400334
LAO,2011,1130.0
LBN,2011,7720.0
LBR,2011,500.0
LBY,2011,6080.0
LCA,2011,8890.0
LCN,2011,8981.704497634977
LDC,2011,844.8478155040427
LIC,2011,779.2518081719068
LKA,2011,2830.0
LMC,2011,1503.227173686559
LMY,2011,3500.2070777138388
LSO,2011,1350.0
LTE,2011,6577.392644251279
LTU,2011,13200.0
LUX,2011,79210.0
LVA,2011,12470.0
MAC,2011,54620.0
MAR,2011,3260.0
MDA,2011,2730.0
MDG,2011,460.0
MDV,2011,6720.0
MEA,2011,5033.128636046654
MEX,2011,9760.0
MHL,2011,3860.0
MIC,2011,3732.679630281965
MKD,2011,5140.0
MLI,2011,830.0
MLT,2011,22030.0
MMR,2011,1040.0
MNA,2011,2816.2020073454896
MNE,2011,7230.0
MNG,2011,2570.0
MOZ,2011,570.0
MRT,2011,1640.0
MUS,2011,8530.0
MWI,2011,710.0
MYS,2011,8890.0
NAC,2011,50292.66890467817
NAM,2011,5160.0
NER,2011,520.0
NGA,2011,2100.0
NIC,2011,1600.0
NLD,2011,54270.0
NOR,2011,90920.0
NPL,2011,620.0
NRU,2011,7000.0
NZL,2011,32250.0
OED,2011,36736.14177327341
OMN,2011,20820.0
OSS,2011,10715.622675303508
PAK,2011,1020.0
PAN,2011,8860.0
PER,2011,4960.0
PHL,2011,2450.0
PLW,2011,10860.0
PNG,2011,1730.0
POL,2011,12900.0
PRE,2011,1371.2272552754318
PRI,2011,17600.0
PRT,2011,22750.0
PRY,2011,4840.0
PSE,2011,2880.0
PSS,2011,3028.7784963534414
PST,2011,41782.373891666786
PYF,2011,25270.0
QAT,2011,83540.0
ROU,2011,9080.0
RUS,2011,11060.0
RWA,2011,640.0
SAS,2011,1310.147985033567
SAU,2011,24110.0
SDN,2011,1250.0
SEN,2011,1310.0
SGP,2011,48250.0
SLB,2011,1690.0
SLE,2011,710.0
SLV,2011,3120.0
SOM,2011,250.0
SRB,2011,6380.0
SSA,2011,1701.2723182712436
SSF,2011,1568.149314571039
SST,2011,9985.559360624546
STP,2011,1140.0
SUR,2011,7620.0
SVK,2011,17560.0
SVN,2011,24340.0
SWE,2011,56450.0
SWZ,2011,3620.0
SXM,2011,26550.0
SYC,2011,11150.0
SYR,2011,2600.0
TCD,2011,1190.0
TEA,2011,4437.8308833850515
TEC,2011,8571.19673143689
TGO,2011,800.0
THA,2011,4840.0
TJK,2011,1000.0
TKM,2011,4300.0
TLA,2011,8961.363686584165
TLS,2011,3740.0
TMN,2011,2815.7982870660726
TON,2011,3660.0
TSA,2011,1310.147985033567
TSS,2011,1568.1493145710394
TTO,2011,15060.0
TUN,2011,4060.0
TUR,2011,11260.0
TUV,2011,4720.0
TZA,2011,760.0
UGA,2011,860.0
UKR,2011,3100.0
UMC,2011,5961.325978965866
URY,2011,12730.0
USA,2011,50620.0
UZB,2011,1760.0
VCT,2011,6390.0
VEN,2011,11860.0
VNM,2011,1630.0
VUT,2011,2790.0
WLD,2011,9888.749929697755
WSM,2011,3570.0
XKX,2011,3390.0
YEM,2011,930.0
ZAF,2011,7620.0
ZMB,2011,1380.0
ZWE,2011,960.0
ABW,2012,23970.0
AFE,2012,1664.44522327829
AFG,2012,640.0
AFW,2012,1753.2457380665762
AGO,2012,4750.0
ALB,2012,4430.0
ARB,2012,6953.254326714817
ARE,2012,51180.0
ARG,2012,11770.0
ARM,2012,3700.0
ATG,2012,14530.0
AUS,2012,60500.0
AUT,2012,49760.0
AZE,2012,6440.0
BDI,2012,230.0
BEL,2012,47170.0
BEN,2012,1050.0
BFA,2012,710.0
BGD,2012,950.0
BGR,2012,7490.0
BHR,2012,24670.0
BHS,2012,27910.0
BIH,2012,4900.0
BLR,2012,6630.0
BLZ,2012,5330.0
BMU,2012,101910.0
BOL,2012,2220.0
BRA,2012,12460.0
BRB,2012,19740.0
BRN,2012,41690.0
BTN,2012,2620.0
BWA,2012,6910.0
CAF,2012,540.0
CAN,2012,51080.0
CEB,2012,13192.369067715272
CHE,2012,86720.0
CHL,2012,14170.0
CHN,2012,6010.0
CIV,2012,1140.0
CMR,2012,1470.0
COD,2012,380.0
COG,2012,3330.0
COL,2012,7340.0
COM,2012,1510.0
CPV,2012,3730.0
CRI,2012,9330.0
CSS,2012,13231.327573816061
CUB,2012,6090.0
CUW,2012,19330.0
CYM,2012,51150.0
CYP,2012,29760.0
CZE,2012,19650.0
DEU,2012,47480.0
DMA,2012,7530.0
DNK,2012,61570.0
DOM,2012,5700.0
DZA,2012,5630.0
EAP,2012,5126.8723039979795
EAR,2012,3271.8469251596
EAS,2012,9192.841084142085
ECA,2012,6820.352846137905
ECS,2012,25396.582016958044
ECU,2012,5320.0
EGY,2012,2630.0
EMU,2012,39129.85600747664
ESP,2012,29710.0
EST,2012,16910.0
ETH,2012,400.0
EUU,2012,34677.16938571691
FCS,2012,2093.345770923668
FIN,2012,48820.0
FJI,2012,3910.0
FRA,2012,43500.0
FRO,2012,56500.0
FSM,2012,3020.0
GAB,2012,8610.0
GBR,2012,41940.0
GEO,2012,4250.0
GHA,2012,1490.0
GIN,2012,680.0
GMB,2012,710.0
GNB,2012,630.0
GNQ,2012,11060.0
GRC,2012,22750.0
GRD,2012,6700.0
GTM,2012,3090.0
GUY,2012,5350.0
HIC,2012,38882.132531059055
HKG,2012,36340.0
HND,2012,1950.0
HPC,2012,836.8311054969732
HRV,2012,13520.0
HTI,2012,1320.0
HUN,2012,13080.0
IBD,2012,5337.225277834417
IBT,2012,4303.251189966471
IDA,2012,1193.3182466752187
IDB,2012,1666.8786386132076
IDN,2012,3520.0
IDX,2012,934.2310329438991
IMN,2012,82400.0
IND,2012,1460.0
IRL,2012,41070.0
IRN,2012,7310.0
IRQ,2012,5980.0
ISL,2012,42440.0
ISR,2012,33560.0
ITA,2012,35970.0
JAM,2012,5100.0
JOR,2012,3970.0
JPN,2012,50060.0
KAZ,2012,9640.0
KEN,2012,1060.0
KGZ,2012,1030.0
KHM,2012,1110.0
KIR,2012,2630.0
KNA,2012,17010.0
KOR,2012,26780.0
KWT,2012,50830.0
LAC,2012,9497.887083149539
LAO,2012,1350.0
LBN,2012,8000.0
LBR,2012,540.0
LBY,2012,13310.0
LCA,2012,9000.0
LCN,2012,9912.772600842398
LDC,2012,912.5821294712877
LIC,2012,755.4564311249578
LKA,2012,3340.0
LMC,2012,1657.931256116396
LMY,2012,3946.6505276880443
LSO,2012,1490.0
LTE,2012,7561.9956604250265
LTU,2012,14040.0
LUX,2012,87950.0
LVA,2012,13430.0
MAC,2012,60370.0
MAR,2012,3230.0
MDA,2012,3140.0
MDG,2012,470.0
MDV,2012,6810.0
MEA,2012,5667.244984585458
MEX,2012,10500.0
MHL,2012,3860.0
MIC,2012,4222.601203142388
MKD,2012,5090.0
MLI,2012,830.0
MLT,2012,22450.0
MMR,2012,1170.0
MNA,2012,3141.634997605554
MNE,2012,6980.0
MNG,2012,3630.0
MOZ,2012,630.0
MRT,2012,1800.0
MUS,2012,9690.0
MWI,2012,650.0
MYS,2012,9980.0
NAC,2012,52467.805742108496
NAM,2012,5730.0
NER,2012,550.0
NGA,2012,2360.0
NIC,2012,1700.0
NLD,2012,52070.0
NOR,2012,99750.0
NPL,2012,750.0
NRU,2012,9650.0
NZL,2012,36780.0
OED,2012,37833.22863396216
OMN,2012,21960.0
OSS,2012,11053.080539334322
PAK,2012,1110.0
PAN,2012,9870.0
PER,2012,5780.0
PHL,2012,2780.0
PLW,2012,11320.0
PNG,2012,2150.0
POL,2012,13170.0
PRE,2012,1531.7781456723367
PRI,2012,18550.0
PRT,2012,21220.0
PRY,2012,5170.0
PSE,2012,3210.0
PSS,2012,3251.6554495058513
PST,2012,43001.559181288896
PYF,2012,24050.0
QAT,2012,92500.0
ROU,2012,9260.0
RUS,2012,13470.0
RWA,2012,690.0
SAS,2012,1424.79537220007
SAU,2012,27610.0
SDN,2012,1120.0
SEN,2012,1320.0
SGP,2012,51710.0
SLB,2012,1820.0
SLE,2012,830.0
SLV,2012,3280.0
SOM,2012,280.0
SRB,2012,6310.0
SSA,2012,1846.4866877089657
SSF,2012,1700.6582100865144
SST,2012,10540.187786610599
STP,2012,1160.0
SUR,2012,8220.0
SVK,2012,17830.0
SVN,2012,23010.0
SWE,2012,58840.0
SWZ,2012,4010.0
SXM,2012,26910.0
SYC,2012,12540.0
SYR,2012,1980.0
TCD,2012,1310.0
TEA,2012,5185.671126501112
TEC,2012,9679.52458166132
TGO,2012,790.0
THA,2012,5400.0
TJK,2012,1130.0
TKM,2012,5040.0
TLA,2012,9902.92485901963
TLS,2012,3570.0
TMN,2012,3141.21439486701
TON,2012,4130.0
TSA,2012,1424.79537220007
TSS,2012,1700.658210086514
TTO,2012,17960.0
TUN,2012,4250.0
TUR,2012,11950.0
TUV,2012,4440.0
TZA,2012,810.0
UGA,2012,830.0
UKR,2012,3600.0
UMC,2012,6805.578281705435
URY,2012,14230.0
USA,2012,52610.0
UZB,2012,2200.0
VCT,2012,6720.0
VEN,2012,12480.0
VNM,2012,1980.0
VUT,2012,2840.0
WLD,2012,10468.977515187482
WSM,2012,3590.0
XKX,2012,3540.0
YEM,2012,1080.0
ZAF,2012,8220.0
ZMB,2012,1640.0
ZWE,2012,1150.0
ABW,2013,24830.0
AFE,2013,1689.98746939179
AFG,2013,670.0
AFW,2013,1910.249528292723
AGO,2013,5330.0
ALB,2013,4690.0
ARB,2013,7360.490201434982
ARE,2013,53780.0
ARG,2013,12760.0
ARM,2013,3940.0
ATG,2013,14500.0
AUS,2013,66360.0
AUT,2013,50260.0
AZE,2013,7450.0
BDI,2013,240.0
BEL,2013,47950.0
BEN,2013,1140.0
BFA,2013,750.0
BGD,2013,1010.0
BGR,2013,7700.0
BHR,2013,25970.0
BHS,2013,26870.0
BIH,2013,5170.0
BLR,2013,7030.0
BLZ,2013,5580.0
BMU,2013,104040.0
BOL,2013,2550.0
BRA,2013,12950.0
BRB,2013,19560.0
BRN,2013,44580.0
BTN,2013,2630.0
BWA,2013,6950.0
CAF,2013,360.0
CAN,2013,52800.0
CEB,2013,13442.074086310911
CHE,2013,90590.0
CHL,2013,15080.0
CHN,2013,6860.0
CIV,2013,1240.0
CMR,2013,1530.0
COD,2013,410.0
COG,2013,3560.0
COL,2013,8010.0
COM,2013,1590.0
CPV,2013,3840.0
CRI,2013,9990.0
CSS,2013,13930.457414232164
CUB,2013,6640.0
CUW,2013,19020.0
CYM,2013,44990.0
CYP,2013,27820.0
CZE,2013,19600.0
DEU,2013,48160.0
DMA,2013,7440.0
DNK,2013,63400.0
DOM,2013,5940.0
DZA,2013,5970.0
EAP,2013,5762.390081199486
EAR,2013,3385.0351234150685
EAS,2013,9794.365843418285
ECA,2013,7406.846264343332
ECS,2013,26117.309225906778
ECU,2013,5880.0
EGY,2013,2810.0
EMU,2013,39433.22084388029
ESP,2013,29400.0
EST,2013,18370.0
ETH,2013,450.0
EUU,2013,35049.83027942023
FCS,2013,2113.8019988968767
FIN,2013,49390.0
FJI,2013,4460.0
FRA,2013,43950.0
FRO,2013,59530.0
FSM,2013,3080.0
GAB,2013,8870.0
GBR,2013,42960.0
GEO,2013,4680.0
GHA,2013,1790.0
GIN,2013,680.0
GMB,2013,680.0
GNB,2013,660.0
GNQ,2013,11220.0
GRC,2013,22030.0
GRD,2013,7040.0
GTM,2013,3300.0
GUY,2013,5610.0
HIC,2013,39805.82413735574
HKG,2013,38570.0
HND,2013,1990.0
HPC,2013,886.4244961344523
HRV,2013,13940.0
HTI,2013,1410.0
HUN,2013,13560.0
IBD,2013,5756.507000627626
IBT,2013,4630.309086858338
IDA,2013,1276.1578978092066
IDB,2013,1821.4190311102993
IDN,2013,3670.0
IDX,2013,977.558014502716
IMN,2013,87680.0
IND,2013,1500.0
IRL,2013,44170.0
IRN,2013,7220.0
IRQ,2013,6620.0
ISL,2013,49060.0
ISR,2013,35530.0
ITA,2013,35700.0
JAM,2013,5150.0
JOR,2013,4080.0
JPN,2013,48850.0
KAZ,2013,11490.0
KEN,2013,1130.0
KGZ,2013,1180.0
KHM,2013,1230.0
KIR,2013,3040.0
KNA,2013,18460.0
KOR,2013,28210.0
KWT,2013,53530.0
LAC,2013,9948.84515057249
LAO,2013,1590.0
LBN,2013,7880.0
LBR,2013,610.0
LBY,2013,11960.0
LCA,2013,8710.0
LCN,2013,10265.476438374142
LDC,2013,979.3551908495106
LIC,2013,744.523250295325
LKA,2013,3630.0
LMC,2013,1758.7533663476115
LMY,2013,4259.760785932127
LSO,2013,1440.0
LTE,2013,8363.019856939642
LTU,2013,15310.0
LUX,2013,85160.0
LVA,2013,14340.0
MAC,2013,67830.0
MAR,2013,3350.0
MDA,2013,3620.0
MDG,2013,490.0
MDV,2013,7050.0
MEA,2013,5959.578044686543
MEX,2013,10710.0
MHL,2013,4350.0
MIC,2013,4567.195558622353
MKD,2013,5400.0
MLI,2013,880.0
MLT,2013,23330.0
MMR,2013,1260.0
MNA,2013,3234.8949041020137
MNE,2013,7260.0
MNG,2013,4310.0
MOZ,2013,690.0
MRT,2013,1890.0
MUS,2013,10360.0
MWI,2013,590.0
MYS,2013,10590.0
NAC,2013,53734.02014924313
NAM,2013,5900.0
NER,2013,570.0
NGA,2013,2600.0
NIC,2013,1760.0
NLD,2013,52460.0
NOR,2013,104830.0
NPL,2013,840.0
NRU,2013,11330.0
NZL,2013,39970.0
OED,2013,38519.30536986547
OMN,2013,22920.0
OSS,2013,11436.322325091516
PAK,2013,1210.0
PAN,2013,10950.0
PER,2013,6410.0
PHL,2013,3060.0
PLW,2013,11740.0
PNG,2013,2340.0
POL,2013,13290.0
PRE,2013,1661.526209977823
PRI,2013,18960.0
PRT,2013,21380.0
PRY,2013,5970.0
PSE,2013,3470.0
PSS,2013,3604.289170056345
PST,2013,43800.44182946324
PYF,2013,24290.0
QAT,2013,96800.0
ROU,2013,9390.0
RUS,2013,15160.0
RWA,2013,710.0
SAS,2013,1466.6043121301768
SAU,2013,28620.0
SDN,2013,1060.0
SEN,2013,1350.0
SGP,2013,54470.0
SLB,2013,2090.0
SLE,2013,970.0
SLV,2013,3410.0
SOM,2013,340.0
SRB,2013,6630.0
SSA,2013,1928.3919272425214
SSF,2013,1779.8015894055359
SST,2013,10990.270165728005
STP,2013,1320.0
SUR,2013,8610.0
SVK,2013,18280.0
SVN,2013,23040.0
SWE,2013,61530.0
SWZ,2013,4120.0
SXM,2013,27400.0
SYC,2013,12350.0
SYR,2013,1270.0
TCD,2013,1310.0
TEA,2013,5828.180821177696
TEC,2013,10540.64256311558
TGO,2013,830.0
THA,2013,5580.0
TJK,2013,1300.0
TKM,2013,5880.0
TLA,2013,10252.959841308008
TLS,2013,3190.0
TMN,2013,3233.3195180250773
TON,2013,4330.0
TSA,2013,1466.6043121301768
TSS,2013,1779.8015894055354
TTO,2013,20110.0
TUN,2013,4300.0
TUR,2013,12640.0
TUV,2013,5610.0
TZA,2013,880.0
UGA,2013,810.0
UKR,2013,3900.0
UMC,2013,7415.279927160358
URY,2013,16480.0
USA,2013,53830.0
UZB,2013,2470.0
VCT,2013,6980.0
VEN,2013,10340.0
VNM,2013,2200.0
VUT,2013,3030.0
WLD,2013,10838.364841552218
WSM,2013,3750.0
XKX,2013,3800.0
YEM,2013,1230.0
ZAF,2013,7930.0
ZMB,2013,1710.0
ZWE,2013,1220.0
ABW,2014,25260.0
AFE,2014,1667.0731235229766
AFG,2014,640.0
AFW,2014,2075.4229080302925
AGO,2014,5430.0
ALB,2014,4750.0
ARB,2014,7407.961859897135
ARE,2014,53360.0
ARG,2014,12240.0
ARM,2014,4000.0
ATG,2014,14830.0
AUS,2014,65500.0
AUT,2014,49960.0
AZE,2014,7740.0
BDI,2014,240.0
BEL,2014,48050.0
BEN,2014,1180.0
BFA,2014,730.0
BGD,2014,1080.0
BGR,2014,7850.0
BHR,2014,25480.0
BHS,2014,27220.0
BIH,2014,5180.0
BLR,2014,7620.0
BLZ,2014,5670.0
BMU,2014,102450.0
BOL,2014,2800.0
BRA,2014,12280.0
BRB,2014,19730.0
BRN,2014,42370.0
BTN,2014,2670.0
BWA,2014,6990.0
CAF,2014,380.0
CAN,2014,52200.0
CEB,2014,13623.668325140272
CHE,2014,88250.0
CHL,2014,14690.0
CHN,2014,7600.0
CIV,2014,1860.0
CMR,2014,1570.0
COD,2014,440.0
COG,2014,3800.0
COL,2014,8280.0
COM,2014,1590.0
CPV,2014,3750.0
CRI,2014,10410.0
CSS,2014,14200.79060960395
CUB,2014,6850.0
CUW,2014,18980.0
CYM,2014,43420.0
CYP,2014,26350.0
CZE,2014,19080.0
DEU,2014,48610.0
DMA,2014,7670.0
DNK,2014,63650.0
DOM,2014,6230.0
DZA,2014,6030.0
EAP,2014,6271.237578472424
EAR,2014,3388.551379063672
EAS,2014,10027.864705501252
ECA,2014,7411.974639824342
ECS,2014,26183.818746708843
ECU,2014,6190.0
EGY,2014,3000.0
EMU,2014,39441.60496229886
ESP,2014,29350.0
EST,2014,19210.0
ETH,2014,530.0
EUU,2014,35111.23060835321
FCS,2014,2058.566974771751
FIN,2014,49210.0
FJI,2014,4740.0
FRA,2014,43470.0
FRO,2014,60430.0
FSM,2014,3070.0
GAB,2014,8880.0
GBR,2014,44780.0
GEO,2014,4850.0
GHA,2014,1830.0
GIN,2014,730.0
GMB,2014,600.0
GNB,2014,660.0
GNQ,2014,10610.0
GRC,2014,21670.0
GRD,2014,7170.0
GTM,2014,3460.0
GUY,2014,5640.0
HIC,2014,39955.626273210175
HKG,2014,40240.0
HND,2014,1980.0
HPC,2014,942.2950340575832
HRV,2014,13810.0
HTI,2014,1460.0
HUN,2014,13630.0
IBD,2014,5922.935921550265
IBT,2014,4766.31684282788
IDA,2014,1357.0676265832371
IDB,2014,1986.8741845585828
IDN,2014,3570.0
IDX,2014,1012.1773759100073
IMN,2014,88570.0
IND,2014,1540.0
IRL,2014,47580.0
IRN,2014,6660.0
IRQ,2014,6440.0
ISL,2014,50120.0
ISR,2014,37080.0
ITA,2014,35370.0
JAM,2014,5060.0
JOR,2014,3980.0
JPN,2014,44440.0
KAZ,2014,11720.0
KEN,2014,1250.0
KGZ,2014,1230.0
KHM,2014,1330.0
KIR,2014,3260.0
KNA,2014,18850.0
KOR,2014,29480.0
KWT,2014,51350.0
LAC,2014,9771.104126931345
LAO,2014,1810.0
LBN,2014,7440.0
LBR,2014,620.0
LBY,2014,9130.0
LCA,2014,9040.0
LCN,2014,10009.864317385727
LDC,2014,1020.2873701058624
LIC,2014,749.0552082589597
LKA,2014,3810.0
LMC,2014,1845.2100007897477
LMY,2014,4423.417843613327
LSO,2014,1330.0
LTE,2014,8778.545147073026
LTU,2014,16020.0
LUX,2014,86760.0
LVA,2014,14810.0
MAC,2014,68530.0
MAR,2014,3330.0
MDA,2014,3730.0
MDG,2014,500.0
MDV,2014,7720.0
MEA,2014,5955.742820913005
MEX,2014,10950.0
MHL,2014,4560.0
MIC,2014,4748.501604239889
MKD,2014,5630.0
MLI,2014,900.0
MLT,2014,24590.0
MMR,2014,1260.0
MNA,2014,3165.034948547914
MNE,2014,7280.0
MNG,2014,4180.0
MOZ,2014,710.0
MRT,2014,1780.0
MUS,2014,10710.0
MWI,2014,530.0
MYS,2014,10840.0
NAC,2014,55269.155607481574
NAM,2014,5690.0
NER,2014,590.0
NGA,2014,2870.0
NIC,2014,1850.0
NLD,2014,52220.0
NOR,2014,105070.0
NPL,2014,860.0
NRU,2014,12530.0
NZL,2014,41720.0
OED,2014,38651.08893960055
OMN,2014,22060.0
OSS,2014,11365.038416262665
PAK,2014,1250.0
PAN,2014,11520.0
PER,2014,6520.0
PHL,2014,3220.0
PLW,2014,12740.0
PNG,2014,2790.0
POL,2014,13540.0
PRE,2014,1756.1262397275889
PRI,2014,19010.0
PRT,2014,21210.0
PRY,2014,6290.0
PSE,2014,3560.0
PSS,2014,3729.9123215685904
PST,2014,43958.979346126194
PYF,2014,23990.0
QAT,2014,92440.0
ROU,2014,9760.0
RUS,2014,14590.0
RWA,2014,720.0
SAS,2014,1513.5314029883557
SAU,2014,29080.0
SDN,2014,1130.0
SEN,2014,1370.0
SGP,2014,56380.0
SLB,2014,2090.0
SLE,2014,970.0
SLV,2014,3480.0
SOM,2014,410.0
SRB,2014,6450.0
SSA,2014,1979.4018065191285
SSF,2014,1833.6077962475213
SST,2014,11021.734404957628
STP,2014,1430.0
SUR,2014,8900.0
SVK,2014,18380.0
SVN,2014,23400.0
SWE,2014,61350.0
SWZ,2014,3890.0
SXM,2014,29620.0
SYC,2014,13340.0
SYR,2014,1070.0
TCD,2014,1260.0
TEA,2014,6342.570970043811
TEC,2014,10465.747838245417
TGO,2014,850.0
THA,2014,5620.0
TJK,2014,1320.0
TKM,2014,6480.0
TLA,2014,9986.600550941399
TLS,2014,2700.0
TMN,2014,3162.381416224722
TON,2014,4360.0
TSA,2014,1513.5314029883557
TSS,2014,1833.6077962475206
TTO,2014,20620.0
TUN,2014,4310.0
TUR,2014,12670.0
TUV,2014,4750.0
TZA,2014,970.0
UGA,2014,830.0
UKR,2014,3500.0
UMC,2014,7714.2802694546535
URY,2014,17140.0
USA,2014,55600.0
UZB,2014,2650.0
VCT,2014,6860.0
VEN,2014,8390.0
VNM,2014,2390.0
VUT,2014,3030.0
WLD,2014,10945.12387776276
WSM,2014,3830.0
XKX,2014,3900.0
YEM,2014,1250.0
ZAF,2014,7230.0
ZMB,2014,1740.0
ZWE,2014,1270.0
ABW,2015,25430.0
AFE,2015,1550.5424026018113
AFG,2015,590.0
AFW,2015,1989.4881982760994
AGO,2015,4450.0
ALB,2015,4660.0
ARB,2015,6936.644789507251
ARE,2015,49990.0
ARG,2015,12500.0
ARM,2015,3910.0
ATG,2015,14550.0
AUS,2015,60780.0
AUT,2015,47190.0
AZE,2015,6610.0
BDI,2015,240.0
BEL,2015,45520.0
BEN,2015,1100.0
BFA,2015,680.0
BGD,2015,1200.0
BGR,2015,7620.0
BHR,2015,23640.0
BHS,2015,27620.0
BIH,2015,5140.0
BLR,2015,6740.0
BLZ,2015,5790.0
BMU,2015,103940.0
BOL,2015,2920.0
BRA,2015,10330.0
BRB,2015,19150.0
BRN,2015,38180.0
BTN,2015,2740.0
BWA,2015,6140.0
CAF,2015,390.0
CAN,2015,47580.0
CEB,2015,13304.617877666797
CHE,2015,86810.0
CHL,2015,14080.0
CHN,2015,8040.0
CIV,2015,1880.0
CMR,2015,1530.0
COD,2015,460.0
COG,2015,3080.0
COL,2015,7420.0
COM,2015,1480.0
CPV,2015,3620.0
CRI,2015,10770.0
CSS,2015,14134.7073429995
CUB,2015,7270.0
CUW,2015,18780.0
CYM,2015,44430.0
CYP,2015,25650.0
CZE,2015,18340.0
DEU,2015,46590.0
DMA,2015,7510.0
DNK,2015,60350.0
DOM,2015,6470.0
DZA,2015,5390.0
EAP,2015,6528.668300407036
EAR,2015,3277.712411910373
EAS,2015,9917.498947205077
ECA,2015,6953.229677809314
ECS,2015,24781.85325197246
ECU,2015,5970.0
EGY,2015,3100.0
EMU,2015,37752.083556997895
ESP,2015,28700.0
EST,2015,18900.0
ETH,2015,570.0
EUU,2015,33663.61188349114
FCS,2015,1819.168450978961
FIN,2015,46860.0
FJI,2015,4820.0
FRA,2015,41130.0
FRO,2015,57670.0
FSM,2015,3440.0
GAB,2015,7610.0
GBR,2015,44630.0
GEO,2015,4500.0
GHA,2015,1880.0
GIN,2015,740.0
GMB,2015,590.0
GNB,2015,670.0
GNQ,2015,8720.0
GRC,2015,19920.0
GRD,2015,7410.0
GTM,2015,3610.0
GUY,2015,5530.0
HIC,2015,38525.71784401394
HKG,2015,41180.0
HND,2015,2030.0
HPC,2015,935.7937023511575
HRV,2015,13580.0
HTI,2015,1430.0
HUN,2015,13310.0
IBD,2015,5750.329026480189
IBT,2015,4627.205752188562
IDA,2015,1352.9060378221704
IDB,2015,1966.4669278743975
IDN,2015,3390.0
IDX,2015,1017.2763402445809
IMN,2015,83630.0
IND,2015,1580.0
IRL,2015,52340.0
IRN,2015,5460.0
IRQ,2015,5460.0
ISL,2015,52540.0
ISR,2015,36980.0
ITA,2015,33460.0
JAM,2015,4940.0
JOR,2015,3840.0
JPN,2015,39380.0
KAZ,2015,11040.0
KEN,2015,1320.0
KGZ,2015,1160.0
KHM,2015,1430.0
KIR,2015,3490.0
KNA,2015,18670.0
KOR,2015,30130.0
KWT,2015,41830.0
LAC,2015,8920.154720662655
LAO,2015,1960.0
LBN,2015,7360.0
LBR,2015,620.0
LBY,2015,8370.0
LCA,2015,9020.0
LCN,2015,9088.337291244918
LDC,2015,998.7938979716474
LIC,2015,718.6997162729695
LKA,2015,3920.0
LMC,2015,1865.2945435749202
LMY,2015,4371.295790164028
LSO,2015,1280.0
LTE,2015,8614.292588025366
LTU,2015,15220.0
LUX,2015,73530.0
LVA,2015,14580.0
MAC,2015,57990.0
MAR,2015,3300.0
MDA,2015,3290.0
MDG,2015,470.0
MDV,2015,8210.0
MEA,2015,5553.541150876277
MEX,2015,10580.0
MHL,2015,4980.0
MIC,2015,4698.522639225498
MKD,2015,5550.0
MLI,2015,890.0
MLT,2015,25470.0
MMR,2015,1230.0
MNA,2015,2910.4051852027337
MNE,2015,7150.0
MNG,2015,3770.0
MOZ,2015,670.0
MRT,2015,1680.0
MUS,2015,10650.0
MWI,2015,510.0
MYS,2015,10350.0
NAC,2015,55527.44332828279
NAM,2015,5180.0
NER,2015,560.0
NGA,2015,2760.0
NIC,2015,1910.0
NLD,2015,49670.0
NOR,2015,93440.0
NPL,2015,870.0
NRU,2015,12220.0
NZL,2015,40670.0
OED,2015,37508.88227730806
OMN,2015,20560.0
OSS,2015,11107.49910783939
PAK,2015,1280.0
PAN,2015,12570.0
PER,2015,6340.0
PHL,2015,3280.0
PLW,2015,14190.0
PNG,2015,2520.0
POL,2015,13320.0
PRE,2015,1641.4357529522233
PRI,2015,19080.0
PRT,2015,20450.0
PRY,2015,6100.0
PSE,2015,3670.0
PSS,2015,3774.575401358742
PST,2015,42702.71352372718
PYF,2015,23060.0
QAT,2015,80370.0
ROU,2015,9610.0
RUS,2015,11740.0
RWA,2015,740.0
SAS,2015,1561.6737212223998
SAU,2015,26580.0
SDN,2015,1180.0
SEN,2015,1310.0
SGP,2015,53160.0
SLB,2015,2010.0
SLE,2015,950.0
SLV,2015,3520.0
SOM,2015,440.0
SRB,2015,6210.0
SSA,2015,1858.8290808692475
SSF,2015,1729.5575308088319
SST,2015,10844.750701041565
STP,2015,1400.0
SUR,2015,8550.0
SVK,2015,17800.0
SVN,2015,22080.0
SWE,2015,57900.0
SWZ,2015,3540.0
SXM,2015,31890.0
SYC,2015,14750.0
SYR,2015,900.0
TCD,2015,1130.0
TEA,2015,6602.701700173266
TEC,2015,9259.571621501365
TGO,2015,840.0
THA,2015,5560.0
TJK,2015,1230.0
TKM,2015,6300.0
TLA,2015,9033.789187474278
TLS,2015,2180.0
TMN,2015,2905.273811224916
TON,2015,4220.0
TSA,2015,1561.6737212223998
TSS,2015,1729.5575308088319
TTO,2015,20650.0
TUN,2015,4130.0
TUR,2015,12080.0
TUV,2015,5650.0
TZA,2015,970.0
UGA,2015,850.0
UKR,2015,2760.0
UMC,2015,7613.028290311741
URY,2015,17070.0
USA,2015,56400.0
UZB,2015,2790.0
VCT,2015,7110.0
VEN,2015,5290.0
VNM,2015,2460.0
VUT,2015,2980.0
WLD,2015,10591.494135641366
WSM,2015,3970.0
XKX,2015,3930.0
YEM,2015,1030.0
ZAF,2015,6450.0
ZMB,2015,1530.0
ZWE,2015,1330.0
ABW,2016,25560.0
AFE,2016,1405.9363797312144
AFG,2016,560.0
AFW,2016,1765.9293613195198
AGO,2016,2910.0
ALB,2016,4670.0
ARB,2016,6479.267311699552
ARE,2016,46180.0
ARG,2016,12130.0
ARM,2016,3690.0
ATG,2016,15080.0
AUS,2016,54330.0
AUT,2016,45980.0
AZE,2016,4790.0
BDI,2016,240.0
BEL,2016,43240.0
BEN,2016,1040.0
BFA,2016,650.0
BGD,2016,1400.0
BGR,2016,7630.0
BHR,2016,22720.0
BHS,2016,27820.0
BIH,2016,5070.0
BLR,2016,5640.0
BLZ,2016,5640.0
BMU,2016,105430.0
BOL,2016,3000.0
BRA,2016,9050.0
BRB,2016,19200.0
BRN,2016,32570.0
BTN,2016,2880.0
BWA,2016,6060.0
CAF,2016,400.0
CAN,2016,43900.0
CEB,2016,12898.90784688105
CHE,2016,83360.0
CHL,2016,13310.0
CHN,2016,8360.0
CIV,2016,1880.0
CMR,2016,1470.0
COD,2016,460.0
COG,2016,2260.0
COL,2016,6560.0
COM,2016,1410.0
CPV,2016,3580.0
CRI,2016,11170.0
CSS,2016,13101.304188390244
CUB,2016,7530.0
CUW,2016,18260.0
CYM,2016,47830.0
CYP,2016,24400.0
CZE,2016,17660.0
DEU,2016,45340.0
DMA,2016,8000.0
DNK,2016,57830.0
DOM,2016,6750.0
DZA,2016,4920.0
EAP,2016,6739.833859455213
EAR,2016,3226.881711373726
EAS,2016,9999.933946046971
ECA,2016,6316.046149063397
ECS,2016,23486.362139585115
ECU,2016,5750.0
EGY,2016,3200.0
EMU,2016,36418.07052095466
ESP,2016,27760.0
EST,2016,18640.0
ETH,2016,620.0
EUU,2016,32465.905859863014
FCS,2016,1609.4760583317
FIN,2016,45160.0
FJI,2016,5010.0
FRA,2016,39020.0
FRO,2016,57410.0
FSM,2016,3390.0
GAB,2016,6770.0
GBR,2016,43310.0
GEO,2016,4180.0
GHA,2016,1760.0
GIN,2016,760.0
GMB,2016,590.0
GNB,2016,670.0
GNQ,2016,6660.0
GRC,2016,18500.0
GRD,2016,8000.0
GTM,2016,3760.0
GUY,2016,5610.0
HIC,2016,37535.70258505534
HKG,2016,42970.0
HND,2016,2090.0
HPC,2016,905.7533956675725
HRV,2016,13080.0
HTI,2016,1380.0
HUN,2016,13230.0
IBD,2016,5631.499144857952
IBT,2016,4521.2634419608175
IDA,2016,1322.1332082624428
IDB,2016,1869.7320802091863
IDN,2016,3370.0
IDX,2016,1023.3319871972008
IMN,2016,78690.0
IND,2016,1670.0
IRL,2016,52880.0
IRN,2016,5530.0
IRQ,2016,5060.0
ISL,2016,58410.0
ISR,2016,37310.0
ITA,2016,32400.0
JAM,2016,4990.0
JOR,2016,3810.0
JPN,2016,38460.0
KAZ,2016,8500.0
KEN,2016,1490.0
KGZ,2016,1090.0
KHM,2016,1550.0
KIR,2016,2990.0
KNA,2016,19640.0
KOR,2016,30850.0
KWT,2016,34920.0
LAC,2016,8156.339738362252
LAO,2016,2110.0
LBN,2016,7670.0
LBR,2016,610.0
LBY,2016,7670.0
LCA,2016,9710.0
LCN,2016,8304.865781708173
LDC,2016,965.9169930972153
LIC,2016,669.360097624719
LKA,2016,4020.0
LMC,2016,1891.6735598036078
LMY,2016,4328.89587977493
LSO,2016,1240.0
LTE,2016,8458.867799617925
LTU,2016,14890.0
LUX,2016,73730.0
LVA,2016,14300.0
MAC,2016,59670.0
MAR,2016,3150.0
MDA,2016,3170.0
MDG,2016,450.0
MDV,2016,8720.0
MEA,2016,5334.749230553892
MEX,2016,9740.0
MHL,2016,5060.0
MIC,2016,4661.366215861184
MKD,2016,5440.0
MLI,2016,870.0
MLT,2016,23820.0
MMR,2016,1230.0
MNA,2016,2885.221194880008
MNE,2016,7020.0
MNG,2016,3460.0
MOZ,2016,550.0
MRT,2016,1540.0
MUS,2016,10650.0
MWI,2016,490.0
MYS,2016,9800.0
NAC,2016,55608.07621902096
NAM,2016,4580.0
NER,2016,530.0
NGA,2016,2370.0
NIC,2016,1980.0
NLD,2016,46960.0
NOR,2016,81870.0
NPL,2016,860.0
NRU,2016,11680.0
NZL,2016,39460.0
OED,2016,36658.24118023222
OMN,2016,18550.0
OSS,2016,10818.839803735913
PAK,2016,1360.0
PAN,2016,13180.0
PER,2016,6130.0
PHL,2016,3350.0
PLW,2016,15000.0
PNG,2016,2410.0
POL,2016,12740.0
PRE,2016,1460.3719174073121
PRI,2016,19290.0
PRT,2016,19950.0
PRY,2016,5880.0
PSE,2016,3900.0
PSS,2016,3815.8123092142837
PST,2016,41927.28770570809
PYF,2016,22170.0
QAT,2016,69170.0
ROU,2016,9460.0
RUS,2016,9680.0
RWA,2016,730.0
SAS,2016,1664.0459895569802
SAU,2016,23940.0
SDN,2016,1140.0
SEN,2016,1270.0
SGP,2016,53470.0
SLB,2016,2000.0
SLE,2016,930.0
SLV,2016,3600.0
SOM,2016,450.0
SRB,2016,5920.0
SSA,2016,1656.4431498772462
SSF,2016,1552.7801753174692
SST,2016,10420.208221222796
STP,2016,1420.0
SUR,2016,6660.0
SVK,2016,16900.0
SVN,2016,21610.0
SWE,2016,53850.0
SWZ,2016,3270.0
SXM,2016,35260.0
SYC,2016,15630.0
SYR,2016,750.0
TCD,2016,940.0
TEA,2016,6816.029784707063
TEC,2016,8188.873561358655
TGO,2016,800.0
THA,2016,5550.0
TJK,2016,1090.0
TKM,2016,6080.0
TLA,2016,8225.11140138931
TLS,2016,1730.0
TMN,2016,2878.311751071655
TON,2016,4280.0
TSA,2016,1664.0459895569802
TSS,2016,1552.7801753174695
TTO,2016,17870.0
TUN,2016,3930.0
TUR,2016,11350.0
TUV,2016,5450.0
TZA,2016,960.0
UGA,2016,810.0
UKR,2016,2330.0
UMC,2016,7530.441349858765
URY,2016,16490.0
USA,2016,56900.0
UZB,2016,2840.0
VCT,2016,7480.0
VEN,2016,3680.0
VNM,2016,2560.0
VUT,2016,2970.0
WLD,2016,10335.104424531602
WSM,2016,4120.0
XKX,2016,3930.0
YEM,2016,970.0
ZAF,2016,5880.0
ZMB,2016,1320.0
ZWE,2016,1240.0
ABW,2017,26460.0
AFE,2017,1370.752263740241
AFG,2017,530.0
AFW,2017,1584.3418558812266
AGO,2017,2400.0
ALB,2017,4700.0
ARB,2017,6048.461306863939
ARE,2017,42230.0
ARG,2017,13070.0
ARM,2017,3900.0
ATG,2017,15860.0
AUS,2017,51700.0
AUT,2017,44800.0
AZE,2017,4110.0
BDI,2017,240.0
BEL,2017,42310.0
BEN,2017,1020.0
BFA,2017,650.0
BGD,2017,1640.0
BGR,2017,7900.0
BHR,2017,22360.0
BHS,2017,29570.0
BIH,2017,5070.0
BLR,2017,5320.0
BLZ,2017,5490.0
BMU,2017,113460.0
BOL,2017,3250.0
BRA,2017,8830.0
BRB,2017,19370.0
BRN,2017,29230.0
BTN,2017,2960.0
BWA,2017,6210.0
CAF,2017,420.0
CAN,2017,42900.0
CEB,2017,13154.496267062283
CHE,2017,80770.0
CHL,2017,13200.0
CHN,2017,8830.0
CIV,2017,1870.0
CMR,2017,1410.0
COD,2017,440.0
COG,2017,1740.0
COL,2017,6030.0
COM,2017,1380.0
CPV,2017,3620.0
CRI,2017,11580.0
CSS,2017,12922.971444213563
CUB,2017,8010.0
CUW,2017,18230.0
CYM,2017,51890.0
CYP,2017,24600.0
CZE,2017,18350.0
DEU,2017,44730.0
DMA,2017,8070.0
DNK,2017,56600.0
DOM,2017,6920.0
DZA,2017,4440.0
EAP,2017,7083.011940562726
EAR,2017,3281.5135892039743
EAS,2017,10343.009373724259
ECA,2017,6123.637957630947
ECS,2017,22999.706357021354
ECU,2017,5930.0
EGY,2017,2880.0
EMU,2017,35888.89297269732
ESP,2017,27290.0
EST,2017,19140.0
ETH,2017,670.0
EUU,2017,32079.962013541335
FCS,2017,1483.0570728056855
FIN,2017,44520.0
FJI,2017,5120.0
FRA,2017,38120.0
FRO,2017,57920.0
FSM,2017,3440.0
GAB,2017,6230.0
GBR,2017,42140.0
GEO,2017,4130.0
GHA,2017,1830.0
GIN,2017,800.0
GMB,2017,620.0
GNB,2017,710.0
GNQ,2017,5260.0
GRC,2017,17890.0
GRD,2017,8400.0
GTM,2017,3980.0
GUY,2017,5870.0
HIC,2017,37758.87720599255
HKG,2017,46380.0
HND,2017,2210.0
HPC,2017,893.9387327164823
HRV,2017,13350.0
HTI,2017,1370.0
HUN,2017,13310.0
IBD,2017,5753.722699464618
IBT,2017,4598.238258847988
IDA,2017,1309.1146841983445
IDB,2017,1776.5557903153062
IDN,2017,3490.0
IDX,2017,1054.7355484236666
IMN,2017,77890.0
IND,2017,1790.0
IRL,2017,54410.0
IRN,2017,5640.0
IRQ,2017,4430.0
ISL,2017,62070.0
ISR,2017,38700.0
ITA,2017,31790.0
JAM,2017,5300.0
JOR,2017,3920.0
JPN,2017,38930.0
KAZ,2017,7780.0
KEN,2017,1540.0
KGZ,2017,1090.0
KHM,2017,1690.0
KIR,2017,3130.0
KNA,2017,20420.0
KOR,2017,31940.0
KWT,2017,30650.0
LAC,2017,8027.58371500772
LAO,2017,2240.0
LBN,2017,8260.0
LBR,2017,620.0
LBY,2017,9760.0
LCA,2017,10260.0
LCN,2017,8167.360191668801
LDC,2017,979.0068508262333
LIC,2017,629.4137902699536
LKA,2017,4220.0
LMC,2017,1941.1602107383185
LMY,2017,4427.017127347757
LSO,2017,1160.0
LTE,2017,8663.98633350225
LTU,2017,15260.0
LUX,2017,75800.0
LVA,2017,14360.0
MAC,2017,66940.0
MAR,2017,3160.0
MDA,2017,3300.0
MDG,2017,450.0
MDV,2017,9400.0
MEA,2017,5152.223778850016
MEX,2017,9270.0
MHL,2017,5310.0
MIC,2017,4777.2711276695745
MKD,2017,5390.0
MLI,2017,860.0
MLT,2017,26690.0
MMR,2017,1230.0
MNA,2017,2826.860414364643
MNE,2017,7240.0
MNG,2017,3200.0
MOZ,2017,480.0
MRT,2017,1550.0
MUS,2017,11020.0
MWI,2017,480.0
MYS,2017,9560.0
NAC,2017,57320.810281496255
NAM,2017,4430.0
NER,2017,520.0
NGA,2017,2020.0
NIC,2017,2050.0
NLD,2017,46710.0
NOR,2017,76230.0
NPL,2017,970.0
NRU,2017,11300.0
NZL,2017,38840.0
OED,2017,36833.20081881169
OMN,2017,16640.0
OSS,2017,11084.623084894327
PAK,2017,1450.0
PAN,2017,14230.0
PER,2017,6090.0
PHL,2017,3440.0
PLW,2017,15700.0
PNG,2017,2310.0
POL,2017,12780.0
PRE,2017,1313.7602757618442
PRI,2017,19500.0
PRT,2017,20030.0
PRY,2017,5820.0
PSE,2017,3930.0
PSS,2017,3866.3987504787324
PST,2017,42321.16031564091
PYF,2017,22220.0
QAT,2017,60920.0
ROU,2017,10030.0
RUS,2017,9160.0
RWA,2017,720.0
SAS,2017,1800.1147499162455
SAU,2017,23130.0
SDN,2017,1010.0
SEN,2017,1270.0
SGP,2017,55230.0
SLB,2017,2020.0
SLE,2017,840.0
SLV,2017,3700.0
SOM,2017,500.0
SRB,2017,5810.0
SSA,2017,1545.2353838174424
SSF,2017,1457.8688998101181
SST,2017,10548.769895172522
STP,2017,1440.0
SUR,2017,5700.0
SVK,2017,16710.0
SVN,2017,22040.0
SWE,2017,52240.0
SWZ,2017,3290.0
SXM,2017,32950.0
SYC,2017,16180.0
SYR,2017,720.0
TCD,2017,830.0
TEA,2017,7162.817134089516
TEC,2017,7942.631895350275
TGO,2017,770.0
THA,2017,5800.0
TJK,2017,1000.0
TKM,2017,5650.0
TLA,2017,8073.566274622212
TLS,2017,1780.0
TMN,2017,2819.3279667643883
TON,2017,4450.0
TSA,2017,1800.1147499162455
TSS,2017,1457.8688998101181
TTO,2017,16930.0
TUN,2017,3700.0
TUR,2017,11140.0
TUV,2017,5330.0
TZA,2017,960.0
UGA,2017,760.0
UKR,2017,2330.0
UMC,2017,7734.65108978657
URY,2017,16720.0
USA,2017,58920.0
UZB,2017,2630.0
VCT,2017,7730.0
VEN,2017,2950.0
VNM,2017,2680.0
VUT,2017,3000.0
WLD,2017,10409.258263896852
WSM,2017,4100.0
XKX,2017,3950.0
YEM,2017,880.0
ZAF,2017,5850.0
ZMB,2017,1260.0
ZWE,2017,1680.0
ABW,2018,27970.0
AFE,2018,1435.8077423065893
AFG,2018,520.0
AFW,2018,1614.098949563916
AGO,2018,2270.0
ALB,2018,5400.0
ARB,2018,6328.949739787266
ARE,2018,44570.0
ARG,2018,12390.0
ARM,2018,4220.0
ATG,2018,17460.0
AUS,2018,53280.0
AUT,2018,48710.0
AZE,2018,4080.0
BDI,2018,250.0
BEL,2018,45980.0
BEN,2018,1120.0
BFA,2018,730.0
BGD,2018,2020.0
BGR,2018,8860.0
BHR,2018,24200.0
BHS,2018,30650.0
BIH,2018,5720.0
BLR,2018,5730.0
BLZ,2018,5610.0
BMU,2018,117160.0
BOL,2018,3730.0
BRA,2018,9320.0
BRB,2018,19910.0
BRN,2018,28790.0
BTN,2018,3150.0
BWA,2018,6680.0
CAF,2018,470.0
CAN,2018,45060.0
CEB,2018,14821.253202042028
CHE,2018,82470.0
CHL,2018,14460.0
CHN,2018,9720.0
CIV,2018,2010.0
CMR,2018,1520.0
COD,2018,460.0
COG,2018,2070.0
COL,2018,6350.0
COM,2018,1490.0
CPV,2018,4040.0
CRI,2018,12070.0
CSS,2018,13154.87518334248
CUB,2018,8710.0
CUW,2018,18820.0
CYM,2018,57880.0
CYP,2018,27120.0
CZE,2018,20700.0
DEU,2018,48770.0
DMA,2018,8880.0
DNK,2018,61090.0
DOM,2018,7600.0
DZA,2018,4450.0
EAP,2018,7773.362178445279
EAR,2018,3457.869419288283
EAS,2018,11222.895047508699
ECA,2018,6134.910232791187
ECS,2018,24586.451508410853
ECU,2018,6120.0
EGY,2018,2710.0
EMU,2018,38911.987071697746
ESP,2018,29530.0
EST,2018,21600.0
ETH,2018,730.0
EUU,2018,34873.671876905806
FCS,2018,1522.8842915265022
FIN,2018,47900.0
FJI,2018,5690.0
FRA,2018,40960.0
FRO,2018,62910.0
FSM,2018,3400.0
GAB,2018,6540.0
GBR,2018,42540.0
GEO,2018,4580.0
GHA,2018,2060.0
GIN,2018,860.0
GMB,2018,680.0
GNB,2018,750.0
GNQ,2018,5450.0
GRC,2018,19060.0
GRD,2018,9220.0
GTM,2018,4270.0
GUY,2018,6100.0
HIC,2018,40497.051511001446
HKG,2018,50050.0
HND,2018,2280.0
HPC,2018,942.2479881046236
HRV,2018,14670.0
HTI,2018,1430.0
HUN,2018,15180.0
IBD,2018,6195.472393937588
IBT,2018,4932.106336309031
IDA,2018,1382.891821147226
IDB,2018,1824.1574271929408
IDN,2018,3810.0
IDX,2018,1143.4050487222876
IMN,2018,83430.0
IND,2018,1970.0
IRL,2018,59110.0
IRN,2018,5390.0
IRQ,2018,4820.0
ISL,2018,72210.0
ISR,2018,42060.0
ITA,2018,34120.0
JAM,2018,5610.0
JOR,2018,4090.0
JPN,2018,41800.0
KAZ,2018,7790.0
KEN,2018,1720.0
KGZ,2018,1200.0
KHM,2018,1920.0
KIR,2018,3280.0
KNA,2018,21930.0
KOR,2018,34610.0
KWT,2018,32340.0
LAC,2018,8317.709687401162
LAO,2018,2460.0
LBN,2018,8700.0
LBR,2018,620.0
LBY,2018,11000.0
LCA,2018,11060.0
LCN,2018,8483.55677805826
LDC,2018,1057.8669282575281
LIC,2018,624.9896652969315
LKA,2018,4350.0
LMC,2018,2085.823912277287
LMY,2018,4738.402760656965
LSO,2018,1250.0
LTE,2018,9469.649838716317
LTU,2018,17550.0
LUX,2018,80120.0
LVA,2018,16010.0
MAC,2018,72850.0
MAR,2018,3380.0
MDA,2018,3850.0
MDG,2018,480.0
MDV,2018,10220.0
MEA,2018,5383.345713231005
MEX,2018,9560.0
MHL,2018,6040.0
MIC,2018,5124.167953625605
MKD,2018,6050.0
MLI,2018,930.0
MLT,2018,29030.0
MMR,2018,1310.0
MNA,2018,2851.438926420098
MNE,2018,8250.0
MNG,2018,3650.0
MOZ,2018,470.0
MRT,2018,1680.0
MUS,2018,12180.0
MWI,2018,490.0
MYS,2018,10200.0
NAC,2018,61208.808931468186
NAM,2018,4670.0
NER,2018,580.0
NGA,2018,1950.0
NIC,2018,1990.0
NLD,2018,51290.0
NOR,2018,80970.0
NPL,2018,1120.0
NRU,2018,12740.0
NZL,2018,41660.0
OED,2018,39251.27852935175
OMN,2018,17250.0
OSS,2018,12224.740596794847
PAK,2018,1560.0
PAN,2018,14910.0
PER,2018,6500.0
PHL,2018,3610.0
PLW,2018,16040.0
PNG,2018,2310.0
POL,2018,14310.0
PRE,2018,1339.513541952468
PRI,2018,20380.0
PRT,2018,22040.0
PRY,2018,6060.0
PSE,2018,4190.0
PSS,2018,4156.979470620876
PST,2018,45263.63343291663
PYF,2018,23700.0
QAT,2018,63410.0
ROU,2018,11490.0
RUS,2018,10180.0
RWA,2018,770.0
SAS,2018,1998.7198578758778
SAU,2018,26570.0
SDN,2018,810.0
SEN,2018,1390.0
SGP,2018,56360.0
SLB,2018,2150.0
SLE,2018,830.0
SLV,2018,3940.0
SOM,2018,510.0
SRB,2018,6700.0
SSA,2018,1594.7267710894544
SSF,2018,1508.4408715872826
SST,2018,11363.90516401576
STP,2018,1660.0
SUR,2018,5730.0
SVK,2018,18460.0
SVN,2018,24510.0
SWE,2018,54930.0
SWZ,2018,3460.0
SXM,2018,31140.0
SYC,2018,17620.0
SYR,2018,810.0
TCD,2018,890.0
TEA,2018,7860.73593786578
TEC,2018,8483.747578528773
TGO,2018,830.0
THA,2018,6430.0
TJK,2018,1000.0
TKM,2018,5930.0
TLA,2018,8381.281538082243
TLS,2018,1790.0
TMN,2018,2842.234462338476
TON,2018,4650.0
TSA,2018,1998.7198578758778
TSS,2018,1508.4408715872826
TTO,2018,16800.0
TUN,2018,3700.0
TUR,2018,10760.0
TUV,2018,6230.0
TZA,2018,1010.0
UGA,2018,770.0
UKR,2018,2720.0
UMC,2018,8313.775745471543
URY,2018,17700.0
USA,2018,63020.0
UZB,2018,2340.0
VCT,2018,8370.0
VEN,2018,2800.0
VNM,2018,3020.0
VUT,2018,3270.0
WLD,2018,11106.962891012548
WSM,2018,4100.0
XKX,2018,4300.0
YEM,2018,740.0
ZAF,2018,6250.0
ZMB,2018,1390.0
ZWE,2018,2140.0
ABW,2019,29320.0
AFE,2019,1501.9969526935893
AFG,2019,520.0
AFW,2019,1784.1371692254686
AGO,2019,2440.0
ALB,2019,5900.0
ARB,2019,6590.574169002689
ARE,2019,46690.0
ARG,2019,11210.0
ARM,2019,4650.0
ATG,2019,18250.0
AUS,2019,55090.0
AUT,2019,50900.0
AZE,2019,4510.0
BDI,2019,250.0
BEL,2019,48070.0
BEN,2019,1170.0
BFA,2019,760.0
BGD,2019,2220.0
BGR,2019,9920.0
BHR,2019,25800.0
BHS,2019,31630.0
BIH,2019,6180.0
BLR,2019,6370.0
BLZ,2019,5850.0
BMU,2019,116920.0
BOL,2019,4170.0
BRA,2019,9410.0
BRB,2019,20520.0
BRN,2019,31550.0
BTN,2019,3370.0
BWA,2019,7520.0
CAF,2019,500.0
CAN,2019,46580.0
CEB,2019,16115.806140097931
CHE,2019,83160.0
CHL,2019,14690.0
CHN,2019,10510.0
CIV,2019,2120.0
CMR,2019,1560.0
COD,2019,460.0
COG,2019,2180.0
COL,2019,6630.0
COM,2019,1530.0
CPV,2019,4420.0
CRI,2019,12240.0
CSS,2019,13547.500163522494
CUB,2019,9010.0
CUW,2019,19140.0
CYM,2019,64520.0
CYP,2019,28380.0
CZE,2019,22440.0
DEU,2019,50350.0
DMA,2019,9350.0
DNK,2019,63020.0
DOM,2019,7940.0
DZA,2019,4480.0
EAP,2019,8375.14344999575
EAR,2019,3526.5941023872315
EAS,2019,11831.87637621497
ECA,2019,6112.381667185137
ECS,2019,25510.859792316256
ECU,2019,6100.0
EGY,2019,2640.0
EMU,2019,40351.771234255706
ESP,2019,30560.0
EST,2019,23490.0
ETH,2019,790.0
EUU,2019,36310.07855984308
FCS,2019,1633.25826354584
FIN,2019,49590.0
FJI,2019,5570.0
FRA,2019,42720.0
FRO,2019,66010.0
FSM,2019,4050.0
GAB,2019,6870.0
GBR,2019,43640.0
GEO,2019,4780.0
GHA,2019,2170.0
GIN,2019,970.0
GMB,2019,720.0
GNB,2019,850.0
GNQ,2019,5130.0
GRC,2019,19770.0
GRD,2019,9400.0
GTM,2019,4490.0
GUY,2019,6380.0
HIC,2019,42126.228117696446
HKG,2019,50480.0
HND,2019,2330.0
HPC,2019,975.0499951951683
HRV,2019,15800.0
HTI,2019,1410.0
HUN,2019,16840.0
IBD,2019,6530.779927902314
IBT,2019,5184.223096129885
IDA,2019,1454.2966478854935
IDB,2019,1934.6926909180281
IDN,2019,4020.0
IDX,2019,1194.4382869694311
IMN,2019,84470.0
IND,2019,2070.0
IRL,2019,62460.0
IRN,2019,4710.0
IRQ,2019,5520.0
ISL,2019,74870.0
ISR,2019,44280.0
ITA,2019,35030.0
JAM,2019,5930.0
JOR,2019,4190.0
JPN,2019,41970.0
KAZ,2019,8500.0
KEN,2019,1880.0
KGZ,2019,1240.0
KHM,2019,2100.0
KIR,2019,3610.0
KNA,2019,23670.0
KOR,2019,35790.0
KWT,2019,35680.0
LAC,2019,8394.096047445086
LAO,2019,2520.0
LBN,2019,8630.0
LBR,2019,600.0
LBY,2019,10100.0
LCA,2019,11100.0
LCN,2019,8568.195466530542
LDC,2019,1114.9073044533961
LIC,2019,636.1309424982674
LKA,2019,4220.0
LMC,2019,2188.824223584808
LMY,2019,4971.128531681887
LSO,2019,1290.0
LTE,2019,10151.28349393821
LTU,2019,19200.0
LUX,2019,79280.0
LVA,2019,17010.0
MAC,2019,71690.0
MAR,2019,3510.0
MDA,2019,4490.0
MDG,2019,500.0
MDV,2019,10730.0
MEA,2019,5483.884714643943
MEX,2019,9860.0
MHL,2019,6770.0
MIC,2019,5385.2202459953
MKD,2019,6520.0
MLI,2019,960.0
MLT,2019,29830.0
MMR,2019,1380.0
MNA,2019,2774.5094047982034
MNE,2019,8970.0
MNG,2019,3800.0
MOZ,2019,500.0
MRT,2019,1720.0
MUS,2019,12700.0
MWI,2019,540.0
MYS,2019,10750.0
NAC,2019,63917.715094023864
NAM,2019,4870.0
NER,2019,610.0
NGA,2019,2260.0
NIC,2019,1930.0
NLD,2019,52940.0
NOR,2019,82430.0
NPL,2019,1240.0
NRU,2019,15840.0
NZL,2019,43130.0
OED,2019,40558.35897042643
OMN,2019,17860.0
OSS,2019,12992.084133809523
PAK,2019,1520.0
PAN,2019,15640.0
PER,2019,6850.0
PHL,2019,3760.0
PLW,2019,16200.0
PNG,2019,2420.0
POL,2019,15510.0
PRE,2019,1460.6188898242935
PRI,2019,21310.0
PRT,2019,23250.0
PRY,2019,5950.0
PSE,2019,4200.0
PSS,2019,4265.853306605745
PST,2019,46932.50102351885
PYF,2019,24530.0
QAT,2019,65700.0
ROU,2019,12660.0
RUS,2019,11190.0
RWA,2019,820.0
SAS,2019,2105.4095476471625
SAU,2019,29140.0
SDN,2019,720.0
SEN,2019,1430.0
SGP,2019,58430.0
SLB,2019,2210.0
SLE,2019,850.0
SLV,2019,4130.0
SOM,2019,520.0
SRB,2019,7380.0
SSA,2019,1708.8440557845022
SSF,2019,1616.7448069369493
SST,2019,11957.0818805841
STP,2019,1810.0
SUR,2019,6000.0
SVK,2019,19230.0
SVN,2019,25900.0
SWE,2019,56100.0
SWZ,2019,3680.0
SXM,2019,34060.0
SYC,2019,18700.0
SYR,2019,970.0
TCD,2019,920.0
TEA,2019,8469.134972112071
TEC,2019,8956.31106398099
TGO,2019,860.0
THA,2019,7060.0
TJK,2019,1050.0
TKM,2019,6230.0
TLA,2019,8456.500326724194
TLS,2019,2180.0
TMN,2019,2764.658564022903
TON,2019,4980.0
TSA,2019,2105.4095476471625
TSS,2019,1616.7448069369489
TTO,2019,17240.0
TUN,2019,3590.0
TUR,2019,9970.0
TUV,2019,6880.0
TZA,2019,1050.0
UGA,2019,810.0
UKR,2019,3270.0
UMC,2019,8764.69332120081
URY,2019,18390.0
USA,2019,65880.0
UZB,2019,2150.0
VCT,2019,8700.0
VEN,2019,2370.0
VNM,2019,3290.0
VUT,2019,3740.0
WLD,2019,11538.101314082054
WSM,2019,4270.0
XKX,2019,4640.0
ZAF,2019,6570.0
ZMB,2019,1380.0
ZWE,2019,2430.0
ABW,2020,22790.0
AFE,2020,1393.459288758491
AFG,2020,490.0
AFW,2020,1869.7227133514455
AGO,2020,2020.0
ALB,2020,5970.0
ARB,2020,6062.329318188145
ARE,2020,41310.0
ARG,2020,9040.0
ARM,2020,4230.0
ATG,2020,15460.0
AUS,2020,53770.0
AUT,2020,49000.0
AZE,2020,4480.0
BDI,2020,250.0
BEL,2020,46330.0
BEN,2020,1190.0
BFA,2020,770.0
BGD,2020,2320.0
BGR,2020,10090.0
BHR,2020,23870.0
BHS,2020,25180.0
BIH,2020,6160.0
BLR,2020,6410.0
BLZ,2020,5170.0
BMU,2020,110960.0
BOL,2020,3620.0
BRA,2020,8080.0
BRB,2020,18740.0
BRN,2020,30810.0
BTN,2020,3040.0
BWA,2020,6600.0
CAF,2020,490.0
CAN,2020,43900.0
CEB,2020,16121.721072374034
CHE,2020,81740.0
CHL,2020,12960.0
CHN,2020,10740.0
CIV,2020,2120.0
CMR,2020,1540.0
COD,2020,480.0
COG,2020,2230.0
COL,2020,5850.0
COM,2020,1520.0
CPV,2020,3510.0
CRI,2020,11700.0
CSS,2020,11995.781873673255
CUW,2020,16190.0
CYM,2020,62420.0
CYP,2020,26780.0
CZE,2020,22190.0
DEU,2020,48540.0
DMA,2020,8230.0
DNK,2020,62710.0
DOM,2020,7080.0
DZA,2020,4020.0
EAP,2020,8460.473198994305
EAR,2020,3253.27590097422
EAS,2020,11799.165879730333
ECA,2020,5906.6595110805865
ECS,2020,24201.000228755263
ECU,2020,5410.0
EGY,2020,2960.0
EMU,2020,38242.75684242789
ESP,2020,27410.0
EST,2020,23580.0
ETH,2020,820.0
EUU,2020,34671.90219099209
FCS,2020,1562.485748564184
FIN,2020,49630.0
FJI,2020,4560.0
FRA,2020,39690.0
FRO,2020,64200.0
FSM,2020,3990.0
GAB,2020,6820.0
GBR,2020,39340.0
GEO,2020,4330.0
GHA,2020,2250.0
GIN,2020,1030.0
GMB,2020,720.0
GNB,2020,860.0
GNQ,2020,4790.0
GRC,2020,18030.0
GRD,2020,8390.0
GTM,2020,4360.0
GUY,2020,8090.0
HIC,2020,40698.18963858036
HKG,2020,48550.0
HND,2020,2120.0
HPC,2020,956.2057188051281
HRV,2020,15130.0
HTI,2020,1340.0
HUN,2020,16330.0
IBD,2020,6306.92145393251
IBT,2020,5000.493593143656
IDA,2020,1436.4421675736673
IDB,2020,1922.5760247072922
IDN,2020,3850.0
IDX,2020,1174.3046883986447
IMN,2020,79280.0
IND,2020,1900.0
IRL,2020,64420.0
IRN,2020,3980.0
IRQ,2020,4720.0
ISL,2020,65670.0
ISR,2020,43370.0
ITA,2020,32600.0
JAM,2020,5360.0
JOR,2020,4070.0
JPN,2020,40930.0
KAZ,2020,8380.0
KEN,2020,1910.0
KGZ,2020,1210.0
KHM,2020,2050.0
KIR,2020,3070.0
KNA,2020,19340.0
KOR,2020,35000.0
KWT,2020,33150.0
LAC,2020,7324.28303390113
LAO,2020,2470.0
LBN,2020,6350.0
LBR,2020,570.0
LBY,2020,7000.0
LCA,2020,8560.0
LCN,2020,7487.161683817694
LDC,2020,1093.9513087048026
LIC,2020,604.4848473233004
LKA,2020,3880.0
LMC,2020,2085.207098628868
LMY,2020,4804.72588471122
LSO,2020,1170.0
LTE,2020,10033.501127500484
LTU,2020,19800.0
LUX,2020,80090.0
LVA,2020,17350.0
MAC,2020,43910.0
MAR,2020,3260.0
MDA,2020,4360.0
MDG,2020,450.0
MDV,2020,7050.0
MEA,2020,5035.119372618645
MEX,2020,8920.0
MHL,2020,6610.0
MIC,2020,5213.562010467386
MKD,2020,6460.0
MLI,2020,930.0
MLT,2020,26910.0
MMR,2020,1320.0
MNA,2020,2507.9115161003683
MNE,2020,7770.0
MNG,2020,3690.0
MOZ,2020,480.0
MRT,2020,1720.0
MUS,2020,10760.0
MWI,2020,560.0
MYS,2020,10110.0
NAC,2020,62767.92270048652
NAM,2020,4240.0
NER,2020,560.0
NGA,2020,2460.0
NIC,2020,1810.0
NLD,2020,51490.0
NOR,2020,78610.0
NPL,2020,1190.0
NRU,2020,17180.0
NZL,2020,41850.0
OED,2020,39105.781400556836
OMN,2020,17190.0
OSS,2020,11924.597971824987
PAK,2020,1370.0
PAN,2020,13070.0
PER,2020,6080.0
PHL,2020,3350.0
PLW,2020,15360.0
PNG,2020,2410.0
POL,2020,15640.0
PRE,2020,1440.9975646107898
PRI,2020,21200.0
PRT,2020,21910.0
PRY,2020,5550.0
PSE,2020,3700.0
PSS,2020,3804.6942717615393
PST,2020,45399.80009830994
PYF,2020,22170.0
QAT,2020,57730.0
ROU,2020,12720.0
RUS,2020,10660.0
RWA,2020,770.0
SAS,2020,1957.0045248744993
SAU,2020,26940.0
SDN,2020,600.0
SEN,2020,1440.0
SGP,2020,55780.0
SLB,2020,2170.0
SLE,2020,840.0
SLV,2020,3800.0
SOM,2020,500.0
SRB,2020,7790.0
SSA,2020,1671.9229875226376
SSF,2020,1586.8014931928067
SST,2020,10857.500316809408
STP,2020,2030.0
SUR,2020,4710.0
SVK,2020,19420.0
SVN,2020,25380.0
SWE,2020,54590.0
SWZ,2020,3430.0
SXM,2020,29440.0
SYC,2020,15400.0
SYR,2020,790.0
TCD,2020,890.0
TEA,2020,8555.340958393634
TEC,2020,8665.825528397536
TGO,2020,870.0
THA,2020,6900.0
TJK,2020,1030.0
TKM,2020,6300.0
TLA,2020,7377.665122587626
TLS,2020,2040.0
TMN,2020,2499.599517065811
TON,2020,5210.0
TSA,2020,1957.0045248744993
TSS,2020,1586.801493192807
TTO,2020,15040.0
TUN,2020,3270.0
TUR,2020,9330.0
TUV,2020,6880.0
TZA,2020,1060.0
UGA,2020,820.0
UKR,2020,3530.0
UMC,2020,8548.193447475327
URY,2020,16130.0
USA,2020,64920.0
UZB,2020,2000.0
VCT,2020,8360.0
VEN,2020,1670.0
VNM,2020,3400.0
VUT,2020,3390.0
WLD,2020,11100.755687527384
WSM,2020,4080.0
XKX,2020,4440.0
ZAF,2020,5930.0
ZMB,2020,1120.0
ZWE,2020,1980.0
ABW,2021,26550.0
AFE,2021,1473.0102072313632
AFG,2021,380.0
AFW,2021,2086.4685306323277
AGO,2021,1990.0
ALB,2021,6940.0
ARB,2021,6472.7415672444
ARE,2021,43230.0
ARG,2021,10070.0
ARM,2021,4580.0
ATG,2021,16660.0
AUS,2021,57220.0
AUT,2021,53440.0
AZE,2021,4910.0
BDI,2021,260.0
BEL,2021,51140.0
BEN,2021,1280.0
BFA,2021,820.0
BGD,2021,2600.0
BGR,2021,11720.0
BHR,2021,25240.0
BHS,2021,29910.0
BIH,2021,6970.0
BLR,2021,7040.0
BLZ,2021,6120.0
BMU,2021,120410.0
BOL,2021,3990.0
BRA,2021,8060.0
BRB,2021,19880.0
BRN,2021,29890.0
BTN,2021,3300.0
BWA,2021,7530.0
CAF,2021,510.0
CAN,2021,49080.0
CEB,2021,18068.998840934997
CHE,2021,89120.0
CHL,2021,14790.0
CHN,2021,12220.0
CIV,2021,2300.0
CMR,2021,1610.0
COD,2021,530.0
COG,2021,2040.0
COL,2021,6310.0
COM,2021,1570.0
CPV,2021,3870.0
CRI,2021,12630.0
CSS,2021,12957.483944514866
CUW,2021,17950.0
CYM,2021,76260.0
CYP,2021,29570.0
CZE,2021,25500.0
DEU,2021,52850.0
DMA,2021,8660.0
DNK,2021,69810.0
DOM,2021,8160.0
DZA,2021,4120.0
EAP,2021,9496.815541050197
EAR,2021,3580.838306182341
EAS,2021,13027.552131793063
ECA,2021,6472.2697759003
ECS,2021,26945.83539598562
ECU,2021,6100.0
EGY,2021,3470.0
EMU,2021,42462.215634889384
ESP,2021,30380.0
EST,2021,26490.0
ETH,2021,880.0
EUU,2021,38569.312143061536
FCS,2021,1676.6561433022234
FIN,2021,52810.0
FJI,2021,4380.0
FRA,2021,44300.0
FRO,2021,70040.0
FSM,2021,4040.0
GAB,2021,7000.0
GBR,2021,45870.0
GEO,2021,4760.0
GHA,2021,2300.0
GIN,2021,1120.0
GMB,2021,760.0
GNB,2021,910.0
GNQ,2021,4820.0
GRC,2021,20350.0
GRD,2021,8890.0
GTM,2021,4800.0
GUY,2021,7810.0
HIC,2021,44981.67391936872
HKG,2021,54380.0
HND,2021,2440.0
HPC,2021,1005.4274104072078
HRV,2021,17420.0
HTI,2021,1450.0
HUN,2021,18070.0
IBD,2021,6989.795173768536
IBT,2021,5513.570687910159
IDA,2021,1551.0872723692255
IDB,2021,2127.7680653477323
IDN,2021,4130.0
IDX,2021,1240.870853435557
IMN,2021,76440.0
IND,2021,2170.0
IRL,2021,74070.0
IRN,2021,4110.0
IRQ,2021,4740.0
ISL,2021,66970.0
ISR,2021,49680.0
ITA,2021,36760.0
JAM,2021,5690.0
JOR,2021,4240.0
JPN,2021,43710.0
KAZ,2021,8540.0
KEN,2021,2070.0
KGZ,2021,1270.0
KHM,2021,2120.0
KIR,2021,3150.0
KNA,2021,19070.0
KOR,2021,37450.0
KWT,2021,35990.0
LAC,2021,7765.4447620441915
LAO,2021,2500.0
LBN,2021,4770.0
LBR,2021,630.0
LBY,2021,6950.0
LCA,2021,9860.0
LCN,2021,7981.792866299445
LDC,2021,1155.4141393852885
LIC,2021,623.3258702505537
LKA,2021,4010.0
LMC,2021,2313.576416572899
LMY,2021,5302.338169175034
LSO,2021,1190.0
LTE,2021,11149.364274475849
LTU,2021,22050.0
LUX,2021,86850.0
LVA,2021,19310.0
MAC,2021,46330.0
MAR,2021,3630.0
MDA,2021,5270.0
MDG,2021,470.0
MDV,2021,9350.0
MEA,2021,5386.931008938811
MEX,2021,9880.0
MHL,2021,6720.0
MIC,2021,5766.225416109735
MKD,2021,7050.0
MLI,2021,960.0
MLT,2021,32440.0
MMR,2021,1240.0
MNA,2021,2636.045523404985
MNE,2021,9210.0
MNG,2021,3690.0
MOZ,2021,490.0
MRT,2021,1810.0
MUS,2021,10890.0
MWI,2021,600.0
MYS,2021,10520.0
NAC,2021,69395.60978370594
NAM,2021,4140.0
NER,2021,600.0
NGA,2021,2860.0
NIC,2021,2060.0
NLD,2021,59560.0
NOR,2021,81770.0
NPL,2021,1250.0
NRU,2021,19460.0
NZL,2021,45800.0
OED,2021,43126.86437393008
OMN,2021,17910.0
OSS,2021,12928.58036796412
PAK,2021,1420.0
PAN,2021,14920.0
PER,2021,6550.0
PHL,2021,3570.0
PLW,2021,13770.0
PNG,2021,2370.0
POL,2021,17470.0
PRE,2021,1556.8394976163581
PRI,2021,22580.0
PRT,2021,23980.0
PRY,2021,5740.0
PSE,2021,4270.0
PSS,2021,3727.9813389514593
PST,2021,50140.132340641336
PYF,2021,23460.0
QAT,2021,66970.0
ROU,2021,14180.0
RUS,2021,11710.0
RWA,2021,840.0
SAS,2021,2222.5019283554
SAU,2021,30480.0
SDN,2021,620.0
SEN,2021,1530.0
SGP,2021,65010.0
SLB,2021,2120.0
SLE,2021,890.0
SLV,2021,4380.0
SOM,2021,540.0
SRB,2021,8890.0
SSA,2021,1815.3377397462696
SSF,2021,1721.625149176119
SST,2021,11704.473678901815
STP,2021,2220.0
SUR,2021,4490.0
SVK,2021,21010.0
SVN,2021,28320.0
SWE,2021,59840.0
SWZ,2021,3620.0
SXM,2021,31430.0
SYC,2021,14950.0
SYR,2021,700.0
TCD,2021,890.0
TEA,2021,9603.338638611609
TEC,2021,9533.970282751716
TGO,2021,930.0
THA,2021,7090.0
TJK,2021,1130.0
TKM,2021,6260.0
TLA,2021,7860.678926971718
TLS,2021,2050.0
TMN,2021,2624.5752856368085
TON,2021,5240.0
TSA,2021,2222.5019283554
TSS,2021,1721.6251491761188
TTO,2021,16310.0
TUN,2021,3640.0
TUR,2021,10240.0
TUV,2021,7510.0
TZA,2021,1130.0
UGA,2021,860.0
UKR,2021,4060.0
UMC,2021,9478.537880895514
URY,2021,16220.0
USA,2021,71730.0
UZB,2021,2250.0
VCT,2021,8720.0
VEN,2021,1790.0
VNM,2021,3540.0
VUT,2021,3500.0
WLD,2021,12194.136652285146
WSM,2021,3990.0
XKX,2021,5130.0
ZAF,2021,6320.0
ZMB,2021,1040.0
ZWE,2021,2320.0
ABW,2022,30160.0
AFE,2022,1569.1733317015605
AFG,2022,370.0
AFW,2022,2153.649135792545
AGO,2022,2340.0
ALB,2022,7720.0
ARB,2022,7279.320431071397
ARE,2022,46990.0
ARG,2022,11890.0
ARM,2022,5690.0
ATG,2022,18820.0
AUS,2022,60790.0
AUT,2022,56310.0
AZE,2022,5670.0
BDI,2022,290.0
BEL,2022,54330.0
BEN,2022,1360.0
BFA,2022,840.0
BGD,2022,2850.0
BGR,2022,13100.0
BHR,2022,28300.0
BHS,2022,33790.0
BIH,2022,7710.0
BLR,2022,7210.0
BLZ,2022,6710.0
BMU,2022,132200.0
BOL,2022,4190.0
BRA,2022,8440.0
BRB,2022,24300.0
BRN,2022,30970.0
BTN,2022,3600.0
BWA,2022,8250.0
CAF,2022,520.0
CAN,2022,53850.0
CEB,2022,19542.044096776248
CHE,2022,95600.0
CHL,2022,15440.0
CHN,2022,13170.0
CIV,2022,2440.0
CMR,2022,1660.0
COD,2022,610.0
COG,2022,2170.0
COL,2022,6560.0
COM,2022,1590.0
CPV,2022,4550.0
CRI,2022,13210.0
CSS,2022,14596.403291649653
CUW,2022,20480.0
CYM,2022,74060.0
CYP,2022,31810.0
CZE,2022,27210.0
DEU,2022,55200.0
DMA,2022,9740.0
DNK,2022,72040.0
DOM,2022,9150.0
DZA,2022,4430.0
EAP,2022,10236.241752844653
EAR,2022,3940.9621848889174
EAS,2022,13729.57964611969
ECA,2022,6931.460384910776
ECS,2022,28745.420417186233
ECU,2022,6550.0
EGY,2022,4040.0
EMU,2022,44622.00363077337
ESP,2022,32690.0
EST,2022,27580.0
ETH,2022,960.0
EUU,2022,40626.44887194614
FCS,2022,1750.1272100750136
FIN,2022,54120.0
FJI,2022,5250.0
FRA,2022,46010.0
FRO,2022,72960.0
FSM,2022,4050.0
GAB,2022,7430.0
GBR,2022,49720.0
GEO,2022,5690.0
GHA,2022,2400.0
GIN,2022,1280.0
GMB,2022,830.0
GNB,2022,960.0
GNQ,2022,4570.0
GRC,2022,21980.0
GRD,2022,9980.0
GTM,2022,5220.0
GUY,2022,9780.0
HIC,2022,47867.49528916246
HKG,2022,54000.0
HND,2022,2700.0
HPC,2022,1075.025769035251
HRV,2022,19370.0
HTI,2022,1620.0
HUN,2022,19200.0
IBD,2022,7547.356666803613
IBT,2022,5924.367900274448
IDA,2022,1639.1887609931312
IDB,2022,2231.1842957612344
IDN,2022,4520.0
IDX,2022,1321.463376802274
IMN,2022,78440.0
IND,2022,2390.0
IRL,2022,75970.0
IRN,2022,4390.0
IRQ,2022,5510.0
ISL,2022,73690.0
ISR,2022,55450.0
ITA,2022,39060.0
JAM,2022,6340.0
JOR,2022,4380.0
JPN,2022,42640.0
KAZ,2022,9420.0
KEN,2022,2170.0
KGZ,2022,1540.0
KHM,2022,2270.0
KIR,2022,3610.0
KNA,2022,21040.0
KOR,2022,38590.0
KWT,2022,39120.0
LAC,2022,8351.00693010608
LAO,2022,2300.0
LBN,2022,4130.0
LBR,2022,680.0
LBY,2022,6010.0
LCA,2022,11740.0
LCN,2022,8596.848769754488
LDC,2022,1249.5799414739806
LIC,2022,666.6544557719154
LKA,2022,3620.0
LMC,2022,2518.878312307661
LMY,2022,5691.389749230437
LSO,2022,1270.0
LTE,2022,12000.575555271049
LTU,2022,23760.0
LUX,2022,84190.0
LVA,2022,20630.0
MAC,2022,45390.0
MAR,2022,3700.0
MDA,2022,5540.0
MDG,2022,500.0
MDV,2022,10570.0
MEA,2022,6007.614604788777
MEX,2022,10730.0
MHL,2022,7580.0
MIC,2022,6199.060909179552
MKD,2022,7570.0
MLI,2022,1000.0
MLT,2022,34840.0
MMR,2022,1280.0
MNA,2022,2855.3218863702023
MNE,2022,10410.0
MNG,2022,4340.0
MOZ,2022,500.0
MRT,2022,2010.0
MUS,2022,11830.0
MWI,2022,610.0
MYS,2022,11620.0
NAC,2022,74890.68906541803
NAM,2022,4280.0
NER,2022,600.0
NGA,2022,2930.0
NIC,2022,2150.0
NLD,2022,62110.0
NOR,2022,94290.0
NPL,2022,1380.0
NRU,2022,22570.0
NZL,2022,49160.0
OED,2022,45728.48583163143
OMN,2022,19270.0
OSS,2022,13874.065206798079
PAK,2022,1510.0
PAN,2022,17020.0
PER,2022,6920.0
PHL,2022,4010.0
PLW,2022,14100.0
PNG,2022,2690.0
POL,2022,19110.0
PRE,2022,1655.7592535879508
PRI,2022,24670.0
PRT,2022,25880.0
PRY,2022,5930.0
PSE,2022,4720.0
PSS,2022,4096.147225101163
PST,2022,53270.10030770941
PYF,2022,24150.0
QAT,2022,71050.0
ROU,2022,15390.0
RUS,2022,12890.0
RWA,2022,940.0
SAS,2022,2438.085520012322
SAU,2022,35110.0
SDN,2022,720.0
SEN,2022,1600.0
SGP,2022,66910.0
SLB,2022,2010.0
SLE,2022,920.0
SLV,2022,4710.0
SOM,2022,570.0
SRB,2022,9790.0
SSA,2022,1900.172119340668
SSF,2022,1805.67572711322
SST,2022,12728.275430841195
STP,2022,2430.0
SUR,2022,5040.0
SVK,2022,21890.0
SVN,2022,29590.0
SWE,2022,61920.0
SWZ,2022,3650.0
SXM,2022,36960.0
SYC,2022,14700.0
SYR,2022,710.0
TCD,2022,950.0
TEA,2022,10351.231653613651
TEC,2022,10378.361759705766
TGO,2022,1000.0
THA,2022,7210.0
TJK,2022,1360.0
TKM,2022,6260.0
TLA,2022,8463.406885387056
TLS,2022,1820.0
TMN,2022,2842.0962187314494
TON,2022,5390.0
TSA,2022,2438.085520012322
TSS,2022,1805.6757271132196
TTO,2022,17460.0
TUN,2022,3890.0
TUR,2022,10870.0
TUV,2022,8100.0
TZA,2022,1210.0
UGA,2022,930.0
UKR,2022,3930.0
UMC,2022,10194.527004550899
URY,2022,17970.0
USA,2022,77330.0
UZB,2022,2500.0
VCT,2022,9510.0
VEN,2022,2260.0
VNM,2022,3980.0
VUT,2022,3830.0
WLD,2022,12984.738510455601
WSM,2022,4130.0
XKX,2022,5600.0
ZAF,2022,6530.0
ZMB,2022,1170.0
ZWE,2022,2580.0
ABW,2023,31600.0
AFE,2023,1602.1652349058807
AFG,2023,370.0
AFW,2023,2011.4455951512373
AGO,2023,2700.0
ALB,2023,8730.0
ARB,2023,7649.383468370629
ARE,2023,51100.0
ARG,2023,12920.0
ARM,2023,6850.0
ATG,2023,19970.0
AUS,2023,63320.0
AUT,2023,55890.0
AZE,2023,6680.0
BDI,2023,280.0
BEL,2023,55520.0
BEN,2023,1390.0
BFA,2023,840.0
BGD,2023,2880.0
BGR,2023,14240.0
BHR,2023,28460.0
BHS,2023,35180.0
BIH,2023,8280.0
BLR,2023,7850.0
BLZ,2023,6850.0
BMU,2023,134500.0
BOL,2023,4230.0
BRA,2023,9310.0
BRB,2023,24960.0
BRN,2023,34390.0
BTN,2023,3730.0
BWA,2023,8360.0
CAF,2023,530.0
CAN,2023,54660.0
CEB,2023,20538.138163194002
CHE,2023,95740.0
CHL,2023,15950.0
CHN,2023,13750.0
CIV,2023,2510.0
CMR,2023,1680.0
COD,2023,680.0
COG,2023,2310.0
COL,2023,6720.0
COM,2023,1580.0
CPV,2023,4740.0
CRI,2023,14260.0
CSS,2023,17064.543551536506
CUW,2023,21450.0
CYM,2023,75720.0
CYP,2023,32340.0
CZE,2023,28540.0
DEU,2023,55420.0
DMA,2023,9990.0
DNK,2023,72080.0
DOM,2023,9700.0
DZA,2023,4950.0
EAP,2023,10664.247634310606
EAR,2023,4188.390002302476
EAS,2023,13982.482610060608
ECA,2023,7793.260479524718
ECS,2023,29454.538335733425
ECU,2023,6590.0
EGY,2023,3840.0
EMU,2023,44789.80338936007
ESP,2023,32980.0
EST,2023,27650.0
ETH,2023,1030.0
EUU,2023,40917.51294517991
FCS,2023,1751.0095502233428
FIN,2023,52990.0
FJI,2023,5670.0
FRA,2023,45770.0
FRO,2023,73400.0
FSM,2023,4130.0
GAB,2023,7760.0
GBR,2023,48830.0
GEO,2023,6710.0
GHA,2023,2280.0
GIN,2023,1340.0
GMB,2023,870.0
GNB,2023,990.0
GNQ,2023,4840.0
GRC,2023,22300.0
GRD,2023,10120.0
GTM,2023,5470.0
GUY,2023,17770.0
HIC,2023,48698.74666462539
HKG,2023,54910.0
HND,2023,2880.0
HPC,2023,1115.0476933176735
HRV,2023,20750.0
HTI,2023,1760.0
HUN,2023,19840.0
IBD,2023,7989.859994681912
IBT,2023,6217.470869474441
IDA,2023,1613.1566930785832
IDB,2023,2110.084135865256
IDN,2023,4810.0
IDX,2023,1347.3116318206703
IND,2023,2580.0
IRL,2023,79280.0
IRN,2023,5070.0
IRQ,2023,5920.0
ISL,2023,82630.0
ISR,2023,54280.0
ITA,2023,38770.0
JAM,2023,6860.0
JOR,2023,4450.0
JPN,2023,39360.0
KAZ,2023,10690.0
KEN,2023,2110.0
KGZ,2023,1840.0
KHM,2023,2390.0
KIR,2023,3800.0
KNA,2023,21840.0
KOR,2023,38020.0
KWT,2023,42030.0
LAC,2023,9101.516508025023
LAO,2023,2110.0
LBN,2023,3700.0
LBR,2023,720.0
LBY,2023,6160.0
LCA,2023,12440.0
LCN,2023,9363.42125711391
LDC,2023,1282.8185899040989
LIC,2023,688.400546906594
LKA,2023,3530.0
LMC,2023,2595.439188536236
LMY,2023,5951.197392381657
LSO,2023,1250.0
LTE,2023,12658.470167362402
LTU,2023,25460.0
LUX,2023,88480.0
LVA,2023,21000.0
MAC,2023,65040.0
MAR,2023,3780.0
MDA,2023,6250.0
MDG,2023,510.0
MDV,2023,11130.0
MEA,2023,6293.140716516141
MEX,2023,12020.0
MHL,2023,7980.0
MIC,2023,6493.45956516633
MKD,2023,7940.0
MLI,2023,1010.0
MLT,2023,35720.0
MMR,2023,1220.0
MNA,2023,2940.2988512142347
MNE,2023,11550.0
MNG,2023,4870.0
MOZ,2023,540.0
MRT,2023,2140.0
MUS,2023,12570.0
MWI,2023,620.0
MYS,2023,11700.0
NAC,2023,77315.93686819701
NAM,2023,4290.0
NER,2023,640.0
NGA,2023,2590.0
NIC,2023,2360.0
NLD,2023,62550.0
NOR,2023,101640.0
NPL,2023,1430.0
NRU,2023,22720.0
NZL,2023,49020.0
OED,2023,46413.74953613295
OMN,2023,19950.0
OSS,2023,14621.383180579312
PAK,2023,1450.0
PAN,2023,17920.0
PER,2023,7080.0
PHL,2023,4320.0
PLW,2023,14780.0
PNG,2023,2800.0
POL,2023,19890.0
PRE,2023,1628.0985595405182
PRI,2023,25290.0
PRT,2023,26340.0
PRY,2023,6210.0
PSE,2023,4310.0
PSS,2023,4323.440698555225
PST,2023,54081.65845825332
PYF,2023,24370.0
QAT,2023,80200.0
ROU,2023,16590.0
RUS,2023,14460.0
RWA,2023,1000.0
SAS,2023,2603.0150401510045
SAU,2023,36330.0
SDN,2023,660.0
SEN,2023,1630.0
SGP,2023,69850.0
SLB,2023,1980.0
SLE,2023,870.0
SLV,2023,4950.0
SOM,2023,600.0
SRB,2023,10750.0
SSA,2023,1850.119087022096
SSF,2023,1767.645431430248
SST,2023,13788.873712849427
STP,2023,2590.0
SUR,2023,5210.0
SVK,2023,22710.0
SVN,2023,31020.0
SWE,2023,60300.0
SWZ,2023,3750.0
SXM,2023,38260.0
SYC,2023,16400.0
TCD,2023,960.0
TEA,2023,10784.248409949068
TEC,2023,11495.421014466621
TGO,2023,1050.0
THA,2023,7190.0
TJK,2023,1400.0
TKM,2023,6270.0
TLA,2023,9227.27754676829
TLS,2023,1900.0
TMN,2023,2930.5206430880653
TON,2023,5910.0
TSA,2023,2603.0150401510045
TSS,2023,1767.6454314302475
TTO,2023,19920.0
TUN,2023,3850.0
TUR,2023,11980.0
TUV,2023,8770.0
TZA,2023,1220.0
UGA,2023,970.0
UKR,2023,4980.0
UMC,2023,10770.161801966593
URY,2023,19880.0
USA,2023,80000.0
UZB,2023,2750.0
VCT,2023,10380.0
VEN,2023,3030.0
VNM,2023,4150.0
VUT,2023,3890.0
WLD,2023,13326.702099959017
WSM,2023,4800.0
XKX,2023,6290.0
ZAF,2023,6490.0
ZMB,2023,1270.0
ZWE,2023,2550.0
ABW,2024,35570.0
AFE,2024,1579.1035698892576
AFW,2024,1624.3163844200365
AGO,2024,2840.0
ALB,2024,9910.0
ARB,2024,7650.333718267643
ARE,2024,51550.0
ARG,2024,13530.0
ARM,2024,7810.0
ATG,2024,21150.0
AUS,2024,62680.0
AUT,2024,54760.0
AZE,2024,7330.0
BDI,2024,260.0
BEL,2024,55290.0
BEN,2024,1430.0
BFA,2024,850.0
BGD,2024,2820.0
BGR,2024,15370.0
BHR,2024,28090.0
BHS,2024,37020.0
BIH,2024,8790.0
BLR,2024,8260.0
BLZ,2024,7150.0
BMU,2024,145150.0
BOL,2024,4160.0
BRA,2024,9930.0
BRB,2024,25140.0
BRN,2024,36020.0
BWA,2024,7750.0
CAF,2024,510.0
CAN,2024,53400.0
CEB,2024,21833.058389373604
CHE,2024,95220.0
CHL,2024,15750.0
CHN,2024,13660.0
CIV,2024,2530.0
CMR,2024,1700.0
COD,2024,670.0
COG,2024,2280.0
COL,2024,7040.0
COM,2024,1590.0
CPV,2024,4950.0
CRI,2024,15620.0
CSS,2024,17761.861285661795
CUW,2024,22590.0
CYP,2024,32870.0
CZE,2024,29560.0
DEU,2024,55090.0
DMA,2024,10230.0
DNK,2024,72540.0
DOM,2024,10280.0
DZA,2024,5370.0
EAP,2024,10629.708060290766
EAR,2024,4303.469584524275
EAS,2024,13764.415533985812
ECA,2024,8622.876491072886
ECS,2024,29916.82406084339
ECU,2024,6430.0
EGY,2024,3510.0
EMU,2024,44691.47878898034
ESP,2024,33550.0
EST,2024,28880.0
ETH,2024,1100.0
EUU,2024,41062.25589543379
FCS,2024,1594.3698638142216
FIN,2024,51650.0
FJI,2024,5820.0
FRA,2024,45160.0
FRO,2024,73070.0
FSM,2024,4240.0
GAB,2024,7790.0
GBR,2024,49470.0
GEO,2024,8110.0
GHA,2024,2310.0
GIN,2024,1440.0
GMB,2024,880.0
GNB,2024,990.0
GNQ,2024,4740.0
GRC,2024,22730.0
GRD,2024,10510.0
GTM,2024,5780.0
GUY,2024,20140.0
HIC,2024,49376.41055273002
HKG,2024,57070.0
HND,2024,3020.0
HPC,2024,1138.0319336183852
HRV,2024,22250.0
HTI,2024,1760.0
HUN,2024,20770.0
IBD,2024,8126.743278059527
IBT,2024,6269.430606547924
IDA,2024,1518.8963010191474
IDB,2024,1808.075792674287
IDN,2024,4910.0
IDX,2024,1364.7337110537176
IND,2024,2650.0
IRL,2024,80650.0
IRN,2024,5130.0
IRQ,2024,6030.0
ISL,2024,82200.0
ISR,2024,52910.0
ITA,2024,38590.0
JAM,2024,7210.0
JOR,2024,4430.0
JPN,2024,36000.0
KAZ,2024,12090.0
KEN,2024,2090.0
KGZ,2024,2190.0
KHM,2024,2550.0
KIR,2024,3660.0
KNA,2024,22470.0
KOR,2024,36750.0
KWT,2024,40770.0
LAC,2024,9634.355645321888
LAO,2024,2000.0
LBR,2024,760.0
LBY,2024,6890.0
LCA,2024,12640.0
LCN,2024,9897.786329683133
LDC,2024,1291.0557368614868
LIC,2024,702.6087849512953
LKA,2024,3860.0
LMC,2024,2566.9970057900173
LMY,2024,5970.593406421756
LSO,2024,1180.0
LTE,2024,12818.201864991714
LTU,2024,27150.0
LUX,2024,84650.0
LVA,2024,21630.0
MAR,2024,3840.0
MDA,2024,6880.0
MDG,2024,510.0
MDV,2024,11640.0
MEA,2024,6275.3074773946055
MEX,2024,12850.0
MHL,2024,8500.0
MIC,2024,6524.063501221829
MKD,2024,8300.0
MLI,2024,1030.0
MLT,2024,36730.0
MMR,2024,1210.0
MNA,2024,2914.383903220344
MNE,2024,12210.0
MNG,2024,5380.0
MOZ,2024,550.0
MRT,2024,2120.0
MUS,2024,12970.0
MWI,2024,570.0
MYS,2024,11650.0
NAC,2024,80242.07135500415
NAM,2024,4240.0
NER,2024,680.0
NGA,2024,1700.0
NIC,2024,2510.0
NLD,2024,62520.0
NOR,2024,98170.0
NPL,2024,1470.0
NRU,2024,20400.0
NZL,2024,47580.0
OED,2024,47119.19160200709
OMN,2024,19520.0
OSS,2024,14976.067027143215
PAK,2024,1430.0
PAN,2024,18010.0
PER,2024,7500.0
PHL,2024,4470.0
PNG,2024,2900.0
POL,2024,21590.0
PRE,2024,1453.7030916717708
PRI,2024,25860.0
PRT,2024,26910.0
PRY,2024,6300.0
PSE,2024,2710.0
PSS,2024,4380.523070428851
PST,2024,54750.95016699719
PYF,2024,23930.0
QAT,2024,77290.0
ROU,2024,17600.0
RUS,2024,15320.0
RWA,2024,1040.0
SAS,2024,2662.2084415232594
SAU,2024,35630.0
SDN,2024,710.0
SEN,2024,1680.0
SGP,2024,74750.0
SLB,2024,1910.0
SLE,2024,820.0
SLV,2024,5120.0
SOM,2024,620.0
SRB,2024,11610.0
SSA,2024,1652.170796846441
SSF,2024,1597.375917526107
SST,2024,14172.746269377838
STP,2024,2850.0
SUR,2024,5690.0
SVK,2024,23560.0
SVN,2024,31790.0
SWE,2024,58190.0
SWZ,2024,3590.0
SXM,2024,38950.0
SYC,2024,17460.0
TCD,2024,940.0
TEA,2024,10749.511363955035
TEC,2024,12407.38843396442
TGO,2024,1080.0
THA,2024,7100.0
TJK,2024,1650.0
TKM,2024,6510.0
TLA,2024,9756.962015232748
TLS,2024,1650.0
TMN,2024,2915.881888479782
TSA,2024,2662.2084415232594
TSS,2024,1597.375917526107
TTO,2024,19740.0
TUN,2024,3880.0
TUR,2024,13460.0
TZA,2024,1210.0
UGA,2024,1020.0
UKR,2024,5210.0
UMC,2024,10906.836043328927
URY,2024,21650.0
USA,2024,83490.0
UZB,2024,3020.0
VCT,2024,11060.0
VEN,2024,3820.0
VNM,2024,4490.0
VUT,2024,3890.0
WLD,2024,13442.500283716608
WSM,2024,5040.0
XKX,2024,6910.0
ZAF,2024,6110.0
ZMB,2024,1220.0
ZWE,2024,2400.0
