Code,Year,Value
ABW,2000,21.807710647583
AFE,2000,12.9703397750854
AFW,2000,15.3238096237183
AGO,2000,5.2550802230835
ALB,2000,10.1370296478272
ARG,2000,16.2261505126953
ARM,2000,0.0
AUT,2000,11.0332202911377
AZE,2000,21.1190795898438
BDI,2000,10.7352600097656
BEN,2000,13.5131998062134
BGD,2000,20.4904193878174
BHS,2000,19.7952098846436
BLR,2000,0.0
BLZ,2000,15.6122598648071
BRA,2000,0.0
BRB,2000,22.1503505706787
BTN,2000,13.9203901290894
CAF,2000,9.93076992034912
CAN,2000,12.9826002120972
CEB,2000,10.2823801040649
CHE,2000,14.4521598815918
CHL,2000,16.4279098510742
CIV,2000,20.8069496154785
CMR,2000,11.6836996078491
CRI,2000,18.8195095062256
CSS,2000,11.7311201095581
CYP,2000,14.2683095932007
CZE,2000,8.91773986816406
DJI,2000,29.385950088501
DNK,2000,15.3018999099731
DOM,2000,13.399040222168
EAP,2000,15.640765190124501
EAR,2000,16.4783306121826
ECA,2000,11.485135078430151
ECS,2000,11.5805702209473
ECU,2000,4.95730018615723
EMU,2000,11.0332202911377
ESP,2000,10.6530303955078
EST,2000,14.685040473938
ETH,2000,14.9077301025391
EUU,2000,11.0332202911377
FIN,2000,12.1709203720093
FJI,2000,21.7585906982422
GAB,2000,17.7064895629883
GBR,2000,11.8517503738403
GEO,2000,12.5407199859619
GIN,2000,15.2369203567505
GMB,2000,11.921799659729
GUY,2000,17.6568393707275
HIC,2000,12.112884998321551
HPC,2000,14.04344987869265
HUN,2000,10.2823801040649
IBD,2000,13.5439701080322
IBT,2000,14.05883502960205
IDA,2000,14.5736999511719
IDB,2000,18.745080947876
IDX,2000,14.04344987869265
IND,2000,16.7305107116699
IRL,2000,13.5181999206543
IRN,2000,20.6338500976562
ISL,2000,14.3476104736328
ISR,2000,13.6747903823853
ITA,2000,9.23027992248535
JAM,2000,16.7966003417969
KAZ,2000,0.0
KEN,2000,24.0661392211914
KGZ,2000,11.6113004684448
KHM,2000,11.0790100097656
KIR,2000,15.265419960022
KNA,2000,13.6850500106812
LAC,2000,14.912034988403349
LAO,2000,7.295569896698
LCN,2000,15.2503700256348
LDC,2000,14.21046495437625
LIC,2000,12.8444900512695
LMC,2000,15.2218403816223
LMY,2000,14.5736999511719
LSO,2000,19.1415996551514
LTE,2000,12.732325077056899
LVA,2000,14.6014795303345
MAC,2000,11.8389101028442
MCO,2000,6.32789993286133
MDA,2000,12.9239301681519
MDG,2000,15.8905096054077
MEX,2000,19.6461296081543
MIC,2000,14.890230178833
MLI,2000,15.3238096237183
MNG,2000,16.0747699737549
MUS,2000,12.9703397750854
MWI,2000,0.0
MYS,2000,21.3906803131104
NAC,2000,12.9826002120972
NAM,2000,21.9250602722168
NER,2000,19.0575294494629
NIC,2000,14.5736999511719
NLD,2000,10.6068496704102
NOR,2000,15.6301898956299
NPL,2000,19.1560401916504
NZL,2000,14.8134803771973
OED,2000,12.8986797332764
OMN,2000,8.98344039916992
OSS,2000,14.685040473938
PAK,2000,8.4898796081543
PAN,2000,19.8319396972656
PER,2000,15.2503700256348
PHL,2000,15.2067604064941
POL,2000,11.5805702209473
PRE,2000,12.8444900512695
PRT,2000,12.0548496246338
PRY,2000,21.5593891143799
PST,2000,11.8517503738403
QAT,2000,9.67605018615723
ROU,2000,8.18758010864258
RUS,2000,8.95184993743896
RWA,2000,18.8353290557861
SAS,2000,19.1560401916504
SEN,2000,17.6184902191162
SGP,2000,20.3055305480957
SLE,2000,20.7299995422363
SLV,2000,13.5439701080322
SSA,2000,15.2369203567505
SSF,2000,15.0723252296448
SST,2000,13.827690124511701
SVK,2000,7.26560020446777
SWE,2000,12.8986797332764
SWZ,2000,18.745080947876
TCA,2000,0.0
TCD,2000,12.8444900512695
TEA,2000,15.640765190124501
TEC,2000,11.3589696884155
TGO,2000,24.4237098693848
THA,2000,28.3885993957519
TJK,2000,12.7238502502441
TLA,2000,15.2503700256348
TON,2000,22.9558601379394
TSA,2000,19.1560401916504
TSS,2000,15.0723252296448
TTO,2000,11.7311201095581
TUN,2000,24.5917797088623
UGA,2000,10.3548698425293
UKR,2000,11.3589696884155
UMC,2000,13.471505165100101
URY,2000,8.35916996002197
VCT,2000,30.7891998291016
VUT,2000,27.52419090271
WLD,2000,13.4561200141907
WSM,2000,10.4612998962402
ZAF,2000,0.0
ZMB,2000,8.35262012481689
ABW,2001,21.3231792449951
AFE,2001,18.66932487487795
AFW,2001,15.7297401428223
ALB,2001,10.5819301605225
ARG,2001,16.3559608459473
ARM,2001,0.0
AUT,2001,10.816780090332
AZE,2001,20.8775501251221
BDI,2001,11.4331302642822
BEN,2001,15.3105802536011
BGD,2001,18.5847797393799
BGR,2001,9.27773952484131
BLZ,2001,18.3053703308106
BRA,2001,9.65944004058838
BRB,2001,26.8888206481934
BTN,2001,13.2260999679565
CAN,2001,12.2122402191162
CEB,2001,11.1316599845886
CHE,2001,15.2553396224976
CIV,2001,23.2020301818848
CMR,2001,15.7333097457886
CRI,2001,19.1528205871582
CSS,2001,12.1654300689697
CYP,2001,14.3215703964233
CZE,2001,8.61888980865479
DJI,2001,26.2800197601318
DNK,2001,15.4932098388672
DOM,2001,13.2144804000854
EAP,2001,12.754899978637699
EAR,2001,16.6391296386719
ECS,2001,12.0893902778626
EMU,2001,11.8278303146362
ESP,2001,10.7027397155762
EST,2001,14.8261499404907
ETH,2001,14.4617700576782
EUU,2001,11.322305202484099
FIN,2001,12.6344499588013
FJI,2001,19.6386394500732
GBR,2001,12.0821504592896
GEO,2001,12.3619604110718
GHA,2001,15.7411098480225
GIN,2001,10.3699197769165
GMB,2001,8.2052698135376
GUY,2001,16.5555591583252
HIC,2001,12.1654300689697
HKG,2001,22.4187793731689
HPC,2001,14.90204000473025
HUN,2001,10.435489654541
IBD,2001,13.9159097671509
IBT,2001,15.0534052848816
IDA,2001,15.6620597839356
IDN,2001,11.5938901901245
IDX,2001,14.4934997558594
IRL,2001,12.7046499252319
IRN,2001,24.4241695404053
ISL,2001,14.1417798995972
ISR,2001,13.4050998687744
ITA,2001,9.83232021331787
JAM,2001,19.9911499023438
KEN,2001,22.9616107940674
KGZ,2001,13.7213897705078
KHM,2001,11.3807897567749
KIR,2001,11.5161399841309
KNA,2001,14.319109916687
KWT,2001,22.0104007720947
LAO,2001,9.94657039642334
LBN,2001,7.4212498664856
LCA,2001,25.8546295166016
LDC,2001,14.4934997558594
LIC,2001,15.0777797698975
LMY,2001,15.7297401428223
LSO,2001,22.9656295776367
LTE,2001,12.7046499252319
LTU,2001,15.9948501586914
LVA,2001,15.877519607544
MAC,2001,11.0921602249146
MDA,2001,16.4247608184814
MDG,2001,17.6824703216553
MEX,2001,20.6242809295654
MLI,2001,14.4934997558594
MRT,2001,0.0
MUS,2001,13.239239692688
MWI,2001,0.0
MYS,2001,24.3485202789307
NAC,2001,12.2122402191162
NAM,2001,22.7757091522217
NER,2001,16.6503105163574
NLD,2001,10.6393604278565
NOR,2001,15.783860206604
NPL,2001,21.6562004089356
OED,2001,12.2122402191162
OMN,2001,10.5839900970459
OSS,2001,14.8261499404907
PAN,2001,16.6391296386719
PER,2001,14.7962303161621
PHL,2001,13.9159097671509
POL,2001,11.8656597137451
PRE,2001,14.90204000473025
PRT,2001,12.0966300964356
PRY,2001,19.8792190551758
PST,2001,12.0966300964356
QAT,2001,10.5513095855713
ROU,2001,9.84881973266602
RUS,2001,9.21335983276367
RWA,2001,25.3131408691406
SAS,2001,20.12049007415775
SEN,2001,15.7297401428223
SGP,2001,21.5566596984863
SLE,2001,17.9699993133545
SSA,2001,15.73720979690555
SSF,2001,15.7333097457886
SST,2001,14.03269481658935
SVK,2001,8.52626991271973
SVN,2001,11.8278303146362
SWE,2001,12.785530090332
SWZ,2001,19.6561794281006
TCA,2001,0.0
TCD,2001,13.7868499755859
TEA,2001,12.754899978637699
TEC,2001,12.11381006240845
TGO,2001,25.7313594818115
THA,2001,24.241340637207
TJK,2001,14.0071296691894
TLA,2001,16.3559608459473
TON,2001,22.1091804504394
TSA,2001,20.12049007415775
TSS,2001,15.7333097457886
TTO,2001,12.1654300689697
TUN,2001,24.6477603912354
UKR,2001,12.8109502792358
URY,2001,9.22963047027588
VUT,2001,40.0775489807129
WLD,2001,14.0071296691894
WSM,2001,12.7703304290772
ZAF,2001,20.4720497131348
ABW,2002,19.7571506500244
AFW,2002,14.3271450996399
ALB,2002,9.88691997528076
ARG,2002,16.4422092437744
ARM,2002,0.0
ATG,2002,11.7015399932861
AUT,2002,10.7776603698731
AZE,2002,13.6307201385498
BDI,2002,12.4860801696777
BEN,2002,14.1290798187256
BGD,2002,15.6937999725342
BGR,2002,9.65431976318359
BRA,2002,8.42879009246826
BRB,2002,24.7244892120361
CAF,2002,9.19987010955811
CAN,2002,12.1478996276856
CEB,2002,10.9223499298096
CHE,2002,15.1812601089478
CHL,2002,17.4505996704102
CIV,2002,22.5923004150391
COG,2002,9.05484962463379
COM,2002,15.789719581604
CPV,2002,19.7662296295166
CRI,2002,19.24049949646
CSS,2002,14.2852096557617
CYP,2002,14.914210319519
CZE,2002,8.86462020874023
DJI,2002,25.4893093109131
DNK,2002,15.4544897079468
DOM,2002,11.6176204681397
EAP,2002,15.2626600265503
EAR,2002,16.31497955322265
ECA,2002,13.99584007263185
ECS,2002,12.0111598968506
EMU,2002,11.33931016922
ESP,2002,10.7009696960449
EST,2002,15.1506299972534
ETH,2002,16.1877498626709
EUU,2002,10.9223499298096
FIN,2002,12.6825304031372
FJI,2002,21.0378093719482
GBR,2002,13.3061599731445
GEO,2002,13.6035099029541
GIN,2002,13.2051401138306
GMB,2002,10.9475202560425
GUY,2002,16.9000091552734
HIC,2002,12.4844598770142
HKG,2002,22.2072906494141
HPC,2002,14.3271450996399
HRV,2002,7.77331018447876
HUN,2002,10.156379699707
IBD,2002,14.3690500259399
IBT,2002,14.6392498016357
IDA,2002,15.475224971771251
IDN,2002,14.3690500259399
IDX,2002,15.2045650482178
IRL,2002,12.4844598770142
IRN,2002,26.5064296722412
ISL,2002,16.0566101074219
ISR,2002,12.5193595886231
ITA,2002,9.49643039703369
JAM,2002,18.3639297485352
KAZ,2002,14.7594804763794
KEN,2002,26.8472194671631
KGZ,2002,15.1464700698853
KHM,2002,10.1375703811646
KNA,2002,11.0593299865723
KWT,2002,15.8232297897339
LAC,2002,15.6877899169922
LAO,2002,15.2626600265503
LBN,2002,7.05630016326904
LCN,2002,16.0649995803833
LDC,2002,14.89393520355225
LMY,2002,14.952975273132349
LSO,2002,23.4870796203613
LTE,2002,13.6307201385498
LTU,2002,16.811580657959
LVA,2002,16.3701801300049
MAC,2002,10.7146902084351
MDA,2002,17.8843402862549
MDG,2002,17.9367599487305
MDV,2002,21.2060298919678
MEX,2002,21.4649105072021
MHL,2002,14.8142004013062
MIC,2002,15.1464700698853
MLI,2002,14.5252103805542
MLT,2002,9.53534030914307
MNG,2002,20.3115100860596
MRT,2002,0.0
MUS,2002,12.9151401519775
MYS,2002,25.903600692749
NAC,2002,12.1478996276856
NAM,2002,21.8368606567383
NER,2002,16.6668491363525
NIC,2002,15.6877899169922
NLD,2002,10.6943197250366
NOR,2002,16.0835800170898
NPL,2002,20.4440498352051
NRU,2002,0.0
OED,2002,12.50190973281865
OMN,2002,11.0624799728394
OSS,2002,15.1506299972534
PAN,2002,16.9575004577637
PER,2002,14.5780601501465
PHL,2002,14.0689296722412
POL,2002,11.920599937439
PRE,2002,14.1290798187256
PRT,2002,11.9009599685669
PRY,2002,18.8153991699219
PST,2002,12.0795297622681
QAT,2002,12.0074596405029
ROU,2002,10.9223499298096
RUS,2002,10.5838403701782
SAS,2002,18.06892490386965
SEN,2002,16.7219200134277
SGP,2002,21.4160709381104
SLE,2002,17.6999988555908
SLV,2002,14.4047498703003
SSA,2002,15.59602975845335
SSF,2002,16.1877498626709
SST,2002,14.71791982650755
STP,2002,6.56044006347656
SVK,2002,9.24452018737793
SVN,2002,12.0111598968506
SWE,2002,13.1183500289917
SWZ,2002,17.2937698364258
SYC,2002,9.22015953063965
TCA,2002,0.0
TEA,2002,15.2626600265503
TEC,2002,11.920599937439
TGO,2002,30.7000293731689
THA,2002,16.2229309082031
TJK,2002,14.6392498016357
TLA,2002,16.0649995803833
TON,2002,15.8265800476074
TSA,2002,18.06892490386965
TSS,2002,16.1877498626709
TTO,2002,14.2852096557617
TUN,2002,22.8801307678223
UKR,2002,14.3609600067139
UMC,2002,14.5780601501465
URY,2002,7.71265983581543
VCT,2002,28.7013092041016
VUT,2002,36.4096183776855
WLD,2002,14.3868999481201
WSM,2002,12.7938003540039
ZAF,2002,20.0956993103027
AFW,2003,16.1175098419189
ALB,2003,10.5735998153687
ARG,2003,14.3547201156616
ARM,2003,0.0
AUT,2003,10.4178800582886
AZE,2003,15.1708402633667
BEN,2003,16.6825294494629
BGD,2003,16.6816291809082
BGR,2003,11.1802501678467
BLZ,2003,16.0251903533936
BRB,2003,18.5845603942871
CAF,2003,12.0125799179077
CEB,2003,11.6752195358276
CHE,2003,16.1994209289551
CHL,2003,17.6372203826904
CIV,2003,22.648229598999
CMR,2003,21.4420204162598
COG,2003,9.5199499130249
CRI,2003,20.1517200469971
CSS,2003,13.9100704193115
CYP,2003,16.515230178833
CZE,2003,8.38220977783203
DJI,2003,24.2714900970459
DNK,2003,15.1582098007202
DOM,2003,10.7097902297974
ECS,2003,12.0988101959228
EMU,2003,11.304699897766099
ESP,2003,10.8753499984741
EST,2003,15.0392198562622
EUU,2003,11.63733959198
FIN,2003,12.7759704589844
GBR,2003,13.3586597442627
GEO,2003,12.4929399490356
GIN,2003,11.6490497589111
GMB,2003,8.46883964538574
GRD,2003,10.9746398925781
GUY,2003,13.8145599365234
HIC,2003,12.7759704589844
HKG,2003,23.2442893981934
HRV,2003,7.79530000686646
HUN,2003,11.7917404174805
IBD,2003,14.538915157318101
IBT,2003,15.851335048675551
IDB,2003,22.0638198852539
IDN,2003,16.2781791687012
IND,2003,12.4107999801636
IRL,2003,12.8731098175049
IRN,2003,22.1354694366455
ISL,2003,15.1595802307129
ISR,2003,13.5253896713257
ITA,2003,9.6374397277832
JAM,2003,13.3623399734497
KEN,2003,25.8499698638916
KGZ,2003,15.9395303726196
KNA,2003,12.2880601882935
LAC,2003,14.5065150260925
LCA,2003,15.4221601486206
LCN,2003,14.6583099365234
LSO,2003,31.5068492889404
LTE,2003,13.9100704193115
LTU,2003,15.561240196228
LVA,2003,15.3767595291138
MAC,2003,10.3880701065063
MDA,2003,16.192590713501
MDG,2003,15.7631397247315
MDV,2003,20.1858100891113
MEX,2003,22.4718704223633
MHL,2003,22.5087509155273
MLI,2003,18.2837600708008
MRT,2003,0.0
MUS,2003,17.9227199554443
MWI,2003,16.4977703094482
MYS,2003,24.5424404144287
NAM,2003,20.3282108306885
NER,2003,13.8454999923706
NIC,2003,14.8870000839233
NLD,2003,10.9720602035522
NOR,2003,15.5307302474976
NPL,2003,21.312650680542
OED,2003,12.8338298797607
OMN,2003,10.0389604568481
OSS,2003,17.9227199554443
PAN,2003,16.3430099487305
PER,2003,14.6583099365234
PHL,2003,14.380220413208
POL,2003,11.6752195358276
PRT,2003,11.63733959198
PRY,2003,20.8940296173096
PST,2003,12.0988101959228
QAT,2003,10.7000598907471
ROU,2003,11.1390600204468
RUS,2003,10.5316896438599
SAS,2003,16.6816291809082
SEN,2003,16.1175098419189
SGP,2003,24.7598304748535
SLE,2003,17.3199996948242
SLV,2003,13.8522701263428
SSA,2003,17.3199996948242
SST,2003,16.48096990585325
STP,2003,6.69200992584229
SVK,2003,10.579270362854
SVN,2003,12.0988101959228
SWE,2003,12.8338298797607
SWZ,2003,22.0638198852539
SYC,2003,12.0431995391846
TCA,2003,0.0
TEC,2003,11.6752195358276
TGO,2003,27.7564296722412
THA,2003,20.8663501739502
TJK,2003,12.7082395553589
TLA,2003,14.6583099365234
TON,2003,18.619119644165
TSA,2003,16.6816291809082
TTO,2003,13.9100704193115
TUN,2003,27.684289932251
UKR,2003,14.4195203781128
URY,2003,6.83626985549927
VCT,2003,31.4755096435547
VUT,2003,44.8017997741699
WLD,2003,14.8870000839233
ZAF,2003,19.5923004150391
ABW,2004,14.902910232544
AFE,2004,18.0015392303467
AFW,2004,17.05612468719485
ALB,2004,10.7031602859497
ARG,2004,15.1393003463745
ARM,2004,0.0
AUT,2004,9.83547019958496
AZE,2004,14.2350397109985
BDI,2004,9.17908000946045
BEN,2004,19.2139492034912
BGD,2004,15.9531202316284
BGR,2004,12.2791795730591
BLR,2004,12.5523500442505
BLZ,2004,16.3242797851562
BRA,2004,10.0161695480347
BRB,2004,18.6181392669678
BTN,2004,18.6066303253174
CAF,2004,12.0471296310425
CEB,2004,12.122260093689
CHE,2004,16.096399307251
CHL,2004,17.0210494995117
CIV,2004,22.1071605682373
CMR,2004,20.8471202850342
COG,2004,8.56180953979492
CPV,2004,20.8404808044434
CRI,2004,20.4308891296387
CYP,2004,15.8329801559448
CZE,2004,9.43290042877197
DJI,2004,24.7011394500732
DNK,2004,15.5099496841431
EAP,2004,14.1702995300293
ECA,2004,13.2457046508789
ECS,2004,12.437940120697
EMU,2004,11.2846202850342
ESP,2004,10.7112703323364
EST,2004,14.3060798645019
EUU,2004,11.7034401893616
FIN,2004,12.7789602279663
FJI,2004,23.7491493225098
GBR,2004,12.7254400253296
GEO,2004,15.0367603302002
GHA,2004,22.3792495727539
GIN,2004,12.3493995666504
GMB,2004,5.02954006195068
GUY,2004,11.0807399749756
HIC,2004,12.75220012664795
HKG,2004,23.1510601043701
HPC,2004,14.96150970458985
HRV,2004,7.80251979827881
HUN,2004,10.9347896575928
IBD,2004,14.1702995300293
IBT,2004,14.662439823150649
IDA,2004,16.2438106536865
IDB,2004,20.97559547424315
IDN,2004,14.1702995300293
IDX,2004,15.9531202316284
IND,2004,11.1968603134155
IRL,2004,13.6585597991943
IRN,2004,21.5214500427246
ISL,2004,15.3389701843262
ISR,2004,13.3845300674438
ITA,2004,9.36435031890869
JAM,2004,11.7330198287964
KAZ,2004,10.6096801757812
KEN,2004,27.5977096557617
KGZ,2004,16.2438106536865
KHM,2004,12.4043102264404
KNA,2004,11.7902603149414
KWT,2004,14.4978904724121
LAO,2004,15.8750801086426
LBN,2004,7.93123006820679
LCA,2004,15.0410404205322
LDC,2004,15.8750801086426
LIC,2004,12.9607696533203
LMC,2004,15.9531202316284
LMY,2004,15.1393003463745
LSO,2004,27.1636009216309
LTE,2004,13.9467997550964
LTU,2004,15.1882801055908
LVA,2004,14.5018100738525
MAC,2004,9.00207996368408
MCO,2004,5.925950050354
MDA,2004,19.4520206451416
MDG,2004,12.9607696533203
MDV,2004,19.371000289917
MEX,2004,22.0538291931152
MIC,2004,15.20657539367675
MLI,2004,17.736349105835
MLT,2004,10.5600204467773
MNG,2004,13.5944499969482
MOZ,2004,18.0015392303467
MRT,2004,8.17580986022949
MUS,2004,17.3871002197266
MYS,2004,21.0129203796387
NLD,2004,11.2846202850342
NOR,2004,16.2629299163818
NPL,2004,21.6133594512939
OED,2004,12.7789602279663
OMN,2004,10.3164701461792
OSS,2004,16.6100401878357
PAK,2004,11.2293500900269
PAN,2004,14.5761699676514
PER,2004,15.273850440979
PHL,2004,12.7508497238159
POL,2004,12.3235301971435
PRE,2004,14.96150970458985
PRT,2004,10.9565200805664
PRY,2004,18.218240737915
PST,2004,12.4157648086548
QAT,2004,12.0531301498413
ROU,2004,9.84331035614014
RUS,2004,11.1759099960327
SAS,2004,15.9531202316284
SEN,2004,16.9622497558594
SGP,2004,22.7444095611572
SLE,2004,17.1499996185303
SSA,2004,17.3871002197266
SSF,2004,17.3871002197266
SST,2004,16.6100401878357
STP,2004,5.85359001159668
SVK,2004,10.7206401824951
SVN,2004,12.122260093689
SWE,2004,12.9132299423218
SWZ,2004,21.1040706634521
TCD,2004,11.0319004058838
TEA,2004,14.1702995300293
TEC,2004,12.3235301971435
TGO,2004,21.8306903839111
THA,2004,21.457670211792
TJK,2004,13.709659576416
TON,2004,19.0971698760986
TSA,2004,15.9531202316284
TSS,2004,17.3871002197266
TUN,2004,27.8338108062744
TZA,2004,19.492639541626
UGA,2004,20.3083400726318
UKR,2004,12.7817497253418
UMC,2004,15.0367603302002
URY,2004,8.60923957824707
WLD,2004,14.1702995300293
ZAF,2004,19.9346294403076
ZMB,2004,10.5849895477295
ABW,2005,18.8882808685303
AFE,2005,18.1431407928467
AFW,2005,16.9791898727417
AGO,2005,7.99235010147095
ALB,2005,11.3579702377319
ARG,2005,15.8031702041626
ARM,2005,13.6480903625488
AUT,2005,10.2281703948975
AZE,2005,13.2231502532959
BDI,2005,10.9592695236206
BEL,2005,11.1755199432373
BEN,2005,18.7903900146484
BFA,2005,19.4941902160644
BGR,2005,12.0725202560425
BLR,2005,12.6201095581055
BRA,2005,10.6975202560425
BRB,2005,18.2429790496826
BTN,2005,22.8328609466553
BWA,2005,25.8235301971436
CAF,2005,9.66650009155273
CAN,2005,12.1780700683594
CEB,2005,12.0725202560425
CHE,2005,15.703989982605
CHL,2005,16.199089050293
CIV,2005,21.8456897735596
CMR,2005,21.3776092529297
COG,2005,7.59781980514526
CYP,2005,15.8393602371216
CZE,2005,9.12421035766602
DJI,2005,22.7150497436523
DNK,2005,15.7961902618408
ECA,2005,13.435620307922349
ECS,2005,12.2496995925903
EMU,2005,11.4476099014282
ESP,2005,10.7697601318359
EST,2005,14.2651500701904
EUU,2005,11.7196998596191
FIN,2005,12.2496995925903
FJI,2005,20.2661304473877
GBR,2005,12.9602899551392
GEO,2005,11.1812496185303
GHA,2005,23.4299602508545
GIN,2005,10.9662103652954
GMB,2005,5.34417009353638
GUY,2005,13.8234395980835
HIC,2005,12.21388483047485
HKG,2005,22.4785804748535
HPC,2005,16.9791898727417
HUN,2005,10.7871503829956
IBD,2005,13.6933703422546
IBT,2005,14.858214855194099
IDA,2005,17.223239898681598
IDB,2005,21.13473415374755
IDN,2005,15.1821098327637
IND,2005,11.208459854126
IRL,2005,13.6849298477173
IRN,2005,21.8996906280518
ISL,2005,16.3081493377686
ISR,2005,13.1606502532959
ITA,2005,8.97474956512451
JAM,2005,14.2693700790405
KAZ,2005,10.2859497070312
KEN,2005,28.9434394836426
KGZ,2005,16.7684001922607
KNA,2005,11.056209564209
KWT,2005,13.4065599441528
LAO,2005,14.1292695999146
LBN,2005,8.42131042480469
LCA,2005,16.3069705963135
LDC,2005,15.89515018463135
LMC,2005,16.7684001922607
LMY,2005,15.260920047759999
LSO,2005,32.5390510559082
LTE,2005,13.314855098724351
LTU,2005,14.3004703521728
MAC,2005,8.11334991455078
MDA,2005,19.2966499328613
MDG,2005,18.0330390930176
MDV,2005,12.9361000061035
MEX,2005,21.9037895202637
MIC,2005,15.1821098327637
MLI,2005,16.2803001403809
MOZ,2005,22.7181797027588
MUS,2005,17.0881309509277
NAC,2005,12.1780700683594
NLD,2005,11.7196998596191
NOR,2005,16.3725299835205
NPL,2005,22.2942199707031
OED,2005,12.2496995925903
OMN,2005,10.0536403656006
OSS,2005,16.46374559402465
PAK,2005,13.777509689331
PER,2005,14.2785196304321
PHL,2005,12.4223604202271
POL,2005,12.2652902603149
PRE,2005,16.2803001403809
PRT,2005,10.8519697189331
PST,2005,12.1780700683594
QAT,2005,13.7447595596313
ROU,2005,10.8366804122925
RUS,2005,11.9505701065063
SAS,2005,16.75133991241455
SEN,2005,21.7709693908691
SGP,2005,22.2787895202637
SLE,2005,15.5100002288818
SLV,2005,14.1668500900269
SSA,2005,18.0330390930176
SSF,2005,18.0330390930176
SST,2005,16.46374559402465
STP,2005,12.1254796981812
SVK,2005,9.64748954772949
SVN,2005,12.0989799499512
SWE,2005,12.7313299179077
SWZ,2005,20.8918590545654
TCA,2005,0.0
TCD,2005,14.6728200912476
TEC,2005,12.442699909210202
TGO,2005,17.6780796051025
THA,2005,20.5468196868896
TJK,2005,15.3397302627563
TSA,2005,16.75133991241455
TSS,2005,18.0330390930176
TUN,2005,26.6956901550293
TZA,2005,18.1431407928467
UKR,2005,13.7386503219604
UMC,2005,14.2739448547363
URY,2005,9.47097015380859
VCT,2005,22.5919895172119
WLD,2005,13.9533896446228
ZAF,2005,19.9249897003174
ZMB,2005,7.72973012924194
AFE,2006,18.0049896240234
AFW,2006,17.9546394348144
AGO,2006,7.45479011535645
ALB,2006,10.9329500198364
ARG,2006,15.5098400115967
ARM,2006,13.578519821167
AUT,2006,10.3371200561523
AZE,2006,10.100419998169
BEN,2006,19.7096099853516
BFA,2006,18.2017002105713
BGD,2006,17.3365306854248
BGR,2006,12.010479927063
BHR,2006,11.9186601638794
BLR,2006,12.4503202438354
BOL,2006,21.5667705535889
BRA,2006,11.4433298110962
CAF,2006,10.0542402267456
CEB,2006,12.3009099960327
CHE,2006,15.8538799285889
CHL,2006,16.2312793731689
CIV,2006,20.0178909301758
CMR,2006,20.3126602172852
CPV,2006,17.5405807495117
CRI,2006,20.6433391571045
CYP,2006,16.1796207427979
CZE,2006,10.1192798614502
DJI,2006,24.7079601287842
DNK,2006,15.5222301483154
EAR,2006,18.73088455200195
ECA,2006,13.4226098060608
ECS,2006,12.7120199203491
EMU,2006,11.8504099845886
ESP,2006,10.8878297805786
ETH,2006,23.9753799438477
EUU,2006,12.2838201522827
FIN,2006,12.2838201522827
FJI,2006,20.8432903289795
GBR,2006,12.9464797973633
GEO,2006,12.8953895568848
GHA,2006,24.161979675293
GMB,2006,5.36076021194458
GTM,2006,20.3384494781494
GUY,2006,13.4816904067993
HIC,2006,12.715819835662849
HKG,2006,23.282600402832
HPC,2006,17.62064456939695
HUN,2006,10.2998199462891
IBD,2006,13.7508749961853
IBT,2006,15.8465700149536
IDB,2006,20.3126602172852
IND,2006,11.6937103271484
IRL,2006,13.5489997863769
IRN,2006,19.4567794799805
ISL,2006,16.0469799041748
ISR,2006,13.430549621582
ITA,2006,9.47148036956787
KAZ,2006,13.2666997909546
KEN,2006,26.9538707733154
KGZ,2006,19.0526008605957
KNA,2006,12.4784097671509
KWT,2006,13.0494298934937
LAO,2006,17.7623596191406
LBN,2006,7.69319009780884
LCA,2006,19.0113792419434
LDC,2006,17.2866497039795
LMC,2006,18.50362014770505
LMY,2006,16.745569229126
LSO,2006,28.9593200683594
LTE,2006,13.2666997909546
LTU,2006,14.0492401123047
LVA,2006,13.9116296768188
MAC,2006,11.1839303970337
MDA,2006,18.6088199615479
MDG,2006,15.3241901397705
MDV,2006,13.2550201416016
MEX,2006,20.8243198394775
MIC,2006,16.745569229126
MOZ,2006,18.5500392913818
MRT,2006,10.310079574585
MUS,2006,15.1761703491211
MYS,2006,16.745569229126
NAM,2006,21.6029891967773
NER,2006,16.8837699890137
NLD,2006,11.4169998168945
NOR,2006,15.7071104049683
NPL,2006,25.5006408691406
OED,2006,12.7120199203491
OMN,2006,11.224630355835
OSS,2006,16.1796207427979
PAK,2006,15.2890996932983
PER,2006,14.0353002548218
PHL,2006,13.2685298919678
POL,2006,12.7099800109863
PRE,2006,16.8837699890137
PRT,2006,10.8700895309448
PST,2006,12.37561511993405
ROU,2006,12.7196197509766
RUS,2006,12.4258003234863
SAS,2006,17.3365306854248
SEN,2006,17.9546394348144
SGP,2006,22.5367794036865
SLV,2006,14.9191904067993
SSA,2006,17.9546394348144
SSF,2006,17.9798145294189
SST,2006,16.1796207427979
STP,2006,14.0842304229736
SVK,2006,9.71280002593994
SVN,2006,12.3009099960327
SWE,2006,12.7120199203491
SWZ,2006,22.7075691223144
SYC,2006,10.9545202255249
TEC,2006,12.8075046539307
TGO,2006,17.2866497039795
THA,2006,22.0027904510498
TJK,2006,15.8465700149536
TSA,2006,17.3365306854248
TSS,2006,17.9798145294189
TUN,2006,26.8613090515137
TZA,2006,15.0150699615478
UKR,2006,13.9232301712036
URY,2006,9.84121036529541
WLD,2006,14.96713018417355
ZAF,2006,18.0049896240234
ABW,2007,20.7926406860352
ALB,2007,11.1771898269653
ARG,2007,15.1015701293945
ARM,2007,13.4655895233154
AUT,2007,10.4166803359985
AZE,2007,9.77937030792236
BEN,2007,14.9486904144287
BFA,2007,17.8638191223144
BGD,2007,18.1534004211426
BGR,2007,11.113920211792
BHR,2007,11.0267295837402
BLR,2007,10.1337203979492
BOL,2007,20.5818996429443
BRA,2007,12.3272495269775
BRB,2007,17.2209701538086
BWA,2007,26.5077896118164
CAF,2007,9.86948013305664
CAN,2007,12.3285598754883
CEB,2007,11.3483295440674
CHE,2007,15.5604200363159
CHL,2007,16.7464103698731
CIV,2007,20.755880355835
CMR,2007,21.3793392181396
CPV,2007,18.3287506103516
CRI,2007,21.0218906402588
CYP,2007,16.72047996521
CZE,2007,9.51356029510498
DJI,2007,22.5274391174316
DNK,2007,15.3610601425171
DOM,2007,12.5410499572754
EAP,2007,14.939920425415
EAR,2007,17.906809806823752
ECA,2007,11.9444704055786
ECS,2007,11.9444704055786
EMU,2007,11.52030992507935
ESP,2007,10.8369398117065
EST,2007,13.6502599716187
ETH,2007,24.6994495391846
EUU,2007,11.3483295440674
FIN,2007,12.1499500274658
FJI,2007,23.1704006195068
GBR,2007,12.819169998169
GEO,2007,9.48665046691895
GHA,2007,22.3170204162598
GMB,2007,7.2975001335144
GTM,2007,21.2781600952148
GUY,2007,11.5261602401733
HIC,2007,12.3285598754883
HKG,2007,22.8922290802002
HRV,2007,8.56842041015625
HUN,2007,10.2984800338745
IBD,2007,14.141770362854
IBT,2007,16.43553543090825
IDN,2007,14.939920425415
IRL,2007,13.2305898666382
IRN,2007,20.0312805175781
ISL,2007,15.5190696716309
ISR,2007,13.2810401916504
ITA,2007,8.7716703414917
JAM,2007,17.1730499267578
KAZ,2007,11.9444704055786
KGZ,2007,21.8514595031738
KHM,2007,11.1035099029541
KNA,2007,13.0518102645874
LAC,2007,16.49405002593995
LAO,2007,18.1017894744873
LBN,2007,7.34104013442993
LCN,2007,16.95973014831545
LMY,2007,16.8224906921387
LTE,2007,13.4655895233154
LTU,2007,13.0200901031494
LVA,2007,14.0670499801636
MAC,2007,9.94645977020264
MDA,2007,19.4169692993164
MDG,2007,18.0445499420166
MDV,2007,12.6912899017334
MEX,2007,19.8890705108643
MIC,2007,15.63028526306155
MLT,2007,14.4756803512573
MNG,2007,13.2864503860474
MUS,2007,14.1832799911499
MYS,2007,16.1246604919434
NAC,2007,12.3285598754883
NER,2007,17.3759708404541
NLD,2007,11.2287902832031
NOR,2007,15.8779897689819
NPL,2007,21.1461391448975
NRU,2007,0.0
OED,2007,12.7656803131103
OSS,2007,14.1832799911499
PAK,2007,15.445520401001
PER,2007,14.141770362854
PHL,2007,13.6670198440552
POL,2007,11.3483295440674
PRT,2007,11.0479097366333
PRY,2007,19.4247207641602
PST,2007,11.9808897972107
ROU,2007,12.0049600601196
RWA,2007,17.7865505218506
SAS,2007,19.649769783020048
SGP,2007,23.2322902679443
SLE,2007,19.75
SLV,2007,15.8150501251221
SST,2007,14.1832799911499
STP,2007,16.6573505401611
SVK,2007,9.80428028106689
SVN,2007,11.8118295669556
SWE,2007,12.7656803131103
TEA,2007,14.939920425415
TEC,2007,11.3483295440674
TGO,2007,18.15452003479
THA,2007,18.4846706390381
TJK,2007,16.8224906921387
TLA,2007,16.95973014831545
TSA,2007,19.649769783020048
TUN,2007,26.4286308288574
TZA,2007,19.4492301940918
UKR,2007,14.036190032959
UMC,2007,14.56160020828245
VCT,2007,20.0384101867676
WLD,2007,14.1832799911499
ZAF,2007,18.0270690917969
ZMB,2007,6.22791004180908
ABW,2008,19.028829574585
AFE,2008,17.082224845886202
AFW,2008,18.0316905975342
ARG,2008,15.7478399276733
ARM,2008,14.2684497833252
AUT,2008,10.5120296478272
AZE,2008,7.76384019851685
BDI,2008,12.6155395507812
BEL,2008,12.4724502563477
BEN,2008,19.0885791778564
BGD,2008,17.8161907196045
BGR,2008,12.6122598648071
BHR,2008,10.5586700439453
BLZ,2008,19.4965991973877
BOL,2008,19.0274791717529
BRA,2008,13.1999702453613
BRB,2008,15.7106504440308
BTN,2008,15.1049098968506
CAF,2008,7.8600001335144
CAN,2008,12.0099601745606
CEB,2008,11.410249710083
CHE,2008,15.8850402832031
CHL,2008,17.4011306762695
CIV,2008,21.5269107818604
CMR,2008,15.7006101608276
COM,2008,29.2331199645996
CPV,2008,18.2409896850586
CRI,2008,20.8109607696533
CYP,2008,17.5907497406006
CZE,2008,9.11993980407715
DEU,2008,10.0711097717285
DNK,2008,14.8002004623413
DZA,2008,11.0207595825195
EAP,2008,14.0386400222778
EAR,2008,17.3801593780518
ECS,2008,12.4724502563477
EMU,2008,11.32800483703615
ESP,2008,10.926079750061
EST,2008,13.8649301528931
ETH,2008,26.3557300567627
EUU,2008,11.410249710083
FIN,2008,12.1785898208618
FJI,2008,17.3697204589844
GBR,2008,12.7018404006958
GEO,2008,8.93760013580322
GHA,2008,24.0375003814697
GIN,2008,15.6947803497315
GMB,2008,18.8817100524902
GTM,2008,23.3481597900391
HIC,2008,12.6122598648071
HKG,2008,22.922399520874
HPC,2008,16.2581405639648
HRV,2008,9.24820041656494
HUN,2008,10.1910696029663
IBD,2008,14.4099049568176
IBT,2008,15.7478399276733
IDA,2008,17.2426700592041
IDN,2008,13.674750328064
IDX,2008,17.5294303894043
IRL,2008,13.1343097686768
IRN,2008,22.3846092224121
ISL,2008,11.1002998352051
ISR,2008,13.1389503479004
ITA,2008,9.15561008453369
JAM,2008,19.1193809509277
KAZ,2008,13.6469402313232
KGZ,2008,21.2062397003174
LAC,2008,17.77133941650395
LAO,2008,13.0052099227905
LBN,2008,5.86977005004883
LCA,2008,19.9433708190918
LDC,2008,16.1773300170898
LIC,2008,15.5915098190308
LMC,2008,18.0012397766113
LMY,2008,16.2177352905273
LSO,2008,24.2185802459717
LTE,2008,14.15394496917725
LTU,2008,12.6924200057983
LVA,2008,14.7630996704102
MAC,2008,10.4455699920654
MAR,2008,17.4706401824951
MDA,2008,19.8500804901123
MDG,2008,16.2581405639648
MDV,2008,12.5684604644775
MEX,2008,17.3801593780518
MIC,2008,17.3801593780518
MLI,2008,18.0316905975342
MLT,2008,12.9960498809815
MUS,2008,14.0394401550293
MYS,2008,14.0386400222778
NAC,2008,12.0099601745606
NAM,2008,24.8616104125977
NER,2008,16.1773300170898
NLD,2008,11.2911500930786
NOR,2008,15.7177600860596
NPL,2008,22.2300300598144
OED,2008,12.4724502563477
OSS,2008,14.0394401550293
PAK,2008,14.096960067749
PAN,2008,14.8747501373291
PER,2008,14.3778200149536
PHL,2008,14.4419898986816
POL,2008,11.410249710083
PRE,2008,15.938970088958701
PRT,2008,10.3243398666382
PST,2008,12.1785898208618
QAT,2008,15.0555200576782
ROU,2008,11.6162204742432
RUS,2008,11.9592304229736
RWA,2008,15.5915098190308
SAS,2008,20.02311038970945
SEN,2008,19.2261390686035
SGP,2008,30.0994091033936
SLE,2008,14.9299993515015
SLV,2008,18.1625194549561
SSA,2008,17.082224845886202
SSF,2008,17.9063091278076
SST,2008,14.0394401550293
STP,2008,18.2486305236816
SVK,2008,9.65705966949463
SVN,2008,11.3648595809937
SWE,2008,12.9236297607422
SWZ,2008,21.8132400512695
TEA,2008,14.0386400222778
TEC,2008,12.6122598648071
TGO,2008,19.2456607818604
THA,2008,18.1628494262695
TJK,2008,17.2426700592041
TLA,2008,17.4011306762695
TLS,2008,7.09053993225098
TSA,2008,20.02311038970945
TSS,2008,17.9063091278076
TUN,2008,25.2586708068848
TZA,2008,18.9404697418213
UKR,2008,13.5578298568726
UMC,2008,14.3231348991394
VNM,2008,18.0012397766113
VUT,2008,21.4056301116943
WLD,2008,14.6025447845459
WSM,2008,16.06422996521
ZAF,2008,17.9063091278076
ZMB,2008,5.65180015563965
ABW,2009,21.5635509490967
AFW,2009,18.1756191253662
ARG,2009,16.0206699371338
ARM,2009,13.4512195587158
ATG,2009,6.92814016342163
AUT,2009,10.5603704452515
AZE,2009,9.3439302444458
BDI,2009,16.3016891479492
BEL,2009,11.8001499176025
BEN,2009,18.1756191253662
BGD,2009,14.0298700332642
BGR,2009,12.6567497253418
BLR,2009,8.44954967498779
BLZ,2009,22.0576095581055
BOL,2009,22.8131809234619
BRA,2009,13.4780702590942
BRB,2009,16.1005802154541
BTN,2009,12.8447103500366
BWA,2009,20.4773998260498
CAF,2009,7.84172010421753
CAN,2009,12.4836397171021
CEB,2009,11.0830497741699
CHE,2009,15.5221395492554
CHL,2009,17.0356101989746
CIV,2009,22.1895599365234
CMR,2009,19.7797908782959
CPV,2009,15.886549949646
CRI,2009,23.4082202911377
CYP,2009,17.2012500762939
CZE,2009,9.34696960449219
DNK,2009,14.9351301193237
EAP,2009,14.511420249939
EAS,2009,15.1887102127075
ECA,2009,13.24605989456175
ECS,2009,11.942720413208
ECU,2009,13.1725702285767
EMU,2009,11.2416896820068
ESP,2009,10.6249799728394
EST,2009,12.9280996322632
ETH,2009,23.5837497711182
EUU,2009,11.1813549995422
FIN,2009,11.942720413208
FJI,2009,15.8536195755005
GBR,2009,12.3606395721435
GEO,2009,8.99825000762939
GHA,2009,22.4951305389404
GIN,2009,13.6039304733276
GMB,2009,13.293740272522
GUY,2009,10.338210105896
HIC,2009,12.4246501922607
HKG,2009,24.0051593780518
HPC,2009,18.1756191253662
HRV,2009,8.86186027526855
HUN,2009,9.78332996368408
IBD,2009,14.801225185394301
IBT,2009,16.0206699371338
IDA,2009,17.3597393035889
IDN,2009,19.3081398010254
IDX,2009,17.159574508667
IND,2009,11.1912002563477
IRL,2009,13.1332502365112
IRN,2009,18.5626201629639
ISL,2009,13.4195604324341
ISR,2009,12.9343700408935
ITA,2009,8.82258033752441
JAM,2009,17.5528392791748
KAZ,2009,13.0409002304077
KGZ,2009,19.1530094146729
KHM,2009,8.16524028778076
LAC,2009,16.7867546081543
LAO,2009,7.46309995651245
LBN,2009,5.50299978256226
LCA,2009,13.8953199386597
LDC,2009,16.1008448600769
LKA,2009,8.27079010009766
LMC,2009,17.3275146484375
LMY,2009,16.1611795425415
LTE,2009,13.4512195587158
LTU,2009,12.4246501922607
LVA,2009,13.0251398086548
MAC,2009,11.3725004196167
MAR,2009,17.2952899932861
MCO,2009,6.59881019592285
MDA,2009,20.9926300048828
MDG,2009,22.5858306884766
MDV,2009,13.7383899688721
MEX,2009,18.6651191711426
MIC,2009,16.0206699371338
MLI,2009,16.9594097137451
MLT,2009,12.2685899734497
MNG,2009,14.511420249939
MUS,2009,13.2472295761108
MYS,2009,18.4646301269531
NAC,2009,12.4836397171021
NER,2009,18.9125099182129
NLD,2009,11.1210203170776
NOR,2009,15.5077800750732
NPL,2009,19.8729305267334
OED,2009,12.392644882202099
OMN,2009,10.949179649353
OSS,2009,13.2472295761108
PAK,2009,12.0826301574707
PER,2009,14.5476303100586
PHL,2009,13.2111597061157
POL,2009,11.0830497741699
PRT,2009,11.0692796707153
PST,2009,11.942720413208
QAT,2009,14.8356504440308
ROU,2009,11.0212898254394
SAS,2009,12.61053514480595
SEN,2009,23.3004493713379
SGP,2009,21.852970123291
SLE,2009,15.9000005722046
SLV,2009,17.9502601623535
SSF,2009,18.2409391403198
SST,2009,13.2472295761108
STP,2009,20.5607795715332
SVK,2009,9.2721700668335
SVN,2009,11.2416896820068
SWE,2009,13.1281204223633
SWZ,2009,19.3863792419434
TCD,2009,8.82818031311035
TEA,2009,14.511420249939
TEC,2009,11.86989974975585
TGO,2009,19.3719806671143
THA,2009,18.1783008575439
TJK,2009,17.3597393035889
TLS,2009,10.5861196517944
TSA,2009,12.61053514480595
TSS,2009,18.2409391403198
TUN,2009,25.2620105743408
TZA,2009,17.6823406219482
UKR,2009,15.05482006073
UMC,2009,15.05482006073
VCT,2009,17.3384990692139
VNM,2009,15.1887102127075
VUT,2009,18.7231502532959
WLD,2009,13.816900253295898
ZAF,2009,18.3062591552734
ABW,2010,22.1767807006836
AFE,2010,18.16370010375975
AFW,2010,16.5039100646973
AGO,2010,8.68476963043213
ARG,2010,15.0479698181152
ARM,2010,12.4005098342896
AUT,2010,10.7506904602051
AZE,2010,8.70083999633789
BDI,2010,16.5881004333496
BEL,2010,11.948920249939
BEN,2010,26.1439609527588
BFA,2010,16.1728191375732
BGR,2010,11.1634197235107
BHR,2010,8.62552422968448
BHS,2010,12.4952255987713
BLR,2010,11.7781295776367
BLZ,2010,22.6104698181152
BOL,2010,22.1394195556641
BRA,2010,14.2950096130371
BRB,2010,18.0963306427002
BTN,2010,10.2955198287964
BWA,2010,23.5505284733403
CAF,2010,6.47537994384766
CAN,2010,12.3359603881836
CEB,2010,11.0278196334839
CHE,2010,15.2876396179199
CHL,2010,17.8533096313477
CIV,2010,22.7727508544922
CMR,2010,18.7538890838623
COG,2010,24.7277793884277
CPV,2010,14.2168998718262
CRI,2010,22.8808898925781
CSS,2010,12.9033102202913
CUW,2010,25.7154520613022
CYP,2010,15.6494903564453
CZE,2010,9.24479961395264
DEU,2010,10.3819904327393
DJI,2010,12.3283996582031
DNK,2010,15.1291103363037
DOM,2010,9.87571810579762
DZA,2010,17.7691567101443
EAP,2010,14.7111396789551
EAR,2010,16.0323505401611
EAS,2010,16.222620010376
ECS,2010,11.4719696044922
ECU,2010,12.9965600967407
EMU,2010,10.8892550468445
ESP,2010,10.548810005188
EST,2010,13.5586395263672
ETH,2010,26.3040409088135
EUU,2010,11.0278196334839
FCS,2010,16.33836460113525
FIN,2010,12.0410404205322
GAB,2010,13.3304195404053
GBR,2010,12.7691202163696
GEO,2010,8.18535815123577
GHA,2010,20.6961402893066
GIB,2010,7.96277066350702
GIN,2010,12.4387702941894
GMB,2010,17.6112308502197
GRD,2010,15.559810962219
GTM,2010,19.2969207763672
GUY,2010,11.9658098220825
HIC,2010,11.948920249939
HKG,2010,19.9094104766846
HPC,2010,17.6112308502197
HRV,2010,8.73968982696533
HUN,2010,9.6772403717041
IBD,2010,15.0479698181152
IBT,2010,15.975817665906451
IDA,2010,16.5039100646973
IDB,2010,18.518459320068352
IDN,2010,16.6539402008057
IDX,2010,16.1728191375732
IND,2010,11.8336801528931
IRL,2010,9.32332038879395
IRN,2010,19.2569103240967
ISL,2010,14.2312202453613
ISR,2010,13.6344404220581
ITA,2010,8.66740036010742
JAM,2010,16.1029396057129
JOR,2010,10.6939540198149
KAZ,2010,15.9192847916518
KEN,2010,20.3520107269287
KGZ,2010,15.6813097000122
KHM,2010,7.33747005462646
KNA,2010,8.65487059169444
LAC,2010,15.960674762725851
LAO,2010,7.24696016311646
LBN,2010,5.53428983688354
LCA,2010,14.2020797729492
LCN,2010,16.1029396057129
LDC,2010,16.102584838867152
LIC,2010,16.33836460113525
LKA,2010,8.6056604385376
LMC,2010,16.0323505401611
LMY,2010,16.0323505401611
LTE,2010,14.056139945983901
LTU,2010,12.4795799255371
LVA,2010,11.8090295791626
MAC,2010,12.9794197082519
MCO,2010,6.36322021484375
MDA,2010,22.2670097351074
MDG,2010,18.6357054482013
MDV,2010,10.946310043335
MEX,2010,18.6425895690918
MIC,2010,15.9192847916518
MLI,2010,16.5039100646973
MLT,2010,15.4961996078491
MNG,2010,14.7111396789551
MOZ,2010,20.1663437150228
MUS,2010,14.5731496810913
MWI,2010,12.4599800109863
MYS,2010,18.4062309265137
NAC,2010,12.3359603881836
NAM,2010,26.1235103607178
NER,2010,19.0896492004394
NIC,2010,26.4080009460449
NLD,2010,11.1658096313477
NOR,2010,15.0884895324707
NPL,2010,16.0323505401611
OED,2010,11.948920249939
OSS,2010,14.5731496810913
PAK,2010,11.8646602630615
PER,2010,13.4923696517944
POL,2010,11.0465202331543
PRE,2010,16.5881004333496
PRK,2010,13.0806010928962
PRT,2010,10.416729927063
PRY,2010,18.7624092102051
PST,2010,11.7781295776367
QAT,2010,13.8172702789307
ROU,2010,9.12913036346436
RWA,2010,17.548059463501
SAS,2010,11.8336801528931
SEN,2010,2.51060009002686
SGP,2010,18.5717296600342
SLE,2010,12.7999992370606
SLV,2010,15.8184099197388
SSA,2010,17.57964515686035
SSF,2010,17.6112308502197
SST,2010,14.06589460372925
STP,2010,19.3274097442627
SVK,2010,9.85927963256836
SVN,2010,11.0278196334839
SWE,2010,13.193790435791
SWZ,2010,18.2830295562744
TCD,2010,8.1192798614502
TEA,2010,15.46687984466555
TEC,2010,11.470774650573698
TGO,2010,19.6157608032227
THA,2010,16.222620010376
TJK,2010,15.4921998977661
TLA,2010,16.1029396057129
TLS,2010,9.15421009063721
TSA,2010,11.8336801528931
TSS,2010,17.6112308502197
TTO,2010,12.9033102202913
TUN,2010,24.846830368042
TZA,2010,19.8020191192627
UGA,2010,10.1048898696899
UMC,2010,15.8688473556953
VCT,2010,15.4856300354004
VNM,2010,17.0566692352295
WLD,2010,13.8172702789307
WSM,2010,8.81721854285157
ZAF,2010,18.0443706512451
ZMB,2010,19.8644558494539
ZWE,2010,8.53672493112948
ABW,2011,21.7505397796631
AFE,2011,18.65267576266705
AFW,2011,14.8677701950073
ALB,2011,10.9672234716811
ARG,2011,15.1585597991943
ARM,2011,12.593339920044
AUT,2011,10.9618196487427
AZE,2011,7.2198600769043
BDI,2011,14.9792995452881
BEL,2011,11.6030197143555
BFA,2011,19.5006103515625
BGD,2011,16.7939701080322
BGR,2011,11.1000499725342
BHR,2011,8.76965450044426
BHS,2011,12.3615014826565
BLR,2011,11.6266498565674
BLZ,2011,21.5642707347762
BOL,2011,18.2445392608643
BRA,2011,14.5740699768066
BTN,2011,11.3875102996826
BWA,2011,24.1945001555283
CAF,2011,7.8254599571228
CAN,2011,12.2191400527954
CEB,2011,10.8593997955322
CHE,2011,15.4470500946045
CHL,2011,17.7475700378418
CIV,2011,22.4268608093262
CMR,2011,14.8677701950073
COG,2011,6.49370929175093
COM,2011,21.4148693084717
CPV,2011,15.1532802581787
CRI,2011,23.0096206665039
CSS,2011,11.1150541951613
CUW,2011,16.5767136332286
CYP,2011,15.4976501464844
CZE,2011,9.82246017456055
DEU,2011,10.7915496826172
DNK,2011,15.0597496032715
DOM,2011,10.6371803357903
DZA,2011,17.5647159837077
EAP,2011,12.737779611140901
EAR,2011,15.423680305481
EAS,2011,15.567989343196551
ECA,2011,12.7295999526978
ECS,2011,11.61483478546145
ECU,2011,11.976110458374
EMU,2011,11.14899492263795
ESP,2011,10.2716302871704
EST,2011,13.2763795852661
ETH,2011,29.674430847168
EUU,2011,10.9618196487427
FCS,2011,13.4843196868897
FIN,2011,11.993260383606
FJI,2011,15.2347898483276
GAB,2011,13.5340795516968
GBR,2011,12.4644603729248
GEO,2011,9.26943016052246
GHA,2011,30.6343097686768
GIB,2011,5.93010765120719
GIN,2011,14.2724199295044
GMB,2011,15.118330001831
GRD,2011,14.7207735010439
GTM,2011,20.2464103698731
GUY,2011,11.8228998184204
HIC,2011,12.2191400527954
HKG,2011,20.1483306884766
HPC,2011,16.0484294891357
HRV,2011,8.45287990570068
HUN,2011,9.30111980438232
IBD,2011,13.846170425415
IBT,2011,15.0819897651672
IDA,2011,15.3433799743652
IDB,2011,14.8677701950073
IDN,2011,18.0055103302002
IDX,2011,15.69590473175045
IND,2011,13.5649099349976
IRL,2011,12.3375701904297
IRN,2011,20.1513805389404
ISL,2011,13.4359703063965
ISR,2011,13.8279495239258
ITA,2011,8.35120010375977
JAM,2011,18.5819301605225
JOR,2011,11.0999759735318
KAZ,2011,16.975986163773
KEN,2011,20.1919708251953
KGZ,2011,18.1725292205811
KHM,2011,7.33540010452271
KNA,2011,10.65097158741
LAC,2011,15.423680305481
LAO,2011,8.2595796585083
LBN,2011,5.73380994796753
LCA,2011,13.8367595672607
LCN,2011,15.2931151390076
LDC,2011,15.118330001831
LIC,2011,15.0819897651672
LKA,2011,9.1101598739624
LMC,2011,16.2078094482422
LMY,2011,15.118330001831
LTE,2011,13.19161462783815
LTU,2011,12.8635301589966
LVA,2011,12.7153100967407
MAC,2011,14.6331100463867
MCO,2011,8.07616996765137
MDA,2011,21.9158802032471
MDG,2011,19.7796993255615
MDV,2011,9.85499954223633
MEX,2011,18.4210205078125
MIC,2011,15.1585597991943
MLI,2011,18.2583408355713
MLT,2011,18.2634105682373
MNG,2011,12.1508502960205
MOZ,2011,19.0985737705136
MRT,2011,13.68274974823
MUS,2011,13.846170425415
MWI,2011,15.0456495285034
MYS,2011,20.9770202636719
NAC,2011,12.2191400527954
NAM,2011,24.3988119792883
NER,2011,20.1165199279785
NLD,2011,11.3361701965332
NOR,2011,14.8268098831177
NPL,2011,17.9838409423828
OED,2011,12.278355121612549
OSS,2011,13.846170425415
PAK,2011,10.9246101379394
PAN,2011,12.9443597793579
PER,2011,13.5442399978638
POL,2011,10.9456796646118
PRE,2011,15.0819897651672
PRK,2011,13.3247089262613
PRT,2011,10.227970123291
PRY,2011,23.2977409362793
PST,2011,11.61483478546145
QAT,2011,13.1068496704102
ROU,2011,8.31299018859863
RWA,2011,15.3433799743652
SAS,2011,15.1794400215149
SEN,2011,21.0869693756104
SGP,2011,28.8618392944336
SLE,2011,12.4099998474121
SLV,2011,15.423680305481
SSA,2011,16.12358474731445
SSF,2011,16.9037895202637
SST,2011,13.561275005340551
STP,2011,11.3804157822642
SVK,2011,9.57921028137207
SVN,2011,10.8593997955322
SWE,2011,13.0481300354004
SWZ,2011,22.3339290618896
SYC,2011,10.3683004379272
TCA,2011,11.7038730913976
TCD,2011,10.0832595825195
TEA,2011,12.1508502960205
TEC,2011,11.363349914550799
TGO,2011,16.9037895202637
THA,2011,22.6302394866943
TJK,2011,16.2078094482422
TLA,2011,15.2931151390076
TLS,2011,7.65089988708496
TSA,2011,15.1794400215149
TSS,2011,16.9037895202637
TTO,2011,11.1150541951613
TUR,2011,12.8658599853516
TZA,2011,17.6182433145382
UGA,2011,13.6113700866699
UKR,2011,13.4843196868897
UMC,2011,14.86631488800045
URY,2011,15.1625499725342
VNM,2011,17.8112697601318
WLD,2011,13.6113700866699
WSM,2011,11.0349444370063
ZAF,2011,18.6622905731201
ZMB,2011,18.643060952214
ABW,2012,20.6340808868408
AFE,2012,19.4848194122314
AFW,2012,14.5397996902466
AGO,2012,8.37043244524554
ALB,2012,11.509856714685
AND,2012,9.84161391329076
ARG,2012,14.5182600021362
ARM,2012,12.3689699172974
ATG,2012,10.1432566158553
AUT,2012,10.6584596633911
AZE,2012,5.64367008209229
BDI,2012,16.4283199310303
BEL,2012,11.6744003295898
BEN,2012,25.0213108062744
BFA,2012,15.8953800201416
BGD,2012,15.7451200485229
BGR,2012,10.6909198760986
BHR,2012,8.17982959747314
BHS,2012,12.1764484167983
BLR,2012,12.7523002624512
BLZ,2012,21.23012168502
BOL,2012,18.3915691375732
BRA,2012,14.8948698043823
BRB,2012,16.7026901245117
BWA,2012,21.6718195795171
CAF,2012,10.6165691254814
CEB,2012,10.94321489334105
CHE,2012,15.474570274353
CIV,2012,20.8587608337402
CMR,2012,15.1762199401856
COM,2012,18.4915103912354
CPV,2012,16.1216750633724
CRI,2012,23.5015602111816
CSS,2012,11.2732949708338
CUW,2012,16.1475990687922
CZE,2012,9.44486045837402
DEU,2012,10.7168598175049
DNK,2012,12.5129699707031
DZA,2012,15.983725084802
EAP,2012,14.4072303771973
EAR,2012,16.116702325115853
EAS,2012,18.0904197692871
ECA,2012,13.25920486450195
ECS,2012,11.7688450813293
ECU,2012,10.7788896560669
EMU,2012,11.302044868469249
ESP,2012,9.05819034576416
EST,2012,11.8632898330688
ETH,2012,30.5395393371582
EUU,2012,11.1955099105835
FCS,2012,14.8580098152161
FIN,2012,12.8759498596191
FJI,2012,16.7089696894799
GAB,2012,12.5822696685791
GEO,2012,6.70775985717773
GHA,2012,26.5813903808594
GIB,2012,4.72002283342756
GIN,2012,9.69552040100098
GMB,2012,13.7955303192139
GRD,2012,10.7031186009691
GTM,2012,21.1051406860352
GUY,2012,10.2595901489258
HIC,2012,11.50673007965085
HKG,2012,18.6494808197021
HPC,2012,16.161849975585948
HUN,2012,8.43414974212646
IBD,2012,14.8948698043823
IBT,2012,15.7451200485229
IDA,2012,15.855424880981449
IDB,2012,17.3305196762085
IDN,2012,18.0904197692871
IDX,2012,15.855424880981449
IND,2012,13.9921197891235
IRL,2012,13.5224895477295
IRN,2012,17.3957901000977
ISL,2012,15.8849496841431
ISR,2012,14.0775699615478
ITA,2012,7.99275016784668
JAM,2012,18.8092594146729
JOR,2012,11.876841688392
KAZ,2012,17.7663260512098
KEN,2012,19.4848194122314
KGZ,2012,18.1950092315674
KHM,2012,7.19985008239746
KIR,2012,24.3051946693958
KNA,2012,11.4314510562161
LAC,2012,16.4788309434803
LAO,2012,7.36839008331299
LBN,2012,7.10915994644165
LCA,2012,12.1924495697022
LCN,2012,17.07837938139845
LDC,2012,15.14245986938475
LIC,2012,14.33489990234375
LKA,2012,8.39402961730957
LMC,2012,16.878735196451
LMY,2012,15.8154697418213
LTE,2012,14.1950103944991
LTU,2012,13.0653696060181
LVA,2012,17.7365493774414
MAC,2012,22.3286094665527
MAR,2012,20.7460785049219
MCO,2012,8.87594985961914
MDA,2012,20.7419700622559
MDG,2012,20.3257999420166
MDV,2012,11.2236404418945
MEX,2012,18.0871906280518
MIC,2012,16.2496795654297
MLI,2012,22.4033794403076
MLT,2012,14.9874601364136
MNG,2012,14.4072303771973
MOZ,2012,19.767240524292
MRT,2012,10.0176601409912
MUS,2012,14.9606199264526
MWI,2012,13.6409635773445
MYS,2012,19.8511600494385
NAM,2012,22.9973701430944
NER,2012,19.1920204162598
NGA,2012,8.54788143094428
NLD,2012,11.2650299072266
NOR,2012,17.2820606231689
NPL,2012,17.4370803833008
OED,2012,11.8632898330688
OSS,2012,13.4119548797607
PAK,2012,11.0406303405762
PER,2012,14.3694896697998
POL,2012,11.1955099105835
PRE,2012,14.8580098152161
PRK,2012,13.9827904118009
PRT,2012,10.1204595565796
PRY,2012,19.6342296600342
PST,2012,12.093685150146449
QAT,2012,12.307939529419
ROU,2012,8.43579006195068
RUS,2012,11.1467599868774
RWA,2012,15.8154697418213
SAS,2012,14.8686199188232
SEN,2012,20.7952499389648
SGP,2012,31.3717498779297
SLE,2012,14.1300001144409
SLV,2012,13.5578603744507
SSA,2012,16.4283199310303
SSF,2012,16.65352756374065
SST,2012,11.8632898330688
STP,2012,13.7216196060181
SVK,2012,9.6274995803833
SVN,2012,11.3390598297119
SWE,2012,15.0750799179077
SWZ,2012,21.4377595434245
SYC,2012,6.77966976165771
TCA,2012,11.6208933425061
TCD,2012,9.21240997314453
TEA,2012,16.248825073242198
TEC,2012,12.5606350898743
TGO,2012,17.6804294586182
THA,2012,21.3967990875244
TJK,2012,16.2496795654297
TLA,2012,17.6779278193166
TLS,2012,5.53769016265869
TSA,2012,14.8686199188232
TSS,2012,16.65352756374065
TTO,2012,11.2732949708338
TUN,2012,20.9910106658936
TUR,2012,12.8528900146484
TZA,2012,16.878735196451
UGA,2012,11.4518995285034
UKR,2012,13.6655197143555
UMC,2012,15.472172505627299
URY,2012,17.6779278193166
VGB,2012,12.0587729656466
VNM,2012,18.7849903106689
WLD,2012,14.38836002349855
WSM,2012,12.1606493143017
ZAF,2012,19.6699504852295
ZMB,2012,17.5119682867479
ZWE,2012,29.7510882016037
ABW,2013,21.8776302337646
AFE,2013,17.4679158828022
AFW,2013,14.9624490263963
AGO,2013,8.82697061127785
ALB,2013,12.1239099502563
AND,2013,6.19552993774414
ARG,2013,14.457929611206
ARM,2013,11.1367597579956
ATG,2013,10.7302337628903
AUT,2013,10.670069694519
AZE,2013,6.46412992477417
BDI,2013,17.2432594299316
BEL,2013,11.8087701797485
BEN,2013,22.3412208557129
BFA,2013,16.1652793884277
BGD,2013,14.034649848938
BGR,2013,11.4398002624512
BHR,2013,7.45860004425049
BHS,2013,12.1424660852394
BLR,2013,12.2739896774292
BLZ,2013,23.1328201293945
BOL,2013,19.1963806152344
BRA,2013,14.6777896881103
BRB,2013,14.844820022583
BTN,2013,15.6869497299194
BWA,2013,20.9129197657803
CAF,2013,8.08344390393141
CAN,2013,11.2129096984863
CEB,2013,9.87994956970215
CHE,2013,15.0943098068237
CHL,2013,19.6776504516602
CIV,2013,21.5747299194336
CMR,2013,13.8249502182007
COG,2013,14.7248982435275
COM,2013,16.0707302093506
CPV,2013,14.7782297134399
CRI,2013,22.8309097290039
CSS,2013,11.7303844582749
CUW,2013,18.3317821479687
CYP,2013,15.3621301651001
CZE,2013,9.4882698059082
DEU,2013,10.717679977417
DNK,2013,15.2367897033691
DOM,2013,21.7073064898109
DZA,2013,17.6460346655779
EAP,2013,15.367449760437
EAR,2013,17.2339964069829
EAS,2013,16.703000545501702
ECA,2013,13.379804611206051
ECS,2013,12.1239099502563
ECU,2013,10.5497703552246
EMU,2013,11.126540184021
ESP,2013,9.37672996520996
EST,2013,12.4780702590942
ETH,2013,27.0210990905762
EUU,2013,11.4398002624512
FCS,2013,14.7248982435275
FIN,2013,12.5255098342896
FJI,2013,14.3003902435303
GAB,2013,8.73756980895996
GBR,2013,12.6864099502563
GEO,2013,9.55353370115153
GHA,2013,21.2222099304199
GIB,2013,5.35553550602099
GIN,2013,14.1452102661133
GMB,2013,10.5854196548462
GTM,2013,20.6379508972168
HIC,2013,11.769577319011699
HKG,2013,20.3008003234863
HPC,2013,16.1913795471191
HRV,2013,9.39710998535156
HUN,2013,8.36752033233643
IBD,2013,14.56785964965815
IBT,2013,15.2219400405884
IDA,2013,16.1748008728027
IDB,2013,15.979447325255201
IDN,2013,17.8482608795166
IDX,2013,16.1748008728027
IND,2013,14.0501804351807
IRL,2013,13.1515998840332
IRN,2013,21.6735000610352
ISL,2013,16.2046699523926
ISR,2013,14.5567302703857
ITA,2013,8.0979700088501
JAM,2013,20.573860168457
JOR,2013,13.0786871813161
KAZ,2013,17.3232965099228
KEN,2013,18.6894607543945
KGZ,2013,17.7737903594971
KHM,2013,9.59706974029541
KIR,2013,24.0754089299918
KNA,2013,13.313378498416
LAC,2013,16.71282189550195
LAO,2013,13.341010093689
LBN,2013,8.57551956176758
LCA,2013,13.8478603363037
LCN,2013,16.519653190418
LDC,2013,15.34883975982665
LIC,2013,15.34883975982665
LKA,2013,9.41994953155518
LMC,2013,17.30147679837405
LMY,2013,15.4976797103882
LTE,2013,13.761034965515151
LTU,2013,12.9393701553345
LVA,2013,18.7440204620361
MAC,2013,12.5863199234009
MCO,2013,7.05921983718872
MDA,2013,18.2764874661396
MDG,2013,13.9893798828125
MDV,2013,12.5538997650147
MEX,2013,16.9059906005859
MHL,2013,26.1019751424221
MIC,2013,16.519653190418
MLI,2013,16.6234493255615
MLT,2013,18.4813003540039
MNG,2013,15.367449760437
MOZ,2013,19.0328807830811
MRT,2013,11.4054298400879
MUS,2013,14.7890100479126
MWI,2013,20.4968299865723
MYS,2013,19.454309463501
NAC,2013,11.2129096984863
NAM,2013,24.0999899467437
NER,2013,18.0767002105713
NGA,2013,8.67739295298641
NLD,2013,11.535400390625
NOR,2013,17.1192398071289
NPL,2013,17.5696392059326
NZL,2013,15.5577402114868
OED,2013,12.5255098342896
OMN,2013,11.0801801681519
OSS,2013,14.7890100479126
PAK,2013,11.5139799118042
PER,2013,15.2219400405884
POL,2013,11.5664396286011
PRE,2013,15.1999998092651
PRI,2013,0.0
PRK,2013,14.5656624744077
PRT,2013,10.5396003723144
PST,2013,12.04137992858885
QAT,2013,13.1483402252197
ROU,2013,8.96413040161133
RUS,2013,10.8618402481079
RWA,2013,16.8596305847168
SAS,2013,14.042415142059351
SEN,2013,25.7423496246338
SGP,2013,28.8391494750977
SLE,2013,15.1999998092651
SLV,2013,13.3416004180908
SSA,2013,16.183090209960902
SSF,2013,16.1913795471191
SST,2013,13.6335401535034
STP,2013,18.8296699523926
SVK,2013,9.87994956970215
SVN,2013,9.47187042236328
SWE,2013,14.8873195648193
SWZ,2013,17.2339964069829
SYC,2013,9.53662967681885
TCA,2013,12.2492348545243
TCD,2013,12.4614601135254
TEA,2013,16.6078553199768
TEC,2013,12.1239099502563
TGO,2013,15.4976797103882
THA,2013,19.1255207061768
TJK,2013,17.3689571897652
TLA,2013,16.9059906005859
TLS,2013,5.89317989349365
TSA,2013,14.042415142059351
TSS,2013,16.1913795471191
TTO,2013,11.7303844582749
TUR,2013,12.8919696807861
TZA,2013,19.1151921301851
UGA,2013,11.7431201934815
UKR,2013,13.867639541626
UMC,2013,15.367449760437
URY,2013,14.3704700469971
UZB,2013,22.7609691619873
VGB,2013,15.7342762000973
VNM,2013,18.515510559082
WLD,2013,14.507329940795849
WSM,2013,14.6528645368553
ZAF,2013,18.6965999603271
ZMB,2013,17.4679158828022
ZWE,2013,28.6603405107662
ABW,2014,19.6179790496826
AFE,2014,18.9779653549194
AFW,2014,13.98487997055055
ALB,2014,10.9181681167363
AND,2014,13.3152103424072
ARG,2014,13.7993297576904
ARM,2014,9.36711978912354
ATG,2014,10.3166237216653
AUT,2014,10.4925403594971
AZE,2014,7.23872995376587
BDI,2014,23.8400001525879
BEL,2014,11.8351898193359
BEN,2014,22.2277107238769
BFA,2014,19.3681106567383
BGD,2014,13.3063279357793
BGR,2014,11.3103504180908
BHR,2014,8.6840295791626
BHS,2014,12.0861684638054
BLR,2014,12.406720161438
BLZ,2014,21.5630798339844
BOL,2014,18.1302604675293
BRA,2014,14.3591403961182
BRB,2014,17.4510593414307
BTN,2014,17.4541397094727
BWA,2014,22.6601252010259
CAF,2014,9.38718751677231
CAN,2014,12.1208801269531
CEB,2014,10.93962001800535
CHE,2014,15.3216896057129
CHL,2014,19.9210090637207
CIV,2014,21.7667808532715
CMR,2014,12.8797597885132
COG,2014,6.55592012405396
COM,2014,18.8928909301758
CPV,2014,16.282190322876
CRI,2014,23.1095294952393
CSS,2014,10.5093876319068
CUW,2014,18.0502135697369
CYP,2014,12.3347997665405
CZE,2014,9.3032398223877
DEU,2014,10.8451299667358
DNK,2014,13.862250328064
DOM,2014,21.5446042994354
DZA,2014,16.4692016361374
EAP,2014,15.0920205488982
EAR,2014,16.4692016361374
EAS,2014,15.5285301208496
ECA,2014,13.32435035705565
ECS,2014,11.7028450965881
ECU,2014,11.3429098129272
EMU,2014,11.5191698074341
ESP,2014,9.48867034912109
EST,2014,11.5191698074341
ETH,2014,25.9183807373047
EUU,2014,11.414760112762451
FCS,2014,13.3522100448608
FIN,2014,12.3875398635864
FJI,2014,16.1755757682398
GAB,2014,11.225489616394
GBR,2014,13.3875503540039
GEO,2014,9.66660503771528
GHA,2014,20.9851398468018
GIB,2014,6.23995507095586
GIN,2014,12.0756196975708
GMB,2014,11.7523202896118
GRD,2014,11.79899890627
GTM,2014,21.9593906402588
GUY,2014,18.8775196075439
HIC,2014,12.1208801269531
HKG,2014,17.6203994750977
HPC,2014,17.2971000671387
HUN,2014,9.19466972351074
IBD,2014,15.6170473554076
IBT,2014,15.63267993927
IDA,2014,15.63267993927
IDB,2014,15.34746980667115
IDN,2014,17.9038906097412
IDX,2014,15.63267993927
IND,2014,15.7181539700745
IRL,2014,12.9699697494507
IRN,2014,19.6648693084717
ISL,2014,16.6743297576904
ISR,2014,14.9019203186035
ITA,2014,7.96660995483398
JAM,2014,21.7974891662598
JOR,2014,12.5522571287991
KAZ,2014,16.0836515386161
KEN,2014,17.8151798248291
KGZ,2014,14.364839553833
KHM,2014,8.79160022735596
KIR,2014,21.311801215678
KNA,2014,12.2172164313006
LAC,2014,17.178885459899902
LAO,2014,11.7573499679565
LCA,2014,15.3015203475952
LCN,2014,16.0146243417221
LDC,2014,14.77796506881715
LIC,2014,14.77796506881715
LKA,2014,10.8239603042603
LMC,2014,17.0546949068584
LMY,2014,15.8017382311737
LTE,2014,13.9723701477051
LTU,2014,12.8765802383423
LVA,2014,13.9723701477051
MAC,2014,13.6573600769043
MAR,2014,22.0639427841332
MCO,2014,5.00886011123657
MDA,2014,18.765100479126
MDG,2014,18.9667701721191
MDV,2014,10.6196298599243
MEX,2014,18.8059406280518
MHL,2014,27.3933300173029
MIC,2014,16.2275104522705
MLI,2014,18.2242603302002
MLT,2014,17.3099403381348
MNG,2014,14.6681003570557
MOZ,2014,17.4073095441863
MRT,2014,11.9051281040546
MUS,2014,20.905179977417
MWI,2014,16.5964698791504
MYS,2014,19.8005599975586
NAC,2014,12.1208801269531
NAM,2014,23.9580697431415
NER,2014,21.6615009307861
NGA,2014,9.03718763815735
NIC,2014,23.0475997924805
NLD,2014,11.5578203201294
NOR,2014,16.9020805358887
NPL,2014,18.2812900543213
NRU,2014,5.55730978047945
NZL,2014,15.5285301208496
OED,2014,12.3875398635864
OSS,2014,12.3347997665405
PAK,2014,11.3006601333618
PAN,2014,13.3286304473877
PER,2014,16.2275104522705
PHL,2014,15.5159407407407
POL,2014,11.5705003738403
PRE,2014,15.36134004592895
PRI,2014,0.0
PRK,2014,14.2535844813045
PRT,2014,9.91121959686279
PST,2014,12.3875398635864
QAT,2014,12.7428398132324
ROU,2014,9.25695037841797
RUS,2014,11.4885196685791
RWA,2014,13.7343196868897
SAS,2014,14.5122409529269
SEN,2014,24.8013095855713
SGP,2014,20.4744008205012
SLE,2014,15.0900001525879
SLV,2014,13.8507604598999
SSA,2014,17.4073095441863
SSF,2014,17.611244684507703
SST,2014,11.926984786987301
STP,2014,12.3246698379517
SVK,2014,10.016900062561
SVN,2014,10.5688896179199
SWE,2014,15.0450096130371
SWZ,2014,24.7954406738281
SYC,2014,11.8409996032715
TCA,2014,11.8090185781029
TEA,2014,15.5159407407407
TEC,2014,11.98861026763915
TGO,2014,15.63267993927
THA,2014,20.5354099009901
TJK,2014,17.7963839111665
TLA,2014,17.178885459899902
TLS,2014,6.77287006378174
TSA,2014,14.5122409529269
TSS,2014,17.611244684507703
TTO,2014,10.5093876319068
TUR,2014,13.5273504257202
TZA,2014,17.2971000671387
UGA,2014,11.7049102783203
UKR,2014,13.1213502883911
UMC,2014,16.0836515386161
URY,2014,14.4442701339722
UZB,2014,22.9768505096436
VGB,2014,14.7094424528207
VNM,2014,16.8122897465781
VUT,2014,22.1906108856201
WLD,2014,14.2535844813045
WSM,2014,15.0110564505088
ZAF,2014,18.9891605377197
ZMB,2014,20.1654093060307
ZWE,2014,30.0151492350138
ABW,2015,23.201379776001
AFE,2015,17.3620891571045
AFW,2015,14.72781467437745
AGO,2015,8.9187765351992
ALB,2015,11.1775503158569
AND,2015,10.4428100585938
ARG,2015,13.9633102416992
ARM,2015,10.6563596725464
ATG,2015,7.63021186110744
AUT,2015,10.7222204208374
AZE,2015,7.62711000442505
BDI,2015,27.4972400665283
BEL,2015,12.007269859314
BEN,2015,17.4795207977295
BFA,2015,18.0270805358887
BGD,2015,12.0441031435219
BGR,2015,10.4063396453857
BHR,2015,7.32818984985352
BHS,2015,11.5541169421682
BLR,2015,11.4617300033569
BLZ,2015,21.59255027771
BOL,2015,18.2940692901611
BRA,2015,13.5114603042603
BRB,2015,17.8095471935802
BTN,2015,25.3450698852539
BWA,2015,23.0535528099878
CAF,2015,8.38674186180161
CAN,2015,12.351619720459
CEB,2015,10.971745014190649
CHE,2015,15.3883600234985
CHL,2015,19.5937099456787
CIV,2015,21.1732196807861
CMR,2015,13.243989944458
COG,2015,7.95039987564087
COM,2015,13.3536500930786
CPV,2015,16.7482299804688
CRI,2015,23.3734302520752
CSS,2015,12.3070447486926
CUW,2015,17.1713626951197
CYP,2015,14.6587495803833
CZE,2015,13.7159204483032
DEU,2015,10.6987800598144
DJI,2015,8.57643985748291
DOM,2015,22.313569934789
DZA,2015,16.0845552688873
EAP,2015,14.55419432440555
EAR,2015,16.0845552688873
EAS,2015,15.1455329623945
ECA,2015,12.2989859171737
ECS,2015,11.821204662323
ECU,2015,11.5806198120117
EMU,2015,11.19296503067015
ESP,2015,9.72698974609375
EST,2015,12.8675603866577
ETH,2015,22.3498306099001
EUU,2015,11.1296854019165
FCS,2015,13.243989944458
FIN,2015,12.686710357666
FJI,2015,17.3918548537011
GAB,2015,11.6105217333224
GBR,2015,13.4870100021362
GEO,2015,10.129154395962
GHA,2015,23.8087997436523
GIB,2015,7.03128364344241
GIN,2015,11.6095399856567
GMB,2015,11.0329303741455
GRD,2015,9.90250040626071
GTM,2015,24.0855007171631
GUY,2015,17.9194202423096
HIC,2015,12.351619720459
HKG,2015,18.6085700988769
HPC,2015,17.2212152481079
HUN,2015,8.92263984680176
IBD,2015,15.081143011250099
IBT,2015,15.16767662600315
IDA,2015,15.9641995429993
IDB,2015,13.243989944458
IDN,2015,20.3588600158691
IDX,2015,16.2116394042969
IND,2015,15.6922197341919
IRL,2015,12.9243097305298
IRN,2015,18.5687503814697
ISL,2015,17.1551399230957
ISR,2015,15.463020324707
ITA,2015,8.06910037994385
JAM,2015,20.0514793395996
JOR,2015,13.1707308975649
KAZ,2015,12.193039894104
KEN,2015,17.3620891571045
KGZ,2015,15.7167596817017
KIR,2015,20.1121983632045
KNA,2015,8.77348041534424
LAC,2015,17.9547243118286
LAO,2015,10.4693968971705
LCA,2015,16.4529800415039
LCN,2015,16.4394738076224
LDC,2015,14.5677795410156
LIC,2015,14.850700378418
LKA,2015,10.9502601623535
LMC,2015,15.704489707946799
LMY,2015,15.4778940079703
LSO,2015,13.9359949609962
LTE,2015,13.5471096038818
LTU,2015,11.9786996841431
LVA,2015,14.1274099349976
MAC,2015,13.4196996688843
MAR,2015,22.2395469824195
MDA,2015,18.2387198841274
MDG,2015,16.9629096984863
MDV,2015,11.4492502212524
MEX,2015,19.0187492370606
MHL,2015,26.749512072209
MIC,2015,15.6922197341919
MLI,2015,18.1554908752441
MLT,2015,12.9842901229858
MNG,2015,13.5471096038818
MOZ,2015,19.8523388681499
MRT,2015,12.8434937947395
MUS,2015,19.4570903778076
MWI,2015,21.7978992462158
MYS,2015,19.8107299804688
NAC,2015,12.94913482666015
NAM,2015,22.5713324213245
NER,2015,18.5121898651123
NGA,2015,9.25551076252104
NIC,2015,22.2829093933106
NLD,2015,11.6637096405029
NOR,2015,15.6075801849365
NPL,2015,16.9896602630615
NRU,2015,6.24868434221618
NZL,2015,15.5518102645874
OED,2015,12.777135372161851
OSS,2015,13.7631549835205
PAK,2015,13.1872797012329
PAN,2015,15.1898202896118
PER,2015,17.6153793334961
PHL,2015,15.1455329623945
POL,2015,11.5371503829956
PRE,2015,15.53116989135745
PRI,2015,12.2820783186901
PRK,2015,14.0916355887054
PRT,2015,10.150710105896
PST,2015,12.1794447898865
ROU,2015,9.09451007843018
RUS,2015,10.8694696426392
RWA,2015,12.5390501022339
SAS,2015,13.8681614388569
SEN,2015,23.7782707214356
SGP,2015,17.6953756282711
SLV,2015,14.4225101470947
SSA,2015,16.844510078430147
SSF,2015,16.9629096984863
SST,2015,12.8675603866577
STP,2015,11.2973403930664
SVK,2015,10.3434495925903
SVN,2015,10.0119800567627
SWE,2015,15.186710357666
SWZ,2015,16.4153878428853
SYC,2015,15.5924196243286
TCA,2015,14.1916999816894
TEA,2015,15.0167530601057
TEC,2015,11.49944019317625
TGO,2015,16.2116394042969
THA,2015,20.6230990291262
TJK,2015,16.3986701965332
TLA,2015,17.9547243118286
TLS,2015,8.63696956634521
TSA,2015,13.8681614388569
TSS,2015,16.9629096984863
TTO,2015,12.3070447486926
TUN,2015,22.665340423584
TUR,2015,13.2618503570557
TZA,2015,17.6345504974681
UGA,2015,13.2200803756714
UKR,2015,12.4049319402434
UMC,2015,15.2635682817487
URY,2015,14.7243003845215
UZB,2015,22.3652591705322
VCT,2015,17.2
VGB,2015,13.2639815530117
VNM,2015,15.0167530601057
VUT,2015,12.7067003250122
WLD,2015,14.1095227618515
WSM,2015,14.6938878250054
ZAF,2015,18.6993503570557
ZMB,2015,16.726110458374
ZWE,2015,29.4708298958553
ABW,2016,21.8537502288818
AFE,2016,17.35130630925665
AFW,2016,13.29928493499755
AGO,2016,6.55097404850717
ALB,2016,13.596960067749
AND,2016,9.99098014831543
ARG,2016,13.3555402755737
ARM,2016,10.1971998214722
ATG,2016,6.48356977771811
AUT,2016,10.8798904418945
AZE,2016,8.19577980041504
BDI,2016,20.784610748291
BEL,2016,12.1512203216553
BEN,2016,18.7914009094238
BGD,2016,11.0494499206543
BGR,2016,11.6558198928833
BHR,2016,9.62066806104186
BHS,2016,11.6442261202761
BLR,2016,12.1587800979614
BLZ,2016,20.4853000640869
BOL,2016,20.3791904449463
BRA,2016,13.8761100769043
BRB,2016,13.3624496459961
BTN,2016,24.3686199188232
BWA,2016,22.0042910314722
CAF,2016,7.31902194047271
CAN,2016,12.0354995727539
CEB,2016,11.45518970489505
CHE,2016,15.3604698181152
CHL,2016,21.1555995941162
CIV,2016,22.3875999450684
CMR,2016,12.6946897506714
COG,2016,8.70963067131179
CPV,2016,17.8430099487305
CRI,2016,23.4232006072998
CSS,2016,11.7850028841985
CUW,2016,11.7775564767399
CYP,2016,15.4384298324585
CZE,2016,13.9704904556274
DEU,2016,10.6515398025513
DJI,2016,15.159589767456
DNK,2016,14.7375202178955
DOM,2016,21.9452020986914
DZA,2016,16.1110441504345
EAP,2016,13.41561314679575
EAR,2016,16.3329776387316
EAS,2016,15.3664102554321
ECA,2016,13.13157987594605
ECS,2016,12.2832899093628
EMU,2016,11.89499998092655
ESP,2016,9.95104026794434
EST,2016,12.9944200515747
ETH,2016,23.0133628237675
EUU,2016,11.6558198928833
FCS,2016,12.96392965316775
FIN,2016,12.5376996994019
FJI,2016,15.1698868550921
GAB,2016,10.3015422456439
GBR,2016,13.427209854126
GEO,2016,12.6661996841431
GHA,2016,22.0933208465576
GIB,2016,8.01170959504777
GIN,2016,15.831259727478
GMB,2016,10.4499597549438
GTM,2016,23.4347496032715
GUY,2016,18.8135395050049
HIC,2016,12.5376996994019
HKG,2016,18.1271896362305
HPC,2016,15.831259727478
HUN,2016,9.862380027771
IBD,2016,14.3201551437378
IBT,2016,15.4424753189087
IDA,2016,15.7474398612976
IDB,2016,15.0634803771973
IDN,2016,11.3228385780706
IDX,2016,15.831259727478
IND,2016,15.7215003967285
IRL,2016,13.3105401992798
IRN,2016,19.4454307556152
ISL,2016,16.0048198699951
ISR,2016,15.3488597869873
ITA,2016,7.74909019470215
JAM,2016,19.1451206207275
JOR,2016,11.5762996673584
KAZ,2016,13.8440999984741
KEN,2016,17.4983806610107
KGZ,2016,16.920919418335
KIR,2016,18.4627125204899
KNA,2016,14.3605203411921
KWT,2016,11.25300673389
LAC,2016,17.9393291473389
LAO,2016,12.8905072664164
LBN,2016,7.1489617762739
LCA,2016,21.975700378418
LCN,2016,17.93577003479
LDC,2016,14.6944646835327
LIC,2016,14.06660985946655
LKA,2016,17.728759765625
LMC,2016,15.831259727478
LMY,2016,15.47603034973145
LSO,2016,13.9976402445565
LTE,2016,13.596960067749
LTU,2016,11.6387796401978
LVA,2016,12.89328956604
MAC,2016,13.8348398208618
MAR,2016,22.2573567488895
MCO,2016,6.59654998779297
MDA,2016,18.6216297149658
MDG,2016,19.8381805419922
MDV,2016,9.80502033233643
MEX,2016,17.9393291473389
MHL,2016,24.6583991444939
MIC,2016,15.69256019592285
MLI,2016,13.9038801193237
MLT,2016,13.9772901535034
MNG,2016,13.0631103515625
MOZ,2016,19.9363708496094
MRT,2016,9.33061027526855
MUS,2016,19.9624996185303
MWI,2016,17.1988105773926
MYS,2016,20.7891407012939
NAC,2016,12.6030550003052
NAM,2016,23.939195265305
NER,2016,15.3471603393555
NGA,2016,6.65219728520483
NIC,2016,21.3254795074463
NLD,2016,12.2720804214478
NOR,2016,15.8407201766968
NPL,2016,19.1284999847412
NRU,2016,5.00017325826806
NZL,2016,15.3664102554321
OED,2016,12.9944200515747
OSS,2016,15.29900979995725
PAK,2016,15.0634803771973
PAN,2016,15.5377902984619
PER,2016,17.93577003479
PHL,2016,16.6420963421947
POL,2016,11.2715997695923
PRE,2016,15.3471603393555
PRI,2016,10.081633355818
PRK,2016,13.768115942029
PRY,2016,18.1543197631836
PST,2016,12.2776851654053
ROU,2016,9.51058959960938
RUS,2016,10.9852800369263
RWA,2016,12.2783899307251
SAS,2016,16.72513008117675
SEN,2016,21.3373699188232
SGP,2016,17.5508480540502
SLE,2016,12.4700002670288
SLV,2016,13.9301700592041
SSA,2016,15.831259727478
SSF,2016,15.911284923553449
SST,2016,15.159589767456
STP,2016,15.9666795730591
SVK,2016,9.49580001831055
SVN,2016,10.3266496658325
SWE,2016,15.4641704559326
SWZ,2016,16.5549111270287
SYC,2016,11.6648302078247
TCA,2016,13.1762965443946
TEA,2016,13.0631103515625
TEC,2016,12.221035003662099
TGO,2016,15.9913101196289
THA,2016,19.8021649855908
TJK,2016,17.038363448912
TLA,2016,17.9393291473389
TLS,2016,7.24691009521484
TSA,2016,16.72513008117675
TSS,2016,15.911284923553449
TTO,2016,11.7850028841985
TUR,2016,13.6914596557617
TZA,2016,17.2042319575026
UGA,2016,12.4691696166992
UKR,2016,12.2832899093628
UMC,2016,13.9301700592041
URY,2016,14.7101402282715
UZB,2016,23.0903301239014
VCT,2016,20.1484107971191
VGB,2016,12.8649093973932
VNM,2016,15.6049003601074
VUT,2016,12.4892469656623
WLD,2016,13.98406535009195
WSM,2016,13.0389003753662
ZAF,2016,18.0487403869629
ZMB,2016,15.6636199951172
ZWE,2016,23.5270848466941
ABW,2017,18.5214084951566
AFE,2017,18.5936508178711
AFW,2017,16.137779712677
AGO,2017,6.76377686213957
ALB,2017,12.3852100372315
AND,2017,9.39243984222412
ARG,2017,13.2639198303223
ARM,2017,10.4031295776367
ATG,2017,7.17285462739055
AUT,2017,10.8424501419067
AZE,2017,6.95455980300903
BDI,2017,19.7648506164551
BEL,2017,12.3418598175049
BEN,2017,19.8796501159668
BFA,2017,21.4440002441406
BGR,2017,12.7309503555298
BHR,2017,7.22384977340698
BHS,2017,11.5325187865534
BLR,2017,12.2816896438599
BLZ,2017,21.5186595916748
BOL,2017,20.95578956604
BRA,2017,14.2683095932007
BRB,2017,12.879150390625
BTN,2017,23.0447292327881
BWA,2017,22.8162628925243
CAF,2017,8.89504990083298
CAN,2017,12.1707401275635
CEB,2017,10.8128595352173
CHE,2017,15.4610500335693
CHL,2017,21.3112392425537
CIV,2017,20.6334991455078
CMR,2017,15.9128103256226
COG,2017,15.68577003479
CPV,2017,16.4125804901123
CRI,2017,30.1514205932617
CSS,2017,9.88690577318633
CUW,2017,16.1659551623167
CYP,2017,14.8294095993042
CZE,2017,9.76344966888428
DEU,2017,10.7217998504639
DJI,2017,15.6437196731567
DNK,2017,14.5648498535156
DOM,2017,22.3436003287715
DZA,2017,17.5560719808872
EAP,2017,12.6456203460693
EAR,2017,17.0963897705078
EAS,2017,14.68800747379675
ECA,2017,12.9533596038818
ECS,2017,12.04839515686035
EMU,2017,10.9470100402832
ESP,2017,10.1795501708984
EST,2017,12.51416015625
ETH,2017,23.3241718657101
EUU,2017,11.0439596176147
FCS,2017,14.6950197219849
FIN,2017,12.1255102157593
FJI,2017,16.817186928258
GAB,2017,15.2766716935965
GBR,2017,13.7579402923584
GEO,2017,12.9533596038818
GHA,2017,20.0976390838623
GIB,2017,7.62687268144891
GIN,2017,13.4363498687744
GMB,2017,15.4411375607626
GRD,2017,14.0616397857666
GTM,2017,23.0880508422852
GUY,2017,17.7340602874756
HIC,2017,12.1255102157593
HKG,2017,17.8412799835205
HPC,2017,16.137779712677
HRV,2017,8.7887601852417
HUN,2017,9.94773006439209
IBD,2017,14.8612604141235
IBT,2017,15.55900815945965
IDA,2017,15.68577003479
IDB,2017,15.9128103256226
IDN,2017,10.8803626838238
IDX,2017,15.6525497436523
IND,2017,15.8097696304321
IRL,2017,13.3671703338623
IRN,2017,20.3052101135254
ISL,2017,17.0771903991699
ISR,2017,15.7073497772217
ITA,2017,8.25417041778564
JAM,2017,18.4025402069092
JOR,2017,10.8579397201538
KAZ,2017,11.4199104309082
KEN,2017,17.6313991546631
KGZ,2017,16.2781391143799
KIR,2017,15.2990897781806
KNA,2017,13.2636253451054
KWT,2017,11.8619894165298
LAC,2017,17.949229240417502
LAO,2017,11.4389355996144
LBN,2017,7.14753618338492
LCA,2017,14.099736251264
LCN,2017,16.73050451278685
LDC,2017,15.115309715271
LIC,2017,14.8927789969035
LKA,2017,14.4997596740723
LMC,2017,15.86128997802735
LMY,2017,15.6437196731567
LSO,2017,15.115309715271
LTE,2017,13.3671703338623
LTU,2017,11.4245300292969
LVA,2017,11.9712800979614
MAC,2017,14.1025695800781
MAR,2017,21.6499038578891
MCO,2017,6.98062992095947
MDA,2017,18.4328308105469
MDV,2017,11.3542088324763
MEX,2017,17.577299118042
MHL,2017,22.3880031277016
MIC,2017,15.68577003479
MLI,2017,16.534330368042
MLT,2017,13.2781200408935
MNG,2017,12.6456203460693
MOZ,2017,18.5936508178711
MUS,2017,20.3572006225586
MWI,2017,14.3444204330444
MYS,2017,21.2099094390869
NAC,2017,13.023119926452651
NAM,2017,24.6740260211548
NER,2017,13.2151603698731
NGA,2017,6.12010547762816
NIC,2017,22.4333000183106
NLD,2017,11.8980598449707
NOR,2017,15.9396800994873
NPL,2017,17.0963897705078
NRU,2017,6.46164000372246
NZL,2017,15.0439300537109
OED,2017,12.1481251716614
OMN,2017,15.2072200775147
OSS,2017,15.23656463623045
PAK,2017,14.5447797775269
PAN,2017,15.8837099075317
PER,2017,18.321159362793
PHL,2017,19.5904269552239
POL,2017,11.0439596176147
PRE,2017,15.67357492446895
PRI,2017,10.8898937574732
PRK,2017,14.3320848938826
PRT,2017,11.0515699386597
PST,2017,12.1707401275635
QAT,2017,8.56085014343262
ROU,2017,10.0526504516602
RUS,2017,13.4650802612305
RWA,2017,11.0796098709106
SAS,2017,15.8097696304321
SEN,2017,21.1016902923584
SGP,2017,17.2535211267606
SLE,2017,19.8899993896484
SLV,2017,13.2611303329468
SSA,2017,16.448539733886697
SSF,2017,16.534330368042
SST,2017,14.8294095993042
STP,2017,18.3999996185303
SVK,2017,9.85027980804443
SVN,2017,10.8128595352173
SWE,2017,15.5369501113892
SWZ,2017,18.6662750914785
SYC,2017,10.2598304003339
TCA,2017,11.0337485368617
TCD,2017,16.3627490997314
TEA,2017,12.04227797284185
TEC,2017,12.55808019638065
TGO,2017,23.1400394439697
THA,2017,18.3623674307219
TJK,2017,18.1411503054245
TLA,2017,17.949229240417502
TLS,2017,8.21769046783447
TON,2017,11.0781454120686
TSA,2017,15.8097696304321
TSS,2017,16.534330368042
TTO,2017,9.88690577318633
TUR,2017,13.2585802078247
TZA,2017,24.3965396881104
UGA,2017,12.1973304748535
UKR,2017,12.9999399185181
UMC,2017,14.2683095932007
URY,2017,14.8612604141235
UZB,2017,22.5394592285156
VCT,2017,20.197639465332
VGB,2017,12.6408934501255
VNM,2017,15.4742966457626
VUT,2017,12.2079801559448
WLD,2017,14.4997596740723
WSM,2017,15.1697279609632
ZAF,2017,18.7192897796631
ZMB,2017,14.9343395233154
ZWE,2017,19.6912287813186
ABW,2018,20.1234403394689
AFE,2018,18.90159034729
AFW,2018,16.8831596374512
AGO,2018,5.77752454566543
ALB,2018,10.8817322436585
AND,2018,13.4619197845459
ARG,2018,12.5233402252197
ARM,2018,8.67858759584602
ATG,2018,7.58762543454399
AUT,2018,10.6811504364014
AZE,2018,7.39965009689331
BDI,2018,19.5192604064941
BEL,2018,12.1805801391602
BEN,2018,17.7091808319092
BFA,2018,22.661169052124
BGD,2018,14.2451717852618
BGR,2018,11.7900295257568
BHR,2018,9.25130901584206
BHS,2018,12.7988041921042
BLR,2018,12.7802095413208
BLZ,2018,22.149019241333
BOL,2018,21.2533798217773
BRA,2018,13.7809400558472
BRB,2018,16.3585713461348
BTN,2018,21.8548202514648
BWA,2018,22.5610664576916
CAF,2018,9.13549641953096
CAN,2018,12.0848703384399
CEB,2018,11.1106195449829
CHE,2018,15.5259704589844
CHL,2018,21.3660697937012
CIV,2018,18.2889003753662
CMR,2018,16.8831596374512
COG,2018,15.5829000473022
CPV,2018,17.5685407932949
CRI,2018,26.086669921875
CSS,2018,10.6522780521634
CUW,2018,16.9818702238554
CZE,2018,10.5082101821899
DEU,2018,10.9289703369141
DJI,2018,14.4741497039795
DNK,2018,14.4371299743652
DOM,2018,22.1554688287358
DZA,2018,15.6197370582865
EAP,2018,12.141559957951849
EAR,2018,15.71802349359025
EAS,2018,14.5594902038574
ECA,2018,12.73520469665525
ECS,2018,11.6014895439148
EMU,2018,10.9289703369141
ESP,2018,9.99577045440674
EST,2018,13.2388801574707
ETH,2018,22.991757345067
EUU,2018,11.0197949409485
FCS,2018,15.03693485260005
FIN,2018,11.9958200454712
FJI,2018,14.9348119384389
GAB,2018,14.6146271384588
GBR,2018,13.2917604446411
GEO,2018,12.9514999389648
GHA,2018,18.5981693267822
GIB,2018,7.75997539575426
GIN,2018,14.9808397293091
GMB,2018,12.444580078125
GRD,2018,10.080573203298
GTM,2018,23.7495403289795
GUY,2018,16.1520805358887
HIC,2018,11.9958200454712
HKG,2018,18.7878398895264
HPC,2018,17.5215301513672
HRV,2018,8.73954963684082
HUN,2018,10.0292501449585
IBD,2018,14.47785342518645
IBT,2018,15.60131855279435
IDA,2018,16.11429616242825
IDB,2018,16.8831596374512
IDN,2018,10.145246388091
IDX,2018,15.8886226898467
IND,2018,16.6353797912598
IRL,2018,13.3384199142456
IRN,2018,21.1460399627686
ISL,2018,17.2492198944092
ISR,2018,15.5355396270752
ITA,2018,8.77663993835449
JAM,2018,18.5839996337891
JOR,2018,9.23962020874023
KAZ,2018,13.8801803588867
KEN,2018,18.9511203765869
KGZ,2018,16.7959003448486
KHM,2018,9.97500991821289
KIR,2018,20.6657672048567
KNA,2018,10.1063397719471
KWT,2018,12.157548214359
LAC,2018,17.1521797180176
LAO,2018,11.1683780140713
LBN,2018,8.04745452306935
LCA,2018,14.3067197799683
LCN,2018,16.5778503417969
LDC,2018,14.4909696578979
LIC,2018,16.084660053253202
LKA,2018,11.3309001922607
LMC,2018,16.0908699035644
LMY,2018,15.6197370582865
LSO,2018,14.0853500366211
LTE,2018,13.2388801574707
LTU,2018,11.4129495620728
LVA,2018,11.1525402069092
MAC,2018,15.1596899032593
MAR,2018,22.4447613516615
MDA,2018,17.5677299499512
MDG,2018,19.8180198669434
MDV,2018,11.3899017585469
MEX,2018,16.5778503417969
MHL,2018,21.6980954076271
MIC,2018,15.5829000473022
MLI,2018,17.5215301513672
MNG,2018,13.1147419018324
MOZ,2018,16.4055500030518
MUS,2018,19.2743301391602
MWI,2018,15.8293504714966
MYS,2018,19.6432590484619
NAC,2018,12.61614036560055
NAM,2018,23.3243031824199
NER,2018,16.3399696350098
NGA,2018,5.94455212092506
NIC,2018,22.7613329834156
NLD,2018,12.4101104736328
NOR,2018,15.9257297515869
NPL,2018,14.1018695831299
NRU,2018,5.38610478913771
NZL,2018,14.5594902038574
OED,2018,12.13272523880005
OMN,2018,11.9663095474243
OSS,2018,14.4741497039795
PAK,2018,12.1924793986342
PAN,2018,15.816309928894
PER,2018,17.1521797180176
PHL,2018,18.6920129280595
POL,2018,11.1106195449829
PRE,2018,16.6443548202515
PRI,2018,10.2810327951507
PRK,2018,14.9720149253731
PRT,2018,10.8116998672485
PST,2018,12.04034519195555
ROU,2018,10.4609603881836
RUS,2018,14.3410797119141
RWA,2018,10.8046102523804
SAS,2018,14.17352068419585
SEN,2018,22.6592807769775
SGP,2018,20.7195301055908
SLE,2018,32.7299995422363
SLV,2018,13.0620498657227
SSA,2018,17.2210118266549
SSF,2018,17.37127098901105
SST,2018,13.8565149307251
STP,2018,20.1165409088135
SVK,2018,9.92531967163086
SVN,2018,11.3020401000977
SWE,2018,15.5150499343872
SWZ,2018,17.2210118266549
SYC,2018,10.5146202166016
TCA,2018,11.9410200119019
TEA,2018,11.1683780140713
TEC,2018,12.5308599472046
TGO,2018,21.7690906524658
THA,2018,17.1662098360656
TJK,2018,15.8886226898467
TLA,2018,17.1521797180176
TLS,2018,8.00562953948975
TON,2018,11.278447720785
TSA,2018,14.17352068419585
TSS,2018,17.37127098901105
TTO,2018,10.6522780521634
TUR,2018,12.5308599472046
TZA,2018,20.504940032959
UGA,2018,11.2536497116089
UKR,2018,12.6901998519897
UMC,2018,13.83056020736695
URY,2018,15.1723299026489
UZB,2018,25.8752309179907
VCT,2018,19.8603401184082
VGB,2018,10.2179974184966
VNM,2018,16.0908699035644
VUT,2018,20.1321514093338
WLD,2018,14.1018695831299
WSM,2018,14.9553826696845
ZAF,2018,18.90159034729
ZMB,2018,17.0909004211426
ZWE,2018,19.158784626926
ABW,2019,19.4014270600936
AFE,2019,18.5068975878254
AFW,2019,14.4824192647246
AGO,2019,6.04535564723515
ALB,2019,13.4334001541138
AND,2019,10.8952398300171
ARG,2019,12.5144596099853
ARM,2019,8.57524427236558
ATG,2019,9.5436641711259
AUT,2019,10.6711502075195
AZE,2019,9.76756954193115
BDI,2019,21.2221666369194
BEL,2019,12.2196102142334
BEN,2019,18.8681161491591
BFA,2019,21.6566204230503
BGD,2019,8.73295021057129
BGR,2019,11.7067098617554
BHR,2019,8.55740317815593
BHS,2019,12.9164965230537
BLR,2019,13.3307399749756
BLZ,2019,22.2200603485107
BOL,2019,22.3840599060059
BRA,2019,13.8547201156616
BRB,2019,13.8598604202271
BTN,2019,18.0860352556706
BWA,2019,22.3420010369273
CAF,2019,9.79781209629898
CAN,2019,11.7379398345947
CEB,2019,11.1711702346802
CHE,2019,15.676739692688
CHL,2019,21.2336292266846
CIV,2019,19.8460693359375
CMR,2019,14.1786984993157
COG,2019,17.0074221576097
CPV,2019,15.1536998748779
CRI,2019,32.5915794372559
CSS,2019,10.4561041957235
CUW,2019,17.0293342762015
CYP,2019,12.8255701065063
CZE,2019,11.0653696060181
DEU,2019,11.0342197418213
DNK,2019,14.6080303192139
DOM,2019,22.3415073008317
DZA,2019,16.0217587293579
EAP,2019,11.4813636515408
EAR,2019,14.54776932041915
EAS,2019,13.4748601913452
ECA,2019,13.3578996658325
ECS,2019,12.0098304748535
ECU,2019,10.680290222168
EMU,2019,11.152704715728749
ESP,2019,10.0043096542358
EST,2019,13.2011098861694
ETH,2019,20.9222025193983
EUU,2019,11.1711702346802
FCS,2019,13.0128054328601
FIN,2019,12.2682104110718
FJI,2019,16.8336992311715
GAB,2019,14.0744772919358
GBR,2019,13.5348701477051
GEO,2019,13.3578996658325
GHA,2019,14.2717185267026
GIB,2019,7.36537988033103
GIN,2019,12.4843502044678
GMB,2019,16.8520454483021
GTM,2019,23.7553806304932
HIC,2019,12.2196102142334
HKG,2019,20.3140106201172
HPC,2019,15.324447659025449
HRV,2019,8.90884017944336
HUN,2019,9.16409015655518
IBD,2019,14.1095304489136
IBT,2019,14.2717185267026
IDA,2019,14.2819134973306
IDB,2019,14.1786984993157
IDN,2019,9.34260924899348
IDX,2019,14.2921084679586
IND,2019,14.8238201141357
IRL,2019,13.5292997360229
IRN,2019,21.2445297241211
ISL,2019,17.4431896209717
ISR,2019,15.7497797012329
ITA,2019,8.42236995697021
JAM,2019,17.3139896392822
JOR,2019,9.2367000579834
KAZ,2019,14.1095304489136
KEN,2019,19.0511436531615
KGZ,2019,16.472749710083
KHM,2019,12.1311067347546
KIR,2019,17.9415572068178
KNA,2019,8.63854694668485
KWT,2019,12.8502993953865
LAC,2019,15.769966485124451
LAO,2019,10.831620568327
LBN,2019,8.14395344750151
LCA,2019,14.0734395980835
LCN,2019,15.369943899202099
LDC,2019,13.0128054328601
LIC,2019,15.357029914856
LMC,2019,14.2921084679586
LMY,2019,14.2717185267026
LTE,2019,13.5292997360229
LTU,2019,11.3775901794434
LVA,2019,11.7681703567505
MAC,2019,16.5979499816894
MAR,2019,21.4650708273849
MCO,2019,5.02927017211914
MDA,2019,19.4643802642822
MDG,2019,17.9527918245618
MDV,2019,12.0551443371788
MHL,2019,15.0427398681641
MIC,2019,14.2023209151412
MLI,2019,15.357029914856
MLT,2019,13.7582998275757
MNG,2019,10.3395645495832
MOZ,2019,19.033681769627
MRT,2019,10.2280197143555
MUS,2019,18.6769294738769
MYS,2019,17.6363105773926
NAC,2019,12.5053148269653
NAM,2019,29.0561956742295
NER,2019,13.0128054328601
NGA,2019,5.85497185166093
NIC,2019,23.9411024864319
NLD,2019,12.0098304748535
NOR,2019,15.6655302047729
NPL,2019,12.1130298505003
NRU,2019,4.83402430897122
NZL,2019,13.4748601913452
OED,2019,12.0098304748535
OMN,2019,13.0579996109009
OSS,2019,13.2011098861694
PAK,2019,11.5916795730591
PAN,2019,15.6073776131625
PER,2019,17.7330207824707
PHL,2019,18.1630919978121
POL,2019,11.1711702346802
PRE,2019,14.99249270297075
PRI,2019,13.8154757913494
PRK,2019,15.0340715502555
PRT,2019,10.8932199478149
PST,2019,11.8738851547241
QAT,2019,8.63648986816406
ROU,2019,10.7054901123047
RWA,2019,10.9981460523976
SAS,2019,12.1130298505003
SEN,2019,14.6931200027466
SGP,2019,19.4742603302002
SLE,2019,35.0099983215332
SLV,2019,12.1919403076172
SSA,2019,15.324447659025449
SSF,2019,15.357029914856
SST,2019,13.01333999633785
STP,2019,17.5924450901
SVK,2019,10.4993095397949
SVN,2019,11.2711896896362
SWE,2019,15.7452297210693
SWZ,2019,18.5068975878254
SYC,2019,11.130556515303
TCA,2019,9.61544036865234
TCD,2019,14.2137900389947
TEA,2019,10.831620568327
TEC,2019,13.1106300354004
TGO,2019,19.2347839695385
THA,2019,17.0142333333333
TJK,2019,18.2282385687441
TLA,2019,16.46068362622235
TLS,2019,6.86969221637237
TON,2019,12.9959424034927
TSA,2019,12.1130298505003
TSS,2019,15.357029914856
TTO,2019,10.4561041957235
TUN,2019,17.6466772041561
TUR,2019,12.523699760437
TZA,2019,14.2921084679586
UGA,2019,8.89710752279272
UKR,2019,13.1106300354004
UMC,2019,14.0744772919358
URY,2019,15.1325101852417
UZB,2019,28.4183284791714
VGB,2019,17.2014475359307
VNM,2019,15.571949049475
VUT,2019,4.45529985427856
WLD,2019,13.4748601913452
WSM,2019,13.434943767859
ZAF,2019,19.605770111084
ZMB,2019,15.2918654031949
ZWE,2019,10.4635886835479
AFE,2020,15.8905396021243
AFW,2020,14.7968659004706
AGO,2020,5.29473572273771
ALB,2020,10.267430305481
AND,2020,8.99186922593895
ARG,2020,12.4222898483276
ARM,2020,8.82777976989746
ATG,2020,7.37875673022059
AUT,2020,9.73538017272949
AZE,2020,10.7878503799438
BDI,2020,20.7419523430914
BEL,2020,11.5557899475098
BEN,2020,15.7203538987759
BFA,2020,20.9924587920549
BGD,2020,15.0307025894897
BGR,2020,11.914999961853
BHR,2020,7.1386052862896
BHS,2020,12.6566403628894
BLR,2020,12.7811498641968
BLZ,2020,18.9935398101807
BOL,2020,22.9417705535889
BRA,2020,12.4982500076294
BRB,2020,16.1424694061279
BTN,2020,16.2551386021737
BWA,2020,21.4650874064137
CAF,2020,9.78244273272612
CAN,2020,12.0423498153687
CEB,2020,10.4621200561523
CHE,2020,14.2745599746704
CHL,2020,19.3545894622803
CIV,2020,18.5902500152588
CMR,2020,14.4511222046888
COG,2020,17.0091400358236
COM,2020,11.4759646720252
CPV,2020,17.0901870718553
CRI,2020,30.0822105407715
CSS,2020,11.7162704467773
CUW,2020,13.7589443706295
CYP,2020,12.113320350647
CZE,2020,9.9995002746582
DEU,2020,10.7882499694824
DNK,2020,13.8466501235962
DOM,2020,20.63404198849
DZA,2020,16.549171340634
EAP,2020,11.0687719907488
EAR,2020,15.7641649523771
EAS,2020,13.6221199035644
ECA,2020,12.7811498641968
ECS,2020,11.594709873199498
ECU,2020,10.5995502471924
EMU,2020,10.607569694519
ESP,2020,9.43229007720947
EST,2020,12.1634101867676
ETH,2020,22.4477192882845
EUU,2020,10.585855007171599
FCS,2020,12.567909861273751
FIN,2020,11.8351697921753
FJI,2020,16.6401383541374
GAB,2020,15.7641649523771
GBR,2020,14.0322599411011
GEO,2020,10.3446787622305
GHA,2020,13.6294748829413
GIB,2020,7.68057194049974
GIN,2020,14.3359003067017
GMB,2020,14.2760600158847
GTM,2020,21.141170501709
HIC,2020,11.9675798416138
HKG,2020,20.6210594177246
HPC,2020,14.7968659004706
HRV,2020,8.21537017822266
HUN,2020,8.07872009277344
IBD,2020,15.52691947631835
IBT,2020,15.017913986190749
IDA,2020,14.7281237937903
IDB,2020,15.6666108638886
IDN,2020,9.31964024456527
IDX,2020,14.3359003067017
IND,2020,15.9926099777222
IRL,2020,11.9675798416138
IRN,2020,22.6655006408691
ISL,2020,16.7979698181152
ISR,2020,14.5418701171875
ITA,2020,7.78043985366821
JOR,2020,11.9679813124184
KAZ,2020,17.9951649308539
KEN,2020,17.764854770928
KGZ,2020,17.875129699707
KHM,2020,11.0687719907488
KIR,2020,20.1776085857994
KNA,2020,9.61476515772656
KWT,2020,12.4398016475616
LAC,2020,16.1958599090576
LAO,2020,10.6622210924187
LBN,2020,9.89828549998226
LCA,2020,14.3932695388794
LCN,2020,16.1958599090576
LDC,2020,13.9523090034298
LIC,2020,14.2760600158847
LKA,2020,5.46859160083623
LMC,2020,15.0051253828918
LMY,2020,15.08665609287105
LTE,2020,12.4690258275955
LTU,2020,10.5641403198242
LVA,2020,11.7195196151733
MAC,2020,14.169659614563
MAR,2020,24.1580939880119
MDA,2020,17.9937705993652
MDV,2020,10.5050409732546
MEX,2020,16.1958599090576
MHL,2020,19.3691905422672
MIC,2020,15.431959375
MLI,2020,15.1426095962524
MNG,2020,8.63527875814548
MOZ,2020,17.9349282180825
MRT,2020,9.72708988189697
MUS,2020,15.6466999053955
MWI,2020,20.1574484055989
MYS,2020,15.6218795776367
NAC,2020,12.0996747016907
NAM,2020,24.9413806405673
NER,2020,13.3325398458385
NGA,2020,5.13143662120452
NIC,2020,22.6876474159501
NLD,2020,11.0668096542358
NOR,2020,14.7642698287964
NPL,2020,15.0051253828918
NRU,2020,4.53653078876592
NZL,2020,13.6221199035644
OED,2020,11.7773447036743
OMN,2020,15.4427700042725
OSS,2020,12.1634101867676
PAK,2020,10.7962121538911
PAN,2020,15.6296300888062
PER,2020,15.9272603988647
PHL,2020,16.8932648780488
POL,2020,10.0572299957275
PRE,2020,14.39351125569525
PRI,2020,16.6793429424522
PRK,2020,14.171383954714
PRT,2020,9.90178966522217
PRY,2020,24.5218200683594
PST,2020,11.8351697921753
QAT,2020,9.31910991668701
ROU,2020,9.39970016479492
RWA,2020,10.7835245127746
SAS,2020,15.017913986190749
SEN,2020,19.216739654541
SGP,2020,19.1947708129883
SLE,2020,34.2400016784668
SLV,2020,11.194299697876
SSA,2020,15.65665538464205
SSF,2020,15.6666108638886
SST,2020,12.1383652687073
STP,2020,16.1259357979116
SVK,2020,10.607569694519
SVN,2020,10.4621200561523
SWE,2020,15.3117399215698
SWZ,2020,15.8905396021243
SYC,2020,9.16800507042633
TCA,2020,10.8222127704495
TCD,2020,11.6715060004173
TEA,2020,10.86549654158375
TEC,2020,11.803279876709
TGO,2020,18.1434528739699
THA,2020,15.431959375
TJK,2020,17.2974230795463
TLA,2020,15.9272603988647
TLS,2020,6.95663710899488
TON,2020,10.7315486486999
TSA,2020,15.017913986190749
TSS,2020,15.6666108638886
TTO,2020,11.7162704467773
TUN,2020,20.8134754153382
TUR,2020,11.6336297988892
TZA,2020,13.6285579909749
UGA,2020,8.52880465495882
UKR,2020,11.803279876709
UMC,2020,15.634289741516099
URY,2020,13.8836097717285
UZB,2020,17.0601902008057
VCT,2020,13.0
VGB,2020,11.8637145931247
VNM,2020,14.4718812047317
VUT,2020,5.0110502243042
WLD,2020,13.6290164369581
WSM,2020,12.8119491996529
ZAF,2020,19.6557006835938
ZMB,2020,12.3780247373065
ZWE,2020,15.6666108638886
ABW,2021,10.9564429608125
AFE,2021,15.5322399139404
AFW,2021,15.3551631854332
AGO,2021,6.91961006302706
ALB,2021,9.40900993347168
AND,2021,10.264735366383
ARG,2021,12.2848997116089
ARM,2021,9.6553201675415
ATG,2021,6.85999508093725
AUT,2021,9.78234004974365
AZE,2021,11.5088195800781
BDI,2021,20.4385400056007
BEL,2021,11.6143798828125
BEN,2021,14.7747873406015
BFA,2021,21.3924651599231
BGD,2021,12.769976047482
BGR,2021,12.2527103424072
BHR,2021,7.66467244701359
BHS,2021,10.6851768495684
BLR,2021,12.8159999847412
BLZ,2021,17.9535694122314
BOL,2021,22.9013805389404
BRA,2021,13.6161603927612
BRB,2021,14.8447303771973
BTN,2021,16.9022955201722
CAF,2021,9.08869199724264
CAN,2021,9.0687198638916
CEB,2021,10.6040897369385
CHE,2021,14.6093101501465
CHL,2021,14.8808498382568
CIV,2021,16.2662792205811
CMR,2021,15.0479038536836
COG,2021,16.5610048503404
COM,2021,10.2856868371706
CPV,2021,15.112982003011
CRI,2021,31.1666202545166
CSS,2021,10.0265197753906
CUW,2021,14.2706196185563
CYP,2021,11.9215898513794
CZE,2021,10.3313598632812
DEU,2021,10.5759496688843
DNK,2021,14.0789499282837
DOM,2021,19.5941780430939
DZA,2021,16.0506977400169
EAP,2021,11.5062064227785
EAR,2021,15.3480166020191
EAS,2021,12.1088399887085
ECA,2021,12.6954898834228
ECS,2021,11.516789913177501
ECU,2021,9.76185035705566
EMU,2021,10.6934204101562
ESP,2021,9.72498035430908
EST,2021,12.3894596099853
ETH,2021,23.5620427455929
EUU,2021,10.648755073547349
FCS,2021,15.247806945457551
FIN,2021,11.9451198577881
FJI,2021,13.5591081164019
GAB,2021,15.3551631854332
GBR,2021,11.8168001174927
GEO,2021,11.5247602462769
GHA,2021,12.1674144053659
GIB,2021,7.13664449331123
GIN,2021,11.5016680422659
GMB,2021,15.6218187612312
GRD,2021,10.0594640147698
GTM,2021,22.9552707672119
HIC,2021,11.715220451355
HKG,2021,13.1164598464966
HPC,2021,15.6218187612312
HRV,2021,8.50407981872559
HUN,2021,9.6784200668335
IBD,2021,14.72980640539025
IBT,2021,14.7961370016582
IDA,2021,15.045609995937049
IDB,2021,15.0616068035508
IDN,2021,8.96559769031117
IDX,2021,14.909051739396
IND,2021,14.924599647522
IRL,2021,12.3345098495483
ISL,2021,16.5910396575928
ISR,2021,15.40744972229
ITA,2021,7.44333982467651
JAM,2021,17.4179000854492
JOR,2021,9.21638965606689
KAZ,2021,19.8279914537514
KEN,2021,17.2701206248764
KGZ,2021,16.106689453125
KHM,2021,9.34959951214734
KIR,2021,19.2718416727939
KNA,2021,6.75769996643066
KWT,2021,12.0027574509284
LAC,2021,16.41241306697655
LAO,2021,11.5062064227785
LCA,2021,14.4675863414941
LCN,2021,15.9248799718974
LDC,2021,14.3892081064549
LIC,2021,15.577029337585799
LKA,2021,5.03881234087412
LMC,2021,14.8174866627149
LMY,2021,14.87104315511845
LTE,2021,12.7598566308244
LTU,2021,11.3599901199341
LVA,2021,10.6934204101562
MAC,2021,14.6864900588989
MAR,2021,23.7564830045068
MCO,2021,5.87369012832642
MDA,2021,16.8416500091553
MDV,2021,10.0329262190793
MEX,2021,15.8831300735474
MHL,2021,22.8696172819017
MIC,2021,14.73325508744025
MLI,2021,16.2182102203369
MLT,2021,12.4916296005249
MNG,2021,8.3640945565652
MOZ,2021,20.4497393344876
MRT,2021,9.10482025146484
MUS,2021,14.3231296539307
MWI,2021,17.5594096480172
MYS,2021,20.4625782848639
NAC,2021,10.18068981170655
NAM,2021,25.1354889753457
NER,2021,11.9526160596537
NGA,2021,5.14022597192675
NIC,2021,18.5222366866385
NLD,2021,11.715220451355
NOR,2021,15.0276699066162
NPL,2021,14.3892081064549
NRU,2021,3.81615817291541
NZL,2021,13.4576196670532
OED,2021,11.4871850013733
OSS,2021,12.3894596099853
PAK,2021,7.81720760893089
PAN,2021,15.6105003356934
PER,2021,16.7178897857666
PHL,2021,16.6816593430981
POL,2021,10.6040897369385
PRE,2021,15.0479038536836
PRI,2021,14.0790458190651
PRK,2021,12.7598566308244
PRT,2021,10.0826196670532
PRY,2021,23.6368999481201
PST,2021,11.543059825897199
ROU,2021,8.95024013519287
RWA,2021,15.5322399139404
SAS,2021,13.57959207696845
SEN,2021,16.6768703460693
SGP,2021,11.4717397689819
SLE,2021,33.4200019836426
SLV,2021,11.5080699920654
SSA,2021,15.3551631854332
SSF,2021,15.40143661133235
SST,2021,12.15552473068235
STP,2021,16.5841912023207
SVK,2021,10.5073795318603
SVN,2021,10.8063201904297
SWE,2021,15.549150466919
SWZ,2021,15.340870018605
SYC,2021,10.4837460475179
TCA,2021,11.2383499145508
TCD,2021,15.4477100372315
TEA,2021,10.42790296746292
TEC,2021,11.5247602462769
TGO,2021,17.4534236455191
THA,2021,14.691722834279
TJK,2021,15.0433161381905
TLA,2021,15.99503321086695
TLS,2021,7.47076980255183
TON,2021,10.1174321653832
TSA,2021,13.57959207696845
TSS,2021,15.40143661133235
TTO,2021,10.0265197753906
TUN,2021,19.7515155624873
TUR,2021,11.3091802597046
TZA,2021,13.5370081069869
UGA,2021,8.21456053372555
UKR,2021,12.6954898834228
UMC,2021,14.3231296539307
URY,2021,14.7678899765015
UZB,2021,15.075309753418
VGB,2021,10.8460684687826
VNM,2021,14.8174866627149
VUT,2021,20.0074506183817
WLD,2021,12.7929880161116
WSM,2021,15.3641900398817
ZAF,2021,18.9369506835938
ZMB,2021,11.514138278853
AFE,2022,15.8953675974216
AFW,2022,14.733645237099399
AGO,2022,6.64047212078077
ALB,2022,9.01408958435059
AND,2022,6.96124982833862
ARG,2022,12.7075796127319
ARM,2022,9.4465503692627
ATG,2022,7.80537969275292
AUT,2022,9.95557975769043
AZE,2022,11.6396102905273
BDI,2022,20.6370838073023
BEL,2022,12.0103797912598
BEN,2022,14.9914706871899
BFA,2022,21.9580967321077
BGD,2022,12.4040438079191
BGR,2022,11.9818496704102
BHR,2022,7.66017986372767
BHS,2022,10.3566126185111
BLR,2022,12.1773300170898
BLZ,2022,17.8313503265381
BOL,2022,21.0422992706299
BRA,2022,12.9340095520019
BRB,2022,12.7307195663452
BTN,2022,22.1064354322847
CAF,2022,10.7420521886098
CAN,2022,10.6535596847534
CEB,2022,10.4187250137329
CHE,2022,15.4151697158813
CHL,2022,18.3798809051514
CIV,2022,15.9030103683472
CMR,2022,12.7669754975237
COG,2022,15.5095016256821
COM,2022,10.476023026001
CPV,2022,15.6936041858917
CRI,2022,21.5819606781006
CSS,2022,10.4055900573731
CUW,2022,11.8802495147707
CYP,2022,12.4829502105713
CZE,2022,10.0093603134155
DEU,2022,10.6821203231812
DNK,2022,14.1607599258423
DOM,2022,19.2600265459877
DZA,2022,13.101506524289
EAP,2022,12.764900830194701
EAR,2022,14.1554744728238
EAS,2022,13.24874524848915
ECA,2022,13.1722602844238
ECS,2022,11.68499517440795
ECU,2022,9.29922962188721
EMU,2022,10.755105018615751
ESP,2022,9.87539005279541
EST,2022,13.0291900634766
ETH,2022,23.0064025033357
EUU,2022,10.6821203231812
FIN,2022,12.1127700805664
FJI,2022,12.6465342556156
GAB,2022,13.8033786137402
GEO,2022,13.1722602844238
GHA,2022,13.1793045277004
GIB,2022,7.82075632582232
GIN,2022,11.9496957293769
GMB,2022,17.1251741785773
GRD,2022,9.87272223310091
GTM,2022,22.4845294952393
HIC,2022,11.996114730835
HKG,2022,14.3899803161621
HPC,2022,14.9914706871899
HUN,2022,7.80341005325317
IBD,2022,14.2361097335815
IBT,2022,14.284109514996
IDA,2022,14.3321092964105
IDB,2022,15.5095016256821
IDN,2022,8.70282050991956
IDX,2022,13.755706912055452
IND,2022,14.1554744728238
IRN,2022,18.8211994171143
ISL,2022,15.6550102233887
ISR,2022,16.0677604675293
ITA,2022,7.40515995025635
JAM,2022,16.9328594207764
JOR,2022,9.47626972198486
KAZ,2022,20.0552104288335
KEN,2022,16.0816754795722
KGZ,2022,23.5183648321502
KHM,2022,11.6742808441972
KIR,2022,18.8985738209677
KNA,2022,7.7259085644011
KWT,2022,12.2631651878182
LAC,2022,16.70292949676515
LAO,2022,9.82493417180385
LBN,2022,8.85817043035745
LCA,2022,16.8981609344482
LCN,2022,16.4239351492832
LDC,2022,12.94509227298095
LIC,2022,14.4758197870089
LKA,2022,5.34583042566108
LMC,2022,14.24379188461715
LMY,2022,14.2361097335815
LTE,2022,13.1722602844238
LTU,2022,11.7303800582886
LVA,2022,9.92103004455566
MAC,2022,12.267900466919
MAR,2022,23.8656662804477
MCO,2022,4.79598999023438
MDA,2022,16.6931304931641
MDV,2022,11.0764447310854
MEX,2022,14.2361097335815
MHL,2022,11.3453598022461
MIC,2022,14.195792103202649
MLI,2022,18.1899960391199
MLT,2022,12.4980001449585
MNG,2022,7.45206641970586
MRT,2022,4.84178018569946
MUS,2022,15.709059715271
MYS,2022,20.1496790295371
NAC,2022,10.6535596847534
NAM,2022,24.7069207267821
NER,2022,12.3714513252292
NGA,2022,4.30281801083668
NIC,2022,18.5192097359421
NLD,2022,11.9706201553345
NOR,2022,14.4691095352173
NPL,2022,12.4379256037804
NRU,2022,4.21463913905028
NZL,2022,12.6147699356079
OED,2022,11.5283350944519
OMN,2022,14.1779499053955
OSS,2022,14.3691248893738
PAK,2022,9.40440332600436
PAN,2022,15.7813301086426
PER,2022,16.4729995727539
PHL,2022,15.6964005295008
POL,2022,9.97441005706787
PRE,2022,14.733645237099399
PRI,2022,16.3748707258125
PRK,2022,13.8555208161922
PRT,2022,10.3742399215698
PRY,2022,24.068510055542
PST,2022,11.97623491287235
ROU,2022,8.77511978149414
RWA,2022,12.7661399841309
SAS,2022,12.420984705849751
SEN,2022,16.4915504455566
SGP,2022,15.1349296569824
SLE,2022,29.3700008392334
SLV,2022,11.4042797088623
SSA,2022,14.9914706871899
SSF,2022,15.250486156436
SST,2022,13.0291900634766
STP,2022,17.086328518452
SVK,2022,10.8280897140503
SVN,2022,11.0809497833252
SWE,2022,15.2760496139526
SWZ,2022,16.620931006141
SYC,2022,10.6487628679669
TCA,2022,11.8633003234863
TCD,2022,16.7226097517041
TEA,2022,11.6742808441972
TEC,2022,12.07958984375
TGO,2022,14.4758197870089
THA,2022,14.6416516129032
TJK,2022,18.3473626996201
TLA,2022,16.12716484069825
TON,2022,9.76537216828479
TSA,2022,12.420984705849751
TSS,2022,15.250486156436
TTO,2022,10.4055900573731
TUN,2022,19.9702624772082
TUR,2022,11.3262901306152
TZA,2022,14.3321092964105
UGA,2022,8.48236433206127
UMC,2022,14.01974417366085
URY,2022,14.933629989624
UZB,2022,21.8510183445407
VCT,2022,15.2270812769575
VGB,2022,12.2001662192542
VNM,2022,15.4493443908999
VUT,2022,20.9390999125074
WLD,2022,13.11277554306
WSM,2022,13.6002878462442
ZAF,2022,18.8926601409912
AFE,2023,15.024640083313
AFW,2023,15.3105804752341
AGO,2023,7.73896250991202
ALB,2023,10.8565797805786
AND,2023,12.769515368941
ARG,2023,13.2239599227905
ARM,2023,9.03689956665039
ATG,2023,8.66960664463981
AZE,2023,11.1845502853394
BEN,2023,15.797556817439
BFA,2023,20.2971969686914
BGD,2023,13.0012248166938
BHR,2023,7.72491437544958
BHS,2023,11.5972390755357
BLR,2023,12.2770299911499
BLZ,2023,18.0593795776367
BOL,2023,20.3996295928955
BRB,2023,12.4731502532959
BTN,2023,19.1911106109619
CAF,2023,9.9939281561116
CIV,2023,15.9464597702026
CMR,2023,13.0829510944935
COG,2023,14.7291528247263
COM,2023,11.0260827119111
CPV,2023,14.704723114991
CRI,2023,20.3788299560547
CSS,2023,9.82689952850342
CUW,2023,16.2344533900858
DOM,2023,20.5579835041991
DZA,2023,13.2610232294175
EAP,2023,12.0143851118856
EAR,2023,13.2610232294175
EAS,2023,12.954080104827849
ECA,2023,14.6913599967957
ECU,2023,9.6813497543335
ETH,2023,18.3326177345032
FJI,2023,14.629110484794
GAB,2023,13.5658233667537
GEO,2023,12.496190071106
GIB,2023,7.93787253264524
GIN,2023,10.0269182759838
GMB,2023,18.6955495729083
GRD,2023,16.7185686705097
GTM,2023,22.63916015625
HKG,2023,13.1814804077148
HPC,2023,15.797556817439
IBD,2023,13.5658233667537
IBT,2023,13.97964757099165
IDA,2023,14.7291528247263
IDB,2023,13.9060519596099
IDX,2023,14.8236041330292
JOR,2023,11.558612894024
KAZ,2023,20.7961292266846
KEN,2023,24.9942481340721
KGZ,2023,22.1096215333716
KHM,2023,12.0143851118856
KIR,2023,21.6432047478521
KNA,2023,9.07579904967942
KWT,2023,12.5796226836657
LAC,2023,18.27314472198485
LAO,2023,9.80367188386072
LCA,2023,11.9949798583984
LCN,2023,16.5476866308085
LDC,2023,13.78150632581625
LKA,2023,8.67846709056539
LMC,2023,13.78150632581625
LMY,2023,14.1005201339722
LSO,2023,10.9996796083614
LTE,2023,14.143409203563799
MAR,2023,22.8255200986895
MCO,2023,7.73202991485596
MDA,2023,16.8865299224854
MDV,2023,10.6328052020158
MIC,2023,13.63503050518755
MLI,2023,19.1217691769919
MNG,2023,11.4705495834351
MRT,2023,18.888879776001
MUS,2023,15.5845499038696
MWI,2023,16.0
MYS,2023,14.1005201339722
NER,2023,12.8069746044599
NGA,2023,3.64727250236162
NIC,2023,17.688570022583
NPL,2023,13.0826180000142
NRU,2023,4.88734006881714
NZL,2023,12.7266798019409
PAK,2023,9.75506019592285
PAN,2023,11.4927501678467
PER,2023,18.8577194213867
PHL,2023,16.7279840736522
PRE,2023,14.8236041330292
PRI,2023,17.485793221639
PRK,2023,15.0775011742602
PRY,2023,21.9888305664062
RWA,2023,15.024640083313
SAS,2023,13.0012248166938
SEN,2023,22.5471709472248
SGP,2023,14.0704202651978
SLV,2023,10.4416399002075
SSA,2023,14.924122108171101
SSF,2023,15.024640083313
STP,2023,18.3450062516556
SWZ,2023,16.9363883121326
SYC,2023,12.7399803021294
TCA,2023,9.31734723273403
TCD,2023,16.4843534424325
TEA,2023,11.9599823394206
TEC,2023,14.6913599967957
TGO,2023,14.8236041330292
THA,2023,14.1862982731554
TJK,2023,17.2254749729296
TLA,2023,15.609580039978
TON,2023,8.44224958030218
TSA,2023,13.0012248166938
TSS,2023,15.024640083313
TTO,2023,9.82689952850342
TUN,2023,18.1078971304239
TZA,2023,13.7042376436214
UMC,2023,13.4134232980856
URY,2023,15.609580039978
UZB,2023,22.6481566265995
VCT,2023,12.8554647399902
VGB,2023,11.0853035749943
VUT,2023,18.4010505676269
WLD,2023,13.96459763660445
WSM,2023,13.7421577856985
ZAF,2023,19.1706295013428
ZMB,2023,13.8587750080111
ZWE,2023,10.6889623005577
AFE,2024,15.3772099653715
AGO,2024,6.36976605603197
AND,2024,12.0045154081126
ARM,2024,9.44001466301154
ATG,2024,11.0358980547858
AZE,2024,11.4496007629151
BEN,2024,17.9680318219226
BGD,2024,11.9930164022657
BHR,2024,8.7409747478851
BHS,2024,10.8463655256369
BLR,2024,12.3419198989868
BLZ,2024,18.9034569346512
BOL,2024,20.1601600646973
BRB,2024,11.8397173396086
BTN,2024,17.1757535347175
CIV,2024,17.6227703094482
CMR,2024,13.830376525189
COM,2024,9.93337765550271
CPV,2024,13.4088559521816
CSS,2024,9.14688932489539
CUW,2024,16.4377072477499
DOM,2024,21.8636977562292
DZA,2024,23.8884601593018
EAP,2024,13.0909885057471
EAR,2024,16.30031520124995
ECA,2024,17.60996122459165
ECU,2024,9.69404983520508
ETH,2024,16.6954473535013
FJI,2024,14.700035614954
GEO,2024,12.2066941472686
GIB,2024,9.4819334929474
GIN,2024,9.29380350181851
GMB,2024,15.1034721791599
GRD,2024,14.5190942375745
GTM,2024,22.9936695098877
HKG,2024,15.7411403656006
HPC,2024,15.2403410722657
IBD,2024,16.12252767165865
IBT,2024,14.648336145274548
IDA,2024,14.010678241384799
IDB,2024,16.9715527068751
IDX,2024,13.2137271936828
JAM,2024,17.8657703399658
JOR,2024,9.78569030761719
KAZ,2024,21.9553538656612
KEN,2024,27.9246554991424
KGZ,2024,19.6475916699986
KHM,2024,11.233932287853
KIR,2024,20.1152924304545
KNA,2024,10.2031825658109
KWT,2024,12.6886098908941
LAC,2024,17.349740028381348
LAO,2024,8.24155131370129
LBN,2024,6.11399088041832
LCA,2024,13.8487936507937
LCN,2024,16.5570025074974
LDC,2024,12.5061863366221
LKA,2024,7.22269991401548
LMC,2024,13.830376525189
LMY,2024,14.1932001113892
LSO,2024,10.3734439834025
MAR,2024,23.2788788012312
MDA,2024,15.9647600451194
MDV,2024,10.7169075614071
MIC,2024,14.78520503838035
MLI,2024,17.8239031087543
MNG,2024,13.7768898010254
MRT,2024,31.8866100311279
MUS,2024,14.1932001113892
MWI,2024,16.0
NAM,2024,25.0516175441878
NGA,2024,2.97849705324029
NIC,2024,11.0127834019803
NPL,2024,11.2647104167737
NRU,2024,5.33295247469909
OSS,2024,14.1932001113892
PAN,2024,16.2802952981979
PER,2024,19.205020904541
PHL,2024,16.5494857826479
PRE,2024,14.466924352174448
PRI,2024,17.147099640013
PRK,2024,13.6765153822723
PRY,2024,16.8337097167969
RWA,2024,14.1909799575806
SAS,2024,11.2647104167737
SGP,2024,12.8611152384608
SLE,2024,19.9591899733007
SLV,2024,10.575590133667
SSA,2024,15.2403410722657
SSF,2024,15.3772099653715
SST,2024,11.670044718142295
STP,2024,18.0866969516388
SWZ,2024,19.3541960760225
SYC,2024,13.1419580972917
TCA,2024,10.7342526058546
TEA,2024,12.16246039680005
TGO,2024,11.6454351521044
THA,2024,13.0909885057471
TJK,2024,19.2551624040639
TLA,2024,16.2802952981979
TLS,2024,6.27514023058775
TON,2024,9.32964222353637
TSA,2024,11.2647104167737
TSS,2024,15.3772099653715
TTO,2024,9.14688932489539
TUN,2024,17.8098954936878
TZA,2024,13.4080981163871
UZB,2024,22.0746450382045
VCT,2024,12.6268774882043
VGB,2024,10.8600279817268
VUT,2024,19.3083591461182
WSM,2024,12.871007904758
ZAF,2024,18.515230178833
ZMB,2024,15.3772099653715
ZWE,2024,16.320335104302
