Code,Year,Value
AFE,2024,86.106
AFE,2023,85.957
AFE,2022,83.348
AFE,2021,83.176
AFE,2020,83.193
AFE,2019,83.636
AFE,2018,84.105
AFE,2017,84.518
AFE,2016,84.888
AFE,2015,85.196
AFE,2014,85.536
AFE,2013,85.823
AFE,2012,85.35
AFE,2011,86.031
AFE,2010,85.961
AFE,2009,86.084
AFE,2008,86.222
AFE,2007,86.351
AFE,2006,86.46
AFE,2005,86.467
AFE,2004,86.299
AFE,2003,86.117
AFE,2002,85.917
AFE,2001,85.709
AFE,2000,85.551
AFW,2024,87.954
AFW,2023,87.766
AFW,2022,84.702
AFW,2021,84.694
AFW,2020,84.211
AFW,2019,84.559
AFW,2018,84.613
AFW,2017,84.804
AFW,2016,84.734
AFW,2015,84.974
AFW,2014,85.027
AFW,2013,85.221
AFW,2012,85.373
AFW,2011,85.266
AFW,2010,85.459
AFW,2009,85.339
AFW,2008,85.408
AFW,2007,85.358
AFW,2006,85.107
AFW,2005,84.851
AFW,2004,84.769
AFW,2003,84.599
AFW,2002,84.499
AFW,2001,84.13
AFW,2000,83.957
ARB,2024,30.265
ARB,2023,30.39
ARB,2022,28.988
ARB,2021,29.304
ARB,2020,29.141
ARB,2019,29.019
ARB,2018,29.627
ARB,2017,30.875
ARB,2016,31.606
ARB,2015,31.305
ARB,2014,30.789
ARB,2013,30.469
ARB,2012,30.185
ARB,2011,30.204
ARB,2010,30.018
ARB,2009,29.992
ARB,2008,29.457
ARB,2007,29.942
ARB,2006,29.002
ARB,2005,28.635
ARB,2004,28.398
ARB,2003,28.19
ARB,2002,27.923
ARB,2001,28.589
ARB,2000,28.304
CSS,2024,75.412
CSS,2023,75.653
CSS,2022,75.565
CSS,2021,74.634
CSS,2020,73.902
CSS,2019,74.947
CSS,2018,74.168
CSS,2017,73.356
CSS,2016,72.979
CSS,2015,71.76
CSS,2014,72.055
CSS,2013,71.256
CSS,2012,70.883
CSS,2011,69.52
CSS,2010,69.229
CSS,2009,68.649
CSS,2008,68.894
CSS,2007,67.724
CSS,2006,68.133
CSS,2005,67.369
CSS,2004,66.074
CSS,2003,64.729
CSS,2002,63.395
CSS,2001,62.8
CSS,2000,62.253
CEB,2024,78.058
CEB,2023,77.629
CEB,2022,77.065
CEB,2021,76.089
CEB,2020,75.285
CEB,2019,75.727
CEB,2018,76.048
CEB,2017,76.061
CEB,2016,75.979
CEB,2015,76.096
CEB,2014,76.034
CEB,2013,76.017
CEB,2012,76.148
CEB,2011,75.944
CEB,2010,75.953
CEB,2009,75.192
CEB,2008,75.359
CEB,2007,75.304
CEB,2006,75.57
CEB,2005,75.573
CEB,2004,75.958
CEB,2003,76.176
CEB,2002,76.246
CEB,2001,76.392
CEB,2000,75.816
EAR,2024,50.502
EAR,2023,49.988
EAR,2022,49.103
EAR,2021,48.042
EAR,2020,46.885
EAR,2019,47.469
EAR,2018,47.125
EAR,2017,46.851
EAR,2016,46.659
EAR,2015,46.508
EAR,2014,46.252
EAR,2013,46.256
EAR,2012,46.332
EAR,2011,46.448
EAR,2010,46.735
EAR,2009,46.885
EAR,2008,46.924
EAR,2007,47.286
EAR,2006,47.099
EAR,2005,47.462
EAR,2004,47.191
EAR,2003,47.132
EAR,2002,46.88
EAR,2001,46.922
EAR,2000,46.913
EAS,2024,80.634
EAS,2023,80.447
EAS,2022,80.166
EAS,2021,79.94
EAS,2020,79.367
EAS,2019,79.649
EAS,2018,79.395
EAS,2017,79.027
EAS,2016,78.781
EAS,2015,78.56
EAS,2014,78.378
EAS,2013,78.183
EAS,2012,78.088
EAS,2011,77.971
EAS,2010,77.852
EAS,2009,78.011
EAS,2008,78.1
EAS,2007,78.229
EAS,2006,78.053
EAS,2005,78.217
EAS,2004,78.302
EAS,2003,78.615
EAS,2002,78.81
EAS,2001,79.168
EAS,2000,79.518
EAP,2024,80.749
EAP,2023,80.66
EAP,2022,80.447
EAP,2021,80.264
EAP,2020,79.718
EAP,2019,80.018
EAP,2018,79.829
EAP,2017,79.517
EAP,2016,79.329
EAP,2015,79.158
EAP,2014,79.01
EAP,2013,78.861
EAP,2012,78.847
EAP,2011,78.753
EAP,2010,78.646
EAP,2009,78.856
EAP,2008,79.009
EAP,2007,79.216
EAP,2006,79.045
EAP,2005,79.289
EAP,2004,79.453
EAP,2003,79.899
EAP,2002,80.153
EAP,2001,80.591
EAP,2000,81.087
TEA,2024,80.611
TEA,2023,80.521
TEA,2022,80.305
TEA,2021,80.117
TEA,2020,79.563
TEA,2019,79.868
TEA,2018,79.677
TEA,2017,79.364
TEA,2016,79.177
TEA,2015,79.002
TEA,2014,78.853
TEA,2013,78.703
TEA,2012,78.689
TEA,2011,78.593
TEA,2010,78.484
TEA,2009,78.698
TEA,2008,78.855
TEA,2007,79.064
TEA,2006,78.891
TEA,2005,79.14
TEA,2004,79.304
TEA,2003,79.755
TEA,2002,80.012
TEA,2001,80.455
TEA,2000,80.956
EMU,2024,82.555
EMU,2023,82.566
EMU,2022,82.072
EMU,2021,81.847
EMU,2020,81.122
EMU,2019,81.036
EMU,2018,80.632
EMU,2017,80.541
EMU,2016,80.333
EMU,2015,79.92
EMU,2014,79.716
EMU,2013,79.209
EMU,2012,78.701
EMU,2011,78.148
EMU,2010,77.256
EMU,2009,76.832
EMU,2008,75.695
EMU,2007,75.249
EMU,2006,74.548
EMU,2005,73.694
EMU,2004,72.973
EMU,2003,72.349
EMU,2002,71.311
EMU,2001,70.476
EMU,2000,70.122
ECS,2024,78.19
ECS,2023,77.93
ECS,2022,77.641
ECS,2021,77.22
ECS,2020,76.821
ECS,2019,76.791
ECS,2018,76.536
ECS,2017,76.479
ECS,2016,76.413
ECS,2015,76.28
ECS,2014,76.298
ECS,2013,76.249
ECS,2012,76.157
ECS,2011,75.997
ECS,2010,75.656
ECS,2009,75.54
ECS,2008,75.03
ECS,2007,75.112
ECS,2006,75.032
ECS,2005,74.567
ECS,2004,74.25
ECS,2003,74.095
ECS,2002,73.726
ECS,2001,72.937
ECS,2000,72.624
ECA,2024,64.025
ECA,2023,63.584
ECA,2022,62.995
ECA,2021,64.745
ECA,2020,64.585
ECA,2019,65.057
ECA,2018,65.022
ECA,2017,65.22
ECA,2016,65.397
ECA,2015,65.557
ECA,2014,65.614
ECA,2013,66.08
ECA,2012,66.306
ECA,2011,66.507
ECA,2010,66.847
ECA,2009,66.582
ECA,2008,66.549
ECA,2007,66.727
ECA,2006,67.168
ECA,2005,67.077
ECA,2004,67.179
ECA,2003,68.093
ECA,2002,68.19
ECA,2001,67.583
ECA,2000,67.31
TEC,2024,71.662
TEC,2023,71.346
TEC,2022,71.154
TEC,2021,70.992
TEC,2020,70.865
TEC,2019,71.032
TEC,2018,71.089
TEC,2017,71.109
TEC,2016,71.232
TEC,2015,71.433
TEC,2014,71.709
TEC,2013,72.057
TEC,2012,72.433
TEC,2011,72.626
TEC,2010,72.766
TEC,2009,72.886
TEC,2008,72.878
TEC,2007,73.462
TEC,2006,73.844
TEC,2005,73.654
TEC,2004,73.638
TEC,2003,73.988
TEC,2002,74.005
TEC,2001,73.221
TEC,2000,72.978
EUU,2024,81.819
EUU,2023,81.726
EUU,2022,81.198
EUU,2021,80.812
EUU,2020,80.138
EUU,2019,80.18
EUU,2018,79.948
EUU,2017,79.862
EUU,2016,79.678
EUU,2015,79.374
EUU,2014,79.211
EUU,2013,78.853
EUU,2012,78.479
EUU,2011,78.003
EUU,2010,77.238
EUU,2009,76.777
EUU,2008,75.968
EUU,2007,75.649
EUU,2006,75.118
EUU,2005,74.46
EUU,2004,73.987
EUU,2003,73.54
EUU,2002,72.797
EUU,2001,72.195
EUU,2000,71.785
FCS,2024,77.175
FCS,2023,76.971
FCS,2022,73.357
FCS,2021,74.067
FCS,2020,73.842
FCS,2019,74.498
FCS,2018,74.748
FCS,2017,74.89
FCS,2016,75.262
FCS,2015,75.564
FCS,2014,75.586
FCS,2013,75.865
FCS,2012,75.89
FCS,2011,75.97
FCS,2010,76.174
FCS,2009,76.367
FCS,2008,76.61
FCS,2007,76.858
FCS,2006,76.989
FCS,2005,77.068
FCS,2004,77.035
FCS,2003,77.076
FCS,2002,77.238
FCS,2001,77.227
FCS,2000,77.201
HPC,2024,81.605
HPC,2023,81.383
HPC,2022,79.264
HPC,2021,79.522
HPC,2020,79.483
HPC,2019,79.754
HPC,2018,80.253
HPC,2017,80.568
HPC,2016,80.864
HPC,2015,81.246
HPC,2014,81.575
HPC,2013,81.872
HPC,2012,81.615
HPC,2011,82.192
HPC,2010,82.126
HPC,2009,82.232
HPC,2008,82.383
HPC,2007,82.53
HPC,2006,82.616
HPC,2005,82.716
HPC,2004,82.633
HPC,2003,82.542
HPC,2002,82.486
HPC,2001,82.385
HPC,2000,82.255
HIC,2024,80.358
HIC,2023,80.075
HIC,2022,79.725
HIC,2021,79.348
HIC,2020,78.886
HIC,2019,78.781
HIC,2018,78.242
HIC,2017,77.857
HIC,2016,77.514
HIC,2015,77.265
HIC,2014,77.278
HIC,2013,77.035
HIC,2012,76.906
HIC,2011,76.818
HIC,2010,76.58
HIC,2009,76.441
HIC,2008,75.841
HIC,2007,75.661
HIC,2006,75.492
HIC,2005,75.123
HIC,2004,74.76
HIC,2003,74.451
HIC,2002,74.014
HIC,2001,73.501
HIC,2000,73.128
IBD,2024,65.98
IBD,2023,65.674
IBD,2022,65.202
IBD,2021,64.867
IBD,2020,64.002
IBD,2019,64.703
IBD,2018,64.579
IBD,2017,64.476
IBD,2016,64.378
IBD,2015,64.284
IBD,2014,64.193
IBD,2013,64.244
IBD,2012,64.368
IBD,2011,64.489
IBD,2010,64.67
IBD,2009,65.166
IBD,2008,65.441
IBD,2007,65.905
IBD,2006,66.043
IBD,2005,66.39
IBD,2004,66.334
IBD,2003,66.459
IBD,2002,66.471
IBD,2001,66.498
IBD,2000,66.555
IBT,2024,67.286
IBT,2023,67.093
IBT,2022,66.345
IBT,2021,66.032
IBT,2020,65.296
IBT,2019,65.83
IBT,2018,65.692
IBT,2017,65.605
IBT,2016,65.508
IBT,2015,65.456
IBT,2014,65.354
IBT,2013,65.372
IBT,2012,65.402
IBT,2011,65.554
IBT,2010,65.672
IBT,2009,65.956
IBT,2008,66.079
IBT,2007,66.394
IBT,2006,66.453
IBT,2005,66.706
IBT,2004,66.63
IBT,2003,66.707
IBT,2002,66.697
IBT,2001,66.701
IBT,2000,66.744
IDB,2024,70.908
IDB,2023,70.703
IDB,2022,68.036
IDB,2021,67.848
IDB,2020,67.472
IDB,2019,67.693
IDB,2018,67.145
IDB,2017,67.427
IDB,2016,67.604
IDB,2015,67.791
IDB,2014,67.717
IDB,2013,67.424
IDB,2012,67.413
IDB,2011,67.23
IDB,2010,67.182
IDB,2009,66.81
IDB,2008,66.564
IDB,2007,66.384
IDB,2006,66.12
IDB,2005,65.52
IDB,2004,65.111
IDB,2003,64.741
IDB,2002,64.416
IDB,2001,64.156
IDB,2000,64.099
IDX,2024,71.688
IDX,2023,72.112
IDX,2022,71.025
IDX,2021,70.905
IDX,2020,70.609
IDX,2019,70.684
IDX,2018,70.794
IDX,2017,70.685
IDX,2016,70.546
IDX,2015,70.665
IDX,2014,70.552
IDX,2013,70.595
IDX,2012,70.224
IDX,2011,70.785
IDX,2010,70.719
IDX,2009,70.204
IDX,2008,69.68
IDX,2007,69.396
IDX,2006,69.172
IDX,2005,69.319
IDX,2004,69.313
IDX,2003,69.331
IDX,2002,69.365
IDX,2001,69.365
IDX,2000,69.376
IDA,2024,71.399
IDA,2023,71.594
IDA,2022,69.949
IDA,2021,69.806
IDA,2020,69.492
IDA,2019,69.615
IDA,2018,69.492
IDA,2017,69.518
IDA,2016,69.488
IDA,2015,69.632
IDA,2014,69.54
IDA,2013,69.467
IDA,2012,69.223
IDA,2011,69.53
IDA,2010,69.469
IDA,2009,69.008
IDA,2008,68.587
IDA,2007,68.343
IDA,2006,68.109
IDA,2005,67.997
IDA,2004,67.852
IDA,2003,67.739
IDA,2002,67.65
IDA,2001,67.562
IDA,2000,67.554
LTE,2024,80.872
LTE,2023,80.689
LTE,2022,80.546
LTE,2021,80.213
LTE,2020,79.729
LTE,2019,80.165
LTE,2018,79.966
LTE,2017,79.772
LTE,2016,79.515
LTE,2015,79.358
LTE,2014,79.205
LTE,2013,79.066
LTE,2012,79.0
LTE,2011,78.951
LTE,2010,78.84
LTE,2009,79.15
LTE,2008,79.261
LTE,2007,79.558
LTE,2006,79.77
LTE,2005,79.988
LTE,2004,80.037
LTE,2003,80.186
LTE,2002,80.297
LTE,2001,80.286
LTE,2000,80.331
LCN,2024,69.198
LCN,2023,69.094
LCN,2022,68.87
LCN,2021,68.489
LCN,2020,67.466
LCN,2019,69.191
LCN,2018,68.379
LCN,2017,67.733
LCN,2016,67.208
LCN,2015,66.732
LCN,2014,66.169
LCN,2013,66.27
LCN,2012,66.198
LCN,2011,65.791
LCN,2010,66.039
LCN,2009,66.294
LCN,2008,65.436
LCN,2007,65.328
LCN,2006,64.976
LCN,2005,64.617
LCN,2004,63.771
LCN,2003,62.92
LCN,2002,62.233
LCN,2001,61.363
LCN,2000,60.294
LAC,2024,69.483
LAC,2023,69.482
LAC,2022,69.311
LAC,2021,68.655
LAC,2020,67.516
LAC,2019,69.302
LAC,2018,68.514
LAC,2017,67.887
LAC,2016,67.277
LAC,2015,66.76
LAC,2014,66.134
LAC,2013,66.294
LAC,2012,66.25
LAC,2011,65.911
LAC,2010,66.313
LAC,2009,66.625
LAC,2008,65.773
LAC,2007,65.763
LAC,2006,65.426
LAC,2005,65.062
LAC,2004,64.384
LAC,2003,63.508
LAC,2002,62.757
LAC,2001,61.787
LAC,2000,60.697
TLA,2024,69.273
TLA,2023,69.155
TLA,2022,68.916
TLA,2021,68.473
TLA,2020,67.426
TLA,2019,69.18
TLA,2018,68.357
TLA,2017,67.709
TLA,2016,67.183
TLA,2015,66.706
TLA,2014,66.151
TLA,2013,66.269
TLA,2012,66.217
TLA,2011,65.822
TLA,2010,66.098
TLA,2009,66.36
TLA,2008,65.491
TLA,2007,65.408
TLA,2006,65.078
TLA,2005,64.765
TLA,2004,63.946
TLA,2003,63.092
TLA,2002,62.415
TLA,2001,61.548
TLA,2000,60.479
LDC,2024,73.701
LDC,2023,74.141
LDC,2022,73.019
LDC,2021,72.788
LDC,2020,72.376
LDC,2019,72.55
LDC,2018,72.6
LDC,2017,72.472
LDC,2016,72.315
LDC,2015,72.426
LDC,2014,72.358
LDC,2013,72.49
LDC,2012,72.286
LDC,2011,72.93
LDC,2010,72.956
LDC,2009,72.406
LDC,2008,71.853
LDC,2007,71.529
LDC,2006,71.22
LDC,2005,71.295
LDC,2004,71.256
LDC,2003,71.23
LDC,2002,71.264
LDC,2001,71.269
LDC,2000,71.271
LMY,2024,66.899
LMY,2023,66.729
LMY,2022,65.927
LMY,2021,65.615
LMY,2020,64.802
LMY,2019,65.327
LMY,2018,65.153
LMY,2017,65.046
LMY,2016,64.91
LMY,2015,64.824
LMY,2014,64.67
LMY,2013,64.66
LMY,2012,64.679
LMY,2011,64.849
LMY,2010,64.992
LMY,2009,65.285
LMY,2008,65.428
LMY,2007,65.735
LMY,2006,65.787
LMY,2005,66.066
LMY,2004,66.01
LMY,2003,66.098
LMY,2002,66.083
LMY,2001,66.127
LMY,2000,66.182
LIC,2024,78.978
LIC,2023,79.245
LIC,2022,76.172
LIC,2021,76.706
LIC,2020,76.453
LIC,2019,76.675
LIC,2018,76.858
LIC,2017,77.136
LIC,2016,77.417
LIC,2015,77.684
LIC,2014,77.43
LIC,2013,77.393
LIC,2012,76.588
LIC,2011,77.382
LIC,2010,77.245
LIC,2009,77.436
LIC,2008,77.65
LIC,2007,77.979
LIC,2006,78.355
LIC,2005,78.826
LIC,2004,79.019
LIC,2003,79.196
LIC,2002,79.375
LIC,2001,79.531
LIC,2000,79.576
LMC,2024,55.501
LMC,2023,54.881
LMC,2022,53.559
LMC,2021,52.352
LMC,2020,51.061
LMC,2019,51.278
LMC,2018,51.123
LMC,2017,50.994
LMC,2016,50.87
LMC,2015,50.803
LMC,2014,50.632
LMC,2013,50.462
LMC,2012,50.422
LMC,2011,50.743
LMC,2010,51.112
LMC,2009,51.383
LMC,2008,51.542
LMC,2007,51.991
LMC,2006,52.273
LMC,2005,52.7
LMC,2004,52.371
LMC,2003,52.188
LMC,2002,51.99
LMC,2001,51.849
LMC,2000,51.58
MEA,2024,29.144
MEA,2023,29.178
MEA,2022,28.653
MEA,2021,29.172
MEA,2020,28.96
MEA,2019,29.189
MEA,2018,28.894
MEA,2017,29.9
MEA,2016,30.372
MEA,2015,30.132
MEA,2014,29.265
MEA,2013,28.773
MEA,2012,28.691
MEA,2011,28.331
MEA,2010,28.346
MEA,2009,28.026
MEA,2008,27.149
MEA,2007,27.474
MEA,2006,26.9
MEA,2005,26.39
MEA,2004,25.671
MEA,2003,25.0
MEA,2002,24.293
MEA,2001,24.494
MEA,2000,24.153
MNA,2024,25.159
MNA,2023,25.194
MNA,2022,24.505
MNA,2021,25.357
MNA,2020,25.202
MNA,2019,26.13
MNA,2018,26.077
MNA,2017,27.488
MNA,2016,27.918
MNA,2015,27.838
MNA,2014,27.03
MNA,2013,26.622
MNA,2012,26.557
MNA,2011,26.28
MNA,2010,26.408
MNA,2009,26.147
MNA,2008,25.245
MNA,2007,25.688
MNA,2006,25.125
MNA,2005,24.664
MNA,2004,23.947
MNA,2003,23.25
MNA,2002,22.565
MNA,2001,22.836
MNA,2000,22.508
TMN,2024,25.159
TMN,2023,25.194
TMN,2022,24.493
TMN,2021,25.359
TMN,2020,25.205
TMN,2019,26.132
TMN,2018,26.082
TMN,2017,27.505
TMN,2016,27.938
TMN,2015,27.852
TMN,2014,27.046
TMN,2013,26.641
TMN,2012,26.572
TMN,2011,26.297
TMN,2010,26.435
TMN,2009,26.166
TMN,2008,25.257
TMN,2007,25.701
TMN,2006,25.144
TMN,2005,24.687
TMN,2004,23.964
TMN,2003,23.269
TMN,2002,22.591
TMN,2001,22.866
TMN,2000,22.528
MIC,2024,65.968
MIC,2023,65.76
MIC,2022,65.103
MIC,2021,64.746
MIC,2020,63.888
MIC,2019,64.468
MIC,2018,64.285
MIC,2017,64.165
MIC,2016,64.011
MIC,2015,63.91
MIC,2014,63.766
MIC,2013,63.759
MIC,2012,63.857
MIC,2011,63.98
MIC,2010,64.16
MIC,2009,64.472
MIC,2008,64.621
MIC,2007,64.937
MIC,2006,64.978
MIC,2005,65.254
MIC,2004,65.19
MIC,2003,65.28
MIC,2002,65.261
MIC,2001,65.305
MIC,2000,65.366
NAC,2024,84.365
NAC,2023,84.237
NAC,2022,83.488
NAC,2021,83.059
NAC,2020,83.035
NAC,2019,83.101
NAC,2018,82.683
NAC,2017,82.547
NAC,2016,82.057
NAC,2015,81.979
NAC,2014,82.224
NAC,2013,82.025
NAC,2012,82.158
NAC,2011,82.36
NAC,2010,82.531
NAC,2009,82.387
NAC,2008,81.576
NAC,2007,81.08
NAC,2006,80.809
NAC,2005,80.73
NAC,2004,80.602
NAC,2003,80.737
NAC,2002,80.182
NAC,2001,79.919
NAC,2000,79.644
OED,2024,78.709
OED,2023,78.319
OED,2022,77.613
OED,2021,77.075
OED,2020,76.733
OED,2019,76.87
OED,2018,76.265
OED,2017,75.971
OED,2016,75.619
OED,2015,75.283
OED,2014,75.114
OED,2013,74.931
OED,2012,74.612
OED,2011,74.277
OED,2010,73.974
OED,2009,73.703
OED,2008,72.859
OED,2007,72.471
OED,2006,72.156
OED,2005,71.734
OED,2004,71.415
OED,2003,71.175
OED,2002,70.693
OED,2001,70.238
OED,2000,69.885
OSS,2024,78.111
OSS,2023,77.779
OSS,2022,76.149
OSS,2021,77.079
OSS,2020,76.427
OSS,2019,76.234
OSS,2018,75.434
OSS,2017,75.33
OSS,2016,74.979
OSS,2015,75.167
OSS,2014,74.067
OSS,2013,74.098
OSS,2012,74.654
OSS,2011,73.92
OSS,2010,73.967
OSS,2009,73.279
OSS,2008,72.571
OSS,2007,71.751
OSS,2006,71.566
OSS,2005,71.18
OSS,2004,70.164
OSS,2003,69.663
OSS,2002,68.96
OSS,2001,68.03
OSS,2000,67.606
PSS,2024,74.33
PSS,2023,74.016
PSS,2022,73.586
PSS,2021,74.608
PSS,2020,73.73
PSS,2019,73.105
PSS,2018,72.777
PSS,2017,72.407
PSS,2016,71.984
PSS,2015,72.407
PSS,2014,72.881
PSS,2013,72.71
PSS,2012,72.606
PSS,2011,72.541
PSS,2010,71.424
PSS,2009,70.846
PSS,2008,70.346
PSS,2007,69.899
PSS,2006,69.468
PSS,2005,68.735
PSS,2004,68.654
PSS,2003,68.818
PSS,2002,68.975
PSS,2001,68.988
PSS,2000,68.982
PST,2024,82.775
PST,2023,82.405
PST,2022,81.798
PST,2021,81.29
PST,2020,80.853
PST,2019,80.851
PST,2018,80.338
PST,2017,80.088
PST,2016,79.686
PST,2015,79.369
PST,2014,79.273
PST,2013,78.938
PST,2012,78.622
PST,2011,78.445
PST,2010,78.164
PST,2009,77.978
PST,2008,77.281
PST,2007,76.894
PST,2006,76.63
PST,2005,76.164
PST,2004,75.732
PST,2003,75.323
PST,2002,74.818
PST,2001,74.355
PST,2000,73.908
PRE,2024,85.328
PRE,2023,85.242
PRE,2022,82.054
PRE,2021,82.309
PRE,2020,81.857
PRE,2019,82.148
PRE,2018,82.262
PRE,2017,82.443
PRE,2016,82.648
PRE,2015,82.78
PRE,2014,82.893
PRE,2013,83.093
PRE,2012,82.973
PRE,2011,83.474
PRE,2010,83.658
PRE,2009,83.715
PRE,2008,83.915
PRE,2007,84.03
PRE,2006,83.97
PRE,2005,83.903
PRE,2004,83.84
PRE,2003,83.731
PRE,2002,83.702
PRE,2001,83.524
PRE,2000,83.415
SST,2024,77.063
SST,2023,76.862
SST,2022,75.716
SST,2021,76.233
SST,2020,75.541
SST,2019,75.566
SST,2018,74.819
SST,2017,74.511
SST,2016,74.14
SST,2015,74.007
SST,2014,73.429
SST,2013,73.228
SST,2012,73.47
SST,2011,72.662
SST,2010,72.482
SST,2009,71.824
SST,2008,71.377
SST,2007,70.509
SST,2006,70.443
SST,2005,69.915
SST,2004,68.927
SST,2003,68.298
SST,2002,67.529
SST,2001,66.793
SST,2000,66.382
SAS,2024,42.622
SAS,2023,41.634
SAS,2022,40.369
SAS,2021,38.576
SAS,2020,36.524
SAS,2019,36.625
SAS,2018,36.297
SAS,2017,36.002
SAS,2016,35.449
SAS,2015,35.291
SAS,2014,35.128
SAS,2013,35.082
SAS,2012,35.16
SAS,2011,35.991
SAS,2010,36.802
SAS,2009,37.6
SAS,2008,38.444
SAS,2007,39.333
SAS,2006,40.265
SAS,2005,41.451
SAS,2004,41.162
SAS,2003,40.883
SAS,2002,40.611
SAS,2001,40.344
SAS,2000,40.069
TSA,2024,42.622
TSA,2023,41.634
TSA,2022,40.369
TSA,2021,38.576
TSA,2020,36.524
TSA,2019,36.625
TSA,2018,36.297
TSA,2017,36.002
TSA,2016,35.449
TSA,2015,35.291
TSA,2014,35.128
TSA,2013,35.082
TSA,2012,35.16
TSA,2011,35.991
TSA,2010,36.802
TSA,2009,37.6
TSA,2008,38.444
TSA,2007,39.333
TSA,2006,40.265
TSA,2005,41.451
TSA,2004,41.162
TSA,2003,40.883
TSA,2002,40.611
TSA,2001,40.344
TSA,2000,40.069
SSF,2024,86.906
SSF,2023,86.733
SSF,2022,83.915
SSF,2021,83.81
SSF,2020,83.617
SSF,2019,84.021
SSF,2018,84.317
SSF,2017,84.637
SSF,2016,84.824
SSF,2015,85.104
SSF,2014,85.325
SSF,2013,85.574
SSF,2012,85.359
SSF,2011,85.713
SSF,2010,85.751
SSF,2009,85.773
SSF,2008,85.882
SSF,2007,85.936
SSF,2006,85.895
SSF,2005,85.792
SSF,2004,85.659
SSF,2003,85.481
SSF,2002,85.323
SSF,2001,85.046
SSF,2000,84.882
SSA,2024,88.441
SSA,2023,88.293
SSA,2022,85.156
SSA,2021,85.108
SSA,2020,84.713
SSA,2019,84.96
SSA,2018,85.125
SSA,2017,85.324
SSA,2016,85.374
SSA,2015,85.536
SSA,2014,85.635
SSA,2013,85.769
SSA,2012,85.542
SSA,2011,85.951
SSA,2010,86.006
SSA,2009,86.041
SSA,2008,86.174
SSA,2007,86.244
SSA,2006,86.208
SSA,2005,86.102
SSA,2004,85.963
SSA,2003,85.772
SSA,2002,85.6
SSA,2001,85.291
SSA,2000,85.102
TSS,2024,86.906
TSS,2023,86.733
TSS,2022,83.915
TSS,2021,83.81
TSS,2020,83.617
TSS,2019,84.021
TSS,2018,84.317
TSS,2017,84.637
TSS,2016,84.824
TSS,2015,85.104
TSS,2014,85.325
TSS,2013,85.574
TSS,2012,85.359
TSS,2011,85.713
TSS,2010,85.751
TSS,2009,85.773
TSS,2008,85.882
TSS,2007,85.936
TSS,2006,85.895
TSS,2005,85.792
TSS,2004,85.659
TSS,2003,85.481
TSS,2002,85.323
TSS,2001,85.046
TSS,2000,84.882
UMC,2024,75.562
UMC,2023,75.517
UMC,2022,75.287
UMC,2021,75.216
UMC,2020,74.662
UMC,2019,75.239
UMC,2018,74.921
UMC,2017,74.696
UMC,2016,74.411
UMC,2015,74.164
UMC,2014,73.931
UMC,2013,73.923
UMC,2012,73.97
UMC,2011,73.883
UMC,2010,73.863
UMC,2009,74.106
UMC,2008,74.18
UMC,2007,74.342
UMC,2006,74.171
UMC,2005,74.31
UMC,2004,74.363
UMC,2003,74.57
UMC,2002,74.606
UMC,2001,74.713
UMC,2000,74.912
WLD,2024,69.635
WLD,2023,69.438
WLD,2022,68.734
WLD,2021,68.428
WLD,2020,67.773
WLD,2019,68.182
WLD,2018,67.97
WLD,2017,67.836
WLD,2016,67.692
WLD,2015,67.595
WLD,2014,67.505
WLD,2013,67.472
WLD,2012,67.464
WLD,2011,67.571
WLD,2010,67.641
WLD,2009,67.847
WLD,2008,67.839
WLD,2007,68.033
WLD,2006,68.038
WLD,2005,68.173
WLD,2004,68.047
WLD,2003,68.058
WLD,2002,67.97
WLD,2001,67.902
WLD,2000,67.876
AFG,2024,7.323
AFG,2023,7.342
AFG,2022,7.346
AFG,2021,21.866
AFG,2020,24.68
AFG,2019,26.371
AFG,2018,27.75
AFG,2017,28.937
AFG,2016,27.106
AFG,2015,25.38
AFG,2014,23.754
AFG,2013,22.224
AFG,2012,20.786
AFG,2011,20.321
AFG,2010,19.848
AFG,2009,19.371
AFG,2008,18.927
AFG,2007,18.529
AFG,2006,18.213
AFG,2005,17.991
AFG,2004,17.841
AFG,2003,17.751
AFG,2002,17.727
AFG,2001,17.766
AFG,2000,17.88
ALB,2024,82.934
ALB,2023,82.724
ALB,2022,82.737
ALB,2021,78.2
ALB,2020,78.227
ALB,2019,77.834
ALB,2018,76.118
ALB,2017,74.511
ALB,2016,76.662
ALB,2015,73.326
ALB,2014,69.436
ALB,2013,71.264
ALB,2012,74.819
ALB,2011,77.72
ALB,2010,73.254
ALB,2009,71.294
ALB,2008,74.298
ALB,2007,73.234
ALB,2006,72.266
ALB,2005,71.386
ALB,2004,70.591
ALB,2003,69.875
ALB,2002,69.234
ALB,2001,69.613
ALB,2000,70.385
DZA,2024,21.359
DZA,2023,21.207
DZA,2022,21.026
DZA,2021,21.529
DZA,2020,21.355
DZA,2019,21.413
DZA,2018,21.592
DZA,2017,21.781
DZA,2016,21.98
DZA,2015,22.311
DZA,2014,22.226
DZA,2013,21.683
DZA,2012,21.176
DZA,2011,20.702
DZA,2010,20.267
DZA,2009,20.147
DZA,2008,19.534
DZA,2007,18.959
DZA,2006,18.427
DZA,2005,17.941
DZA,2004,17.487
DZA,2003,17.081
DZA,2002,16.703
DZA,2001,16.369
DZA,2000,16.081
AGO,2024,93.34
AGO,2023,93.208
AGO,2022,96.711
AGO,2021,95.603
AGO,2020,94.628
AGO,2019,94.594
AGO,2018,94.469
AGO,2017,94.346
AGO,2016,94.227
AGO,2015,94.115
AGO,2014,94.005
AGO,2013,93.898
AGO,2012,93.797
AGO,2011,93.7
AGO,2010,95.735
AGO,2009,95.756
AGO,2008,95.776
AGO,2007,95.771
AGO,2006,95.735
AGO,2005,95.678
AGO,2004,95.594
AGO,2003,95.487
AGO,2002,95.368
AGO,2001,95.251
AGO,2000,95.136
ARG,2024,72.846
ARG,2023,73.61
ARG,2022,72.59
ARG,2021,70.953
ARG,2020,70.513
ARG,2019,70.441
ARG,2018,69.744
ARG,2017,67.694
ARG,2016,67.066
ARG,2015,66.451
ARG,2014,65.851
ARG,2013,65.396
ARG,2012,65.597
ARG,2011,64.81
ARG,2010,65.048
ARG,2009,66.477
ARG,2008,65.439
ARG,2007,66.091
ARG,2006,66.743
ARG,2005,65.79
ARG,2004,66.964
ARG,2003,66.27
ARG,2002,65.598
ARG,2001,67.009
ARG,2000,67.567
ARM,2024,73.644
ARM,2023,73.261
ARM,2022,72.46
ARM,2021,78.347
ARM,2020,77.775
ARM,2019,74.005
ARM,2018,75.585
ARM,2017,75.596
ARM,2016,75.472
ARM,2015,75.568
ARM,2014,75.615
ARM,2013,75.702
ARM,2012,75.815
ARM,2011,75.989
ARM,2010,76.172
ARM,2009,76.325
ARM,2008,76.013
ARM,2007,76.245
ARM,2006,76.32
ARM,2005,76.379
ARM,2004,76.423
ARM,2003,76.448
ARM,2002,76.451
ARM,2001,76.431
ARM,2000,76.321
AUS,2024,88.337
AUS,2023,87.382
AUS,2022,87.576
AUS,2021,86.731
AUS,2020,85.813
AUS,2019,85.588
AUS,2018,85.219
AUS,2017,84.583
AUS,2016,83.992
AUS,2015,83.105
AUS,2014,82.637
AUS,2013,82.186
AUS,2012,81.925
AUS,2011,81.561
AUS,2010,80.997
AUS,2009,81.239
AUS,2008,80.609
AUS,2007,80.065
AUS,2006,79.61
AUS,2005,79.018
AUS,2004,77.872
AUS,2003,78.163
AUS,2002,76.964
AUS,2001,76.608
AUS,2000,75.623
AUT,2024,84.153
AUT,2023,84.397
AUT,2022,83.962
AUT,2021,83.656
AUT,2020,83.991
AUT,2019,83.425
AUT,2018,83.12
AUT,2017,83.556
AUT,2016,83.46
AUT,2015,83.162
AUT,2014,83.074
AUT,2013,82.411
AUT,2012,82.04
AUT,2011,81.36
AUT,2010,80.606
AUT,2009,80.182
AUT,2008,78.972
AUT,2007,78.178
AUT,2006,77.947
AUT,2005,77.269
AUT,2004,76.023
AUT,2003,73.94
AUT,2002,73.722
AUT,2001,72.137
AUT,2000,71.264
AZE,2024,92.029
AZE,2023,91.936
AZE,2022,91.938
AZE,2021,92.052
AZE,2020,91.545
AZE,2019,91.451
AZE,2018,91.497
AZE,2017,91.241
AZE,2016,91.793
AZE,2015,92.145
AZE,2014,91.806
AZE,2013,91.644
AZE,2012,92.158
AZE,2011,94.056
AZE,2010,96.307
AZE,2009,90.366
AZE,2008,85.684
AZE,2007,82.992
AZE,2006,88.657
AZE,2005,89.138
AZE,2004,88.821
AZE,2003,88.752
AZE,2002,89.68
AZE,2001,88.252
AZE,2000,87.849
BHS,2024,91.705
BHS,2023,91.488
BHS,2022,91.119
BHS,2021,91.879
BHS,2020,91.374
BHS,2019,91.471
BHS,2018,91.144
BHS,2017,90.82
BHS,2016,90.502
BHS,2015,90.186
BHS,2014,89.872
BHS,2013,89.555
BHS,2012,89.232
BHS,2011,88.896
BHS,2010,88.546
BHS,2009,88.183
BHS,2008,87.789
BHS,2007,87.363
BHS,2006,86.912
BHS,2005,86.449
BHS,2004,85.986
BHS,2003,85.521
BHS,2002,85.062
BHS,2001,84.609
BHS,2000,84.16
BHR,2024,49.306
BHR,2023,49.187
BHR,2022,49.251
BHR,2021,48.963
BHR,2020,48.674
BHR,2019,49.028
BHR,2018,49.623
BHR,2017,49.966
BHR,2016,50.032
BHR,2015,50.025
BHR,2014,49.778
BHR,2013,49.518
BHR,2012,49.373
BHR,2011,49.235
BHR,2010,50.148
BHR,2009,49.116
BHR,2008,48.322
BHR,2007,47.633
BHR,2006,46.962
BHR,2005,46.218
BHR,2004,45.334
BHR,2003,44.174
BHR,2002,42.881
BHR,2001,41.573
BHR,2000,40.553
BGD,2024,48.03
BGD,2023,51.501
BGD,2022,53.679
BGD,2021,51.863
BGD,2020,50.058
BGD,2019,48.586
BGD,2018,46.901
BGD,2017,45.053
BGD,2016,41.801
BGD,2015,41.532
BGD,2014,41.281
BGD,2013,41.047
BGD,2012,41.851
BGD,2011,42.665
BGD,2010,43.485
BGD,2009,40.794
BGD,2008,38.261
BGD,2007,35.876
BGD,2006,33.631
BGD,2005,33.601
BGD,2004,33.541
BGD,2003,33.487
BGD,2002,33.429
BGD,2001,33.345
BGD,2000,33.111
BRB,2024,88.964
BRB,2023,88.197
BRB,2022,87.224
BRB,2021,89.071
BRB,2020,89.208
BRB,2019,89.721
BRB,2018,87.692
BRB,2017,89.002
BRB,2016,89.301
BRB,2015,88.721
BRB,2014,90.536
BRB,2013,87.527
BRB,2012,86.324
BRB,2011,87.443
BRB,2010,87.124
BRB,2009,86.8
BRB,2008,86.446
BRB,2007,86.055
BRB,2006,85.653
BRB,2005,85.275
BRB,2004,84.907
BRB,2003,84.685
BRB,2002,84.472
BRB,2001,84.236
BRB,2000,84.023
BLR,2024,81.257
BLR,2023,80.975
BLR,2022,81.104
BLR,2021,81.522
BLR,2020,81.12
BLR,2019,81.656
BLR,2018,80.713
BLR,2017,81.941
BLR,2016,82.625
BLR,2015,82.68
BLR,2014,82.722
BLR,2013,82.758
BLR,2012,82.802
BLR,2011,82.83
BLR,2010,82.861
BLR,2009,82.886
BLR,2008,82.884
BLR,2007,82.831
BLR,2006,82.735
BLR,2005,82.593
BLR,2004,82.439
BLR,2003,82.206
BLR,2002,81.851
BLR,2001,81.383
BLR,2000,80.782
BEL,2024,84.269
BEL,2023,84.208
BEL,2022,84.333
BEL,2021,83.772
BEL,2020,83.455
BEL,2019,83.345
BEL,2018,82.95
BEL,2017,81.381
BEL,2016,81.35
BEL,2015,81.496
BEL,2014,81.147
BEL,2013,80.029
BEL,2012,78.82
BEL,2011,78.741
BEL,2010,78.448
BEL,2009,77.749
BEL,2008,77.103
BEL,2007,76.187
BEL,2006,75.294
BEL,2005,74.435
BEL,2004,73.402
BEL,2003,71.281
BEL,2002,70.555
BEL,2001,69.206
BEL,2000,70.993
BLZ,2024,62.829
BLZ,2023,62.036
BLZ,2022,59.657
BLZ,2021,63.336
BLZ,2020,61.126
BLZ,2019,69.38
BLZ,2018,67.305
BLZ,2017,61.41
BLZ,2016,61.894
BLZ,2015,60.713
BLZ,2014,59.537
BLZ,2013,59.017
BLZ,2012,58.335
BLZ,2011,57.653
BLZ,2010,56.974
BLZ,2009,56.297
BLZ,2008,55.623
BLZ,2007,54.951
BLZ,2006,54.282
BLZ,2005,53.617
BLZ,2004,52.953
BLZ,2003,52.294
BLZ,2002,51.636
BLZ,2001,50.983
BLZ,2000,50.333
BEN,2024,96.67
BEN,2023,96.194
BEN,2022,95.75
BEN,2021,96.564
BEN,2020,96.838
BEN,2019,97.953
BEN,2018,97.462
BEN,2017,96.961
BEN,2016,96.449
BEN,2015,95.922
BEN,2014,95.388
BEN,2013,94.841
BEN,2012,94.281
BEN,2011,93.712
BEN,2010,92.451
BEN,2009,91.213
BEN,2008,89.996
BEN,2007,88.801
BEN,2006,87.623
BEN,2005,86.469
BEN,2004,85.331
BEN,2003,84.212
BEN,2002,83.112
BEN,2001,80.781
BEN,2000,78.579
BTN,2024,78.688
BTN,2023,78.474
BTN,2022,72.817
BTN,2021,89.328
BTN,2020,87.609
BTN,2019,85.152
BTN,2018,79.096
BTN,2017,78.923
BTN,2016,78.754
BTN,2015,78.59
BTN,2014,77.207
BTN,2013,81.692
BTN,2012,96.284
BTN,2011,86.987
BTN,2010,87.721
BTN,2009,89.753
BTN,2008,88.977
BTN,2007,88.064
BTN,2006,87.12
BTN,2005,85.924
BTN,2004,84.003
BTN,2003,81.629
BTN,2002,79.282
BTN,2001,76.98
BTN,2000,74.786
BOL,2024,85.846
BOL,2023,85.891
BOL,2022,84.497
BOL,2021,84.034
BOL,2020,81.779
BOL,2019,80.737
BOL,2018,79.448
BOL,2017,75.682
BOL,2016,73.221
BOL,2015,73.173
BOL,2014,73.126
BOL,2013,73.081
BOL,2012,73.039
BOL,2011,72.997
BOL,2010,72.959
BOL,2009,72.922
BOL,2008,72.886
BOL,2007,72.852
BOL,2006,72.82
BOL,2005,72.791
BOL,2004,72.764
BOL,2003,72.737
BOL,2002,72.711
BOL,2001,72.689
BOL,2000,72.667
BIH,2024,65.28
BIH,2023,65.21
BIH,2022,63.702
BIH,2021,63.015
BIH,2020,62.695
BIH,2019,62.846
BIH,2018,62.605
BIH,2017,62.478
BIH,2016,62.206
BIH,2015,62.213
BIH,2014,62.248
BIH,2013,62.466
BIH,2012,62.493
BIH,2011,62.592
BIH,2010,63.281
BIH,2009,63.29
BIH,2008,63.515
BIH,2007,63.483
BIH,2006,63.386
BIH,2005,63.179
BIH,2004,63.238
BIH,2003,63.152
BIH,2002,63.142
BIH,2001,62.743
BIH,2000,62.637
BWA,2024,86.008
BWA,2023,86.653
BWA,2022,86.401
BWA,2021,85.303
BWA,2020,84.4
BWA,2019,84.123
BWA,2018,83.707
BWA,2017,83.296
BWA,2016,82.876
BWA,2015,82.447
BWA,2014,82.004
BWA,2013,81.534
BWA,2012,81.037
BWA,2011,80.501
BWA,2010,79.964
BWA,2009,80.314
BWA,2008,79.994
BWA,2007,79.771
BWA,2006,79.654
BWA,2005,78.273
BWA,2004,76.983
BWA,2003,75.76
BWA,2002,74.583
BWA,2001,73.462
BWA,2000,72.411
BRA,2024,72.792
BRA,2023,72.768
BRA,2022,73.115
BRA,2021,71.978
BRA,2020,70.798
BRA,2019,73.823
BRA,2018,72.89
BRA,2017,72.316
BRA,2016,70.853
BRA,2015,70.432
BRA,2014,69.491
BRA,2013,69.241
BRA,2012,69.178
BRA,2011,69.781
BRA,2010,70.857
BRA,2009,71.908
BRA,2008,71.169
BRA,2007,71.497
BRA,2006,71.323
BRA,2005,71.385
BRA,2004,69.986
BRA,2003,68.949
BRA,2002,68.381
BRA,2001,66.573
BRA,2000,64.638
BRN,2024,74.887
BRN,2023,74.738
BRN,2022,73.456
BRN,2021,76.321
BRN,2020,75.471
BRN,2019,75.158
BRN,2018,77.978
BRN,2017,79.869
BRN,2016,79.262
BRN,2015,78.638
BRN,2014,78.014
BRN,2013,77.396
BRN,2012,76.794
BRN,2011,76.218
BRN,2010,75.623
BRN,2009,74.973
BRN,2008,74.269
BRN,2007,73.516
BRN,2006,72.861
BRN,2005,72.338
BRN,2004,71.822
BRN,2003,71.293
BRN,2002,70.757
BRN,2001,70.233
BRN,2000,68.789
BGR,2024,80.682
BGR,2023,80.643
BGR,2022,80.398
BGR,2021,79.18
BGR,2020,78.873
BGR,2019,79.403
BGR,2018,79.37
BGR,2017,80.438
BGR,2016,79.54
BGR,2015,81.058
BGR,2014,80.698
BGR,2013,81.245
BGR,2012,81.597
BGR,2011,80.965
BGR,2010,80.221
BGR,2009,79.327
BGR,2008,79.873
BGR,2007,80.877
BGR,2006,81.04
BGR,2005,79.698
BGR,2004,80.916
BGR,2003,80.337
BGR,2002,82.384
BGR,2001,82.394
BGR,2000,79.162
BFA,2024,84.114
BFA,2023,83.077
BFA,2022,82.238
BFA,2021,84.014
BFA,2020,85.589
BFA,2019,87.328
BFA,2018,87.392
BFA,2017,87.457
BFA,2016,87.524
BFA,2015,87.589
BFA,2014,87.656
BFA,2013,87.723
BFA,2012,87.791
BFA,2011,87.859
BFA,2010,87.928
BFA,2009,87.997
BFA,2008,88.065
BFA,2007,88.135
BFA,2006,88.206
BFA,2005,88.275
BFA,2004,88.346
BFA,2003,88.418
BFA,2002,88.488
BFA,2001,88.558
BFA,2000,88.63
BDI,2024,103.255
BDI,2023,103.092
BDI,2022,102.99
BDI,2021,103.654
BDI,2020,100.031
BDI,2019,102.973
BDI,2018,102.653
BDI,2017,102.561
BDI,2016,102.787
BDI,2015,103.361
BDI,2014,104.009
BDI,2013,103.678
BDI,2012,103.289
BDI,2011,102.807
BDI,2010,102.225
BDI,2009,101.61
BDI,2008,100.896
BDI,2007,99.996
BDI,2006,98.972
BDI,2005,99.81
BDI,2004,100.466
BDI,2003,100.97
BDI,2002,101.329
BDI,2001,101.58
BDI,2000,101.743
CPV,2024,79.468
CPV,2023,78.653
CPV,2022,77.67
CPV,2021,78.667
CPV,2020,78.073
CPV,2019,78.389
CPV,2018,77.952
CPV,2017,78.598
CPV,2016,78.334
CPV,2015,78.071
CPV,2014,77.806
CPV,2013,77.539
CPV,2012,77.27
CPV,2011,77.001
CPV,2010,76.732
CPV,2009,76.46
CPV,2008,74.169
CPV,2007,72.005
CPV,2006,69.959
CPV,2005,68.023
CPV,2004,66.191
CPV,2003,64.454
CPV,2002,62.809
CPV,2001,61.248
CPV,2000,59.765
KHM,2024,87.998
KHM,2023,87.865
KHM,2022,87.769
KHM,2021,85.911
KHM,2020,87.769
KHM,2019,87.817
KHM,2018,87.891
KHM,2017,87.988
KHM,2016,86.196
KHM,2015,85.019
KHM,2014,85.757
KHM,2013,85.925
KHM,2012,88.97
KHM,2011,91.548
KHM,2010,91.744
KHM,2009,88.776
KHM,2008,83.016
KHM,2007,84.339
KHM,2006,85.161
KHM,2005,86.024
KHM,2004,86.927
KHM,2003,87.875
KHM,2002,89.616
KHM,2001,91.407
KHM,2000,93.249
CMR,2024,77.022
CMR,2023,76.954
CMR,2022,76.914
CMR,2021,77.455
CMR,2020,78.528
CMR,2019,80.025
CMR,2018,81.359
CMR,2017,82.747
CMR,2016,84.143
CMR,2015,85.473
CMR,2014,86.698
CMR,2013,86.414
CMR,2012,86.181
CMR,2011,85.997
CMR,2010,85.856
CMR,2009,87.887
CMR,2008,89.737
CMR,2007,91.408
CMR,2006,91.314
CMR,2005,91.224
CMR,2004,91.115
CMR,2003,90.967
CMR,2002,90.773
CMR,2001,90.557
CMR,2000,90.358
CAN,2024,87.344
CAN,2023,87.719
CAN,2022,87.781
CAN,2021,86.79
CAN,2020,86.148
CAN,2019,86.913
CAN,2018,86.788
CAN,2017,86.459
CAN,2016,86.321
CAN,2015,85.942
CAN,2014,86.231
CAN,2013,86.571
CAN,2012,86.295
CAN,2011,85.968
CAN,2010,86.219
CAN,2009,85.739
CAN,2008,85.011
CAN,2007,85.051
CAN,2006,84.426
CAN,2005,83.942
CAN,2004,83.943
CAN,2003,83.513
CAN,2002,82.603
CAN,2001,81.829
CAN,2000,81.306
CAF,2024,79.157
CAF,2023,79.233
CAF,2022,79.242
CAF,2021,79.489
CAF,2020,79.27
CAF,2019,79.27
CAF,2018,79.244
CAF,2017,79.265
CAF,2016,79.288
CAF,2015,79.282
CAF,2014,79.798
CAF,2013,80.631
CAF,2012,81.295
CAF,2011,81.913
CAF,2010,82.296
CAF,2009,82.65
CAF,2008,82.929
CAF,2007,83.03
CAF,2006,83.186
CAF,2005,83.254
CAF,2004,83.187
CAF,2003,83.12
CAF,2002,82.959
CAF,2001,82.864
CAF,2000,82.822
TCD,2024,66.253
TCD,2023,66.663
TCD,2022,66.77
TCD,2021,68.053
TCD,2020,67.859
TCD,2019,67.859
TCD,2018,67.725
TCD,2017,68.254
TCD,2016,68.779
TCD,2015,69.304
TCD,2014,69.825
TCD,2013,70.343
TCD,2012,70.859
TCD,2011,71.371
TCD,2010,71.88
TCD,2009,72.386
TCD,2008,72.888
TCD,2007,73.388
TCD,2006,73.882
TCD,2005,74.373
TCD,2004,74.86
TCD,2003,75.344
TCD,2002,75.822
TCD,2001,76.296
TCD,2000,76.767
CHI,2024,77.521
CHI,2023,77.682
CHI,2022,78.573
CHI,2021,78.326
CHI,2020,78.025
CHI,2019,78.132
CHI,2018,77.697
CHI,2017,77.54
CHI,2016,77.411
CHI,2015,76.451
CHI,2014,76.281
CHI,2013,78.511
CHI,2012,77.006
CHI,2011,76.828
CHI,2010,78.262
CHI,2009,76.386
CHI,2008,75.896
CHI,2007,75.575
CHI,2006,74.863
CHI,2005,74.285
CHI,2004,73.468
CHI,2003,73.254
CHI,2002,72.457
CHI,2001,71.085
CHI,2000,70.39
CHL,2024,73.292
CHL,2023,72.881
CHL,2022,70.976
CHL,2021,67.729
CHL,2020,67.306
CHL,2019,71.419
CHL,2018,70.604
CHL,2017,69.525
CHL,2016,68.439
CHL,2015,67.63
CHL,2014,67.744
CHL,2013,66.864
CHL,2012,66.004
CHL,2011,65.353
CHL,2010,63.118
CHL,2009,61.588
CHL,2008,60.276
CHL,2007,57.952
CHL,2006,56.636
CHL,2005,55.904
CHL,2004,54.42
CHL,2003,51.945
CHL,2002,49.852
CHL,2001,49.733
CHL,2000,50.495
CHN,2024,84.603
CHN,2023,84.414
CHN,2022,84.182
CHN,2021,83.905
CHN,2020,83.387
CHN,2019,83.604
CHN,2018,83.331
CHN,2017,83.046
CHN,2016,82.781
CHN,2015,82.54
CHN,2014,82.315
CHN,2013,82.1
CHN,2012,81.9
CHN,2011,81.724
CHN,2010,81.538
CHN,2009,81.851
CHN,2008,82.159
CHN,2007,82.465
CHN,2006,82.768
CHN,2005,83.069
CHN,2004,83.366
CHN,2003,83.66
CHN,2002,83.951
CHN,2001,84.24
CHN,2000,84.525
COL,2024,68.175
COL,2023,68.048
COL,2022,67.059
COL,2021,66.649
COL,2020,67.026
COL,2019,68.266
COL,2018,68.482
COL,2017,69.497
COL,2016,69.586
COL,2015,69.671
COL,2014,69.174
COL,2013,69.322
COL,2012,69.432
COL,2011,68.138
COL,2010,67.763
COL,2009,66.936
COL,2008,64.126
COL,2007,63.755
COL,2006,63.781
COL,2005,63.828
COL,2004,65.376
COL,2003,65.72
COL,2002,64.309
COL,2001,64.768
COL,2000,64.792
COM,2024,74.059
COM,2023,73.789
COM,2022,73.602
COM,2021,74.332
COM,2020,72.32
COM,2019,70.571
COM,2018,68.006
COM,2017,65.337
COM,2016,62.77
COM,2015,60.368
COM,2014,57.944
COM,2013,58.494
COM,2012,59.059
COM,2011,59.639
COM,2010,60.234
COM,2009,60.844
COM,2008,61.472
COM,2007,62.115
COM,2006,62.774
COM,2005,63.451
COM,2004,64.146
COM,2003,63.2
COM,2002,62.752
COM,2001,62.434
COM,2000,61.989
COD,2024,92.338
COD,2023,91.896
COD,2022,91.167
COD,2021,90.448
COD,2020,90.312
COD,2019,90.214
COD,2018,90.29
COD,2017,90.263
COD,2016,90.021
COD,2015,89.813
COD,2014,89.752
COD,2013,89.677
COD,2012,89.589
COD,2011,90.679
COD,2010,91.732
COD,2009,92.743
COD,2008,93.717
COD,2007,94.65
COD,2006,95.543
COD,2005,96.394
COD,2004,96.41
COD,2003,96.492
COD,2002,96.611
COD,2001,96.689
COD,2000,96.747
COG,2024,93.564
COG,2023,93.534
COG,2022,93.621
COG,2021,95.431
COG,2020,94.972
COG,2019,95.369
COG,2018,95.179
COG,2017,95.115
COG,2016,95.176
COG,2015,95.433
COG,2014,95.874
COG,2013,96.449
COG,2012,97.138
COG,2011,97.722
COG,2010,98.116
COG,2009,97.932
COG,2008,97.672
COG,2007,97.662
COG,2006,97.3
COG,2005,96.787
COG,2004,96.255
COG,2003,95.728
COG,2002,95.48
COG,2001,95.429
COG,2000,94.485
CRI,2024,65.823
CRI,2023,62.909
CRI,2022,68.745
CRI,2021,68.154
CRI,2020,66.569
CRI,2019,69.159
CRI,2018,63.794
CRI,2017,61.765
CRI,2016,62.288
CRI,2015,65.827
CRI,2014,66.213
CRI,2013,66.937
CRI,2012,66.164
CRI,2011,61.7
CRI,2010,58.875
CRI,2009,58.384
CRI,2008,56.947
CRI,2007,55.896
CRI,2006,55.035
CRI,2005,54.83
CRI,2004,50.618
CRI,2003,52.209
CRI,2002,51.977
CRI,2001,52.165
CRI,2000,48.341
CIV,2024,79.904
CIV,2023,79.382
CIV,2022,78.886
CIV,2021,77.94
CIV,2020,77.496
CIV,2019,77.209
CIV,2018,77.305
CIV,2017,77.411
CIV,2016,77.527
CIV,2015,79.765
CIV,2014,82.055
CIV,2013,84.399
CIV,2012,86.797
CIV,2011,84.544
CIV,2010,82.339
CIV,2009,80.182
CIV,2008,78.07
CIV,2007,76.003
CIV,2006,73.981
CIV,2005,72.001
CIV,2004,70.06
CIV,2003,68.162
CIV,2002,66.302
CIV,2001,64.48
CIV,2000,62.697
HRV,2024,82.488
HRV,2023,81.457
HRV,2022,80.184
HRV,2021,77.979
HRV,2020,76.443
HRV,2019,77.788
HRV,2018,78.344
HRV,2017,77.783
HRV,2016,78.149
HRV,2015,78.941
HRV,2014,78.772
HRV,2013,77.039
HRV,2012,75.513
HRV,2011,74.393
HRV,2010,77.095
HRV,2009,77.399
HRV,2008,74.495
HRV,2007,73.259
HRV,2006,76.332
HRV,2005,74.782
HRV,2004,73.545
HRV,2003,73.118
HRV,2002,73.297
HRV,2001,72.619
HRV,2000,71.928
CUB,2024,61.746
CUB,2023,62.658
CUB,2022,63.605
CUB,2021,66.763
CUB,2020,66.928
CUB,2019,67.471
CUB,2018,67.308
CUB,2017,66.81
CUB,2016,66.367
CUB,2015,66.015
CUB,2014,65.069
CUB,2013,64.436
CUB,2012,63.495
CUB,2011,62.525
CUB,2010,61.637
CUB,2009,61.736
CUB,2008,61.173
CUB,2007,60.026
CUB,2006,58.504
CUB,2005,56.454
CUB,2004,54.558
CUB,2003,53.373
CUB,2002,52.422
CUB,2001,51.715
CUB,2000,50.884
CYP,2024,84.198
CYP,2023,85.191
CYP,2022,82.745
CYP,2021,81.145
CYP,2020,81.604
CYP,2019,83.382
CYP,2018,83.892
CYP,2017,84.447
CYP,2016,84.244
CYP,2015,85.448
CYP,2014,83.907
CYP,2013,81.25
CYP,2012,80.831
CYP,2011,82.119
CYP,2010,82.116
CYP,2009,80.306
CYP,2008,78.916
CYP,2007,77.604
CYP,2006,75.245
CYP,2005,73.368
CYP,2004,73.795
CYP,2003,74.406
CYP,2002,73.585
CYP,2001,72.314
CYP,2000,69.28
CZE,2024,79.037
CZE,2023,78.374
CZE,2022,76.9
CZE,2021,76.163
CZE,2020,75.896
CZE,2019,76.592
CZE,2018,76.68
CZE,2017,76.186
CZE,2016,75.754
CZE,2015,75.323
CZE,2014,74.535
CZE,2013,74.781
CZE,2012,73.928
CZE,2011,73.266
CZE,2010,72.452
CZE,2009,72.506
CZE,2008,72.254
CZE,2007,72.797
CZE,2006,73.702
CZE,2005,73.682
CZE,2004,73.819
CZE,2003,73.917
CZE,2002,73.52
CZE,2001,73.888
CZE,2000,73.917
DNK,2024,87.896
DNK,2023,88.234
DNK,2022,88.16
DNK,2021,86.453
DNK,2020,87.048
DNK,2019,86.75
DNK,2018,87.007
DNK,2017,87.474
DNK,2016,87.514
DNK,2015,85.979
DNK,2014,86.915
DNK,2013,88.174
DNK,2012,87.4
DNK,2011,86.636
DNK,2010,86.229
DNK,2009,86.121
DNK,2008,85.137
DNK,2007,85.582
DNK,2006,85.641
DNK,2005,84.846
DNK,2004,84.371
DNK,2003,83.477
DNK,2002,83.897
DNK,2001,84.102
DNK,2000,83.703
DJI,2024,42.988
DJI,2023,42.029
DJI,2022,41.19
DJI,2021,40.759
DJI,2020,40.312
DJI,2019,40.442
DJI,2018,39.583
DJI,2017,38.725
DJI,2016,37.911
DJI,2015,37.164
DJI,2014,36.496
DJI,2013,35.904
DJI,2012,35.384
DJI,2011,34.9
DJI,2010,34.428
DJI,2009,33.965
DJI,2008,33.485
DJI,2007,33.016
DJI,2006,32.58
DJI,2005,32.272
DJI,2004,32.153
DJI,2003,32.13
DJI,2002,31.972
DJI,2001,31.588
DJI,2000,31.173
DOM,2024,69.746
DOM,2023,68.664
DOM,2022,66.121
DOM,2021,67.51
DOM,2020,64.357
DOM,2019,67.218
DOM,2018,64.794
DOM,2017,64.43
DOM,2016,63.883
DOM,2015,63.201
DOM,2014,61.282
DOM,2013,61.111
DOM,2012,61.108
DOM,2011,59.84
DOM,2010,57.835
DOM,2009,53.844
DOM,2008,56.834
DOM,2007,54.078
DOM,2006,54.621
DOM,2005,53.936
DOM,2004,52.317
DOM,2003,52.67
DOM,2002,53.105
DOM,2001,50.148
DOM,2000,51.202
ECU,2024,68.09
ECU,2023,68.462
ECU,2022,69.839
ECU,2021,68.763
ECU,2020,66.955
ECU,2019,69.596
ECU,2018,68.91
ECU,2017,69.905
ECU,2016,69.113
ECU,2015,65.139
ECU,2014,61.255
ECU,2013,62.763
ECU,2012,62.338
ECU,2011,61.274
ECU,2010,61.811
ECU,2009,63.128
ECU,2008,63.917
ECU,2007,63.439
ECU,2006,63.096
ECU,2005,63.035
ECU,2004,63.892
ECU,2003,60.078
ECU,2002,58.84
ECU,2001,57.601
ECU,2000,56.361
EGY,2024,26.174
EGY,2023,26.136
EGY,2022,21.677
EGY,2021,22.201
EGY,2020,21.336
EGY,2019,23.19
EGY,2018,27.066
EGY,2017,32.825
EGY,2016,32.939
EGY,2015,32.145
EGY,2014,31.795
EGY,2013,31.248
EGY,2012,30.314
EGY,2011,30.122
EGY,2010,30.79
EGY,2009,31.549
EGY,2008,30.031
EGY,2007,32.302
EGY,2006,29.397
EGY,2005,28.727
EGY,2004,28.074
EGY,2003,27.436
EGY,2002,26.813
EGY,2001,29.393
EGY,2000,28.459
SLV,2024,63.585
SLV,2023,63.219
SLV,2022,60.185
SLV,2021,59.908
SLV,2020,59.941
SLV,2019,60.387
SLV,2018,60.008
SLV,2017,60.039
SLV,2016,61.084
SLV,2015,60.437
SLV,2014,61.383
SLV,2013,62.443
SLV,2012,60.835
SLV,2011,59.825
SLV,2010,60.245
SLV,2009,59.466
SLV,2008,58.727
SLV,2007,58.025
SLV,2006,58.418
SLV,2005,57.518
SLV,2004,56.633
SLV,2003,58.077
SLV,2002,57.564
SLV,2001,57.199
SLV,2000,56.88
GNQ,2024,78.485
GNQ,2023,78.556
GNQ,2022,79.257
GNQ,2021,80.466
GNQ,2020,79.946
GNQ,2019,80.192
GNQ,2018,79.889
GNQ,2017,79.714
GNQ,2016,79.643
GNQ,2015,79.646
GNQ,2014,79.723
GNQ,2013,79.859
GNQ,2012,80.031
GNQ,2011,80.25
GNQ,2010,80.392
GNQ,2009,80.427
GNQ,2008,80.443
GNQ,2007,80.413
GNQ,2006,80.272
GNQ,2005,79.958
GNQ,2004,79.189
GNQ,2003,77.977
GNQ,2002,76.692
GNQ,2001,75.494
GNQ,2000,74.504
ERI,2024,86.604
ERI,2023,86.592
ERI,2022,86.552
ERI,2021,86.87
ERI,2020,86.347
ERI,2019,86.619
ERI,2018,86.238
ERI,2017,85.843
ERI,2016,85.919
ERI,2015,85.88
ERI,2014,86.321
ERI,2013,86.065
ERI,2012,86.133
ERI,2011,85.996
ERI,2010,85.744
ERI,2009,85.644
ERI,2008,85.433
ERI,2007,85.395
ERI,2006,85.543
ERI,2005,85.732
ERI,2004,85.693
ERI,2003,85.225
ERI,2002,84.749
ERI,2001,84.373
ERI,2000,84.119
EST,2024,87.252
EST,2023,86.241
EST,2022,84.953
EST,2021,83.286
EST,2020,81.842
EST,2019,82.073
EST,2018,81.018
EST,2017,80.839
EST,2016,80.34
EST,2015,80.847
EST,2014,79.282
EST,2013,81.044
EST,2012,81.183
EST,2011,81.86
EST,2010,82.233
EST,2009,80.522
EST,2008,79.686
EST,2007,79.141
EST,2006,81.02
EST,2005,82.726
EST,2004,80.889
EST,2003,78.625
EST,2002,79.68
EST,2001,79.769
EST,2000,79.082
SWZ,2024,89.415
SWZ,2023,88.694
SWZ,2022,87.724
SWZ,2021,89.099
SWZ,2020,88.106
SWZ,2019,88.156
SWZ,2018,86.827
SWZ,2017,85.569
SWZ,2016,84.401
SWZ,2015,83.476
SWZ,2014,82.503
SWZ,2013,81.63
SWZ,2012,80.869
SWZ,2011,80.064
SWZ,2010,79.138
SWZ,2009,78.116
SWZ,2008,77.032
SWZ,2007,76.029
SWZ,2006,75.326
SWZ,2005,74.792
SWZ,2004,74.175
SWZ,2003,73.451
SWZ,2002,72.596
SWZ,2001,71.583
SWZ,2000,70.425
ETH,2024,74.174
ETH,2023,73.633
ETH,2022,73.304
ETH,2021,72.733
ETH,2020,74.445
ETH,2019,76.263
ETH,2018,77.738
ETH,2017,79.131
ETH,2016,80.446
ETH,2015,81.705
ETH,2014,82.907
ETH,2013,84.059
ETH,2012,83.939
ETH,2011,83.821
ETH,2010,83.709
ETH,2009,83.598
ETH,2008,83.49
ETH,2007,83.387
ETH,2006,83.285
ETH,2005,83.187
ETH,2004,83.09
ETH,2003,83.014
ETH,2002,82.962
ETH,2001,82.95
ETH,2000,82.993
FJI,2024,50.277
FJI,2023,50.157
FJI,2022,49.864
FJI,2021,50.143
FJI,2020,50.053
FJI,2019,50.268
FJI,2018,50.277
FJI,2017,50.183
FJI,2016,50.069
FJI,2015,52.206
FJI,2014,54.4
FJI,2013,55.219
FJI,2012,56.063
FJI,2011,56.932
FJI,2010,54.845
FJI,2009,52.767
FJI,2008,50.703
FJI,2007,48.658
FJI,2006,46.637
FJI,2005,44.647
FJI,2004,45.203
FJI,2003,45.762
FJI,2002,46.323
FJI,2001,46.887
FJI,2000,47.453
FIN,2024,89.734
FIN,2023,91.021
FIN,2022,89.917
FIN,2021,87.731
FIN,2020,88.053
FIN,2019,88.618
FIN,2018,88.282
FIN,2017,88.098
FIN,2016,88.296
FIN,2015,88.969
FIN,2014,88.689
FIN,2013,88.436
FIN,2012,87.971
FIN,2011,86.942
FIN,2010,87.617
FIN,2009,88.7
FIN,2008,87.313
FIN,2007,88.01
FIN,2006,87.784
FIN,2005,87.436
FIN,2004,86.726
FIN,2003,86.105
FIN,2002,86.421
FIN,2001,85.654
FIN,2000,84.952
FRA,2024,86.438
FRA,2023,86.688
FRA,2022,86.197
FRA,2021,86.212
FRA,2020,85.003
FRA,2019,84.835
FRA,2018,84.4
FRA,2017,83.925
FRA,2016,84.157
FRA,2015,83.913
FRA,2014,83.68
FRA,2013,83.192
FRA,2012,82.935
FRA,2011,82.896
FRA,2010,82.614
FRA,2009,82.298
FRA,2008,81.796
FRA,2007,81.619
FRA,2006,80.832
FRA,2005,80.359
FRA,2004,79.081
FRA,2003,79.177
FRA,2002,77.178
FRA,2001,77.283
FRA,2000,77.448
PYF,2024,80.255
PYF,2023,80.047
PYF,2022,79.778
PYF,2021,80.256
PYF,2020,79.964
PYF,2019,80.054
PYF,2018,79.537
PYF,2017,79.165
PYF,2016,78.316
PYF,2015,77.916
PYF,2014,77.661
PYF,2013,77.609
PYF,2012,77.604
PYF,2011,76.678
PYF,2010,75.767
PYF,2009,74.853
PYF,2008,73.94
PYF,2007,73.081
PYF,2006,72.524
PYF,2005,71.928
PYF,2004,71.295
PYF,2003,70.692
PYF,2002,70.151
PYF,2001,69.875
PYF,2000,69.587
GAB,2024,69.175
GAB,2023,68.978
GAB,2022,68.912
GAB,2021,69.95
GAB,2020,69.453
GAB,2019,69.598
GAB,2018,69.701
GAB,2017,69.942
GAB,2016,70.18
GAB,2015,70.277
GAB,2014,70.203
GAB,2013,70.027
GAB,2012,69.756
GAB,2011,69.491
GAB,2010,69.135
GAB,2009,68.7
GAB,2008,68.391
GAB,2007,68.114
GAB,2006,67.488
GAB,2005,67.12
GAB,2004,66.552
GAB,2003,66.024
GAB,2002,65.444
GAB,2001,64.96
GAB,2000,64.427
GMB,2024,91.509
GMB,2023,90.625
GMB,2022,90.013
GMB,2021,89.243
GMB,2020,88.555
GMB,2019,89.009
GMB,2018,88.092
GMB,2017,86.978
GMB,2016,86.456
GMB,2015,86.631
GMB,2014,86.335
GMB,2013,87.372
GMB,2012,87.399
GMB,2011,86.877
GMB,2010,89.705
GMB,2009,88.995
GMB,2008,88.117
GMB,2007,87.349
GMB,2006,87.333
GMB,2005,88.171
GMB,2004,89.46
GMB,2003,88.446
GMB,2002,87.481
GMB,2001,88.957
GMB,2000,88.234
GEO,2024,76.997
GEO,2023,76.577
GEO,2022,76.087
GEO,2021,75.117
GEO,2020,75.301
GEO,2019,75.102
GEO,2018,75.504
GEO,2017,78.033
GEO,2016,78.051
GEO,2015,78.08
GEO,2014,78.119
GEO,2013,78.182
GEO,2012,78.297
GEO,2011,78.5
GEO,2010,78.812
GEO,2009,79.12
GEO,2008,78.986
GEO,2007,79.114
GEO,2006,79.796
GEO,2005,80.43
GEO,2004,81.169
GEO,2003,81.684
GEO,2002,82.686
GEO,2001,83.286
GEO,2000,83.913
DEU,2024,83.74
DEU,2023,83.968
DEU,2022,83.721
DEU,2021,83.386
DEU,2020,83.443
DEU,2019,83.0
DEU,2018,82.745
DEU,2017,83.045
DEU,2016,82.748
DEU,2015,82.164
DEU,2014,81.786
DEU,2013,81.244
DEU,2012,80.569
DEU,2011,80.875
DEU,2010,78.908
DEU,2009,79.435
DEU,2008,78.018
DEU,2007,78.651
DEU,2006,77.526
DEU,2005,76.175
DEU,2004,75.657
DEU,2003,75.401
DEU,2002,74.434
DEU,2001,73.551
DEU,2000,72.43
GHA,2024,89.261
GHA,2023,88.614
GHA,2022,88.452
GHA,2021,88.848
GHA,2020,88.713
GHA,2019,89.09
GHA,2018,89.012
GHA,2017,88.929
GHA,2016,88.679
GHA,2015,88.47
GHA,2014,88.234
GHA,2013,88.045
GHA,2012,88.23
GHA,2011,88.414
GHA,2010,88.597
GHA,2009,88.781
GHA,2008,88.964
GHA,2007,89.147
GHA,2006,89.33
GHA,2005,89.511
GHA,2004,89.694
GHA,2003,89.875
GHA,2002,90.057
GHA,2001,90.237
GHA,2000,90.418
GRC,2024,74.73
GRC,2023,74.96
GRC,2022,74.182
GRC,2021,74.591
GRC,2020,73.649
GRC,2019,73.955
GRC,2018,73.678
GRC,2017,74.437
GRC,2016,74.904
GRC,2015,74.583
GRC,2014,73.005
GRC,2013,71.215
GRC,2012,71.114
GRC,2011,69.694
GRC,2010,68.485
GRC,2009,67.11
GRC,2008,65.232
GRC,2007,65.267
GRC,2006,65.29
GRC,2005,64.941
GRC,2004,64.676
GRC,2003,62.853
GRC,2002,62.109
GRC,2001,61.279
GRC,2000,61.767
GUM,2024,83.055
GUM,2023,82.939
GUM,2022,82.795
GUM,2021,83.219
GUM,2020,82.883
GUM,2019,83.194
GUM,2018,82.76
GUM,2017,82.806
GUM,2016,82.617
GUM,2015,82.534
GUM,2014,82.37
GUM,2013,82.085
GUM,2012,81.828
GUM,2011,81.53
GUM,2010,85.326
GUM,2009,76.496
GUM,2008,74.372
GUM,2007,72.189
GUM,2006,78.978
GUM,2005,81.63
GUM,2004,74.682
GUM,2003,76.153
GUM,2002,77.621
GUM,2001,79.781
GUM,2000,79.894
GTM,2024,46.969
GTM,2023,46.592
GTM,2022,50.16
GTM,2021,50.492
GTM,2020,47.883
GTM,2019,45.228
GTM,2018,46.042
GTM,2017,45.983
GTM,2016,47.82
GTM,2015,45.979
GTM,2014,48.588
GTM,2013,48.67
GTM,2012,52.29
GTM,2011,47.997
GTM,2010,51.959
GTM,2009,51.468
GTM,2008,51.01
GTM,2007,50.581
GTM,2006,50.182
GTM,2005,49.81
GTM,2004,49.464
GTM,2003,54.315
GTM,2002,52.453
GTM,2001,52.166
GTM,2000,52.056
GIN,2024,67.786
GIN,2023,67.319
GIN,2022,66.699
GIN,2021,65.637
GIN,2020,65.763
GIN,2019,65.762
GIN,2018,67.486
GIN,2017,69.219
GIN,2016,70.954
GIN,2015,72.693
GIN,2014,74.432
GIN,2013,76.168
GIN,2012,77.902
GIN,2011,79.63
GIN,2010,81.349
GIN,2009,83.06
GIN,2008,84.759
GIN,2007,86.444
GIN,2006,88.114
GIN,2005,89.768
GIN,2004,91.4
GIN,2003,93.014
GIN,2002,94.604
GIN,2001,95.033
GIN,2000,95.804
GNB,2024,86.471
GNB,2023,86.11
GNB,2022,85.685
GNB,2021,84.011
GNB,2020,82.757
GNB,2019,81.644
GNB,2018,80.752
GNB,2017,80.199
GNB,2016,79.724
GNB,2015,79.329
GNB,2014,78.985
GNB,2013,78.694
GNB,2012,78.437
GNB,2011,78.199
GNB,2010,77.966
GNB,2009,77.729
GNB,2008,77.51
GNB,2007,77.322
GNB,2006,77.159
GNB,2005,77.002
GNB,2004,76.808
GNB,2003,76.595
GNB,2002,76.387
GNB,2001,76.166
GNB,2000,75.935
GUY,2024,74.502
GUY,2023,73.015
GUY,2022,70.865
GUY,2021,65.182
GUY,2020,64.947
GUY,2019,65.106
GUY,2018,64.947
GUY,2017,63.368
GUY,2016,61.778
GUY,2015,60.221
GUY,2014,58.695
GUY,2013,57.202
GUY,2012,55.746
GUY,2011,54.354
GUY,2010,53.02
GUY,2009,51.72
GUY,2008,50.453
GUY,2007,49.216
GUY,2006,48.009
GUY,2005,46.831
GUY,2004,45.689
GUY,2003,44.58
GUY,2002,43.498
GUY,2001,44.008
GUY,2000,44.527
HTI,2024,83.519
HTI,2023,85.014
HTI,2022,85.861
HTI,2021,89.437
HTI,2020,88.73
HTI,2019,88.73
HTI,2018,88.964
HTI,2017,88.672
HTI,2016,88.254
HTI,2015,87.935
HTI,2014,87.682
HTI,2013,87.21
HTI,2012,86.527
HTI,2011,86.442
HTI,2010,85.613
HTI,2009,85.324
HTI,2008,85.033
HTI,2007,84.739
HTI,2006,84.441
HTI,2005,84.143
HTI,2004,83.82
HTI,2003,83.497
HTI,2002,83.172
HTI,2001,82.845
HTI,2000,82.517
HND,2024,53.835
HND,2023,53.468
HND,2022,59.183
HND,2021,65.571
HND,2020,65.376
HND,2019,54.418
HND,2018,60.3
HND,2017,55.161
HND,2016,56.875
HND,2015,57.028
HND,2014,55.901
HND,2013,52.993
HND,2012,48.777
HND,2011,49.729
HND,2010,52.545
HND,2009,50.699
HND,2008,49.468
HND,2007,47.22
HND,2006,47.318
HND,2005,50.5
HND,2004,50.532
HND,2003,50.581
HND,2002,50.646
HND,2001,50.726
HND,2000,50.822
HKG,2024,83.496
HKG,2023,82.429
HKG,2022,82.243
HKG,2021,82.601
HKG,2020,81.985
HKG,2019,81.57
HKG,2018,80.551
HKG,2017,80.764
HKG,2016,79.913
HKG,2015,79.585
HKG,2014,79.208
HKG,2013,78.649
HKG,2012,77.825
HKG,2011,77.325
HKG,2010,75.639
HKG,2009,76.543
HKG,2008,76.075
HKG,2007,75.168
HKG,2006,74.021
HKG,2005,73.115
HKG,2004,72.016
HKG,2003,71.339
HKG,2002,71.462
HKG,2001,69.364
HKG,2000,66.831
HUN,2024,80.476
HUN,2023,79.469
HUN,2022,78.714
HUN,2021,78.175
HUN,2020,77.376
HUN,2019,77.292
HUN,2018,78.226
HUN,2017,78.042
HUN,2016,78.755
HUN,2015,78.814
HUN,2014,78.948
HUN,2013,79.486
HUN,2012,80.45
HUN,2011,80.282
HUN,2010,80.331
HUN,2009,78.979
HUN,2008,79.775
HUN,2007,79.877
HUN,2006,80.037
HUN,2005,79.909
HUN,2004,79.781
HUN,2003,79.61
HUN,2002,79.5
HUN,2001,79.344
HUN,2000,79.207
ISL,2024,88.0
ISL,2023,89.152
ISL,2022,90.26
ISL,2021,89.251
ISL,2020,89.326
ISL,2019,89.621
ISL,2018,89.294
ISL,2017,89.534
ISL,2016,89.25
ISL,2015,90.35
ISL,2014,89.802
ISL,2013,90.251
ISL,2012,90.589
ISL,2011,89.427
ISL,2010,89.382
ISL,2009,88.483
ISL,2008,86.19
ISL,2007,86.157
ISL,2006,87.534
ISL,2005,88.036
ISL,2004,85.676
ISL,2003,87.403
ISL,2002,87.755
ISL,2001,87.363
ISL,2000,89.273
IND,2024,41.775
IND,2023,40.179
IND,2022,38.362
IND,2021,36.496
IND,2020,34.347
IND,2019,34.64
IND,2018,34.516
IND,2017,34.367
IND,2016,34.206
IND,2015,34.064
IND,2014,33.957
IND,2013,33.928
IND,2012,33.966
IND,2011,34.813
IND,2010,35.679
IND,2009,36.962
IND,2008,38.269
IND,2007,39.597
IND,2006,40.946
IND,2005,42.315
IND,2004,41.997
IND,2003,41.687
IND,2002,41.384
IND,2001,41.09
IND,2000,40.802
IDN,2024,65.085
IDN,2023,64.926
IDN,2022,64.454
IDN,2021,65.298
IDN,2020,65.141
IDN,2019,65.314
IDN,2018,64.596
IDN,2017,63.711
IDN,2016,62.306
IDN,2015,61.551
IDN,2014,61.219
IDN,2013,61.161
IDN,2012,61.688
IDN,2011,61.452
IDN,2010,61.908
IDN,2009,61.377
IDN,2008,61.051
IDN,2007,60.188
IDN,2006,55.678
IDN,2005,55.547
IDN,2004,55.982
IDN,2003,57.115
IDN,2002,57.065
IDN,2001,59.107
IDN,2000,61.413
IRN,2024,20.895
IRN,2023,20.721
IRN,2022,20.127
IRN,2021,19.184
IRN,2020,20.124
IRN,2019,23.87
IRN,2018,24.557
IRN,2017,24.7
IRN,2016,23.34
IRN,2015,20.927
IRN,2014,19.144
IRN,2013,19.612
IRN,2012,21.978
IRN,2011,20.381
IRN,2010,22.118
IRN,2009,22.644
IRN,2008,21.511
IRN,2007,24.07
IRN,2006,25.28
IRN,2005,25.766
IRN,2004,24.198
IRN,2003,22.696
IRN,2002,21.271
IRN,2001,19.912
IRN,2000,18.602
IRQ,2024,15.151
IRQ,2023,14.965
IRQ,2022,15.444
IRQ,2021,15.778
IRQ,2020,15.446
IRQ,2019,16.488
IRQ,2018,15.914
IRQ,2017,15.438
IRQ,2016,20.183
IRQ,2015,19.45
IRQ,2014,18.741
IRQ,2013,17.675
IRQ,2012,16.661
IRQ,2011,16.707
IRQ,2010,16.754
IRQ,2009,16.801
IRQ,2008,16.849
IRQ,2007,16.897
IRQ,2006,16.233
IRQ,2005,15.596
IRQ,2004,14.984
IRQ,2003,14.396
IRQ,2002,13.831
IRQ,2001,13.288
IRQ,2000,12.767
IRL,2024,85.029
IRL,2023,83.053
IRL,2022,84.49
IRL,2021,83.3
IRL,2020,81.748
IRL,2019,81.887
IRL,2018,81.737
IRL,2017,81.164
IRL,2016,80.532
IRL,2015,79.406
IRL,2014,79.783
IRL,2013,80.237
IRL,2012,79.64
IRL,2011,79.422
IRL,2010,78.734
IRL,2009,77.638
IRL,2008,75.555
IRL,2007,74.586
IRL,2006,72.798
IRL,2005,71.832
IRL,2004,70.46
IRL,2003,70.31
IRL,2002,69.832
IRL,2001,68.216
IRL,2000,67.31
ISR,2024,90.273
ISR,2023,89.03
ISR,2022,89.219
ISR,2021,89.002
ISR,2020,87.926
ISR,2019,87.16
ISR,2018,86.695
ISR,2017,84.997
ISR,2016,84.978
ISR,2015,84.389
ISR,2014,84.301
ISR,2013,82.983
ISR,2012,83.016
ISR,2011,82.509
ISR,2010,82.879
ISR,2009,82.911
ISR,2008,80.545
ISR,2007,80.54
ISR,2006,80.493
ISR,2005,80.5
ISR,2004,79.874
ISR,2003,79.718
ISR,2002,78.087
ISR,2001,77.455
ISR,2000,76.728
ITA,2024,69.941
ITA,2023,70.239
ITA,2022,69.746
ITA,2021,69.296
ITA,2020,68.683
ITA,2019,69.505
ITA,2018,69.025
ITA,2017,68.69
ITA,2016,67.962
ITA,2015,67.23
ITA,2014,67.995
ITA,2013,67.298
ITA,2012,66.666
ITA,2011,65.032
ITA,2010,64.236
ITA,2009,63.795
ITA,2008,63.645
ITA,2007,62.389
ITA,2006,62.337
ITA,2005,61.895
ITA,2004,61.7
ITA,2003,59.897
ITA,2002,59.379
ITA,2001,58.86
ITA,2000,57.741
JAM,2024,82.554
JAM,2023,82.829
JAM,2022,81.348
JAM,2021,79.729
JAM,2020,79.604
JAM,2019,80.492
JAM,2018,79.991
JAM,2017,80.308
JAM,2016,79.603
JAM,2015,80.504
JAM,2014,76.827
JAM,2013,77.037
JAM,2012,77.176
JAM,2011,75.998
JAM,2010,75.946
JAM,2009,75.814
JAM,2008,75.873
JAM,2007,75.871
JAM,2006,75.883
JAM,2005,75.907
JAM,2004,75.926
JAM,2003,75.76
JAM,2002,75.955
JAM,2001,76.148
JAM,2000,76.94
JPN,2024,77.762
JPN,2023,76.751
JPN,2022,75.921
JPN,2021,75.105
JPN,2020,74.406
JPN,2019,74.653
JPN,2018,73.671
JPN,2017,72.449
JPN,2016,71.355
JPN,2015,70.376
JPN,2014,69.911
JPN,2013,69.236
JPN,2012,67.966
JPN,2011,67.651
JPN,2010,67.617
JPN,2009,67.312
JPN,2008,66.586
JPN,2007,66.215
JPN,2006,66.206
JPN,2005,65.961
JPN,2004,65.692
JPN,2003,65.063
JPN,2002,64.916
JPN,2001,64.912
JPN,2000,64.446
JOR,2024,25.69
JOR,2023,25.483
JOR,2022,22.717
JOR,2021,22.75
JOR,2020,23.84
JOR,2019,21.875
JOR,2018,23.828
JOR,2017,26.957
JOR,2016,24.876
JOR,2015,22.927
JOR,2014,21.105
JOR,2013,21.854
JOR,2012,23.001
JOR,2011,23.408
JOR,2010,23.15
JOR,2009,22.994
JOR,2008,22.187
JOR,2007,22.827
JOR,2006,18.859
JOR,2005,18.168
JOR,2004,17.943
JOR,2003,17.721
JOR,2002,19.16
JOR,2001,17.863
JOR,2000,18.608
KAZ,2024,85.473
KAZ,2023,85.235
KAZ,2022,84.981
KAZ,2021,85.221
KAZ,2020,84.372
KAZ,2019,84.907
KAZ,2018,85.109
KAZ,2017,85.343
KAZ,2016,85.583
KAZ,2015,86.003
KAZ,2014,86.412
KAZ,2013,86.645
KAZ,2012,86.786
KAZ,2011,86.998
KAZ,2010,87.095
KAZ,2009,87.22
KAZ,2008,87.61
KAZ,2007,87.134
KAZ,2006,86.652
KAZ,2005,86.165
KAZ,2004,85.672
KAZ,2003,85.947
KAZ,2002,85.477
KAZ,2001,85.485
KAZ,2000,85.61
KEN,2024,87.59
KEN,2023,87.306
KEN,2022,86.911
KEN,2021,86.587
KEN,2020,86.209
KEN,2019,86.164
KEN,2018,88.356
KEN,2017,90.37
KEN,2016,92.206
KEN,2015,92.334
KEN,2014,92.465
KEN,2013,92.597
KEN,2012,92.731
KEN,2011,92.866
KEN,2010,93.004
KEN,2009,93.141
KEN,2008,93.282
KEN,2007,93.424
KEN,2006,93.568
KEN,2005,93.714
KEN,2004,93.861
KEN,2003,94.01
KEN,2002,94.16
KEN,2001,94.313
KEN,2000,94.468
PRK,2024,89.565
PRK,2023,89.561
PRK,2022,89.509
PRK,2021,89.839
PRK,2020,89.628
PRK,2019,89.629
PRK,2018,89.626
PRK,2017,89.425
PRK,2016,89.26
PRK,2015,89.397
PRK,2014,89.329
PRK,2013,89.351
PRK,2012,89.376
PRK,2011,89.413
PRK,2010,89.426
PRK,2009,89.389
PRK,2008,89.332
PRK,2007,89.439
PRK,2006,89.368
PRK,2005,89.304
PRK,2004,89.433
PRK,2003,89.491
PRK,2002,89.543
PRK,2001,89.571
PRK,2000,89.705
KOR,2024,78.727
KOR,2023,77.209
KOR,2022,75.738
KOR,2021,74.978
KOR,2020,74.314
KOR,2019,74.381
KOR,2018,73.555
KOR,2017,72.892
KOR,2016,72.269
KOR,2015,71.964
KOR,2014,71.297
KOR,2013,70.618
KOR,2012,70.366
KOR,2011,70.277
KOR,2010,70.351
KOR,2009,70.106
KOR,2008,70.801
KOR,2007,70.507
KOR,2006,70.658
KOR,2005,70.081
KOR,2004,69.533
KOR,2003,68.182
KOR,2002,69.306
KOR,2001,69.428
KOR,2000,68.591
KWT,2024,53.344
KWT,2023,54.236
KWT,2022,55.986
KWT,2021,56.369
KWT,2020,56.307
KWT,2019,56.615
KWT,2018,56.773
KWT,2017,56.982
KWT,2016,56.736
KWT,2015,56.944
KWT,2014,56.984
KWT,2013,56.941
KWT,2012,56.85
KWT,2011,56.65
KWT,2010,56.375
KWT,2009,56.133
KWT,2008,55.982
KWT,2007,55.916
KWT,2006,55.936
KWT,2005,56.047
KWT,2004,56.287
KWT,2003,56.649
KWT,2002,56.337
KWT,2001,55.966
KWT,2000,55.517
KGZ,2024,61.897
KGZ,2023,61.113
KGZ,2022,61.144
KGZ,2021,58.692
KGZ,2020,61.354
KGZ,2019,59.12
KGZ,2018,59.782
KGZ,2017,58.988
KGZ,2016,63.433
KGZ,2015,65.89
KGZ,2014,66.836
KGZ,2013,63.94
KGZ,2012,68.054
KGZ,2011,69.451
KGZ,2010,69.664
KGZ,2009,69.363
KGZ,2008,69.604
KGZ,2007,70.769
KGZ,2006,72.011
KGZ,2005,72.358
KGZ,2004,72.13
KGZ,2003,73.125
KGZ,2002,74.178
KGZ,2001,74.004
KGZ,2000,74.796
LAO,2024,87.152
LAO,2023,86.997
LAO,2022,86.875
LAO,2021,87.526
LAO,2020,87.39
LAO,2019,87.683
LAO,2018,87.914
LAO,2017,88.162
LAO,2016,88.099
LAO,2015,88.058
LAO,2014,88.038
LAO,2013,88.044
LAO,2012,88.084
LAO,2011,88.155
LAO,2010,88.257
LAO,2009,88.402
LAO,2008,88.555
LAO,2007,88.741
LAO,2006,88.949
LAO,2005,89.223
LAO,2004,89.469
LAO,2003,89.705
LAO,2002,89.937
LAO,2001,90.175
LAO,2000,90.413
LVA,2024,82.561
LVA,2023,81.913
LVA,2022,81.623
LVA,2021,80.565
LVA,2020,81.513
LVA,2019,81.679
LVA,2018,81.457
LVA,2017,81.213
LVA,2016,81.795
LVA,2015,80.163
LVA,2014,80.134
LVA,2013,81.33
LVA,2012,81.266
LVA,2011,80.92
LVA,2010,82.564
LVA,2009,81.043
LVA,2008,78.739
LVA,2007,76.582
LVA,2006,76.948
LVA,2005,76.877
LVA,2004,76.93
LVA,2003,78.036
LVA,2002,77.401
LVA,2001,77.586
LVA,2000,75.412
LBN,2023,33.324
LBN,2022,33.534
LBN,2021,34.405
LBN,2020,36.419
LBN,2019,41.594
LBN,2018,40.696
LBN,2017,39.808
LBN,2016,38.931
LBN,2015,38.064
LBN,2014,37.209
LBN,2013,36.365
LBN,2012,35.533
LBN,2011,34.713
LBN,2010,33.905
LBN,2009,33.108
LBN,2008,32.326
LBN,2007,31.555
LBN,2006,30.875
LBN,2005,30.215
LBN,2004,29.574
LBN,2003,29.111
LBN,2002,28.825
LBN,2001,28.54
LBN,2000,28.251
LSO,2024,72.138
LSO,2023,71.954
LSO,2022,71.889
LSO,2021,72.969
LSO,2020,72.886
LSO,2019,72.886
LSO,2018,73.648
LSO,2017,74.409
LSO,2016,75.167
LSO,2015,75.921
LSO,2014,76.672
LSO,2013,77.416
LSO,2012,78.033
LSO,2011,78.641
LSO,2010,79.242
LSO,2009,79.836
LSO,2008,80.422
LSO,2007,80.999
LSO,2006,81.566
LSO,2005,82.128
LSO,2004,82.677
LSO,2003,83.221
LSO,2002,83.753
LSO,2001,84.277
LSO,2000,84.793
LBR,2024,88.586
LBR,2023,88.37
LBR,2022,88.168
LBR,2021,88.42
LBR,2020,88.226
LBR,2019,88.225
LBR,2018,87.98
LBR,2017,87.799
LBR,2016,87.664
LBR,2015,87.531
LBR,2014,87.445
LBR,2013,87.453
LBR,2012,87.542
LBR,2011,87.253
LBR,2010,86.848
LBR,2009,86.824
LBR,2008,86.784
LBR,2007,86.782
LBR,2006,86.873
LBR,2005,86.954
LBR,2004,87.002
LBR,2003,87.017
LBR,2002,87.003
LBR,2001,86.959
LBR,2000,86.892
LBY,2024,52.943
LBY,2023,52.986
LBY,2022,53.027
LBY,2021,52.974
LBY,2020,52.893
LBY,2019,53.166
LBY,2018,53.173
LBY,2017,53.193
LBY,2016,53.221
LBY,2015,53.267
LBY,2014,53.325
LBY,2013,53.341
LBY,2012,53.322
LBY,2011,53.802
LBY,2010,54.228
LBY,2009,54.139
LBY,2008,53.99
LBY,2007,53.807
LBY,2006,53.621
LBY,2005,53.362
LBY,2004,52.962
LBY,2003,52.478
LBY,2002,51.918
LBY,2001,51.284
LBY,2000,50.597
LTU,2024,83.688
LTU,2023,84.394
LTU,2022,85.087
LTU,2021,84.322
LTU,2020,83.295
LTU,2019,84.368
LTU,2018,83.545
LTU,2017,84.048
LTU,2016,84.234
LTU,2015,83.888
LTU,2014,82.783
LTU,2013,82.519
LTU,2012,84.087
LTU,2011,83.498
LTU,2010,84.561
LTU,2009,83.919
LTU,2008,81.157
LTU,2007,80.936
LTU,2006,81.811
LTU,2005,80.697
LTU,2004,80.501
LTU,2003,82.823
LTU,2002,80.275
LTU,2001,81.708
LTU,2000,82.65
LUX,2024,87.537
LUX,2023,86.859
LUX,2022,87.885
LUX,2021,86.26
LUX,2020,87.042
LUX,2019,84.35
LUX,2018,85.929
LUX,2017,85.108
LUX,2016,83.013
LUX,2015,82.8
LUX,2014,79.362
LUX,2013,78.356
LUX,2012,78.325
LUX,2011,76.831
LUX,2010,74.606
LUX,2009,74.196
LUX,2008,74.267
LUX,2007,72.875
LUX,2006,71.547
LUX,2005,70.268
LUX,2004,68.985
LUX,2003,66.237
LUX,2002,64.577
LUX,2001,63.646
LUX,2000,62.919
MAC,2024,85.762
MAC,2023,84.16
MAC,2022,80.465
MAC,2021,85.748
MAC,2020,85.284
MAC,2019,85.386
MAC,2018,85.458
MAC,2017,85.827
MAC,2016,87.212
MAC,2015,86.818
MAC,2014,85.931
MAC,2013,86.403
MAC,2012,84.986
MAC,2011,85.86
MAC,2010,84.533
MAC,2009,85.346
MAC,2008,83.634
MAC,2007,83.195
MAC,2006,80.01
MAC,2005,79.514
MAC,2004,76.963
MAC,2003,75.459
MAC,2002,77.11
MAC,2001,75.599
MAC,2000,74.467
MDG,2024,94.167
MDG,2023,94.079
MDG,2022,94.036
MDG,2021,94.885
MDG,2020,94.384
MDG,2019,94.404
MDG,2018,94.248
MDG,2017,94.086
MDG,2016,93.899
MDG,2015,93.695
MDG,2014,93.807
MDG,2013,93.91
MDG,2012,94.005
MDG,2011,94.095
MDG,2010,94.182
MDG,2009,94.269
MDG,2008,94.354
MDG,2007,94.439
MDG,2006,94.522
MDG,2005,94.608
MDG,2004,94.543
MDG,2003,94.51
MDG,2002,94.48
MDG,2001,94.603
MDG,2000,94.618
MWI,2024,86.475
MWI,2023,86.59
MWI,2022,86.694
MWI,2021,87.169
MWI,2020,85.467
MWI,2019,86.948
MWI,2018,86.287
MWI,2017,85.694
MWI,2016,85.977
MWI,2015,86.281
MWI,2014,86.605
MWI,2013,86.945
MWI,2012,87.3
MWI,2011,87.667
MWI,2010,88.76
MWI,2009,89.796
MWI,2008,90.771
MWI,2007,91.686
MWI,2006,92.545
MWI,2005,93.346
MWI,2004,93.351
MWI,2003,93.315
MWI,2002,93.27
MWI,2001,93.232
MWI,2000,93.174
MYS,2024,65.189
MYS,2023,65.054
MYS,2022,65.026
MYS,2021,65.554
MYS,2020,65.816
MYS,2019,66.013
MYS,2018,66.128
MYS,2017,65.992
MYS,2016,65.516
MYS,2015,65.003
MYS,2014,64.591
MYS,2013,62.629
MYS,2012,60.639
MYS,2011,58.631
MYS,2010,58.079
MYS,2009,57.57
MYS,2008,57.096
MYS,2007,56.596
MYS,2006,56.073
MYS,2005,55.523
MYS,2004,54.935
MYS,2003,54.307
MYS,2002,53.65
MYS,2001,52.957
MYS,2000,52.26
MDV,2024,53.253
MDV,2023,52.966
MDV,2022,52.697
MDV,2021,52.876
MDV,2020,52.774
MDV,2019,53.01
MDV,2018,54.609
MDV,2017,56.0
MDV,2016,57.199
MDV,2015,57.018
MDV,2014,56.848
MDV,2013,56.688
MDV,2012,56.539
MDV,2011,56.401
MDV,2010,56.275
MDV,2009,56.161
MDV,2008,55.687
MDV,2007,55.221
MDV,2006,54.764
MDV,2005,54.314
MDV,2004,53.871
MDV,2003,53.438
MDV,2002,53.012
MDV,2001,52.593
MDV,2000,52.182
MLI,2024,65.511
MLI,2023,65.392
MLI,2022,65.248
MLI,2021,65.951
MLI,2020,62.539
MLI,2019,65.769
MLI,2018,68.886
MLI,2017,72.113
MLI,2016,74.433
MLI,2015,76.752
MLI,2014,74.304
MLI,2013,74.382
MLI,2012,74.621
MLI,2011,74.917
MLI,2010,75.125
MLI,2009,75.317
MLI,2008,75.48
MLI,2007,75.619
MLI,2006,75.733
MLI,2005,75.84
MLI,2004,75.91
MLI,2003,75.917
MLI,2002,75.872
MLI,2001,75.783
MLI,2000,75.672
MLT,2024,77.821
MLT,2023,76.695
MLT,2022,76.763
MLT,2021,72.672
MLT,2020,72.177
MLT,2019,69.775
MLT,2018,68.877
MLT,2017,66.865
MLT,2016,65.222
MLT,2015,63.028
MLT,2014,61.989
MLT,2013,60.235
MLT,2012,57.836
MLT,2011,52.649
MLT,2010,51.053
MLT,2009,50.243
MLT,2008,49.652
MLT,2007,47.493
MLT,2006,44.368
MLT,2005,43.896
MLT,2004,39.973
MLT,2003,43.007
MLT,2002,43.575
MLT,2001,40.884
MLT,2000,42.271
MRT,2024,46.154
MRT,2023,45.96
MRT,2022,45.517
MRT,2021,45.934
MRT,2020,45.656
MRT,2019,45.831
MRT,2018,45.682
MRT,2017,45.585
MRT,2016,45.381
MRT,2015,45.186
MRT,2014,44.997
MRT,2013,44.816
MRT,2012,44.64
MRT,2011,44.602
MRT,2010,44.561
MRT,2009,44.521
MRT,2008,44.483
MRT,2007,44.445
MRT,2006,44.407
MRT,2005,44.369
MRT,2004,44.331
MRT,2003,44.295
MRT,2002,44.258
MRT,2001,44.222
MRT,2000,44.186
MUS,2024,67.905
MUS,2023,67.771
MUS,2022,62.095
MUS,2021,62.916
MUS,2020,63.237
MUS,2019,63.652
MUS,2018,62.624
MUS,2017,61.818
MUS,2016,61.521
MUS,2015,62.447
MUS,2014,60.537
MUS,2013,60.385
MUS,2012,57.864
MUS,2011,57.393
MUS,2010,58.021
MUS,2009,55.965
MUS,2008,55.198
MUS,2007,53.427
MUS,2006,54.291
MUS,2005,53.409
MUS,2004,51.187
MUS,2003,51.648
MUS,2002,48.29
MUS,2001,46.117
MUS,2000,49.135
MEX,2024,61.405
MEX,2023,61.014
MEX,2022,59.503
MEX,2021,58.189
MEX,2020,57.529
MEX,2019,58.384
MEX,2018,56.463
MEX,2017,55.763
MEX,2016,56.198
MEX,2015,55.911
MEX,2014,55.269
MEX,2013,56.35
MEX,2012,56.075
MEX,2011,54.934
MEX,2010,54.185
MEX,2009,54.212
MEX,2008,53.075
MEX,2007,52.971
MEX,2006,52.277
MEX,2005,50.988
MEX,2004,49.927
MEX,2003,48.485
MEX,2002,47.665
MEX,2001,46.909
MEX,2000,47.324
MDA,2024,100.055
MDA,2023,97.747
MDA,2022,97.009
MDA,2021,94.5
MDA,2020,95.051
MDA,2019,96.873
MDA,2018,97.931
MDA,2017,97.138
MDA,2016,96.978
MDA,2015,97.531
MDA,2014,99.817
MDA,2013,101.136
MDA,2012,101.666
MDA,2011,99.899
MDA,2010,97.697
MDA,2009,97.311
MDA,2008,98.745
MDA,2007,100.083
MDA,2006,96.913
MDA,2005,100.838
MDA,2004,97.907
MDA,2003,95.656
MDA,2002,91.223
MDA,2001,88.799
MDA,2000,88.041
MNG,2024,75.707
MNG,2023,75.5
MNG,2022,77.087
MNG,2021,76.489
MNG,2020,78.898
MNG,2019,78.744
MNG,2018,75.997
MNG,2017,80.036
MNG,2016,80.206
MNG,2015,80.747
MNG,2014,81.106
MNG,2013,81.808
MNG,2012,81.819
MNG,2011,81.781
MNG,2010,82.348
MNG,2009,83.658
MNG,2008,83.738
MNG,2007,83.85
MNG,2006,83.392
MNG,2005,83.072
MNG,2004,82.841
MNG,2003,82.541
MNG,2002,82.382
MNG,2001,82.279
MNG,2000,82.206
MNE,2024,78.144
MNE,2023,78.296
MNE,2022,76.619
MNE,2021,74.607
MNE,2020,74.48
MNE,2019,74.337
MNE,2018,72.841
MNE,2017,74.523
MNE,2016,75.467
MNE,2015,77.79
MNE,2014,76.324
MNE,2013,75.645
MNE,2012,75.388
MNE,2011,74.725
MNE,2010,74.732
MNE,2009,74.847
MNE,2008,75.423
MNE,2007,75.182
MNE,2006,74.987
MNE,2005,74.811
MNE,2004,74.852
MNE,2003,74.851
MNE,2002,74.808
MNE,2001,74.683
MNE,2000,74.449
MAR,2024,29.033
MAR,2023,28.666
MAR,2022,28.448
MAR,2021,29.687
MAR,2020,30.337
MAR,2019,31.374
MAR,2018,32.102
MAR,2017,32.825
MAR,2016,33.399
MAR,2015,34.57
MAR,2014,34.766
MAR,2013,34.393
MAR,2012,33.613
MAR,2011,34.294
MAR,2010,34.636
MAR,2009,34.814
MAR,2008,34.998
MAR,2007,34.511
MAR,2006,34.032
MAR,2005,33.558
MAR,2004,33.091
MAR,2003,32.629
MAR,2002,32.174
MAR,2001,32.675
MAR,2000,31.894
MOZ,2024,95.849
MOZ,2023,95.934
MOZ,2022,95.732
MOZ,2021,96.55
MOZ,2020,96.576
MOZ,2019,96.856
MOZ,2018,97.048
MOZ,2017,97.223
MOZ,2016,97.387
MOZ,2015,97.564
MOZ,2014,98.361
MOZ,2013,99.116
MOZ,2012,99.83
MOZ,2011,100.504
MOZ,2010,101.139
MOZ,2009,101.734
MOZ,2008,102.294
MOZ,2007,102.817
MOZ,2006,103.306
MOZ,2005,103.76
MOZ,2004,104.183
MOZ,2003,104.573
MOZ,2002,105.103
MOZ,2001,105.658
MOZ,2000,106.239
MMR,2024,58.753
MMR,2023,58.866
MMR,2022,58.879
MMR,2021,58.87
MMR,2020,58.871
MMR,2019,61.66
MMR,2018,63.211
MMR,2017,62.108
MMR,2016,63.224
MMR,2015,64.342
MMR,2014,64.453
MMR,2013,64.606
MMR,2012,64.789
MMR,2011,64.967
MMR,2010,65.113
MMR,2009,65.406
MMR,2008,65.776
MMR,2007,66.18
MMR,2006,66.7
MMR,2005,67.333
MMR,2004,68.059
MMR,2003,68.859
MMR,2002,69.751
MMR,2001,70.583
MMR,2000,71.42
NAM,2024,87.003
NAM,2023,86.674
NAM,2022,86.36
NAM,2021,88.364
NAM,2020,87.728
NAM,2019,88.07
NAM,2018,88.39
NAM,2017,86.255
NAM,2016,84.27
NAM,2015,86.259
NAM,2014,88.282
NAM,2013,89.909
NAM,2012,85.056
NAM,2011,84.352
NAM,2010,83.649
NAM,2009,82.942
NAM,2008,82.234
NAM,2007,81.527
NAM,2006,80.819
NAM,2005,80.108
NAM,2004,79.398
NAM,2003,78.686
NAM,2002,77.974
NAM,2001,77.263
NAM,2000,76.551
NPL,2024,51.592
NPL,2023,51.349
NPL,2022,51.202
NPL,2021,51.095
NPL,2020,51.078
NPL,2019,51.078
NPL,2018,51.325
NPL,2017,50.793
NPL,2016,50.02
NPL,2015,48.888
NPL,2014,47.553
NPL,2013,46.239
NPL,2012,44.918
NPL,2011,43.504
NPL,2010,42.078
NPL,2009,40.782
NPL,2008,39.614
NPL,2007,38.617
NPL,2006,37.79
NPL,2005,37.06
NPL,2004,36.448
NPL,2003,35.938
NPL,2002,35.481
NPL,2001,35.031
NPL,2000,34.604
NLD,2024,87.153
NLD,2023,87.032
NLD,2022,86.881
NLD,2021,86.813
NLD,2020,86.468
NLD,2019,85.748
NLD,2018,85.171
NLD,2017,85.121
NLD,2016,84.554
NLD,2015,83.946
NLD,2014,83.409
NLD,2013,84.02
NLD,2012,84.021
NLD,2011,83.538
NLD,2010,82.602
NLD,2009,81.52
NLD,2008,81.004
NLD,2007,80.271
NLD,2006,79.788
NLD,2005,79.141
NLD,2004,79.25
NLD,2003,79.104
NLD,2002,78.505
NLD,2001,77.613
NLD,2000,76.529
NCL,2024,82.712
NCL,2023,83.555
NCL,2022,83.705
NCL,2021,85.448
NCL,2020,85.887
NCL,2019,85.616
NCL,2018,85.408
NCL,2017,85.299
NCL,2016,85.287
NCL,2015,85.323
NCL,2014,85.338
NCL,2013,85.46
NCL,2012,85.455
NCL,2011,85.443
NCL,2010,85.128
NCL,2009,84.457
NCL,2008,84.384
NCL,2007,84.463
NCL,2006,84.217
NCL,2005,83.755
NCL,2004,83.46
NCL,2003,83.221
NCL,2002,82.991
NCL,2001,82.941
NCL,2000,83.082
NZL,2024,88.378
NZL,2023,87.807
NZL,2022,87.754
NZL,2021,87.063
NZL,2020,86.035
NZL,2019,86.865
NZL,2018,85.846
NZL,2017,85.154
NZL,2016,85.07
NZL,2015,84.673
NZL,2014,84.76
NZL,2013,84.516
NZL,2012,84.199
NZL,2011,83.203
NZL,2010,82.805
NZL,2009,82.668
NZL,2008,81.99
NZL,2007,81.148
NZL,2006,80.532
NZL,2005,80.368
NZL,2004,79.616
NZL,2003,79.724
NZL,2002,78.478
NZL,2001,78.279
NZL,2000,77.348
NIC,2024,62.392
NIC,2023,61.883
NIC,2022,61.08
NIC,2021,59.525
NIC,2020,58.953
NIC,2019,59.034
NIC,2018,59.219
NIC,2017,59.466
NIC,2016,58.867
NIC,2015,58.271
NIC,2014,57.651
NIC,2013,56.424
NIC,2012,55.206
NIC,2011,54.0
NIC,2010,52.806
NIC,2009,51.625
NIC,2008,50.455
NIC,2007,49.299
NIC,2006,48.156
NIC,2005,47.026
NIC,2004,45.91
NIC,2003,44.809
NIC,2002,43.723
NIC,2001,42.651
NIC,2000,41.595
NER,2024,84.498
NER,2023,83.897
NER,2022,84.021
NER,2021,79.777
NER,2020,75.504
NER,2019,71.413
NER,2018,71.781
NER,2017,72.147
NER,2016,72.512
NER,2015,72.876
NER,2014,73.237
NER,2013,74.05
NER,2012,74.958
NER,2011,75.942
NER,2010,75.995
NER,2009,76.082
NER,2008,76.198
NER,2007,76.337
NER,2006,76.493
NER,2005,76.665
NER,2004,76.846
NER,2003,77.034
NER,2002,77.218
NER,2001,77.395
NER,2000,77.563
NGA,2024,95.65
NGA,2023,95.618
NGA,2022,89.934
NGA,2021,89.998
NGA,2020,89.511
NGA,2019,89.75
NGA,2018,89.307
NGA,2017,89.0
NGA,2016,88.5
NGA,2015,88.316
NGA,2014,88.154
NGA,2013,88.213
NGA,2012,88.104
NGA,2011,88.01
NGA,2010,88.586
NGA,2009,88.304
NGA,2008,88.409
NGA,2007,88.278
NGA,2006,87.976
NGA,2005,87.604
NGA,2004,87.577
NGA,2003,87.396
NGA,2002,87.371
NGA,2001,86.925
NGA,2000,86.867
MKD,2024,68.897
MKD,2023,67.892
MKD,2022,65.456
MKD,2021,64.846
MKD,2020,66.333
MKD,2019,67.07
MKD,2018,63.422
MKD,2017,62.637
MKD,2016,61.79
MKD,2015,63.698
MKD,2014,64.232
MKD,2013,65.534
MKD,2012,63.42
MKD,2011,63.925
MKD,2010,61.251
MKD,2009,62.047
MKD,2008,62.312
MKD,2007,64.142
MKD,2006,63.207
MKD,2005,65.773
MKD,2004,65.371
MKD,2003,64.991
MKD,2002,63.328
MKD,2001,62.829
MKD,2000,62.34
NOR,2024,89.829
NOR,2023,89.757
NOR,2022,89.675
NOR,2021,89.936
NOR,2020,90.757
NOR,2019,90.519
NOR,2018,90.542
NOR,2017,91.233
NOR,2016,90.729
NOR,2015,90.421
NOR,2014,90.346
NOR,2013,90.467
NOR,2012,89.979
NOR,2011,90.385
NOR,2010,89.905
NOR,2009,89.602
NOR,2008,89.192
NOR,2007,89.036
NOR,2006,88.347
NOR,2005,87.16
NOR,2004,87.191
NOR,2003,86.438
NOR,2002,85.854
NOR,2001,84.877
NOR,2000,84.491
OMN,2024,34.137
OMN,2023,34.432
OMN,2022,34.939
OMN,2021,34.608
OMN,2020,34.201
OMN,2019,34.036
OMN,2018,34.259
OMN,2017,34.471
OMN,2016,34.367
OMN,2015,33.826
OMN,2014,33.307
OMN,2013,32.86
OMN,2012,32.603
OMN,2011,32.658
OMN,2010,32.832
OMN,2009,32.791
OMN,2008,32.741
OMN,2007,32.666
OMN,2006,32.56
OMN,2005,32.406
OMN,2004,32.214
OMN,2003,32.129
OMN,2002,31.858
OMN,2001,31.603
OMN,2000,31.455
PAK,2024,29.955
PAK,2023,29.967
PAK,2022,30.057
PAK,2021,30.409
PAK,2020,29.727
PAK,2019,29.461
PAK,2018,27.206
PAK,2017,28.235
PAK,2016,29.292
PAK,2015,30.38
PAK,2014,29.521
PAK,2013,28.876
PAK,2012,28.67
PAK,2011,28.466
PAK,2010,28.01
PAK,2009,26.646
PAK,2008,25.166
PAK,2007,24.361
PAK,2006,23.83
PAK,2005,22.735
PAK,2004,21.712
PAK,2003,20.65
PAK,2002,19.63
PAK,2001,19.59
PAK,2000,19.55
PAN,2024,70.298
PAN,2023,67.728
PAN,2022,64.582
PAN,2021,63.557
PAN,2020,72.614
PAN,2019,69.691
PAN,2018,67.431
PAN,2017,65.566
PAN,2016,64.873
PAN,2015,64.351
PAN,2014,62.598
PAN,2013,61.622
PAN,2012,59.76
PAN,2011,57.663
PAN,2010,59.278
PAN,2009,58.619
PAN,2008,58.613
PAN,2007,58.922
PAN,2006,57.944
PAN,2005,59.014
PAN,2004,57.874
PAN,2003,58.086
PAN,2002,57.312
PAN,2001,56.253
PAN,2000,55.206
PNG,2024,95.361
PNG,2023,95.169
PNG,2022,95.081
PNG,2021,95.916
PNG,2020,95.54
PNG,2019,95.623
PNG,2018,95.793
PNG,2017,95.773
PNG,2016,95.9
PNG,2015,96.107
PNG,2014,96.37
PNG,2013,96.999
PNG,2012,97.155
PNG,2011,97.359
PNG,2010,97.343
PNG,2009,97.774
PNG,2008,98.023
PNG,2007,97.78
PNG,2006,98.095
PNG,2005,98.252
PNG,2004,98.483
PNG,2003,98.434
PNG,2002,98.34
PNG,2001,98.073
PNG,2000,97.819
PRY,2024,72.134
PRY,2023,71.401
PRY,2022,71.692
PRY,2021,71.186
PRY,2020,68.635
PRY,2019,71.241
PRY,2018,70.426
PRY,2017,68.643
PRY,2016,67.636
PRY,2015,67.659
PRY,2014,66.717
PRY,2013,70.295
PRY,2012,72.405
PRY,2011,66.934
PRY,2010,64.362
PRY,2009,65.566
PRY,2008,63.393
PRY,2007,64.646
PRY,2006,61.413
PRY,2005,65.597
PRY,2004,66.299
PRY,2003,61.615
PRY,2002,60.358
PRY,2001,59.915
PRY,2000,59.654
PER,2024,80.291
PER,2023,80.866
PER,2022,80.957
PER,2021,81.883
PER,2020,76.567
PER,2019,82.572
PER,2018,82.513
PER,2017,81.875
PER,2016,81.422
PER,2015,80.263
PER,2014,81.578
PER,2013,81.977
PER,2012,82.358
PER,2011,82.631
PER,2010,83.231
PER,2009,81.448
PER,2008,81.518
PER,2007,81.135
PER,2006,79.677
PER,2005,78.476
PER,2004,77.405
PER,2003,76.308
PER,2002,75.185
PER,2001,74.039
PER,2000,68.459
PHL,2024,69.632
PHL,2023,69.444
PHL,2022,69.261
PHL,2021,64.062
PHL,2020,63.628
PHL,2019,64.148
PHL,2018,62.626
PHL,2017,61.265
PHL,2016,64.019
PHL,2015,65.385
PHL,2014,65.027
PHL,2013,64.553
PHL,2012,64.297
PHL,2011,64.46
PHL,2010,64.019
PHL,2009,63.439
PHL,2008,62.324
PHL,2007,63.193
PHL,2006,62.931
PHL,2005,62.34
PHL,2004,60.876
PHL,2003,62.192
PHL,2002,62.252
PHL,2001,62.286
PHL,2000,62.304
POL,2024,78.685
POL,2023,78.096
POL,2022,77.09
POL,2021,75.98
POL,2020,74.598
POL,2019,75.15
POL,2018,75.716
POL,2017,75.371
POL,2016,75.655
POL,2015,75.896
POL,2014,75.919
POL,2013,75.895
POL,2012,76.162
POL,2011,75.944
POL,2010,76.17
POL,2009,75.351
POL,2008,75.072
POL,2007,75.331
POL,2006,75.494
POL,2005,76.128
POL,2004,76.845
POL,2003,77.486
POL,2002,77.675
POL,2001,77.966
POL,2000,77.224
PRT,2024,87.914
PRT,2023,87.048
PRT,2022,86.412
PRT,2021,86.318
PRT,2020,84.926
PRT,2019,85.122
PRT,2018,84.646
PRT,2017,83.907
PRT,2016,83.554
PRT,2015,83.821
PRT,2014,83.452
PRT,2013,83.293
PRT,2012,82.514
PRT,2011,81.487
PRT,2010,83.093
PRT,2009,82.15
PRT,2008,80.961
PRT,2007,80.91
PRT,2006,80.143
PRT,2005,79.978
PRT,2004,78.132
PRT,2003,78.363
PRT,2002,76.454
PRT,2001,76.182
PRT,2000,75.689
PRI,2024,74.199
PRI,2023,74.293
PRI,2022,73.875
PRI,2021,74.449
PRI,2020,74.295
PRI,2019,74.56
PRI,2018,73.395
PRI,2017,72.597
PRI,2016,71.837
PRI,2015,70.883
PRI,2014,69.963
PRI,2013,69.15
PRI,2012,68.343
PRI,2011,67.545
PRI,2010,66.472
PRI,2009,66.4
PRI,2008,66.374
PRI,2007,65.7
PRI,2006,65.762
PRI,2005,63.631
PRI,2004,62.092
PRI,2003,63.449
PRI,2002,62.452
PRI,2001,60.906
PRI,2000,59.394
QAT,2024,64.509
QAT,2023,66.233
QAT,2022,66.628
QAT,2021,63.981
QAT,2020,62.012
QAT,2019,61.636
QAT,2018,61.013
QAT,2017,60.257
QAT,2016,59.464
QAT,2015,58.627
QAT,2014,57.127
QAT,2013,55.758
QAT,2012,55.357
QAT,2011,54.813
QAT,2010,52.967
QAT,2009,51.233
QAT,2008,51.702
QAT,2007,52.193
QAT,2006,50.013
QAT,2005,50.067
QAT,2004,50.241
QAT,2003,51.97
QAT,2002,51.704
QAT,2001,51.75
QAT,2000,51.38
ROU,2024,67.755
ROU,2023,67.873
ROU,2022,68.751
ROU,2021,67.836
ROU,2020,68.885
ROU,2019,69.435
ROU,2018,69.788
ROU,2017,70.473
ROU,2016,69.583
ROU,2015,69.864
ROU,2014,70.368
ROU,2013,70.417
ROU,2012,70.675
ROU,2011,71.313
ROU,2010,70.418
ROU,2009,69.095
ROU,2008,71.753
ROU,2007,71.011
ROU,2006,70.592
ROU,2005,70.297
ROU,2004,70.238
ROU,2003,70.021
ROU,2002,70.008
ROU,2001,69.894
ROU,2000,69.815
RUS,2024,79.122
RUS,2023,78.773
RUS,2022,79.096
RUS,2021,78.552
RUS,2020,78.583
RUS,2019,78.274
RUS,2018,78.159
RUS,2017,77.809
RUS,2016,77.849
RUS,2015,77.904
RUS,2014,78.41
RUS,2013,78.689
RUS,2012,79.233
RUS,2011,79.472
RUS,2010,79.316
RUS,2009,80.212
RUS,2008,79.958
RUS,2007,81.283
RUS,2006,81.745
RUS,2005,81.346
RUS,2004,80.998
RUS,2003,80.83
RUS,2002,80.573
RUS,2001,79.177
RUS,2000,79.102
RWA,2024,80.982
RWA,2023,83.168
RWA,2022,82.696
RWA,2021,81.709
RWA,2020,81.8
RWA,2019,78.958
RWA,2018,80.54
RWA,2017,81.921
RWA,2016,81.347
RWA,2015,80.847
RWA,2014,80.413
RWA,2013,80.011
RWA,2012,79.609
RWA,2011,79.196
RWA,2010,78.803
RWA,2009,78.475
RWA,2008,78.257
RWA,2007,78.128
RWA,2006,78.001
RWA,2005,77.784
RWA,2004,77.401
RWA,2003,76.824
RWA,2002,75.971
RWA,2001,74.69
RWA,2000,73.073
WSM,2024,56.419
WSM,2023,55.732
WSM,2022,55.112
WSM,2021,57.851
WSM,2020,58.584
WSM,2019,59.573
WSM,2018,60.416
WSM,2017,61.453
WSM,2016,61.434
WSM,2015,61.177
WSM,2014,61.082
WSM,2013,61.074
WSM,2012,61.062
WSM,2011,61.209
WSM,2010,61.17
WSM,2009,61.089
WSM,2008,61.187
WSM,2007,61.19
WSM,2006,61.26
WSM,2005,61.269
WSM,2004,61.218
WSM,2003,61.255
WSM,2002,61.279
WSM,2001,61.304
WSM,2000,61.349
STP,2024,94.769
STP,2023,95.185
STP,2022,95.832
STP,2021,96.825
STP,2020,95.95
STP,2019,96.301
STP,2018,94.234
STP,2017,92.497
STP,2016,91.114
STP,2015,90.177
STP,2014,89.722
STP,2013,89.678
STP,2012,89.95
STP,2011,89.965
STP,2010,89.632
STP,2009,89.515
STP,2008,89.629
STP,2007,89.809
STP,2006,89.865
STP,2005,89.716
STP,2004,89.432
STP,2003,89.033
STP,2002,88.519
STP,2001,88.022
STP,2000,86.71
SAU,2024,39.876
SAU,2023,41.287
SAU,2022,42.325
SAU,2021,42.79
SAU,2020,36.257
SAU,2019,29.936
SAU,2018,27.437
SAU,2017,25.068
SAU,2016,28.648
SAU,2015,27.357
SAU,2014,25.989
SAU,2013,25.855
SAU,2012,26.589
SAU,2011,26.337
SAU,2010,25.166
SAU,2009,24.054
SAU,2008,24.682
SAU,2007,25.295
SAU,2006,26.085
SAU,2005,25.168
SAU,2004,24.236
SAU,2003,23.288
SAU,2002,22.331
SAU,2001,22.061
SAU,2000,22.138
SEN,2024,57.913
SEN,2023,57.325
SEN,2022,57.037
SEN,2021,57.436
SEN,2020,57.551
SEN,2019,58.071
SEN,2018,60.056
SEN,2017,62.374
SEN,2016,62.667
SEN,2015,59.477
SEN,2014,58.122
SEN,2013,56.833
SEN,2012,55.607
SEN,2011,54.444
SEN,2010,53.335
SEN,2009,52.281
SEN,2008,51.278
SEN,2007,50.325
SEN,2006,49.417
SEN,2005,49.283
SEN,2004,49.124
SEN,2003,48.949
SEN,2002,48.652
SEN,2001,48.339
SEN,2000,48.112
SRB,2024,79.055
SRB,2023,78.342
SRB,2022,77.335
SRB,2021,76.319
SRB,2020,75.121
SRB,2019,75.09
SRB,2018,74.259
SRB,2017,74.369
SRB,2016,73.489
SRB,2015,72.032
SRB,2014,72.236
SRB,2013,71.52
SRB,2012,70.895
SRB,2011,70.876
SRB,2010,71.51
SRB,2009,72.188
SRB,2008,72.345
SRB,2007,72.063
SRB,2006,70.507
SRB,2005,70.599
SRB,2004,70.676
SRB,2003,70.758
SRB,2002,70.824
SRB,2001,70.829
SRB,2000,70.794
SLE,2024,93.556
SLE,2023,93.244
SLE,2022,92.545
SLE,2021,92.255
SLE,2020,91.98
SLE,2019,91.98
SLE,2018,91.056
SLE,2017,92.758
SLE,2016,94.441
SLE,2015,96.101
SLE,2014,97.74
SLE,2013,97.934
SLE,2012,98.125
SLE,2011,98.308
SLE,2010,98.486
SLE,2009,98.656
SLE,2008,98.821
SLE,2007,98.978
SLE,2006,99.127
SLE,2005,99.275
SLE,2004,99.412
SLE,2003,100.077
SLE,2002,100.082
SLE,2001,100.141
SLE,2000,100.243
SGP,2024,84.338
SGP,2023,84.312
SGP,2022,82.69
SGP,2021,84.149
SGP,2020,82.067
SGP,2019,81.712
SGP,2018,80.333
SGP,2017,79.462
SGP,2016,80.129
SGP,2015,79.617
SGP,2014,78.218
SGP,2013,77.036
SGP,2012,76.486
SGP,2011,75.843
SGP,2010,74.417
SGP,2009,72.653
SGP,2008,73.502
SGP,2007,69.932
SGP,2006,71.73
SGP,2005,70.203
SGP,2004,68.945
SGP,2003,67.964
SGP,2002,66.598
SGP,2001,67.53
SGP,2000,66.857
SVK,2024,83.415
SVK,2023,83.113
SVK,2022,83.135
SVK,2021,82.562
SVK,2020,77.9
SVK,2019,77.364
SVK,2018,77.143
SVK,2017,77.782
SVK,2016,77.193
SVK,2015,76.524
SVK,2014,76.344
SVK,2013,74.866
SVK,2012,74.109
SVK,2011,73.659
SVK,2010,74.628
SVK,2009,73.588
SVK,2008,74.374
SVK,2007,74.255
SVK,2006,74.061
SVK,2005,74.803
SVK,2004,76.82
SVK,2003,77.448
SVK,2002,77.32
SVK,2001,77.837
SVK,2000,78.096
SVN,2024,83.23
SVN,2023,83.941
SVN,2022,83.882
SVN,2021,84.475
SVN,2020,84.935
SVN,2019,84.167
SVN,2018,83.582
SVN,2017,84.058
SVN,2016,84.451
SVN,2015,82.887
SVN,2014,82.935
SVN,2013,81.763
SVN,2012,82.36
SVN,2011,81.593
SVN,2010,80.784
SVN,2009,81.105
SVN,2008,81.055
SVN,2007,80.168
SVN,2006,80.56
SVN,2005,79.71
SVN,2004,80.38
SVN,2003,79.577
SVN,2002,79.609
SVN,2001,78.815
SVN,2000,79.849
SLB,2024,95.555
SLB,2023,95.542
SLB,2022,95.492
SLB,2021,96.213
SLB,2020,95.586
SLB,2019,95.561
SLB,2018,95.567
SLB,2017,95.622
SLB,2016,95.682
SLB,2015,95.761
SLB,2014,95.798
SLB,2013,95.815
SLB,2012,95.851
SLB,2011,95.842
SLB,2010,95.861
SLB,2009,95.907
SLB,2008,95.908
SLB,2007,95.977
SLB,2006,96.044
SLB,2005,96.136
SLB,2004,96.281
SLB,2003,96.44
SLB,2002,96.584
SLB,2001,96.59
SLB,2000,96.511
SOM,2024,43.789
SOM,2023,43.729
SOM,2022,43.584
SOM,2021,44.76
SOM,2020,44.678
SOM,2019,44.678
SOM,2018,44.495
SOM,2017,44.268
SOM,2016,44.083
SOM,2015,43.963
SOM,2014,43.845
SOM,2013,43.722
SOM,2012,43.546
SOM,2011,42.985
SOM,2010,42.444
SOM,2009,42.261
SOM,2008,42.135
SOM,2007,42.195
SOM,2006,42.603
SOM,2005,43.163
SOM,2004,43.593
SOM,2003,43.858
SOM,2002,44.04
SOM,2001,44.199
SOM,2000,44.354
ZAF,2024,80.6
ZAF,2023,79.813
ZAF,2022,78.005
ZAF,2021,76.706
ZAF,2020,76.74
ZAF,2019,77.612
ZAF,2018,77.669
ZAF,2017,77.447
ZAF,2016,76.524
ZAF,2015,76.78
ZAF,2014,76.367
ZAF,2013,76.276
ZAF,2012,74.882
ZAF,2011,75.168
ZAF,2010,73.701
ZAF,2009,74.178
ZAF,2008,74.439
ZAF,2007,73.906
ZAF,2006,73.232
ZAF,2005,72.468
ZAF,2004,71.55
ZAF,2003,70.432
ZAF,2002,69.168
ZAF,2001,67.881
ZAF,2000,66.66
SSD,2023,91.851
SSD,2022,92.135
SSD,2021,94.092
SSD,2020,93.858
SSD,2019,93.856
SSD,2018,92.058
SSD,2017,91.881
SSD,2016,93.604
SSD,2015,94.523
SSD,2014,95.406
SSD,2013,96.293
SSD,2012,96.214
SSD,2011,95.837
SSD,2010,94.95
SSD,2009,94.09
SSD,2008,93.52
SSD,2007,92.837
SSD,2006,92.136
SSD,2005,91.498
SSD,2004,90.96
SSD,2003,90.783
SSD,2002,91.029
SSD,2001,91.283
SSD,2000,91.328
ESP,2024,84.797
ESP,2023,84.232
ESP,2022,82.806
ESP,2021,83.307
ESP,2020,81.91
ESP,2019,81.942
ESP,2018,81.437
ESP,2017,81.55
ESP,2016,81.429
ESP,2015,81.059
ESP,2014,80.817
ESP,2013,80.403
ESP,2012,79.931
ESP,2011,78.372
ESP,2010,76.872
ESP,2009,75.293
ESP,2008,72.875
ESP,2007,70.925
ESP,2006,69.547
ESP,2005,67.905
ESP,2004,66.626
ESP,2003,64.94
ESP,2002,63.443
ESP,2001,60.282
ESP,2000,61.804
LKA,2024,45.628
LKA,2023,44.213
LKA,2022,45.395
LKA,2021,44.666
LKA,2020,44.505
LKA,2019,47.165
LKA,2018,45.906
LKA,2017,49.051
LKA,2016,47.681
LKA,2015,47.927
LKA,2014,46.33
LKA,2013,47.106
LKA,2012,43.946
LKA,2011,46.223
LKA,2010,45.774
LKA,2009,46.016
LKA,2008,46.258
LKA,2007,46.502
LKA,2006,46.746
LKA,2005,46.989
LKA,2004,47.234
LKA,2003,47.479
LKA,2002,47.724
LKA,2001,47.97
LKA,2000,48.216
LCA,2024,82.723
LCA,2023,82.602
LCA,2022,82.631
LCA,2021,85.287
LCA,2020,84.651
LCA,2019,87.61
LCA,2018,84.023
LCA,2017,84.726
LCA,2016,84.555
LCA,2015,84.385
LCA,2014,84.217
LCA,2013,84.046
LCA,2012,87.538
LCA,2011,85.009
LCA,2010,83.579
LCA,2009,82.152
LCA,2008,80.733
LCA,2007,79.319
LCA,2006,77.911
LCA,2005,76.511
LCA,2004,75.118
LCA,2003,73.732
LCA,2002,72.356
LCA,2001,70.988
LCA,2000,69.991
VCT,2024,77.466
VCT,2023,76.283
VCT,2022,74.733
VCT,2021,73.745
VCT,2020,73.448
VCT,2019,73.416
VCT,2018,72.637
VCT,2017,71.618
VCT,2016,70.851
VCT,2015,69.875
VCT,2014,69.094
VCT,2013,68.476
VCT,2012,67.722
VCT,2011,67.0
VCT,2010,66.375
VCT,2009,66.293
VCT,2008,65.918
VCT,2007,65.39
VCT,2006,64.535
VCT,2005,63.271
VCT,2004,62.614
VCT,2003,61.818
VCT,2002,60.746
VCT,2001,59.861
VCT,2000,59.441
SDN,2022,23.442
SDN,2021,25.529
SDN,2020,27.335
SDN,2019,29.198
SDN,2018,30.81
SDN,2017,32.219
SDN,2016,33.521
SDN,2015,34.851
SDN,2014,36.13
SDN,2013,37.425
SDN,2012,38.849
SDN,2011,40.4
SDN,2010,38.608
SDN,2009,36.91
SDN,2008,35.433
SDN,2007,35.613
SDN,2006,35.844
SDN,2005,36.089
SDN,2004,36.334
SDN,2003,36.6
SDN,2002,36.87
SDN,2001,37.125
SDN,2000,37.378
SUR,2024,71.348
SUR,2023,70.462
SUR,2022,69.811
SUR,2021,69.19
SUR,2020,68.764
SUR,2019,69.028
SUR,2018,68.701
SUR,2017,67.738
SUR,2016,67.334
SUR,2015,66.57
SUR,2014,65.801
SUR,2013,65.031
SUR,2012,64.26
SUR,2011,63.486
SUR,2010,62.712
SUR,2009,61.936
SUR,2008,61.16
SUR,2007,60.385
SUR,2006,59.61
SUR,2005,58.835
SUR,2004,58.061
SUR,2003,57.29
SUR,2002,56.519
SUR,2001,55.751
SUR,2000,54.984
SWE,2024,91.011
SWE,2023,90.5
SWE,2022,89.712
SWE,2021,89.752
SWE,2020,89.483
SWE,2019,90.374
SWE,2018,90.43
SWE,2017,90.081
SWE,2016,89.927
SWE,2015,89.963
SWE,2014,89.212
SWE,2013,88.891
SWE,2012,88.6
SWE,2011,88.039
SWE,2010,87.365
SWE,2009,88.056
SWE,2008,88.003
SWE,2007,88.057
SWE,2006,87.67
SWE,2005,87.595
SWE,2004,87.937
SWE,2003,88.251
SWE,2002,87.989
SWE,2001,87.487
SWE,2000,87.984
CHE,2024,87.102
CHE,2023,85.84
CHE,2022,85.586
CHE,2021,85.818
CHE,2020,85.239
CHE,2019,85.567
CHE,2018,84.793
CHE,2017,84.116
CHE,2016,84.39
CHE,2015,83.955
CHE,2014,83.526
CHE,2013,82.447
CHE,2012,81.697
CHE,2011,81.096
CHE,2010,80.747
CHE,2009,81.94
CHE,2008,81.321
CHE,2007,79.192
CHE,2006,79.314
CHE,2005,79.09
CHE,2004,77.895
CHE,2003,77.526
CHE,2002,77.388
CHE,2001,76.006
CHE,2000,74.153
SYR,2024,20.716
SYR,2023,20.806
SYR,2022,20.931
SYR,2021,21.216
SYR,2020,21.189
SYR,2019,21.261
SYR,2018,20.803
SYR,2017,20.465
SYR,2016,20.251
SYR,2015,20.163
SYR,2014,20.355
SYR,2013,20.786
SYR,2012,20.787
SYR,2011,20.787
SYR,2010,17.928
SYR,2009,18.182
SYR,2008,18.65
SYR,2007,19.136
SYR,2006,20.184
SYR,2005,21.585
SYR,2004,23.065
SYR,2003,24.624
SYR,2002,25.008
SYR,2001,25.41
SYR,2000,25.833
TJK,2024,39.269
TJK,2023,38.936
TJK,2022,38.602
TJK,2021,37.63
TJK,2020,37.78
TJK,2019,37.781
TJK,2018,38.46
TJK,2017,39.192
TJK,2016,39.876
TJK,2015,41.383
TJK,2014,42.926
TJK,2013,44.506
TJK,2012,46.122
TJK,2011,47.776
TJK,2010,49.463
TJK,2009,51.183
TJK,2008,53.677
TJK,2007,56.211
TJK,2006,58.771
TJK,2005,61.346
TJK,2004,63.917
TJK,2003,66.475
TJK,2002,66.475
TJK,2001,66.475
TJK,2000,66.475
TZA,2024,91.896
TZA,2023,91.951
TZA,2022,91.813
TZA,2021,92.235
TZA,2020,91.735
TZA,2019,91.708
TZA,2018,91.593
TZA,2017,91.462
TZA,2016,91.289
TZA,2015,91.09
TZA,2014,90.933
TZA,2013,91.871
TZA,2012,92.763
TZA,2011,93.609
TZA,2010,94.412
TZA,2009,95.168
TZA,2008,95.884
TZA,2007,96.557
TZA,2006,97.192
TZA,2005,96.831
TZA,2004,96.453
TZA,2003,96.056
TZA,2002,95.641
TZA,2001,95.207
TZA,2000,95.192
THA,2024,78.926
THA,2023,79.505
THA,2022,79.099
THA,2021,78.643
THA,2020,78.334
THA,2019,78.029
THA,2018,77.841
THA,2017,77.91
THA,2016,78.223
THA,2015,78.371
THA,2014,78.192
THA,2013,78.617
THA,2012,80.365
THA,2011,81.233
THA,2010,79.598
THA,2009,79.44
THA,2008,79.827
THA,2007,79.705
THA,2006,79.299
THA,2005,80.326
THA,2004,79.415
THA,2003,79.832
THA,2002,79.589
THA,2001,79.364
THA,2000,80.278
TLS,2024,85.319
TLS,2023,84.014
TLS,2022,85.058
TLS,2021,85.39
TLS,2020,84.76
TLS,2019,84.864
TLS,2018,84.739
TLS,2017,84.725
TLS,2016,84.719
TLS,2015,84.688
TLS,2014,84.651
TLS,2013,84.609
TLS,2012,84.582
TLS,2011,84.578
TLS,2010,84.606
TLS,2009,84.682
TLS,2008,84.821
TLS,2007,85.04
TLS,2006,85.32
TLS,2005,85.379
TLS,2004,85.556
TLS,2003,85.634
TLS,2002,85.622
TLS,2001,85.579
TLS,2000,85.701
TGO,2024,95.688
TGO,2023,95.197
TGO,2022,94.327
TGO,2021,93.165
TGO,2020,92.961
TGO,2019,92.961
TGO,2018,92.6
TGO,2017,92.277
TGO,2016,92.002
TGO,2015,91.775
TGO,2014,91.589
TGO,2013,91.457
TGO,2012,91.399
TGO,2011,91.419
TGO,2010,91.503
TGO,2009,91.587
TGO,2008,91.529
TGO,2007,91.374
TGO,2006,91.101
TGO,2005,90.787
TGO,2004,90.524
TGO,2003,90.22
TGO,2002,89.942
TGO,2001,89.652
TGO,2000,89.276
TON,2024,71.213
TON,2023,70.628
TON,2022,68.936
TON,2021,67.816
TON,2020,66.135
TON,2019,65.002
TON,2018,64.009
TON,2017,63.91
TON,2016,63.774
TON,2015,63.522
TON,2014,63.276
TON,2013,63.066
TON,2012,62.891
TON,2011,62.656
TON,2010,62.413
TON,2009,62.21
TON,2008,62.041
TON,2007,61.899
TON,2006,61.751
TON,2005,61.599
TON,2004,61.469
TON,2003,61.358
TON,2002,61.253
TON,2001,61.171
TON,2000,61.114
TTO,2024,70.274
TTO,2023,72.685
TTO,2022,74.682
TTO,2021,73.273
TTO,2020,72.227
TTO,2019,72.256
TTO,2018,72.018
TTO,2017,71.764
TTO,2016,71.529
TTO,2015,69.672
TTO,2014,71.34
TTO,2013,70.792
TTO,2012,70.724
TTO,2011,68.233
TTO,2010,68.804
TTO,2009,68.531
TTO,2008,70.407
TTO,2007,68.645
TTO,2006,70.944
TTO,2005,70.258
TTO,2004,68.115
TTO,2003,65.952
TTO,2002,63.755
TTO,2001,62.807
TTO,2000,61.852
TUN,2024,40.807
TUN,2023,40.752
TUN,2022,41.566
TUN,2021,41.308
TUN,2020,40.045
TUN,2019,39.254
TUN,2018,38.715
TUN,2017,38.182
TUN,2016,38.285
TUN,2015,37.406
TUN,2014,36.632
TUN,2013,35.934
TUN,2012,35.732
TUN,2011,34.838
TUN,2010,35.129
TUN,2009,35.394
TUN,2008,35.847
TUN,2007,35.623
TUN,2006,35.612
TUN,2005,34.492
TUN,2004,34.14
TUN,2003,33.781
TUN,2002,33.427
TUN,2001,33.098
TUN,2000,32.797
TUR,2024,51.182
TUR,2023,50.297
TUR,2022,49.098
TUR,2021,46.71
TUR,2020,45.302
TUR,2019,47.734
TUR,2018,47.034
TUR,2017,46.351
TUR,2016,45.081
TUR,2015,44.01
TUR,2014,42.464
TUR,2013,43.024
TUR,2012,41.508
TUR,2011,40.191
TUR,2010,39.017
TUR,2009,36.894
TUR,2008,34.903
TUR,2007,33.838
TUR,2006,33.76
TUR,2005,33.016
TUR,2004,33.19
TUR,2003,37.744
TUR,2002,38.98
TUR,2001,37.241
TUR,2000,36.041
TKM,2024,82.865
TKM,2023,83.005
TKM,2022,82.846
TKM,2021,82.456
TKM,2020,82.087
TKM,2019,82.421
TKM,2018,82.365
TKM,2017,82.327
TKM,2016,82.307
TKM,2015,82.306
TKM,2014,82.326
TKM,2013,82.412
TKM,2012,82.566
TKM,2011,82.816
TKM,2010,83.296
TKM,2009,83.643
TKM,2008,83.871
TKM,2007,84.643
TKM,2006,85.294
TKM,2005,86.006
TKM,2004,86.951
TKM,2003,87.238
TKM,2002,87.36
TKM,2001,87.19
TKM,2000,87.411
UGA,2024,89.338
UGA,2023,89.025
UGA,2022,88.769
UGA,2021,88.757
UGA,2020,89.972
UGA,2019,91.413
UGA,2018,91.855
UGA,2017,93.009
UGA,2016,94.104
UGA,2015,95.077
UGA,2014,95.931
UGA,2013,93.853
UGA,2012,87.85
UGA,2011,94.448
UGA,2010,92.84
UGA,2009,92.619
UGA,2008,92.418
UGA,2007,92.231
UGA,2006,92.101
UGA,2005,91.986
UGA,2004,91.96
UGA,2003,91.933
UGA,2002,91.87
UGA,2001,91.818
UGA,2000,91.87
UKR,2021,75.978
UKR,2020,75.887
UKR,2019,76.001
UKR,2018,76.858
UKR,2017,77.728
UKR,2016,78.611
UKR,2015,79.506
UKR,2014,80.415
UKR,2013,81.338
UKR,2012,82.276
UKR,2011,83.226
UKR,2010,84.192
UKR,2009,85.17
UKR,2008,86.165
UKR,2007,87.175
UKR,2006,88.201
UKR,2005,87.625
UKR,2004,87.061
UKR,2003,86.507
UKR,2002,85.965
UKR,2001,85.431
UKR,2000,84.911
ARE,2024,57.349
ARE,2023,57.267
ARE,2022,59.422
ARE,2021,55.924
ARE,2020,65.459
ARE,2019,59.323
ARE,2018,55.445
ARE,2017,55.273
ARE,2016,53.281
ARE,2015,52.304
ARE,2014,51.202
ARE,2013,50.091
ARE,2012,48.999
ARE,2011,47.971
ARE,2010,47.001
ARE,2009,45.911
ARE,2008,44.44
ARE,2007,42.968
ARE,2006,41.67
ARE,2005,40.61
ARE,2004,40.132
ARE,2003,39.652
ARE,2002,39.108
ARE,2001,38.511
ARE,2000,37.865
GBR,2024,87.344
GBR,2023,86.338
GBR,2022,87.011
GBR,2021,87.74
GBR,2020,86.86
GBR,2019,86.036
GBR,2018,84.608
GBR,2017,84.43
GBR,2016,83.879
GBR,2015,83.289
GBR,2014,83.017
GBR,2013,82.58
GBR,2012,81.719
GBR,2011,81.521
GBR,2010,81.062
GBR,2009,80.778
GBR,2008,79.885
GBR,2007,79.634
GBR,2006,79.866
GBR,2005,79.502
GBR,2004,79.192
GBR,2003,78.163
GBR,2002,78.513
GBR,2001,77.528
GBR,2000,76.98
USA,2024,83.977
USA,2023,83.789
USA,2022,82.944
USA,2021,82.59
USA,2020,82.652
USA,2019,82.632
USA,2018,82.181
USA,2017,82.071
USA,2016,81.541
USA,2015,81.497
USA,2014,81.736
USA,2013,81.47
USA,2012,81.657
USA,2011,81.925
USA,2010,82.089
USA,2009,81.99
USA,2008,81.172
USA,2007,80.616
USA,2006,80.391
USA,2005,80.359
USA,2004,80.214
USA,2003,80.417
USA,2002,79.907
USA,2001,79.707
USA,2000,79.461
URY,2024,77.955
URY,2023,77.03
URY,2022,77.968
URY,2021,79.64
URY,2020,79.054
URY,2019,78.135
URY,2018,77.588
URY,2017,76.88
URY,2016,76.487
URY,2015,75.682
URY,2014,75.154
URY,2013,73.506
URY,2012,75.516
URY,2011,74.7
URY,2010,73.617
URY,2009,73.279
URY,2008,73.048
URY,2007,71.11
URY,2006,70.376
URY,2005,71.135
URY,2004,69.249
URY,2003,70.592
URY,2002,69.53
URY,2001,70.31
URY,2000,67.673
UZB,2024,55.593
UZB,2023,55.461
UZB,2022,55.257
UZB,2021,54.543
UZB,2020,54.272
UZB,2019,54.304
UZB,2018,54.102
UZB,2017,54.048
UZB,2016,53.909
UZB,2015,53.888
UZB,2014,53.859
UZB,2013,53.954
UZB,2012,53.878
UZB,2011,53.779
UZB,2010,54.204
UZB,2009,54.009
UZB,2008,53.731
UZB,2007,53.632
UZB,2006,53.547
UZB,2005,53.458
UZB,2004,53.555
UZB,2003,53.479
UZB,2002,53.5
UZB,2001,53.187
UZB,2000,53.156
VUT,2024,84.71
VUT,2023,84.788
VUT,2022,84.801
VUT,2021,88.166
VUT,2020,85.329
VUT,2019,85.329
VUT,2018,84.889
VUT,2017,84.469
VUT,2016,84.073
VUT,2015,83.698
VUT,2014,83.345
VUT,2013,83.011
VUT,2012,82.698
VUT,2011,82.405
VUT,2010,82.129
VUT,2009,85.246
VUT,2008,88.071
VUT,2007,90.587
VUT,2006,92.79
VUT,2005,93.088
VUT,2004,93.241
VUT,2003,93.326
VUT,2002,93.427
VUT,2001,92.986
VUT,2000,92.682
VEN,2024,55.287
VEN,2023,53.688
VEN,2022,52.536
VEN,2021,61.855
VEN,2020,61.462
VEN,2019,61.744
VEN,2018,62.184
VEN,2017,62.253
VEN,2016,63.801
VEN,2015,63.867
VEN,2014,63.94
VEN,2013,64.018
VEN,2012,64.103
VEN,2011,63.583
VEN,2010,63.132
VEN,2009,63.685
VEN,2008,62.724
VEN,2007,62.524
VEN,2006,62.432
VEN,2005,62.211
VEN,2004,59.245
VEN,2003,58.793
VEN,2002,60.278
VEN,2001,60.607
VEN,2000,59.55
VNM,2024,88.699
VNM,2023,88.509
VNM,2022,87.972
VNM,2021,87.797
VNM,2020,86.342
VNM,2019,87.115
VNM,2018,88.459
VNM,2017,88.294
VNM,2016,88.679
VNM,2015,88.408
VNM,2014,89.156
VNM,2013,88.951
VNM,2012,88.794
VNM,2011,88.031
VNM,2010,88.303
VNM,2009,89.251
VNM,2008,89.429
VNM,2007,89.723
VNM,2006,89.739
VNM,2005,89.711
VNM,2004,89.628
VNM,2003,90.015
VNM,2002,90.468
VNM,2001,90.948
VNM,2000,90.772
VIR,2024,93.777
VIR,2023,94.085
VIR,2022,93.951
VIR,2021,93.318
VIR,2020,92.926
VIR,2019,93.29
VIR,2018,92.133
VIR,2017,91.157
VIR,2016,90.604
VIR,2015,89.769
VIR,2014,89.388
VIR,2013,89.316
VIR,2012,89.917
VIR,2011,91.956
VIR,2010,92.783
VIR,2009,92.203
VIR,2008,92.819
VIR,2007,92.133
VIR,2006,91.016
VIR,2005,89.992
VIR,2004,89.006
VIR,2003,88.059
VIR,2002,87.675
VIR,2001,87.143
VIR,2000,86.66
PSE,2022,26.263
PSE,2021,24.988
PSE,2020,24.748
PSE,2019,25.84
PSE,2018,25.165
PSE,2017,24.777
PSE,2016,24.549
PSE,2015,25.421
PSE,2014,24.191
PSE,2013,23.101
PSE,2012,23.821
PSE,2011,23.064
PSE,2010,21.078
PSE,2009,22.422
PSE,2008,22.778
PSE,2007,23.007
PSE,2006,21.027
PSE,2005,19.706
PSE,2004,20.153
PSE,2003,19.189
PSE,2002,16.288
PSE,2001,15.899
PSE,2000,18.247
YEM,2024,7.667
YEM,2023,7.767
YEM,2022,7.873
YEM,2021,8.197
YEM,2020,8.195
YEM,2019,8.202
YEM,2018,8.33
YEM,2017,8.473
YEM,2016,8.668
YEM,2015,8.9
YEM,2014,8.912
YEM,2013,10.043
YEM,2012,11.327
YEM,2011,12.787
YEM,2010,14.435
YEM,2009,15.538
YEM,2008,16.706
YEM,2007,17.944
YEM,2006,19.252
YEM,2005,20.634
YEM,2004,22.09
YEM,2003,23.62
YEM,2002,25.229
YEM,2001,26.917
YEM,2000,28.687
ZMB,2024,83.346
ZMB,2023,83.179
ZMB,2022,82.654
ZMB,2021,81.652
ZMB,2020,80.523
ZMB,2019,77.661
ZMB,2018,80.159
ZMB,2017,79.544
ZMB,2016,78.961
ZMB,2015,78.437
ZMB,2014,77.97
ZMB,2013,77.564
ZMB,2012,77.238
ZMB,2011,76.978
ZMB,2010,76.732
ZMB,2009,76.459
ZMB,2008,76.184
ZMB,2007,75.918
ZMB,2006,75.67
ZMB,2005,75.424
ZMB,2004,75.192
ZMB,2003,74.949
ZMB,2002,74.683
ZMB,2001,74.387
ZMB,2000,74.11
ZWE,2024,83.535
ZWE,2023,83.521
ZWE,2022,83.352
ZWE,2021,83.832
ZWE,2020,83.758
ZWE,2019,84.434
ZWE,2018,83.868
ZWE,2017,83.336
ZWE,2016,82.882
ZWE,2015,82.557
ZWE,2014,82.404
ZWE,2013,82.456
ZWE,2012,82.762
ZWE,2011,83.2
ZWE,2010,83.692
ZWE,2009,84.233
ZWE,2008,84.713
ZWE,2007,85.059
ZWE,2006,85.228
ZWE,2005,85.428
ZWE,2004,85.762
ZWE,2003,86.056
ZWE,2002,86.214
ZWE,2001,86.025
ZWE,2000,85.492
AFW,2022,86.583
AFW,2019,77.453
ARB,2016,32.676
ARB,2014,27.655
ARB,2012,29.125
ARB,2009,29.407
ARB,2008,29.741
ARB,2007,28.894
CSS,2019,75.902
CSS,2013,74.123
CSS,2012,74.929
CEB,2024,78.413
CEB,2023,77.504
CEB,2022,77.212
CEB,2021,76.093
CEB,2020,74.871
CEB,2019,75.279
CEB,2018,75.642
CEB,2017,75.717
CEB,2016,75.586
CEB,2015,75.692
CEB,2014,75.85
CEB,2013,75.84
CEB,2012,75.999
CEB,2011,75.78
CEB,2010,75.686
CEB,2009,75.765
CEB,2008,75.465
CEB,2007,75.705
CEB,2006,76.161
CEB,2005,76.105
CEB,2004,76.633
CEB,2003,76.955
CEB,2002,77.263
CEB,2001,77.859
CEB,2000,77.532
EAR,2023,52.76
EAR,2022,48.489
EAR,2021,47.09
EAR,2020,44.373
EAR,2019,44.702
EAR,2018,41.295
EAR,2012,44.59
EAR,2010,45.325
EAR,2005,49.108
EAR,2001,51.506
EAR,2000,45.357
EAS,2010,78.137
EAS,2000,79.493
EAP,2010,79.054
EAP,2000,81.167
TEA,2010,79.054
TEA,2000,81.167
EMU,2024,83.265
EMU,2023,83.295
EMU,2022,82.835
EMU,2021,82.486
EMU,2020,81.806
EMU,2019,81.75
EMU,2018,81.257
EMU,2017,81.158
EMU,2016,80.926
EMU,2015,80.489
EMU,2014,80.307
EMU,2013,79.804
EMU,2012,79.252
EMU,2011,78.745
EMU,2010,77.726
EMU,2009,77.436
EMU,2008,76.217
EMU,2007,75.811
EMU,2006,75.015
EMU,2005,74.15
EMU,2004,73.308
EMU,2003,72.616
EMU,2002,71.549
EMU,2001,70.742
EMU,2000,70.404
ECS,2024,79.775
ECS,2023,79.258
ECS,2022,79.028
ECS,2021,78.312
ECS,2020,77.412
ECS,2019,78.087
ECS,2018,77.874
ECS,2017,78.09
ECS,2016,78.753
ECS,2015,78.988
ECS,2014,78.537
ECS,2013,78.169
ECS,2012,78.117
ECS,2011,77.86
ECS,2010,77.0
ECS,2009,77.306
ECS,2008,76.749
ECS,2007,76.536
ECS,2006,76.784
ECS,2005,76.269
ECS,2004,76.306
ECS,2003,75.761
ECS,2002,75.406
ECS,2001,73.922
ECS,2000,73.302
ECA,2021,64.803
ECA,2020,65.222
ECA,2019,67.734
ECA,2018,66.513
ECA,2017,69.585
ECA,2016,68.571
ECA,2015,70.395
ECA,2014,67.583
ECA,2012,67.532
ECA,2011,67.404
ECA,2009,67.898
ECA,2008,67.557
ECA,2007,64.535
ECA,2006,68.298
ECA,2005,66.973
ECA,2004,70.301
ECA,2003,69.256
ECA,2002,69.44
TEC,2024,72.822
TEC,2023,72.306
TEC,2022,72.824
TEC,2021,71.906
TEC,2020,71.336
TEC,2019,72.726
TEC,2018,72.655
TEC,2017,73.608
TEC,2016,75.362
TEC,2015,76.346
TEC,2014,75.536
TEC,2013,74.849
TEC,2012,75.773
TEC,2011,75.743
TEC,2010,74.662
TEC,2009,76.031
TEC,2008,76.048
TEC,2007,75.986
TEC,2006,77.221
TEC,2005,76.951
TEC,2004,77.774
TEC,2003,77.405
TEC,2002,77.489
TEC,2001,75.358
TEC,2000,74.648
EUU,2024,82.442
EUU,2023,82.248
EUU,2022,81.803
EUU,2021,81.292
EUU,2020,80.634
EUU,2019,80.705
EUU,2018,80.407
EUU,2017,80.322
EUU,2016,80.12
EUU,2015,79.793
EUU,2014,79.696
EUU,2013,79.349
EUU,2012,78.947
EUU,2011,78.509
EUU,2010,77.608
EUU,2009,77.369
EUU,2008,76.377
EUU,2007,76.167
EUU,2006,75.612
EUU,2005,74.936
EUU,2004,74.4
EUU,2003,73.929
EUU,2002,73.219
EUU,2001,72.75
EUU,2000,72.389
HIC,2024,81.321
HIC,2023,80.92
HIC,2022,80.32
HIC,2021,79.784
HIC,2020,79.348
HIC,2019,79.242
HIC,2018,78.664
HIC,2017,78.317
HIC,2016,78.495
HIC,2015,78.563
HIC,2014,78.671
HIC,2013,78.24
HIC,2012,78.181
HIC,2011,78.03
HIC,2010,78.332
HIC,2009,77.357
HIC,2008,76.667
HIC,2007,76.714
HIC,2006,76.549
HIC,2005,76.55
HIC,2004,76.336
HIC,2003,75.917
HIC,2002,75.055
HIC,2001,74.604
HIC,2000,74.15
IBD,2022,55.54
IBD,2021,54.598
IBD,2020,54.456
IBD,2019,54.209
IBD,2012,53.859
IBD,2010,64.536
IBD,2000,66.569
IBT,2010,63.935
IBT,2000,65.431
IDB,2019,63.58
IDB,2013,65.2
IDB,2011,64.322
IDB,2004,56.831
LTE,2010,80.197
LTE,2000,82.681
LCN,2024,69.755
LCN,2023,69.74
LCN,2022,69.143
LCN,2021,68.258
LCN,2020,67.57
LCN,2019,69.156
LCN,2018,68.291
LCN,2017,67.609
LCN,2016,66.835
LCN,2015,66.411
LCN,2014,65.876
LCN,2013,66.15
LCN,2012,66.024
LCN,2011,65.746
LCN,2009,66.573
LCN,2008,65.562
LCN,2007,65.661
LCN,2006,65.069
LCN,2005,65.307
LCN,2004,64.285
LCN,2003,63.967
LCN,2002,62.65
LCN,2001,61.7
LAC,2024,69.599
LAC,2023,69.607
LAC,2022,69.035
LAC,2021,68.214
LAC,2020,67.504
LAC,2019,68.974
LAC,2018,68.19
LAC,2017,67.531
LAC,2016,66.91
LAC,2015,66.295
LAC,2014,65.733
LAC,2013,66.051
LAC,2012,66.059
LAC,2011,65.853
LAC,2009,67.051
LAC,2008,66.063
LAC,2007,66.271
LAC,2006,65.71
LAC,2005,65.932
LAC,2004,64.762
LAC,2003,64.484
LAC,2002,63.041
LAC,2001,62.125
TLA,2024,69.755
TLA,2023,69.713
TLA,2022,69.143
TLA,2021,68.258
TLA,2020,67.516
TLA,2019,69.137
TLA,2018,68.291
TLA,2017,67.609
TLA,2016,66.835
TLA,2015,66.417
TLA,2014,65.876
TLA,2013,66.136
TLA,2012,66.125
TLA,2011,65.835
TLA,2009,66.662
TLA,2008,65.652
TLA,2007,65.758
TLA,2006,65.198
TLA,2005,65.318
TLA,2004,64.462
TLA,2003,63.97
TLA,2002,62.829
TLA,2001,61.679
LMY,2010,62.98
LMY,2000,64.444
LMC,2024,55.581
LMC,2023,56.276
LMC,2022,52.52
LMC,2021,44.823
LMC,2020,42.374
LMC,2019,47.193
LMC,2018,36.53
LMC,2012,43.783
LMC,2010,46.687
LMC,2005,45.692
LMC,2001,53.699
LMC,2000,44.161
MEA,2021,30.18
MEA,2020,25.627
MEA,2019,31.06
MEA,2018,30.092
MEA,2016,31.303
MEA,2015,31.139
MEA,2014,28.568
MEA,2013,29.278
MEA,2012,28.182
MEA,2011,29.197
MEA,2010,28.733
MEA,2009,28.526
MEA,2008,28.652
MEA,2007,27.725
MEA,2006,27.643
MEA,2005,27.205
MEA,2000,25.059
MNA,2021,26.066
MNA,2020,19.968
MNA,2019,27.371
MNA,2016,28.682
MNA,2015,29.15
MNA,2014,27.231
MNA,2013,27.942
MNA,2012,26.863
MNA,2011,27.709
MNA,2010,26.785
MNA,2009,26.515
MNA,2008,27.111
MNA,2007,26.158
MNA,2006,26.046
MNA,2005,25.149
MNA,2000,23.577
TMN,2021,26.074
TMN,2020,19.928
TMN,2019,27.385
TMN,2016,28.711
TMN,2015,29.177
TMN,2014,27.249
TMN,2013,27.974
TMN,2012,26.88
TMN,2011,27.74
TMN,2010,26.817
TMN,2009,26.537
TMN,2008,27.135
TMN,2007,26.175
TMN,2006,26.074
TMN,2005,25.181
TMN,2000,23.613
MIC,2010,62.845
MIC,2000,64.494
NAC,2024,85.02
NAC,2023,84.653
NAC,2022,84.1
NAC,2021,83.472
NAC,2020,83.463
NAC,2019,83.533
NAC,2018,83.172
NAC,2017,83.065
NAC,2016,82.617
NAC,2015,82.566
NAC,2014,82.806
NAC,2013,82.6
NAC,2012,82.723
NAC,2011,82.888
NAC,2010,82.83
NAC,2009,82.703
NAC,2008,81.956
NAC,2007,81.493
NAC,2006,81.257
NAC,2005,81.216
NAC,2004,81.106
NAC,2003,81.298
NAC,2002,80.761
NAC,2001,80.55
NAC,2000,80.322
OED,2024,79.062
OED,2023,78.592
OED,2022,77.929
OED,2021,77.258
OED,2020,76.98
OED,2019,77.095
OED,2018,76.485
OED,2017,76.211
OED,2016,75.858
OED,2015,75.522
OED,2014,75.364
OED,2013,75.163
OED,2012,74.83
OED,2011,74.512
OED,2010,74.105
OED,2009,73.816
OED,2008,72.955
OED,2007,72.597
OED,2006,72.541
OED,2005,71.866
OED,2004,71.515
OED,2003,71.28
OED,2002,70.789
OED,2001,70.343
OED,2000,70.376
OSS,2021,78.416
OSS,2016,77.343
PST,2024,83.51
PST,2023,83.005
PST,2022,82.459
PST,2021,81.748
PST,2020,81.342
PST,2019,81.356
PST,2018,81.012
PST,2017,80.71
PST,2016,80.279
PST,2015,80.118
PST,2014,79.725
PST,2013,79.137
PST,2012,78.828
PST,2011,78.642
PST,2010,78.011
PST,2009,78.069
PST,2008,77.365
PST,2007,76.969
PST,2006,76.658
PST,2005,76.34
PST,2004,75.829
PST,2003,75.628
PST,2002,74.928
PST,2001,74.343
PST,2000,73.765
SAS,2024,44.776
SAS,2023,46.552
SAS,2022,39.138
SAS,2021,36.176
SAS,2020,35.426
SAS,2019,32.532
SAS,2018,28.408
SAS,2012,34.758
SAS,2010,37.264
SAS,2005,44.89
SAS,2001,48.071
SAS,2000,40.093
TSA,2024,44.776
TSA,2023,46.552
TSA,2022,39.138
TSA,2021,36.176
TSA,2020,35.426
TSA,2019,32.532
TSA,2018,28.408
TSA,2012,34.758
TSA,2010,37.264
TSA,2005,44.89
TSA,2001,48.071
TSA,2000,40.093
SSA,2022,83.497
UMC,2010,74.303
UMC,2000,77.348
WLD,2019,62.429
WLD,2010,66.675
WLD,2000,67.04
AFG,2021,30.274
AFG,2020,24.679
AFG,2017,28.936
AFG,2014,33.452
AFG,2012,20.786
AFG,2008,53.379
ALB,2023,82.725
ALB,2022,82.737
ALB,2021,78.2
ALB,2020,78.228
ALB,2019,77.834
ALB,2018,76.118
ALB,2017,74.51
ALB,2016,76.662
ALB,2015,73.325
ALB,2014,69.437
ALB,2013,71.264
ALB,2012,74.82
ALB,2011,77.719
ALB,2010,73.254
ALB,2009,71.293
ALB,2008,74.297
ALB,2007,60.088
ALB,2006,65.712
ALB,2005,65.311
ALB,2004,64.416
ALB,2003,63.363
ALB,2002,69.233
ALB,2000,65.339
DZA,2017,25.939
DZA,2016,25.479
DZA,2015,24.39
DZA,2014,23.52
DZA,2013,23.885
DZA,2012,23.304
DZA,2010,20.563
DZA,2009,20.318
DZA,2000,14.164
AGO,2022,96.795
AGO,2021,95.62
AGO,2019,94.833
AGO,2014,72.9
AGO,2011,97.516
AGO,2010,95.736
AGO,2009,82.497
AGO,2004,84.173
ATG,2018,89.849
ATG,2001,84.673
ARG,2024,73.755
ARG,2023,73.61
ARG,2022,72.591
ARG,2021,70.953
ARG,2020,70.514
ARG,2019,70.441
ARG,2018,69.744
ARG,2017,67.694
ARG,2014,65.851
ARG,2013,65.395
ARG,2012,65.597
ARG,2011,64.81
ARG,2010,65.048
ARG,2009,66.477
ARG,2008,65.44
ARG,2007,65.287
ARG,2006,66.743
ARG,2005,65.791
ARG,2004,66.963
ARG,2003,66.808
ARG,2002,63.245
ARG,2001,59.504
ARG,2000,60.145
ARM,2023,74.866
ARM,2022,73.973
ARM,2021,79.823
ARM,2020,79.409
ARM,2019,75.865
ARM,2018,77.074
ARM,2017,74.768
ARM,2016,73.829
ARM,2015,74.846
ARM,2014,75.498
ARM,2013,72.535
ARM,2012,72.618
ARM,2011,73.302
ARM,2010,72.199
ARM,2009,73.913
ARM,2008,75.674
ARM,2007,64.549
ARM,2001,77.912
ARM,2000,86.07
ABW,2011,84.483
ABW,2010,86.361
ABW,2007,80.731
ABW,2000,78.202
AUS,2024,88.639
AUS,2023,87.629
AUS,2022,87.706
AUS,2021,86.78
AUS,2020,85.879
AUS,2019,85.655
AUS,2018,85.274
AUS,2017,85.097
AUS,2016,84.104
AUS,2015,83.149
AUS,2014,82.669
AUS,2013,82.198
AUS,2012,81.932
AUS,2011,81.563
AUS,2010,81.002
AUS,2009,81.249
AUS,2008,80.624
AUS,2007,80.084
AUS,2006,79.626
AUS,2005,79.03
AUS,2004,77.873
AUS,2003,78.157
AUS,2002,76.949
AUS,2001,76.604
AUS,2000,75.607
AUT,2024,85.418
AUT,2023,85.278
AUT,2022,84.803
AUT,2021,84.429
AUT,2020,84.759
AUT,2019,84.163
AUT,2018,83.875
AUT,2017,84.323
AUT,2016,84.225
AUT,2015,83.927
AUT,2014,83.842
AUT,2013,83.175
AUT,2012,82.8
AUT,2011,82.122
AUT,2010,81.354
AUT,2009,80.92
AUT,2008,79.688
AUT,2007,78.874
AUT,2006,78.633
AUT,2005,77.948
AUT,2004,76.68
AUT,2003,74.446
AUT,2002,74.353
AUT,2001,72.682
AUT,2000,71.737
AZE,2022,88.937
AZE,2021,91.583
AZE,2020,91.691
AZE,2019,90.818
AZE,2018,90.531
AZE,2017,90.244
AZE,2016,90.36
AZE,2015,91.095
AZE,2014,90.776
AZE,2013,90.294
AZE,2012,90.56
AZE,2011,91.111
AZE,2010,91.346
AZE,2009,90.15
AZE,2008,87.597
AZE,2007,86.186
AZE,2006,86.765
AZE,2005,87.688
AZE,2004,87.785
AZE,2003,87.353
AZE,2002,87.532
AZE,2001,87.717
AZE,2000,87.908
BHS,2023,101.963
BHS,2019,91.956
BHS,2013,91.721
BHS,2012,87.508
BHS,2011,92.8
BHS,2009,88.138
BHS,2002,88.005
BHS,2001,87.026
BHR,2015,50.081
BHR,2011,49.225
BHR,2010,50.017
BHR,2006,46.073
BHR,2005,40.899
BHR,2004,45.096
BHR,2003,43.291
BHR,2002,42.276
BHR,2001,41.31
BHR,2000,40.531
BGD,2024,48.029
BGD,2023,51.501
BGD,2022,53.679
BGD,2017,45.053
BGD,2016,41.801
BGD,2013,41.047
BGD,2011,10.57
BGD,2010,43.484
BGD,2006,33.632
BGD,2003,29.832
BGD,2000,64.056
BRB,2023,86.728
BRB,2022,87.285
BRB,2021,88.219
BRB,2019,89.61
BRB,2018,87.402
BRB,2017,88.191
BRB,2016,89.232
BRB,2015,90.205
BRB,2014,89.37
BRB,2013,86.063
BRB,2012,84.872
BRB,2011,86.736
BRB,2010,86.212
BRB,2009,85.9
BRB,2004,85.385
BRB,2003,85.126
BLR,2024,88.695
BLR,2023,87.183
BLR,2022,87.411
BLR,2021,87.796
BLR,2020,87.033
BLR,2019,87.873
BLR,2018,86.966
BLR,2017,88.498
BLR,2016,88.985
BLR,2015,108.365
BLR,2009,80.331
BLR,2008,94.559
BLR,2007,93.586
BLR,2006,94.12
BEL,2024,84.893
BEL,2023,85.241
BEL,2022,85.313
BEL,2021,84.653
BEL,2020,84.368
BEL,2019,84.281
BEL,2018,83.888
BEL,2017,82.337
BEL,2016,81.362
BEL,2015,81.527
BEL,2014,81.176
BEL,2013,80.061
BEL,2012,78.842
BEL,2011,78.761
BEL,2010,78.478
BEL,2009,77.764
BEL,2008,77.095
BEL,2007,76.178
BEL,2006,75.295
BEL,2005,74.44
BEL,2004,73.38
BEL,2003,71.252
BEL,2002,70.534
BEL,2001,69.194
BEL,2000,70.967
BLZ,2019,69.381
BLZ,2018,67.304
BLZ,2017,61.411
BLZ,2016,61.894
BLZ,2015,60.472
BLZ,2014,59.537
BLZ,2013,59.018
BLZ,2012,65.74
BLZ,2005,56.851
BEN,2022,95.75
BEN,2019,97.954
BEN,2013,62.131
BEN,2011,93.712
BEN,2010,98.107
BEN,2003,102.5
BEN,2002,83.112
BEN,2001,103.138
BMU,2010,93.103
BMU,2009,91.86
BMU,2000,85.436
BTN,2024,72.103
BTN,2023,78.474
BTN,2022,72.819
BTN,2021,89.328
BTN,2020,87.608
BTN,2019,85.154
BTN,2018,79.095
BTN,2015,78.589
BTN,2014,77.207
BTN,2013,81.692
BTN,2012,96.284
BTN,2011,86.988
BTN,2010,87.721
BTN,2009,89.753
BTN,2006,77.285
BTN,2005,66.741
BOL,2024,87.165
BOL,2023,85.839
BOL,2022,84.451
BOL,2021,83.944
BOL,2020,74.102
BOL,2019,80.737
BOL,2018,79.447
BOL,2017,75.682
BOL,2016,73.221
BOL,2015,68.656
BOL,2014,75.007
BOL,2013,73.666
BOL,2012,72.466
BOL,2011,75.396
BOL,2009,76.708
BOL,2008,76.012
BOL,2007,77.23
BOL,2006,77.302
BOL,2005,75.362
BOL,2004,76.711
BOL,2003,76.711
BOL,2002,74.012
BOL,2001,79.315
BOL,2000,72.492
BIH,2024,67.422
BIH,2023,67.942
BIH,2022,66.53
BIH,2021,65.898
BIH,2020,61.977
BIH,2019,64.151
BIH,2018,59.263
BIH,2017,61.259
BIH,2016,58.61
BIH,2015,60.946
BIH,2014,60.397
BIH,2013,58.931
BIH,2012,58.129
BIH,2011,59.101
BIH,2010,58.983
BIH,2009,57.512
BIH,2008,56.14
BIH,2007,54.184
BIH,2006,55.297
BIH,2001,51.643
BWA,2024,88.864
BWA,2023,86.244
BWA,2022,86.156
BWA,2021,85.448
BWA,2020,83.882
BWA,2019,84.327
BWA,2013,82.296
BWA,2011,75.577
BWA,2010,79.708
BWA,2009,80.123
BWA,2006,79.472
BWA,2001,71.085
BWA,2000,71.783
BRA,2024,72.648
BRA,2023,72.637
BRA,2022,72.985
BRA,2021,71.875
BRA,2020,70.733
BRA,2019,73.781
BRA,2018,72.856
BRA,2017,72.288
BRA,2016,70.831
BRA,2015,70.401
BRA,2014,69.457
BRA,2013,69.2
BRA,2012,69.144
BRA,2011,70.398
BRA,2009,72.447
BRA,2008,71.722
BRA,2007,72.147
BRA,2006,71.924
BRA,2005,71.965
BRA,2004,70.621
BRA,2003,69.591
BRA,2002,69.095
BRA,2001,67.331
BRN,2024,76.567
BRN,2023,75.22
BRN,2022,73.865
BRN,2021,76.613
BRN,2020,74.565
BRN,2019,75.546
BRN,2018,78.792
BRN,2017,82.005
BRN,2014,80.485
BRN,2011,74.505
BRN,2001,71.133
BGR,2024,79.785
BGR,2023,80.047
BGR,2022,79.578
BGR,2021,78.647
BGR,2020,78.414
BGR,2019,78.968
BGR,2018,79.472
BGR,2017,80.293
BGR,2016,80.151
BGR,2015,80.918
BGR,2014,80.9
BGR,2013,81.399
BGR,2012,81.438
BGR,2011,81.076
BGR,2010,80.369
BGR,2009,80.545
BGR,2008,80.854
BGR,2007,81.6
BGR,2006,81.797
BGR,2005,80.109
BGR,2004,81.023
BGR,2003,80.679
BGR,2002,82.213
BGR,2001,81.866
BGR,2000,79.45
BFA,2024,84.113
BFA,2023,76.765
BFA,2022,82.239
BFA,2019,87.328
BFA,2018,71.632
BFA,2014,77.972
BFA,2007,94.549
BFA,2006,70.411
BFA,2005,92.043
BDI,2020,99.13
BDI,2014,102.487
BDI,2008,100.473
BDI,2006,97.452
CPV,2019,78.39
CPV,2018,77.952
CPV,2017,78.598
CPV,2015,87.128
CPV,2009,76.46
KHM,2023,86.33
KHM,2021,85.911
KHM,2020,87.77
KHM,2019,84.328
KHM,2017,87.988
KHM,2016,86.196
KHM,2015,85.018
KHM,2014,85.757
KHM,2013,85.925
KHM,2012,82.166
KHM,2011,91.548
KHM,2010,91.744
KHM,2009,88.776
KHM,2008,83.016
KHM,2007,84.339
KHM,2004,87.872
KHM,2003,87.875
KHM,2001,95.835
KHM,2000,94.46
CMR,2021,77.454
CMR,2014,86.698
CMR,2010,85.857
CMR,2007,91.407
CMR,2005,72.574
CMR,2001,85.733
CAN,2024,88.149
CAN,2023,88.439
CAN,2022,88.457
CAN,2021,87.421
CAN,2020,86.746
CAN,2019,87.504
CAN,2018,87.398
CAN,2017,87.073
CAN,2016,86.922
CAN,2015,86.55
CAN,2014,86.835
CAN,2013,87.178
CAN,2012,86.885
CAN,2011,86.55
CAN,2010,86.813
CAN,2009,86.373
CAN,2008,85.669
CAN,2007,85.749
CAN,2006,85.155
CAN,2005,84.692
CAN,2004,84.718
CAN,2003,84.303
CAN,2002,83.42
CAN,2001,82.687
CAN,2000,82.104
CYM,2015,95.698
CYM,2014,94.228
CYM,2013,94.169
CYM,2012,93.487
CYM,2011,92.005
CYM,2009,91.619
CYM,2008,92.373
CYM,2007,93.303
CYM,2006,91.346
TCD,2018,67.725
CHL,2024,73.3
CHL,2023,72.889
CHL,2022,70.998
CHL,2021,67.744
CHL,2020,67.328
CHL,2019,71.416
CHL,2018,70.605
CHL,2017,69.549
CHL,2016,68.439
CHL,2015,67.63
CHL,2014,67.745
CHL,2013,66.865
CHL,2012,66.004
CHL,2011,65.354
CHL,2010,63.12
CHL,2009,58.157
CHL,2008,56.936
CHL,2007,54.8
CHL,2006,53.707
CHL,2005,54.204
CHL,2004,52.614
CHL,2003,50.112
CHL,2002,47.952
CHL,2001,47.602
CHL,2000,48.126
CHN,2010,81.538
CHN,2000,84.525
COL,2024,68.175
COL,2023,68.049
COL,2022,67.06
COL,2021,66.65
COL,2020,67.58
COL,2019,68.266
COL,2018,68.482
COL,2017,69.496
COL,2016,69.586
COL,2015,69.671
COL,2014,69.174
COL,2013,69.322
COL,2012,69.432
COL,2011,68.139
COL,2010,67.763
COL,2009,66.77
COL,2008,64.096
COL,2007,63.844
COL,2005,63.828
COL,2004,65.378
COL,2003,65.721
COL,2002,64.31
COL,2001,64.768
COL,2000,77.193
COM,2021,74.333
COM,2014,57.945
COM,2004,64.146
COD,2020,90.312
COD,2016,83.266
COD,2012,89.59
COD,2005,96.395
COG,2012,66.874
COG,2009,111.008
COG,2005,96.787
CRI,2024,65.823
CRI,2023,62.909
CRI,2022,68.746
CRI,2021,68.154
CRI,2020,66.57
CRI,2019,69.16
CRI,2018,63.793
CRI,2017,61.766
CRI,2016,62.289
CRI,2015,65.827
CRI,2014,66.213
CRI,2013,66.937
CRI,2012,66.163
CRI,2011,61.7
CRI,2010,58.875
CRI,2009,58.385
CRI,2008,56.947
CRI,2007,55.896
CRI,2006,55.035
CRI,2005,54.829
CRI,2004,50.618
CRI,2003,52.21
CRI,2002,51.978
CRI,2001,52.165
CRI,2000,39.283
CIV,2022,78.886
CIV,2019,77.209
CIV,2017,70.322
CIV,2016,77.526
CIV,2013,86.006
CIV,2012,86.798
HRV,2024,83.884
HRV,2023,82.81
HRV,2022,81.761
HRV,2021,79.645
HRV,2020,78.118
HRV,2019,79.498
HRV,2018,80.09
HRV,2017,79.383
HRV,2016,79.559
HRV,2015,80.16
HRV,2014,79.825
HRV,2013,77.932
HRV,2012,76.3
HRV,2011,74.627
HRV,2010,77.325
HRV,2009,77.626
HRV,2008,74.681
HRV,2007,73.362
HRV,2006,75.914
HRV,2005,74.09
HRV,2004,73.151
HRV,2003,72.942
HRV,2002,74.158
HRV,2001,73.34
HRV,2000,75.307
CUB,2013,65.786
CUB,2012,59.797
CUB,2011,59.687
CUB,2010,61.245
CUB,2009,61.389
CUB,2008,60.902
CUB,2007,60.945
CUB,2006,59.033
CUB,2004,56.796
CUB,2002,53.478
CUW,2020,90.987
CUW,2018,86.315
CYP,2024,86.142
CYP,2023,87.109
CYP,2022,83.908
CYP,2021,82.401
CYP,2020,81.746
CYP,2019,83.454
CYP,2018,84.599
CYP,2017,84.942
CYP,2016,84.629
CYP,2015,85.696
CYP,2014,84.321
CYP,2013,81.196
CYP,2012,80.562
CYP,2011,81.301
CYP,2010,81.02
CYP,2009,79.354
CYP,2008,76.507
CYP,2007,75.815
CYP,2006,74.072
CYP,2005,72.245
CYP,2004,72.672
CYP,2003,73.365
CYP,2002,72.687
CYP,2001,71.374
CYP,2000,68.016
CZE,2024,78.484
CZE,2023,75.5
CZE,2022,76.827
CZE,2021,76.35
CZE,2020,76.052
CZE,2019,76.731
CZE,2018,76.799
CZE,2017,76.286
CZE,2016,75.842
CZE,2015,75.354
CZE,2014,74.578
CZE,2013,74.796
CZE,2012,73.927
CZE,2011,73.274
CZE,2010,72.481
CZE,2009,72.519
CZE,2008,72.315
CZE,2007,72.84
CZE,2006,73.741
CZE,2005,73.721
CZE,2004,73.85
CZE,2003,73.96
CZE,2002,73.548
CZE,2001,73.907
CZE,2000,73.938
DNK,2024,87.275
DNK,2023,88.182
DNK,2022,88.139
DNK,2021,86.488
DNK,2020,87.041
DNK,2019,86.732
DNK,2018,86.995
DNK,2017,87.402
DNK,2016,87.427
DNK,2015,85.929
DNK,2014,86.894
DNK,2013,88.124
DNK,2012,87.304
DNK,2011,86.604
DNK,2010,86.156
DNK,2009,86.078
DNK,2008,85.044
DNK,2007,85.505
DNK,2006,85.692
DNK,2005,84.942
DNK,2004,84.244
DNK,2003,83.585
DNK,2002,84.539
DNK,2001,84.195
DNK,2000,84.733
DJI,2017,38.725
DMA,2001,64.179
DOM,2024,68.436
DOM,2023,68.664
DOM,2022,66.12
DOM,2021,67.51
DOM,2020,64.355
DOM,2019,67.217
DOM,2018,64.794
DOM,2017,64.43
DOM,2016,63.883
DOM,2015,63.201
DOM,2014,61.283
DOM,2013,61.111
DOM,2012,61.109
DOM,2011,59.84
DOM,2010,57.834
DOM,2009,53.844
DOM,2008,56.833
DOM,2007,54.078
DOM,2006,54.621
DOM,2005,53.935
DOM,2004,52.318
DOM,2003,52.669
DOM,2002,53.106
DOM,2001,50.148
DOM,2000,51.202
ECU,2024,68.068
ECU,2023,68.453
ECU,2022,69.822
ECU,2021,68.729
ECU,2020,66.973
ECU,2019,69.598
ECU,2018,68.874
ECU,2017,69.849
ECU,2016,69.045
ECU,2015,65.067
ECU,2014,61.154
ECU,2013,62.713
ECU,2012,62.339
ECU,2011,61.273
ECU,2010,61.811
ECU,2009,63.128
ECU,2008,63.916
ECU,2007,63.439
ECU,2006,63.096
ECU,2005,63.035
ECU,2004,63.893
ECU,2003,60.078
ECU,2002,66.013
ECU,2001,64.906
ECU,2000,56.361
EGY,2024,33.579
EGY,2023,26.136
EGY,2022,21.677
EGY,2021,22.2
EGY,2020,21.336
EGY,2019,23.19
EGY,2018,27.066
EGY,2017,32.826
EGY,2016,32.94
EGY,2015,32.144
EGY,2014,31.795
EGY,2013,31.247
EGY,2012,30.315
EGY,2011,30.123
EGY,2010,30.79
EGY,2009,31.55
EGY,2008,30.03
EGY,2007,32.301
EGY,2006,29.396
EGY,2005,30.717
EGY,2002,26.813
EGY,2001,29.392
EGY,2000,29.869
SLV,2024,60.894
SLV,2023,62.458
SLV,2022,59.678
SLV,2021,59.12
SLV,2020,59.963
SLV,2019,59.359
SLV,2018,59.203
SLV,2017,59.04
SLV,2016,60.152
SLV,2015,59.835
SLV,2014,60.646
SLV,2013,62.136
SLV,2012,60.151
SLV,2011,59.379
SLV,2010,59.735
SLV,2009,58.746
SLV,2008,58.119
SLV,2007,57.875
SLV,2006,58.711
SLV,2005,57.455
SLV,2004,56.962
SLV,2003,58.081
SLV,2002,57.606
SLV,2001,56.258
SLV,2000,56.361
EST,2024,87.827
EST,2023,86.662
EST,2022,84.945
EST,2021,83.384
EST,2020,81.997
EST,2019,82.291
EST,2018,81.255
EST,2017,81.083
EST,2016,80.527
EST,2015,81.05
EST,2014,79.254
EST,2013,81.02
EST,2012,81.079
EST,2011,81.869
EST,2010,82.294
EST,2009,80.533
EST,2008,79.631
EST,2007,79.113
EST,2006,80.968
EST,2005,82.604
EST,2004,80.788
EST,2003,78.462
EST,2002,79.393
EST,2001,80.154
EST,2000,79.203
SWZ,2023,88.693
SWZ,2021,89.1
SWZ,2016,84.4
ETH,2021,72.732
ETH,2013,84.058
ETH,2005,83.186
FJI,2024,53.09
FJI,2016,50.069
FJI,2014,54.399
FJI,2011,56.932
FJI,2007,50.551
FJI,2005,44.647
FIN,2024,90.338
FIN,2023,91.726
FIN,2022,90.637
FIN,2021,88.189
FIN,2020,87.876
FIN,2019,88.453
FIN,2018,88.497
FIN,2017,88.09
FIN,2016,88.188
FIN,2015,88.998
FIN,2014,88.72
FIN,2013,88.211
FIN,2012,87.91
FIN,2011,86.802
FIN,2010,87.436
FIN,2009,88.636
FIN,2008,87.145
FIN,2007,87.879
FIN,2006,87.665
FIN,2005,87.306
FIN,2004,86.627
FIN,2003,86.08
FIN,2002,86.258
FIN,2001,85.542
FIN,2000,85.104
FRA,2024,87.374
FRA,2023,87.834
FRA,2022,87.275
FRA,2021,87.261
FRA,2020,86.082
FRA,2019,85.901
FRA,2018,85.412
FRA,2017,84.982
FRA,2016,85.12
FRA,2015,84.787
FRA,2014,84.667
FRA,2013,83.996
FRA,2012,83.797
FRA,2011,83.713
FRA,2010,83.415
FRA,2009,83.138
FRA,2008,82.629
FRA,2007,82.293
FRA,2006,81.514
FRA,2005,81.132
FRA,2004,79.662
FRA,2003,79.804
FRA,2002,77.956
FRA,2001,77.917
FRA,2000,77.983
PYF,2012,77.49
PYF,2007,72.99
PYF,2002,70.105
GAB,2010,68.621
GAB,2005,78.69
GMB,2023,90.625
GMB,2018,84.07
GMB,2012,72.708
GEO,2024,78.216
GEO,2023,76.141
GEO,2022,75.768
GEO,2021,76.183
GEO,2020,75.3
GEO,2019,75.102
GEO,2018,75.504
GEO,2017,78.033
GEO,2016,71.75
GEO,2015,73.524
GEO,2014,71.84
GEO,2013,70.815
GEO,2012,71.897
GEO,2011,71.863
GEO,2010,72.506
GEO,2009,71.518
GEO,2008,72.699
GEO,2007,75.034
GEO,2006,74.238
GEO,2005,75.976
GEO,2004,76.713
GEO,2003,75.618
GEO,2002,73.947
GEO,2001,76.733
GEO,2000,73.642
DEU,2024,84.992
DEU,2023,84.863
DEU,2022,84.456
DEU,2021,83.959
DEU,2020,84.149
DEU,2019,84.035
DEU,2018,83.561
DEU,2017,83.852
DEU,2016,83.472
DEU,2015,82.946
DEU,2014,82.687
DEU,2013,82.188
DEU,2012,81.38
DEU,2011,81.926
DEU,2010,79.444
DEU,2009,80.493
DEU,2008,78.998
DEU,2007,79.741
DEU,2006,78.403
DEU,2005,77.158
DEU,2004,76.359
DEU,2003,76.088
DEU,2002,75.139
DEU,2001,74.467
DEU,2000,73.299
GHA,2022,94.839
GHA,2021,83.5
GHA,2017,94.61
GHA,2015,88.471
GHA,2013,93.352
GHA,2010,95.825
GHA,2006,95.177
GHA,2000,94.73
GIB,2001,73.002
GRC,2024,74.591
GRC,2023,74.771
GRC,2022,74.01
GRC,2021,74.352
GRC,2020,74.439
GRC,2019,73.427
GRC,2018,73.374
GRC,2017,74.239
GRC,2016,74.783
GRC,2015,74.553
GRC,2014,73.097
GRC,2013,71.441
GRC,2012,71.444
GRC,2011,70.068
GRC,2010,68.874
GRC,2009,67.478
GRC,2008,65.559
GRC,2007,65.569
GRC,2006,65.563
GRC,2005,65.161
GRC,2004,64.857
GRC,2003,62.948
GRC,2002,62.168
GRC,2001,61.429
GRC,2000,62.055
GRL,2015,93.682
GRL,2014,94.513
GRL,2013,94.458
GRL,2012,93.849
GRL,2011,94.25
GRL,2010,93.364
GRD,2023,86.761
GRD,2021,81.908
GRD,2020,75.661
GRD,2019,82.518
GRD,2018,82.583
GRD,2015,84.825
GRD,2014,94.467
GRD,2013,85.773
GUM,2011,81.53
GUM,2010,85.325
GUM,2009,76.496
GUM,2007,72.189
GUM,2006,78.977
GUM,2005,81.63
GUM,2004,74.682
GUM,2002,77.62
GUM,2001,79.781
GUM,2000,79.894
GTM,2024,59.035
GTM,2023,59.942
GTM,2022,50.161
GTM,2021,50.493
GTM,2019,45.227
GTM,2018,46.042
GTM,2017,45.982
GTM,2016,47.821
GTM,2015,45.979
GTM,2014,48.588
GTM,2013,48.67
GTM,2012,52.29
GTM,2011,47.997
GTM,2010,51.958
GTM,2006,53.685
GTM,2004,49.463
GTM,2003,54.315
GTM,2002,52.453
GTM,2000,51.877
GIN,2019,65.762
GIN,2014,65.075
GIN,2002,94.605
GNB,2022,85.685
GNB,2019,84.879
GNB,2018,80.753
GUY,2019,64.173
GUY,2018,64.45
GUY,2002,43.454
HTI,2012,73.333
HTI,2010,85.613
HTI,2007,73.779
HTI,2005,84.142
HTI,2003,80.106
HTI,2000,82.517
HND,2024,54.937
HND,2023,53.467
HND,2022,59.182
HND,2021,65.571
HND,2020,65.376
HND,2019,54.418
HND,2018,60.301
HND,2017,55.163
HND,2016,56.875
HND,2015,57.029
HND,2014,55.901
HND,2013,52.993
HND,2012,48.779
HND,2011,49.728
HND,2010,52.544
HND,2009,50.699
HND,2008,49.468
HND,2007,47.22
HND,2006,47.318
HND,2005,50.499
HND,2004,57.696
HND,2002,44.353
HND,2001,50.159
HND,2000,50.821
HKG,2024,83.393
HKG,2023,82.157
HKG,2022,81.765
HKG,2021,82.411
HKG,2020,81.922
HKG,2019,81.515
HKG,2018,80.501
HKG,2017,80.69
HKG,2016,79.876
HKG,2015,79.529
HKG,2014,79.251
HKG,2013,78.74
HKG,2012,77.923
HKG,2011,77.404
HKG,2010,75.77
HKG,2009,76.671
HKG,2008,76.244
HKG,2007,75.319
HKG,2006,74.193
HKG,2005,73.059
HKG,2004,72.307
HKG,2003,71.694
HKG,2002,71.645
HKG,2001,69.459
HKG,2000,67.054
HUN,2024,80.901
HUN,2023,79.534
HUN,2022,79.085
HUN,2021,78.69
HUN,2020,73.264
HUN,2019,73.336
HUN,2018,73.979
HUN,2017,74.217
HUN,2016,74.662
HUN,2015,75.029
HUN,2014,75.108
HUN,2013,74.999
HUN,2012,75.901
HUN,2011,75.374
HUN,2010,75.677
HUN,2009,73.999
HUN,2008,73.524
HUN,2007,73.164
HUN,2006,73.592
HUN,2005,73.889
HUN,2004,73.085
HUN,2003,72.827
HUN,2002,71.94
HUN,2001,71.252
HUN,2000,71.247
ISL,2024,88.249
ISL,2023,88.838
ISL,2022,90.3
ISL,2021,89.383
ISL,2020,90.679
ISL,2019,91.186
ISL,2018,91.104
ISL,2017,91.022
ISL,2016,90.88
ISL,2015,92.334
ISL,2014,91.876
ISL,2013,92.795
ISL,2012,93.29
ISL,2011,91.872
ISL,2010,91.483
ISL,2009,90.857
ISL,2008,89.043
ISL,2007,89.131
ISL,2006,89.466
ISL,2005,90.128
ISL,2004,88.384
ISL,2003,90.129
ISL,2002,89.712
ISL,2001,88.717
ISL,2000,90.801
IND,2024,44.364
IND,2023,45.916
IND,2022,37.114
IND,2021,36.005
IND,2020,35.242
IND,2019,32.24
IND,2018,28.089
IND,2012,34.555
IND,2010,36.294
IND,2005,44.863
IND,2001,48.069
IND,2000,37.066
IDN,2023,64.926
IDN,2022,64.455
IDN,2021,65.297
IDN,2020,65.141
IDN,2019,65.313
IDN,2018,64.596
IDN,2017,63.712
IDN,2016,62.306
IDN,2015,61.55
IDN,2014,61.22
IDN,2013,61.16
IDN,2012,61.687
IDN,2011,61.452
IDN,2010,61.908
IDN,2009,61.378
IDN,2008,61.051
IDN,2007,60.189
IDN,2006,55.677
IDN,2005,55.548
IDN,2004,55.981
IDN,2003,57.115
IDN,2002,57.065
IDN,2001,59.107
IDN,2000,61.413
IRN,2024,20.93
IRN,2023,20.982
IRN,2022,20.1
IRN,2021,19.502
IRN,2020,20.39
IRN,2019,24.123
IRN,2018,24.806
IRN,2017,24.87
IRN,2016,23.493
IRN,2015,21.015
IRN,2014,19.264
IRN,2013,19.751
IRN,2012,22.38
IRN,2011,20.809
IRN,2010,22.492
IRN,2009,22.978
IRN,2008,21.903
IRN,2007,24.425
IRN,2006,25.633
IRN,2005,26.131
IRQ,2021,15.778
IRQ,2017,15.438
IRQ,2016,20.183
IRQ,2014,18.741
IRQ,2012,16.661
IRQ,2007,16.897
IRL,2024,86.058
IRL,2023,83.381
IRL,2022,84.631
IRL,2021,83.357
IRL,2020,81.787
IRL,2019,81.929
IRL,2018,81.794
IRL,2017,81.187
IRL,2016,80.536
IRL,2015,79.424
IRL,2014,79.785
IRL,2013,80.222
IRL,2012,79.643
IRL,2011,79.437
IRL,2010,78.734
IRL,2009,77.648
IRL,2008,75.547
IRL,2007,74.58
IRL,2006,72.038
IRL,2005,71.622
IRL,2004,69.634
IRL,2003,69.636
IRL,2002,68.968
IRL,2001,66.866
IRL,2000,66.242
IMN,2016,91.207
IMN,2011,82.934
IMN,2006,80.591
IMN,2001,77.983
ISR,2024,89.2
ISR,2023,89.03
ISR,2022,89.22
ISR,2021,89.001
ISR,2020,87.925
ISR,2019,87.16
ISR,2018,86.694
ISR,2017,84.995
ISR,2016,84.979
ISR,2015,84.391
ISR,2014,84.3
ISR,2013,82.983
ISR,2012,83.015
ISR,2011,84.462
ISR,2010,84.851
ISR,2009,84.756
ISR,2008,82.815
ISR,2007,82.677
ISR,2006,82.543
ISR,2005,82.478
ISR,2004,81.785
ISR,2003,81.665
ISR,2002,80.335
ISR,2001,79.443
ISR,2000,79.276
ITA,2024,70.648
ITA,2023,70.619
ITA,2022,70.057
ITA,2021,69.59
ITA,2020,68.958
ITA,2019,69.776
ITA,2018,69.3
ITA,2017,68.959
ITA,2016,68.271
ITA,2015,67.549
ITA,2014,68.339
ITA,2013,67.654
ITA,2012,67.037
ITA,2011,65.398
ITA,2010,64.602
ITA,2009,64.173
ITA,2008,64.026
ITA,2007,62.776
ITA,2006,62.775
ITA,2005,62.325
ITA,2004,62.122
ITA,2003,60.1
ITA,2002,59.554
ITA,2001,58.989
ITA,2000,57.858
JAM,2023,83.698
JAM,2022,82.1
JAM,2021,80.134
JAM,2020,79.911
JAM,2019,80.558
JAM,2018,80.079
JAM,2017,80.248
JAM,2016,79.445
JAM,2015,80.061
JAM,2014,76.253
JAM,2013,76.376
JAM,2012,75.981
JAM,2011,74.802
JAM,2010,74.69
JAM,2009,74.538
JAM,2008,74.733
JAM,2007,77.551
JAM,2004,75.034
JAM,2003,74.25
JAM,2002,76.276
JAM,2001,73.425
JPN,2024,77.706
JPN,2023,76.782
JPN,2022,75.922
JPN,2021,75.105
JPN,2020,74.406
JPN,2019,74.653
JPN,2018,73.671
JPN,2017,72.45
JPN,2016,71.354
JPN,2015,70.374
JPN,2014,69.91
JPN,2013,69.236
JPN,2012,67.965
JPN,2011,67.65
JPN,2010,67.617
JPN,2009,67.311
JPN,2008,66.586
JPN,2007,66.216
JPN,2006,66.206
JPN,2005,65.962
JPN,2004,65.692
JPN,2003,65.063
JPN,2002,64.916
JPN,2001,64.912
JPN,2000,64.446
JOR,2023,25.483
JOR,2022,22.717
JOR,2021,22.75
JOR,2020,23.839
JOR,2019,21.875
JOR,2018,23.828
JOR,2017,26.958
JOR,2014,21.106
JOR,2013,21.854
JOR,2012,23.002
JOR,2011,23.408
JOR,2010,23.15
JOR,2009,22.994
JOR,2008,22.188
JOR,2007,22.826
JOR,2006,18.859
JOR,2005,18.168
JOR,2003,17.722
JOR,2002,19.159
JOR,2001,17.863
JOR,2000,18.608
KAZ,2022,84.853
KAZ,2020,84.371
KAZ,2008,87.61
KAZ,2004,85.671
KAZ,2003,85.947
KAZ,2002,85.477
KEN,2022,84.408
KEN,2021,86.869
KEN,2019,86.165
KEN,2016,92.206
KEN,2009,87.511
KEN,2005,80.637
KIR,2023,74.087
KIR,2020,72.72
KIR,2019,66.217
KIR,2015,63.034
KIR,2010,78.31
KIR,2005,62.028
KOR,2024,77.822
KOR,2023,76.406
KOR,2022,74.718
KOR,2021,73.821
KOR,2020,73.104
KOR,2019,73.153
KOR,2018,72.165
KOR,2017,71.669
KOR,2016,71.027
KOR,2015,70.577
KOR,2014,69.917
KOR,2013,69.115
KOR,2012,68.694
KOR,2011,68.512
KOR,2010,68.388
KOR,2009,68.025
KOR,2008,68.626
KOR,2007,68.392
KOR,2006,68.427
KOR,2005,67.801
KOR,2004,67.351
KOR,2003,66.027
KOR,2002,67.054
KOR,2001,67.134
KOR,2000,66.251
XKX,2024,41.94
XKX,2023,41.997
XKX,2022,39.519
XKX,2021,38.343
XKX,2020,36.661
XKX,2019,34.779
XKX,2018,29.746
XKX,2017,29.971
XKX,2016,31.407
XKX,2015,31.51
XKX,2014,34.309
XKX,2013,34.582
XKX,2012,31.805
XKX,2009,42.667
XKX,2008,39.666
XKX,2007,43.405
XKX,2006,43.966
XKX,2005,43.485
XKX,2004,37.168
XKX,2003,41.144
XKX,2002,47.983
XKX,2000,45.682
KWT,2016,56.79
KWT,2015,65.217
KWT,2010,68.168
KWT,2009,64.009
KWT,2007,64.326
KWT,2006,62.15
KWT,2005,54.303
KWT,2003,57.434
KGZ,2023,61.113
KGZ,2022,61.145
KGZ,2021,58.691
KGZ,2020,61.354
KGZ,2019,59.121
KGZ,2018,59.783
KGZ,2017,58.988
KGZ,2016,63.434
KGZ,2015,65.889
KGZ,2014,66.835
KGZ,2013,63.941
KGZ,2012,68.054
KGZ,2011,69.451
KGZ,2010,69.664
KGZ,2009,69.612
KGZ,2006,70.155
KGZ,2004,71.988
KGZ,2002,74.736
LAO,2022,86.873
LAO,2017,88.163
LAO,2015,93.569
LAO,2010,96.035
LAO,2005,99.251
LAO,2003,100.106
LVA,2024,82.9
LVA,2023,82.208
LVA,2022,81.932
LVA,2021,80.68
LVA,2020,81.712
LVA,2019,81.861
LVA,2018,81.62
LVA,2017,81.376
LVA,2016,81.932
LVA,2015,80.292
LVA,2014,80.346
LVA,2013,81.731
LVA,2012,81.795
LVA,2011,81.254
LVA,2010,82.906
LVA,2009,81.353
LVA,2008,79.043
LVA,2007,76.918
LVA,2006,77.283
LVA,2005,77.244
LVA,2004,77.295
LVA,2003,78.392
LVA,2002,77.675
LVA,2001,77.894
LVA,2000,75.445
LBN,2019,41.595
LBN,2009,31.237
LBN,2007,31.555
LBN,2004,29.573
LSO,2024,77.816
LSO,2019,72.885
LSO,2013,77.416
LSO,2008,78.774
LSO,2006,54.43
LBR,2017,86.949
LBR,2016,87.664
LBR,2014,87.549
LBR,2010,90.036
LBR,2007,89.879
LBY,2012,55.362
LIE,2017,77.974
LIE,2016,77.471
LIE,2015,77.253
LIE,2014,76.35
LIE,2013,75.84
LIE,2012,76.019
LIE,2011,76.054
LIE,2010,74.214
LIE,2009,73.762
LIE,2008,73.255
LIE,2007,72.566
LIE,2006,71.388
LIE,2005,71.69
LIE,2004,71.168
LIE,2003,69.747
LIE,2002,68.1
LIE,2001,68.095
LIE,2000,67.405
LTU,2024,84.352
LTU,2023,85.411
LTU,2022,86.886
LTU,2021,84.276
LTU,2020,83.329
LTU,2019,84.418
LTU,2018,83.612
LTU,2017,84.093
LTU,2016,84.286
LTU,2015,83.908
LTU,2014,82.827
LTU,2013,82.561
LTU,2012,84.132
LTU,2011,83.553
LTU,2010,84.729
LTU,2009,83.956
LTU,2008,81.223
LTU,2007,81.012
LTU,2006,81.874
LTU,2005,80.732
LTU,2004,80.52
LTU,2003,82.89
LTU,2002,80.413
LTU,2001,81.669
LTU,2000,82.625
LUX,2024,89.86
LUX,2023,87.947
LUX,2022,89.09
LUX,2021,87.435
LUX,2020,88.282
LUX,2019,85.329
LUX,2018,87.264
LUX,2017,86.412
LUX,2016,84.197
LUX,2015,83.945
LUX,2014,80.301
LUX,2013,79.597
LUX,2012,79.172
LUX,2011,77.551
LUX,2010,75.421
LUX,2009,75.062
LUX,2008,74.923
LUX,2007,82.174
LUX,2006,81.809
LUX,2005,71.217
LUX,2004,69.957
LUX,2003,67.082
LUX,2002,65.472
LUX,2001,64.527
LUX,2000,62.607
MAC,2016,86.539
MAC,2015,85.547
MAC,2014,85.317
MAC,2013,86.128
MAC,2012,84.99
MAC,2011,86.395
MAC,2010,85.123
MAC,2009,85.169
MAC,2008,83.109
MAC,2007,82.5
MAC,2006,80.014
MAC,2005,80.223
MAC,2004,78.162
MAC,2003,76.599
MAC,2002,77.706
MAC,2001,76.218
MAC,2000,75.667
MDG,2022,84.456
MDG,2015,93.698
MDG,2012,97.247
MDG,2010,96.0
MDG,2005,94.62
MDG,2003,91.861
MDG,2001,90.081
MWI,2024,81.111
MWI,2020,85.467
MWI,2017,85.694
MWI,2013,87.383
MWI,2011,87.666
MWI,2005,93.347
MWI,2004,98.878
MYS,2022,68.136
MYS,2021,68.52
MYS,2020,68.63
MYS,2019,68.811
MYS,2018,68.677
MYS,2017,68.361
MYS,2016,67.744
MYS,2015,67.08
MYS,2014,66.617
MYS,2011,60.256
MYS,2005,57.427
MYS,2004,58.408
MYS,2003,58.122
MYS,2002,57.26
MYS,2001,56.874
MYS,2000,58.218
MDV,2019,64.387
MDV,2016,57.198
MDV,2014,57.617
MDV,2009,56.161
MDV,2000,52.182
MLI,2023,60.379
MLI,2022,62.786
MLI,2020,62.539
MLI,2019,49.831
MLI,2018,66.662
MLI,2017,72.114
MLI,2016,65.849
MLI,2015,76.752
MLI,2014,74.304
MLI,2013,84.775
MLI,2010,61.864
MLI,2009,49.71
MLI,2007,87.731
MLI,2006,78.092
MLI,2004,55.606
MLT,2024,78.519
MLT,2023,80.452
MLT,2022,81.033
MLT,2021,76.66
MLT,2020,75.673
MLT,2019,73.186
MLT,2018,72.412
MLT,2017,69.942
MLT,2016,68.219
MLT,2015,66.02
MLT,2014,65.024
MLT,2013,63.088
MLT,2012,60.585
MLT,2011,55.237
MLT,2010,53.328
MLT,2009,52.292
MLT,2008,50.036
MLT,2007,47.792
MLT,2006,44.675
MLT,2005,44.347
MLT,2004,40.573
MLT,2003,43.58
MLT,2002,43.792
MLT,2001,41.058
MLT,2000,42.201
MHL,2021,60.975
MHL,2019,44.953
MHL,2011,54.474
MRT,2019,46.492
MRT,2017,45.585
MRT,2012,44.641
MRT,2000,44.186
MUS,2024,70.091
MUS,2023,67.232
MUS,2022,61.741
MUS,2021,62.699
MUS,2020,68.578
MUS,2019,62.992
MUS,2018,62.024
MUS,2017,61.158
MUS,2016,60.938
MUS,2015,61.893
MUS,2014,59.989
MUS,2013,59.894
MUS,2012,57.414
MUS,2011,57.002
MUS,2010,57.727
MUS,2009,55.72
MUS,2008,54.972
MUS,2007,53.192
MUS,2006,54.049
MUS,2005,53.347
MUS,2004,51.133
MUS,2003,51.623
MUS,2002,48.243
MUS,2001,46.072
MUS,2000,49.202
MEX,2024,60.989
MEX,2023,60.639
MEX,2022,59.033
MEX,2021,57.555
MEX,2020,57.11
MEX,2019,57.96
MEX,2018,56.24
MEX,2017,55.471
MEX,2016,55.938
MEX,2015,55.68
MEX,2014,55.102
MEX,2013,55.995
MEX,2012,55.744
MEX,2011,54.687
MEX,2010,54.023
MEX,2009,54.126
MEX,2008,52.877
MEX,2007,52.841
MEX,2006,52.155
MEX,2005,50.935
MEX,2004,49.896
MEX,2003,48.472
MEX,2002,47.655
MEX,2001,46.891
MEX,2000,47.53
FSM,2014,68.084
MDA,2024,100.054
MDA,2023,97.746
MDA,2022,97.01
MDA,2021,94.499
MDA,2020,95.05
MDA,2019,96.871
MDA,2018,97.931
MDA,2017,97.138
MDA,2016,96.979
MDA,2015,97.532
MDA,2014,99.818
MDA,2013,101.136
MDA,2012,101.666
MDA,2011,99.899
MDA,2010,97.696
MDA,2009,97.311
MDA,2008,98.745
MDA,2007,100.083
MDA,2006,96.912
MDA,2005,100.839
MDA,2004,97.904
MDA,2003,95.657
MDA,2002,91.224
MDA,2001,88.797
MDA,2000,88.041
MCO,2016,69.593
MNG,2024,76.758
MNG,2023,76.585
MNG,2022,78.575
MNG,2021,77.501
MNG,2020,79.213
MNG,2019,79.931
MNG,2018,77.084
MNG,2017,82.267
MNG,2016,81.465
MNG,2015,81.691
MNG,2014,82.381
MNG,2013,82.399
MNG,2012,84.27
MNG,2011,82.669
MNG,2010,83.744
MNG,2009,84.81
MNG,2008,85.772
MNG,2007,86.223
MNG,2006,86.128
MNG,2005,94.64
MNG,2004,96.413
MNG,2003,87.054
MNG,2002,94.622
MNG,2000,100.0
MNE,2023,82.026
MNE,2022,78.996
MNE,2021,76.808
MNE,2020,76.584
MNE,2019,76.501
MNE,2018,74.821
MNE,2017,76.28
MNE,2016,77.003
MNE,2015,79.257
MNE,2014,77.661
MNE,2013,76.835
MNE,2012,76.4
MNE,2011,75.597
MNE,2010,72.889
MNE,2009,73.019
MNE,2008,72.682
MNE,2007,73.167
MAR,2022,28.448
MAR,2021,29.688
MAR,2016,33.399
MAR,2015,34.57
MAR,2014,34.766
MAR,2013,34.392
MAR,2012,33.614
MAR,2011,34.293
MAR,2010,34.636
MAR,2009,35.534
MAR,2008,34.998
MAR,2007,36.508
MAR,2006,36.918
MAR,2005,36.316
MAR,2004,36.602
MAR,2003,35.225
MAR,2002,32.174
MAR,2001,32.675
MAR,2000,36.896
MOZ,2022,95.731
MOZ,2015,97.565
MOZ,2003,104.574
MMR,2020,58.871
MMR,2019,61.661
MMR,2018,63.211
MMR,2017,62.108
MMR,2015,64.343
MMR,2014,57.666
NAM,2018,88.391
NAM,2016,84.27
NAM,2014,88.282
NAM,2013,89.909
NAM,2012,85.056
NAM,2010,83.474
NAM,2008,81.006
NAM,2004,72.276
NAM,2001,82.121
NAM,2000,76.55
NRU,2021,77.119
NRU,2013,69.035
NRU,2011,62.464
NRU,2006,74.403
NRU,2002,80.159
NPL,2017,50.793
NPL,2015,92.468
NPL,2014,91.82
NPL,2013,90.537
NPL,2008,95.478
NPL,2003,102.397
NLD,2024,87.922
NLD,2023,87.625
NLD,2022,87.88
NLD,2021,88.177
NLD,2020,86.406
NLD,2019,85.608
NLD,2018,84.988
NLD,2017,84.676
NLD,2016,84.413
NLD,2015,83.813
NLD,2014,82.965
NLD,2013,83.601
NLD,2012,83.664
NLD,2011,83.37
NLD,2010,82.54
NLD,2009,81.436
NLD,2008,80.451
NLD,2007,79.818
NLD,2006,78.853
NLD,2005,77.815
NLD,2004,77.898
NLD,2003,77.106
NLD,2002,75.388
NLD,2001,74.965
NLD,2000,73.99
NCL,2023,83.765
NCL,2022,83.561
NCL,2020,85.771
NCL,2019,85.519
NCL,2018,82.534
NCL,2017,83.0
NCL,2014,85.303
NCL,2009,83.677
NZL,2024,88.798
NZL,2023,88.156
NZL,2022,88.194
NZL,2021,87.46
NZL,2020,86.382
NZL,2019,87.246
NZL,2018,86.236
NZL,2017,85.652
NZL,2016,85.561
NZL,2015,85.188
NZL,2014,85.278
NZL,2013,85.047
NZL,2012,84.469
NZL,2011,83.596
NZL,2010,83.14
NZL,2009,83.161
NZL,2008,82.552
NZL,2007,81.647
NZL,2006,81.139
NZL,2005,81.025
NZL,2004,80.266
NZL,2003,80.402
NZL,2002,79.15
NZL,2001,78.934
NZL,2000,78.046
NIC,2014,57.651
NIC,2013,74.113
NIC,2012,75.8
NIC,2008,55.457
NIC,2007,54.452
NIC,2006,55.622
NIC,2005,56.853
NIC,2004,56.456
NIC,2003,59.108
NIC,2001,52.03
NIC,2000,55.486
NER,2022,84.02
NER,2019,71.413
NER,2017,38.076
NER,2014,73.237
NER,2012,30.156
NER,2011,75.942
NER,2005,43.438
NER,2001,45.037
NGA,2024,97.36
NGA,2023,95.619
NGA,2022,89.936
NGA,2019,79.346
NGA,2013,88.937
NGA,2011,88.606
NGA,2004,76.251
MKD,2024,69.876
MKD,2023,69.009
MKD,2022,66.456
MKD,2021,66.114
MKD,2020,67.552
MKD,2019,68.107
MKD,2018,64.403
MKD,2017,63.659
MKD,2016,62.562
MKD,2015,64.339
MKD,2014,64.852
MKD,2013,66.142
MKD,2012,63.92
MKD,2011,64.582
MKD,2010,61.882
MKD,2009,62.722
MKD,2008,62.977
MKD,2007,64.787
MKD,2006,63.803
MKD,2005,66.41
MKD,2003,66.174
MKD,2002,65.107
MKD,2001,69.36
MKD,2000,64.752
MNP,2010,85.74
MNP,2003,98.534
NOR,2024,89.68
NOR,2023,89.786
NOR,2022,89.749
NOR,2021,84.921
NOR,2020,94.606
NOR,2019,92.71
NOR,2018,92.136
NOR,2017,92.734
NOR,2016,92.344
NOR,2015,92.467
NOR,2014,92.768
NOR,2013,92.665
NOR,2012,92.108
NOR,2011,92.859
NOR,2010,91.595
NOR,2009,92.259
NOR,2008,91.86
NOR,2007,91.49
NOR,2006,90.528
NOR,2005,90.367
NOR,2004,90.907
NOR,2003,90.385
NOR,2002,90.696
NOR,2001,88.906
NOR,2000,88.351
OMN,2022,46.173
OMN,2021,41.71
OMN,2020,44.709
OMN,2019,44.222
OMN,2018,43.272
OMN,2017,42.089
OMN,2016,33.876
OMN,2013,31.955
OMN,2008,31.411
OMN,2003,31.986
OMN,2000,21.435
PAK,2021,30.41
PAK,2020,18.471
PAK,2019,29.461
PAK,2018,27.207
PAK,2016,29.271
PAK,2015,30.379
PAK,2014,29.521
PAK,2013,28.876
PAK,2012,27.098
PAK,2011,28.465
PAK,2010,28.01
PAK,2009,26.646
PAK,2008,25.166
PAK,2007,24.361
PAK,2006,23.83
PAK,2005,20.506
PAK,2004,21.712
PAK,2002,19.63
PAK,2000,19.55
PLW,2023,83.853
PLW,2020,80.496
PLW,2014,75.829
PLW,2005,77.056
PLW,2000,78.854
PAN,2024,69.655
PAN,2023,67.787
PAN,2022,64.574
PAN,2021,63.506
PAN,2020,71.834
PAN,2019,69.711
PAN,2018,66.893
PAN,2017,65.795
PAN,2016,64.817
PAN,2015,64.524
PAN,2014,62.784
PAN,2013,61.856
PAN,2012,60.041
PAN,2011,57.952
PAN,2010,58.894
PAN,2009,59.659
PAN,2008,58.392
PAN,2007,58.629
PAN,2006,57.459
PAN,2005,59.196
PAN,2004,57.907
PAN,2003,58.417
PAN,2002,57.629
PAN,2001,52.255
PAN,2000,52.842
PNG,2022,95.082
PNG,2010,97.342
PNG,2000,97.022
PRY,2024,72.027
PRY,2023,71.296
PRY,2022,71.583
PRY,2021,71.112
PRY,2020,68.634
PRY,2019,71.241
PRY,2018,70.427
PRY,2017,68.643
PRY,2016,67.637
PRY,2015,67.659
PRY,2014,66.718
PRY,2013,70.295
PRY,2012,72.405
PRY,2011,66.934
PRY,2010,64.363
PRY,2009,65.567
PRY,2008,63.393
PRY,2007,64.646
PRY,2006,61.412
PRY,2005,65.596
PRY,2004,66.299
PRY,2003,61.615
PRY,2002,60.358
PRY,2001,62.358
PRY,2000,62.72
PER,2024,80.11
PER,2023,80.625
PER,2022,80.748
PER,2021,81.882
PER,2020,76.568
PER,2019,82.572
PER,2018,82.513
PER,2017,81.874
PER,2016,81.421
PER,2015,80.263
PER,2014,81.578
PER,2013,81.976
PER,2012,82.358
PER,2011,82.632
PER,2010,83.232
PER,2009,81.448
PER,2008,81.518
PER,2007,81.134
PER,2006,79.678
PER,2005,78.475
PER,2004,79.124
PER,2003,77.876
PER,2002,77.594
PER,2001,75.816
PER,2000,78.16
PHL,2023,70.236
PHL,2022,68.866
PHL,2021,63.644
PHL,2020,63.264
PHL,2019,63.773
PHL,2018,62.364
PHL,2017,61.159
PHL,2016,63.992
PHL,2015,65.265
PHL,2014,65.114
PHL,2013,64.689
PHL,2012,64.493
PHL,2011,64.699
PHL,2010,64.257
PHL,2009,63.764
PHL,2008,62.607
PHL,2007,63.328
PHL,2006,63.033
PHL,2005,62.418
PHL,2004,60.947
PHL,2003,62.298
PHL,2002,63.977
PHL,2001,62.847
PHL,2000,60.199
POL,2024,79.047
POL,2023,78.374
POL,2022,77.357
POL,2021,76.233
POL,2020,74.232
POL,2019,74.703
POL,2018,75.267
POL,2017,74.959
POL,2016,75.257
POL,2015,75.555
POL,2014,75.537
POL,2013,75.562
POL,2012,75.847
POL,2011,75.608
POL,2010,75.693
POL,2009,75.411
POL,2008,75.19
POL,2007,75.441
POL,2006,75.576
POL,2005,75.99
POL,2004,76.686
POL,2003,77.323
POL,2002,77.47
POL,2001,77.746
POL,2000,77.065
PRT,2024,87.561
PRT,2023,87.323
PRT,2022,86.544
PRT,2021,86.362
PRT,2020,84.937
PRT,2019,85.11
PRT,2018,84.577
PRT,2017,83.831
PRT,2016,83.5
PRT,2015,83.817
PRT,2014,83.379
PRT,2013,83.22
PRT,2012,82.44
PRT,2011,81.452
PRT,2010,83.122
PRT,2009,82.19
PRT,2008,81.002
PRT,2007,80.941
PRT,2006,80.169
PRT,2005,80.001
PRT,2004,78.116
PRT,2003,78.302
PRT,2002,76.411
PRT,2001,76.118
PRT,2000,75.61
PRI,2020,80.577
PRI,2015,64.938
PRI,2012,65.945
PRI,2011,67.546
PRI,2010,66.472
PRI,2008,66.485
PRI,2007,65.253
PRI,2006,65.761
PRI,2005,63.53
PRI,2004,62.092
PRI,2003,63.449
PRI,2002,62.453
PRI,2000,59.092
QAT,2022,64.754
QAT,2021,62.467
QAT,2020,60.992
QAT,2019,60.411
QAT,2018,60.967
QAT,2017,61.094
QAT,2016,60.505
QAT,2015,60.198
QAT,2014,57.307
QAT,2013,51.906
QAT,2012,54.766
QAT,2011,54.45
QAT,2010,54.402
QAT,2009,51.156
QAT,2007,51.98
QAT,2004,44.275
ROU,2024,68.832
ROU,2023,67.776
ROU,2022,68.165
ROU,2021,66.385
ROU,2020,69.297
ROU,2019,69.712
ROU,2018,70.269
ROU,2017,71.014
ROU,2016,69.827
ROU,2015,70.146
ROU,2014,71.923
ROU,2013,72.186
ROU,2012,72.678
ROU,2011,73.445
ROU,2010,71.925
ROU,2009,74.236
ROU,2008,74.572
ROU,2007,75.805
ROU,2006,76.388
ROU,2005,76.166
ROU,2004,77.289
ROU,2003,77.499
ROU,2002,79.18
ROU,2001,81.851
ROU,2000,81.821
RUS,2024,80.05
RUS,2023,79.726
RUS,2022,78.964
RUS,2021,78.53
RUS,2020,78.69
RUS,2019,78.408
RUS,2018,78.319
RUS,2017,78.048
RUS,2016,84.037
RUS,2015,83.985
RUS,2014,84.302
RUS,2013,84.294
RUS,2012,84.619
RUS,2011,84.63
RUS,2010,84.237
RUS,2009,85.193
RUS,2008,84.864
RUS,2007,86.239
RUS,2006,86.917
RUS,2005,86.5
RUS,2004,86.227
RUS,2003,85.905
RUS,2002,85.547
RUS,2001,84.058
RUS,2000,83.956
RWA,2024,80.983
RWA,2023,83.168
RWA,2022,82.696
RWA,2021,81.708
RWA,2020,81.8
RWA,2019,78.959
RWA,2018,80.54
RWA,2017,81.92
RWA,2014,100.332
RWA,2012,94.845
RWA,2005,104.059
RWA,2002,99.678
RWA,2000,103.686
WSM,2022,55.499
WSM,2018,51.286
WSM,2017,61.616
WSM,2014,61.174
WSM,2012,61.156
WSM,2011,39.99
WSM,2006,51.212
WSM,2001,47.673
SMR,2022,99.688
SMR,2021,99.845
SMR,2020,98.202
SMR,2019,98.553
SMR,2018,98.045
SMR,2017,96.805
SMR,2015,73.171
SMR,2003,67.886
SMR,2002,67.489
SMR,2001,66.43
STP,2017,92.339
STP,2006,69.218
STP,2000,53.859
SAU,2024,40.048
SAU,2023,41.414
SAU,2022,43.265
SAU,2021,43.647
SAU,2020,36.981
SAU,2019,30.599
SAU,2018,27.894
SAU,2017,25.627
SAU,2016,28.38
SAU,2015,27.577
SAU,2014,26.087
SAU,2013,25.652
SAU,2012,26.144
SAU,2011,25.833
SAU,2009,23.447
SAU,2008,23.929
SAU,2007,24.355
SAU,2006,24.994
SAU,2002,21.076
SAU,2001,20.869
SAU,2000,21.138
SEN,2024,52.858
SEN,2023,55.464
SEN,2022,54.105
SEN,2019,58.071
SEN,2017,62.375
SEN,2016,62.668
SEN,2015,59.478
SEN,2011,65.689
SEN,2006,49.396
SRB,2024,79.5
SRB,2023,78.634
SRB,2022,77.361
SRB,2021,76.202
SRB,2020,75.085
SRB,2019,75.096
SRB,2018,74.273
SRB,2017,74.41
SRB,2016,73.55
SRB,2015,72.067
SRB,2014,72.248
SRB,2013,70.819
SRB,2012,68.689
SRB,2011,68.359
SRB,2010,70.339
SRB,2009,71.723
SRB,2008,71.893
SRB,2007,71.701
SRB,2006,70.754
SRB,2005,70.794
SRB,2004,72.755
SYC,2024,94.387
SYC,2023,93.607
SYC,2020,94.969
SYC,2019,90.236
SYC,2018,93.188
SYC,2017,90.51
SYC,2016,90.59
SYC,2015,89.317
SYC,2014,90.898
SYC,2011,90.684
SLE,2018,91.055
SLE,2014,97.738
SLE,2004,99.412
SLE,2003,100.077
SGP,2024,84.281
SGP,2023,83.628
SGP,2022,82.296
SGP,2021,83.161
SGP,2020,81.149
SGP,2019,81.072
SGP,2018,79.577
SGP,2017,78.731
SGP,2016,79.26
SGP,2015,78.764
SGP,2014,77.239
SGP,2013,76.649
SGP,2012,75.928
SGP,2011,75.317
SGP,2010,73.804
SGP,2009,72.331
SGP,2008,73.104
SGP,2007,69.413
SGP,2006,71.204
SGP,2005,69.892
SGP,2004,67.776
SGP,2003,66.908
SGP,2002,65.531
SGP,2001,66.405
SGP,2000,70.354
SVK,2024,83.301
SVK,2023,83.539
SVK,2022,83.537
SVK,2021,83.047
SVK,2020,77.917
SVK,2019,77.373
SVK,2018,77.139
SVK,2017,77.794
SVK,2016,77.193
SVK,2015,76.53
SVK,2014,76.319
SVK,2013,74.897
SVK,2012,74.135
SVK,2011,73.703
SVK,2010,74.924
SVK,2009,73.864
SVK,2008,74.714
SVK,2007,74.641
SVK,2006,74.298
SVK,2005,75.096
SVK,2004,77.084
SVK,2003,77.83
SVK,2002,77.476
SVK,2001,77.801
SVK,2000,78.023
SVN,2024,84.905
SVN,2023,85.184
SVN,2022,85.312
SVN,2021,85.986
SVN,2020,85.247
SVN,2019,84.535
SVN,2018,84.007
SVN,2017,85.177
SVN,2016,84.813
SVN,2015,82.477
SVN,2014,82.51
SVN,2013,81.808
SVN,2012,82.832
SVN,2011,82.145
SVN,2010,81.582
SVN,2009,81.888
SVN,2008,81.58
SVN,2007,80.337
SVN,2006,81.117
SVN,2005,80.159
SVN,2004,80.668
SVN,2003,79.5
SVN,2002,80.214
SVN,2001,79.08
SVN,2000,80.575
SLB,2013,95.477
SLB,2009,98.031
SLB,2005,93.549
SOM,2022,44.367
SOM,2019,44.679
ZAF,2024,80.599
ZAF,2023,79.812
ZAF,2022,78.004
ZAF,2021,76.707
ZAF,2020,76.74
ZAF,2019,77.612
ZAF,2018,77.668
ZAF,2017,77.447
ZAF,2016,76.524
ZAF,2015,76.779
ZAF,2014,76.366
ZAF,2013,76.276
ZAF,2012,74.882
ZAF,2011,75.168
ZAF,2010,73.701
ZAF,2009,74.178
ZAF,2008,74.439
ZAF,2007,78.986
ZAF,2006,80.022
ZAF,2005,78.372
ZAF,2004,76.792
ZAF,2003,78.558
ZAF,2002,79.721
ZAF,2001,80.164
ZAF,2000,71.347
SSD,2008,93.519
ESP,2024,84.479
ESP,2023,84.66
ESP,2022,83.782
ESP,2021,83.811
ESP,2020,83.111
ESP,2019,83.062
ESP,2018,82.299
ESP,2017,82.417
ESP,2016,82.485
ESP,2015,81.939
ESP,2014,81.597
ESP,2013,81.346
ESP,2012,80.658
ESP,2011,79.031
ESP,2010,77.482
ESP,2009,75.859
ESP,2008,73.289
ESP,2007,71.5
ESP,2006,70.064
ESP,2005,68.265
ESP,2004,66.988
ESP,2003,65.312
ESP,2002,63.795
ESP,2001,60.553
ESP,2000,62.069
LKA,2023,45.577
LKA,2022,45.394
LKA,2021,44.666
LKA,2020,44.505
LKA,2019,47.166
LKA,2018,45.907
LKA,2017,49.051
LKA,2016,47.681
LKA,2015,47.927
LKA,2014,46.329
LKA,2013,47.105
LKA,2012,43.945
LKA,2011,46.223
LKA,2010,45.773
LKA,2009,49.135
LKA,2008,50.568
LKA,2007,48.529
LKA,2006,52.353
LKA,2005,45.568
LKA,2004,46.406
LKA,2003,46.314
LKA,2002,49.485
LKA,2001,48.187
LKA,2000,48.216
KNA,2001,88.186
LCA,2024,82.611
LCA,2023,82.703
LCA,2022,82.759
LCA,2021,87.049
LCA,2020,86.952
LCA,2019,87.705
LCA,2018,84.525
LCA,2017,84.978
LCA,2016,80.745
LCA,2013,84.047
LCA,2012,87.539
LCA,2011,85.009
LCA,2009,81.98
LCA,2008,79.76
LCA,2007,81.011
LCA,2006,88.218
LCA,2005,79.79
LCA,2004,83.74
LCA,2003,82.801
LCA,2001,70.988
LCA,2000,82.667
SDN,2022,23.266
SDN,2011,40.441
SDN,2009,31.507
SDN,2008,35.474
SUR,2016,67.334
SUR,2015,65.67
SUR,2014,66.168
SUR,2013,63.887
SUR,2012,67.936
SUR,2011,65.699
SUR,2010,61.957
SUR,2009,66.116
SWE,2024,92.051
SWE,2023,91.155
SWE,2022,90.439
SWE,2021,90.176
SWE,2020,92.51
SWE,2019,93.969
SWE,2018,93.885
SWE,2017,93.44
SWE,2016,93.592
SWE,2015,93.375
SWE,2014,92.487
SWE,2013,92.499
SWE,2012,92.329
SWE,2011,91.787
SWE,2010,90.828
SWE,2009,88.223
SWE,2008,87.704
SWE,2007,88.028
SWE,2006,87.634
SWE,2005,87.571
SWE,2004,87.883
SWE,2003,88.272
SWE,2002,87.979
SWE,2001,87.467
SWE,2000,87.526
CHE,2024,87.156
CHE,2023,85.868
CHE,2022,85.556
CHE,2021,85.768
CHE,2020,85.18
CHE,2019,85.518
CHE,2018,84.744
CHE,2017,84.071
CHE,2016,84.346
CHE,2015,83.913
CHE,2014,83.492
CHE,2013,82.417
CHE,2012,81.667
CHE,2011,81.053
CHE,2010,80.675
CHE,2009,81.824
CHE,2008,81.229
CHE,2007,79.106
CHE,2006,79.236
CHE,2005,79.018
CHE,2004,77.814
CHE,2003,77.441
CHE,2002,77.305
CHE,2001,76.002
CHE,2000,74.1
SYR,2011,20.787
SYR,2010,17.927
SYR,2009,18.168
SYR,2008,20.17
SYR,2007,19.136
SYR,2006,20.183
SYR,2003,24.624
SYR,2002,28.761
SYR,2001,25.597
SYR,2000,25.833
TJK,2016,39.877
TJK,2009,51.182
TJK,2004,70.618
TJK,2003,66.475
TZA,2024,91.542
TZA,2020,91.753
TZA,2014,90.933
TZA,2013,89.692
TZA,2012,89.38
TZA,2011,97.106
TZA,2010,95.588
TZA,2008,100.601
TZA,2006,97.192
TZA,2001,95.207
THA,2024,78.154
THA,2023,79.113
THA,2022,78.797
THA,2021,78.735
THA,2020,78.471
THA,2019,78.158
THA,2018,77.951
THA,2017,77.952
THA,2016,78.281
THA,2015,78.401
THA,2014,78.195
THA,2013,78.6
THA,2012,80.424
THA,2011,81.268
THA,2010,79.622
THA,2009,79.523
THA,2008,80.685
THA,2007,80.742
THA,2006,80.116
THA,2005,81.34
THA,2004,79.611
THA,2003,80.227
THA,2001,79.862
THA,2000,80.549
TLS,2022,77.899
TLS,2021,67.455
TLS,2016,84.527
TLS,2015,69.778
TLS,2013,67.312
TLS,2010,47.898
TLS,2007,62.206
TLS,2004,73.067
TLS,2001,48.567
TGO,2022,94.985
TGO,2019,92.76
TGO,2017,92.277
TGO,2015,124.007
TGO,2011,95.26
TGO,2010,100.277
TGO,2006,100.488
TON,2023,69.985
TON,2021,72.102
TON,2018,64.657
TON,2016,59.072
TON,2003,73.818
TTO,2024,75.444
TTO,2023,72.803
TTO,2022,75.795
TTO,2021,74.116
TTO,2020,73.244
TTO,2019,72.532
TTO,2016,71.899
TTO,2015,69.884
TTO,2014,71.49
TTO,2013,70.917
TTO,2012,71.102
TTO,2011,67.597
TTO,2010,68.731
TTO,2009,68.72
TTO,2008,70.509
TTO,2007,68.799
TTO,2006,71.109
TTO,2005,69.625
TTO,2004,67.553
TTO,2003,65.814
TTO,2002,63.653
TTO,2001,62.4
TTO,2000,62.419
TUN,2023,41.108
TUN,2022,41.921
TUN,2019,39.738
TUN,2017,38.801
TUN,2016,38.836
TUN,2015,37.851
TUN,2014,33.333
TUN,2013,36.518
TUN,2012,36.653
TUN,2011,35.478
TUN,2010,35.756
TUN,2009,36.095
TUN,2008,36.379
TUN,2007,36.176
TUN,2006,36.25
TUN,2005,34.803
TUN,2003,35.861
TUR,2024,51.134
TUR,2023,50.355
TUR,2022,49.159
TUR,2021,46.714
TUR,2020,45.307
TUR,2019,47.736
TUR,2018,47.034
TUR,2017,46.358
TUR,2016,45.091
TUR,2015,44.013
TUR,2014,42.472
TUR,2013,43.027
TUR,2012,41.521
TUR,2011,40.196
TUR,2010,39.02
TUR,2009,36.897
TUR,2008,34.903
TUR,2007,33.851
TUR,2006,33.756
TUR,2005,33.013
TUR,2004,33.189
TUR,2003,37.752
TUR,2002,38.993
TUR,2001,37.253
TUR,2000,36.037
TUV,2022,67.205
TUV,2017,66.416
TUV,2016,53.848
TUV,2010,81.242
TUV,2002,69.696
UGA,2021,88.461
UGA,2019,91.855
UGA,2017,92.314
UGA,2014,96.339
UGA,2013,94.987
UGA,2012,87.894
UGA,2011,94.6
UGA,2010,92.359
UGA,2009,97.424
UGA,2003,96.093
UGA,2002,98.675
UKR,2021,75.98
UKR,2020,75.887
UKR,2019,76.001
UKR,2018,82.204
UKR,2017,80.681
UKR,2016,80.906
UKR,2015,81.261
UKR,2014,81.019
UKR,2012,82.188
UKR,2011,82.744
UKR,2009,83.988
UKR,2008,82.406
UKR,2007,82.923
UKR,2006,83.194
UKR,2005,83.949
UKR,2004,86.271
UKR,2003,86.054
UKR,2002,85.953
UKR,2001,79.821
ARE,2024,59.974
ARE,2023,59.996
ARE,2022,61.838
ARE,2021,58.229
ARE,2020,69.514
ARE,2019,62.596
ARE,2018,56.674
ARE,2017,56.985
ARE,2016,54.935
ARE,2009,47.307
ARE,2008,46.794
ARE,2005,40.744
GBR,2024,88.762
GBR,2023,87.315
GBR,2022,87.53
GBR,2021,88.192
GBR,2020,87.264
GBR,2019,86.388
GBR,2018,84.927
GBR,2017,84.719
GBR,2016,84.125
GBR,2015,83.503
GBR,2014,83.248
GBR,2013,82.84
GBR,2012,82.023
GBR,2011,81.812
GBR,2010,81.345
GBR,2009,81.015
GBR,2008,80.087
GBR,2007,79.813
GBR,2006,80.004
GBR,2005,79.634
GBR,2004,79.269
GBR,2003,78.283
GBR,2002,78.683
GBR,2001,77.741
GBR,2000,77.182
USA,2024,84.612
USA,2023,84.166
USA,2022,83.549
USA,2021,82.976
USA,2020,83.059
USA,2019,83.044
USA,2018,82.656
USA,2017,82.577
USA,2016,82.095
USA,2015,82.081
USA,2014,82.316
USA,2013,82.042
USA,2012,82.219
USA,2011,82.446
USA,2010,82.354
USA,2009,82.269
USA,2008,81.52
USA,2007,80.996
USA,2006,80.806
USA,2005,80.814
USA,2004,80.686
USA,2003,80.95
USA,2002,80.459
USA,2001,80.312
USA,2000,80.126
URY,2024,76.806
URY,2023,77.03
URY,2022,77.968
URY,2021,79.639
URY,2020,79.055
URY,2019,78.135
URY,2018,77.588
URY,2017,76.88
URY,2016,76.486
URY,2015,75.681
URY,2014,75.154
URY,2013,73.506
URY,2012,75.515
URY,2011,74.699
URY,2010,73.617
URY,2009,73.278
URY,2008,73.048
URY,2007,71.112
URY,2006,70.375
URY,2005,71.135
URY,2004,69.249
URY,2003,70.592
URY,2002,69.53
URY,2001,70.311
URY,2000,67.674
UZB,2020,54.576
UZB,2019,82.904
UZB,2017,90.835
UZB,2016,90.13
UZB,2015,89.716
UZB,2014,89.05
UZB,2013,88.943
UZB,2012,87.626
UZB,2011,87.32
UZB,2010,89.2
UZB,2009,90.151
UZB,2006,91.547
UZB,2005,91.356
UZB,2004,93.303
UZB,2003,80.048
UZB,2002,78.176
VUT,2020,79.07
VUT,2019,85.328
VUT,2010,82.129
VUT,2009,76.997
VUT,2006,92.789
VEN,2020,64.975
VEN,2017,67.571
VEN,2016,63.801
VEN,2012,64.103
VEN,2011,63.584
VEN,2010,63.132
VEN,2009,63.686
VEN,2008,62.725
VEN,2007,62.524
VEN,2006,62.432
VEN,2005,62.21
VEN,2002,65.435
VEN,2001,63.475
VNM,2024,88.347
VNM,2023,88.613
VNM,2022,88.246
VNM,2021,87.687
VNM,2020,85.972
VNM,2019,86.978
VNM,2018,86.931
VNM,2017,88.133
VNM,2016,88.339
VNM,2015,88.179
VNM,2014,89.001
VNM,2013,88.968
VNM,2012,88.708
VNM,2011,88.083
VNM,2010,88.311
VNM,2009,88.881
VNM,2007,89.9
VNM,2004,89.548
VNM,2003,90.369
VNM,2002,90.551
VNM,2001,90.625
VNM,2000,90.407
PSE,2024,24.185
PSE,2022,26.263
PSE,2021,24.988
PSE,2020,24.747
PSE,2019,25.84
PSE,2018,25.164
PSE,2017,24.777
PSE,2016,24.548
PSE,2015,25.421
PSE,2014,24.192
PSE,2013,23.102
PSE,2012,23.82
PSE,2011,23.064
PSE,2010,21.077
PSE,2009,22.422
PSE,2008,22.776
PSE,2007,23.007
PSE,2006,21.027
PSE,2005,19.706
PSE,2004,20.152
PSE,2003,19.19
PSE,2002,16.289
PSE,2001,15.899
PSE,2000,18.247
YEM,2014,9.23
YEM,2010,14.856
YEM,2009,13.479
YEM,2008,13.655
YEM,2007,13.757
YEM,2006,13.838
YEM,2005,13.953
YEM,2004,14.035
ZMB,2023,83.179
ZMB,2022,82.655
ZMB,2021,81.652
ZMB,2020,80.523
ZMB,2019,77.66
ZMB,2018,80.161
ZMB,2017,81.294
ZMB,2015,77.708
ZMB,2010,90.091
ZMB,2000,66.99
ZWE,2024,79.222
ZWE,2023,83.522
ZWE,2022,83.313
ZWE,2021,83.854
ZWE,2019,84.435
ZWE,2014,89.716
ZWE,2012,75.69
ZWE,2011,87.941
ZWE,2004,87.724
