Code,Year,Value
AFG,2000,55.0047
AFG,2001,55.5113
AFG,2002,56.2251
AFG,2003,57.1713
AFG,2004,57.8098
AFG,2005,58.2468
AFG,2006,58.5533
AFG,2007,58.9563
AFG,2008,59.7081
AFG,2009,60.2478
AFG,2010,60.7018
AFG,2011,61.2503
AFG,2012,61.7349
AFG,2013,62.1878
AFG,2014,62.2599
AFG,2015,62.2695
AFG,2016,62.6459
AFG,2017,62.4062
AFG,2018,62.4434
AFG,2019,62.9411
AFG,2020,61.4537
AFG,2021,60.4174
AFG,2022,65.617
AFG,2023,66.0346
OWID_AFR,2000,53.667
OWID_AFR,2001,54.006
OWID_AFR,2002,54.3921
OWID_AFR,2003,54.8416
OWID_AFR,2004,55.3428
OWID_AFR,2005,55.8494
OWID_AFR,2006,56.4629
OWID_AFR,2007,57.0818
OWID_AFR,2008,57.6655
OWID_AFR,2009,57.7517
OWID_AFR,2010,58.7703
OWID_AFR,2011,58.9598
OWID_AFR,2012,59.8046
OWID_AFR,2013,60.2673
OWID_AFR,2014,60.4728
OWID_AFR,2015,60.8437
OWID_AFR,2016,61.2078
OWID_AFR,2017,61.514
OWID_AFR,2018,62.1674
OWID_AFR,2019,62.449
OWID_AFR,2020,62.2572
OWID_AFR,2021,61.7866
OWID_AFR,2022,62.9205
OWID_AFR,2023,63.8428
ALB,2000,74.8262
ALB,2001,75.083
ALB,2002,75.2987
ALB,2003,75.5566
ALB,2004,75.9515
ALB,2005,76.4266
ALB,2006,76.9943
ALB,2007,77.6907
ALB,2008,78.2484
ALB,2009,78.5088
ALB,2010,78.4141
ALB,2011,78.3029
ALB,2012,78.0836
ALB,2013,77.9951
ALB,2014,78.0291
ALB,2015,78.358
ALB,2016,78.6433
ALB,2017,78.9003
ALB,2018,79.2377
ALB,2019,79.4669
ALB,2020,77.8241
ALB,2021,76.8442
ALB,2022,78.7688
ALB,2023,79.6019
DZA,2000,70.5759
DZA,2001,71.0245
DZA,2002,71.6437
DZA,2003,71.9064
DZA,2004,72.5359
DZA,2005,72.836
DZA,2006,73.1164
DZA,2007,73.346
DZA,2008,73.6181
DZA,2009,73.8711
DZA,2010,74.1435
DZA,2011,74.3834
DZA,2012,74.6086
DZA,2013,74.8095
DZA,2014,74.9923
DZA,2015,75.1589
DZA,2016,75.3099
DZA,2017,75.4313
DZA,2018,75.5554
DZA,2019,75.6818
DZA,2020,73.2568
DZA,2021,75.2077
DZA,2022,76.1289
DZA,2023,76.261
ASM,2000,71.4429
ASM,2001,71.5734
ASM,2002,71.7547
ASM,2003,71.6979
ASM,2004,72.2768
ASM,2005,72.3817
ASM,2006,72.3975
ASM,2007,72.3649
ASM,2008,72.43
ASM,2009,70.8391
ASM,2010,72.5866
ASM,2011,72.6621
ASM,2012,72.7093
ASM,2013,72.7692
ASM,2014,72.6873
ASM,2015,72.6543
ASM,2016,72.6399
ASM,2017,72.8009
ASM,2018,72.794
ASM,2019,72.7511
ASM,2020,72.6717
ASM,2021,72.708
ASM,2022,72.7521
ASM,2023,72.8518
AND,2000,81.8633
AND,2001,82.1618
AND,2002,82.4485
AND,2003,82.7183
AND,2004,82.8153
AND,2005,83.086
AND,2006,83.3745
AND,2007,83.6324
AND,2008,83.8546
AND,2009,84.0997
AND,2010,84.1974
AND,2011,84.2965
AND,2012,84.3339
AND,2013,84.4065
AND,2014,84.4853
AND,2015,84.5316
AND,2016,84.4885
AND,2017,84.3595
AND,2018,84.2416
AND,2019,84.098
AND,2020,79.4177
AND,2021,82.3311
AND,2022,84.0164
AND,2023,84.0406
AGO,2000,46.5005
AGO,2001,47.0323
AGO,2002,47.8736
AGO,2003,50.218
AGO,2004,51.1225
AGO,2005,52.1295
AGO,2006,52.9647
AGO,2007,54.2001
AGO,2008,55.2809
AGO,2009,56.2251
AGO,2010,57.242
AGO,2011,58.0931
AGO,2012,58.916
AGO,2013,59.7048
AGO,2014,60.3956
AGO,2015,61.042
AGO,2016,61.6189
AGO,2017,62.1221
AGO,2018,62.6219
AGO,2019,63.0511
AGO,2020,63.1164
AGO,2021,62.9581
AGO,2022,64.2455
AGO,2023,64.617
AIA,2000,75.1471
AIA,2001,75.3965
AIA,2002,75.6564
AIA,2003,75.8948
AIA,2004,76.1355
AIA,2005,76.3362
AIA,2006,76.5687
AIA,2007,76.7519
AIA,2008,76.9019
AIA,2009,77.0431
AIA,2010,77.2078
AIA,2011,77.3048
AIA,2012,77.4058
AIA,2013,77.6236
AIA,2014,77.6962
AIA,2015,77.7411
AIA,2016,77.8764
AIA,2017,77.1738
AIA,2018,78.2359
AIA,2019,78.4253
AIA,2020,78.6562
AIA,2021,78.4144
AIA,2022,79.1194
AIA,2023,79.3115
ATG,2000,74.8191
ATG,2001,75.1082
ATG,2002,75.237
ATG,2003,75.3125
ATG,2004,75.3295
ATG,2005,75.3638
ATG,2006,75.5059
ATG,2007,75.72
ATG,2008,76.0753
ATG,2009,76.3856
ATG,2010,76.7013
ATG,2011,77.0227
ATG,2012,77.1
ATG,2013,77.0496
ATG,2014,76.9122
ATG,2015,76.8924
ATG,2016,76.9684
ATG,2017,77.0296
ATG,2018,77.1325
ATG,2019,77.1681
ATG,2020,77.1613
ATG,2021,77.197
ATG,2022,77.4833
ATG,2023,77.5976
ARG,2000,73.91
ARG,2001,74.1542
ARG,2002,74.3122
ARG,2003,74.3073
ARG,2004,74.8713
ARG,2005,75.2306
ARG,2006,75.2791
ARG,2007,74.7827
ARG,2008,75.4281
ARG,2009,75.5773
ARG,2010,75.68
ARG,2011,76.0998
ARG,2012,75.8024
ARG,2013,75.8292
ARG,2014,76.2678
ARG,2015,76.5995
ARG,2016,76.105
ARG,2017,76.5434
ARG,2018,76.7698
ARG,2019,76.8475
ARG,2020,75.8781
ARG,2021,73.9485
ARG,2022,75.8061
ARG,2023,77.3947
ARM,2000,70.8123
ARM,2001,71.1744
ARM,2002,71.4859
ARM,2003,71.7343
ARM,2004,71.9262
ARM,2005,72.0822
ARM,2006,72.2188
ARM,2007,72.3589
ARM,2008,72.5193
ARM,2009,72.7136
ARM,2010,72.9381
ARM,2011,73.1852
ARM,2012,73.4396
ARM,2013,73.7131
ARM,2014,73.98
ARM,2015,74.229
ARM,2016,74.4937
ARM,2017,74.7441
ARM,2018,74.9783
ARM,2019,75.1931
ARM,2020,68.8898
ARM,2021,72.5524
ARM,2022,74.6333
ARM,2023,75.6827
ABW,2000,72.9393
ABW,2001,73.0437
ABW,2002,73.1355
ABW,2003,73.2362
ABW,2004,73.223
ABW,2005,73.4152
ABW,2006,73.4984
ABW,2007,73.6421
ABW,2008,73.7833
ABW,2009,73.9738
ABW,2010,74.2973
ABW,2011,74.5776
ABW,2012,74.8415
ABW,2013,75.0718
ABW,2014,75.261
ABW,2015,75.4054
ABW,2016,75.5398
ABW,2017,75.6203
ABW,2018,75.8797
ABW,2019,76.0193
ABW,2020,75.4061
ABW,2021,73.655
ABW,2022,76.2258
ABW,2023,76.353
OWID_ASI,2000,67.6072
OWID_ASI,2001,67.994
OWID_ASI,2002,68.4026
OWID_ASI,2003,68.7985
OWID_ASI,2004,69.0323
OWID_ASI,2005,69.497
OWID_ASI,2006,69.9086
OWID_ASI,2007,70.3012
OWID_ASI,2008,70.5006
OWID_ASI,2009,71.0089
OWID_ASI,2010,71.3792
OWID_ASI,2011,71.6838
OWID_ASI,2012,72.042
OWID_ASI,2013,72.3591
OWID_ASI,2014,72.7056
OWID_ASI,2015,72.9697
OWID_ASI,2016,73.2724
OWID_ASI,2017,73.4919
OWID_ASI,2018,73.7937
OWID_ASI,2019,74.0468
OWID_ASI,2020,73.6064
OWID_ASI,2021,72.3714
OWID_ASI,2022,74.4278
OWID_ASI,2023,74.5661
AUS,2000,79.6207
AUS,2001,80.006
AUS,2002,80.0515
AUS,2003,80.4396
AUS,2004,80.7334
AUS,2005,81.0923
AUS,2006,81.2581
AUS,2007,81.2324
AUS,2008,81.4267
AUS,2009,81.7283
AUS,2010,82.0132
AUS,2011,82.0911
AUS,2012,82.2966
AUS,2013,82.5511
AUS,2014,82.5182
AUS,2015,82.605
AUS,2016,82.8014
AUS,2017,82.7184
AUS,2018,83.2582
AUS,2019,83.2412
AUS,2020,83.6639
AUS,2021,83.564
AUS,2022,82.7662
AUS,2023,83.9228
AUT,2000,78.235
AUT,2001,78.7184
AUT,2002,78.8464
AUT,2003,78.8491
AUT,2004,79.3624
AUT,2005,79.5202
AUT,2006,79.9648
AUT,2007,80.1664
AUT,2008,80.3633
AUT,2009,80.2064
AUT,2010,80.4634
AUT,2011,80.8281
AUT,2012,80.8407
AUT,2013,81.078
AUT,2014,81.39
AUT,2015,81.1592
AUT,2016,81.5922
AUT,2017,81.6387
AUT,2018,81.6859
AUT,2019,81.9072
AUT,2020,81.8037
AUT,2021,81.8204
AUT,2022,81.2959
AUT,2023,81.9559
AZE,2000,65.3772
AZE,2001,66.0429
AZE,2002,66.769
AZE,2003,67.036
AZE,2004,67.4882
AZE,2005,67.7103
AZE,2006,68.489
AZE,2007,68.6587
AZE,2008,69.355
AZE,2009,69.8743
AZE,2010,70.3088
AZE,2011,70.5651
AZE,2012,71.0799
AZE,2013,71.4849
AZE,2014,71.9304
AZE,2015,72.3486
AZE,2016,72.5678
AZE,2017,72.6943
AZE,2018,73.0156
AZE,2019,73.29
AZE,2020,70.3116
AZE,2021,70.9994
AZE,2022,74.125
AZE,2023,74.4286
BHS,2000,72.4812
BHS,2001,72.7654
BHS,2002,73.0234
BHS,2003,73.2126
BHS,2004,73.235
BHS,2005,73.4132
BHS,2006,73.4558
BHS,2007,73.4628
BHS,2008,73.4454
BHS,2009,73.4551
BHS,2010,73.4487
BHS,2011,73.5712
BHS,2012,73.7069
BHS,2013,73.9304
BHS,2014,74.0286
BHS,2015,73.8047
BHS,2016,74.0421
BHS,2017,74.0314
BHS,2018,74.062
BHS,2019,71.4084
BHS,2020,72.9936
BHS,2021,70.752
BHS,2022,74.4911
BHS,2023,74.5518
BHR,2000,74.6726
BHR,2001,74.9419
BHR,2002,75.2086
BHR,2003,75.4857
BHR,2004,75.7869
BHR,2005,76.1249
BHR,2006,76.5101
BHR,2007,76.9519
BHR,2008,77.4565
BHR,2009,78.0162
BHR,2010,78.5933
BHR,2011,79.1409
BHR,2012,79.6218
BHR,2013,79.9981
BHR,2014,80.2139
BHR,2015,80.3378
BHR,2016,80.407
BHR,2017,80.4067
BHR,2018,80.4118
BHR,2019,80.4706
BHR,2020,78.6833
BHR,2021,78.0826
BHR,2022,80.9921
BHR,2023,81.2835
BGD,2000,62.0487
BGD,2001,62.8358
BGD,2002,63.5914
BGD,2003,64.2877
BGD,2004,64.9118
BGD,2005,65.5087
BGD,2006,66.0479
BGD,2007,66.4578
BGD,2008,67.0471
BGD,2009,67.5269
BGD,2010,68.0091
BGD,2011,68.4988
BGD,2012,68.9894
BGD,2013,69.4874
BGD,2014,70.0162
BGD,2015,70.5429
BGD,2016,71.0752
BGD,2017,71.6056
BGD,2018,72.1217
BGD,2019,72.6254
BGD,2020,71.4211
BGD,2021,71.1035
BGD,2022,74.2647
BGD,2023,74.6723
BRB,2000,74.5803
BRB,2001,74.7065
BRB,2002,74.8203
BRB,2003,74.8653
BRB,2004,75.1499
BRB,2005,74.9602
BRB,2006,75.0485
BRB,2007,75.2625
BRB,2008,75.3002
BRB,2009,75.4582
BRB,2010,75.4882
BRB,2011,75.5985
BRB,2012,75.7373
BRB,2013,75.816
BRB,2014,75.9263
BRB,2015,76.0546
BRB,2016,76.1681
BRB,2017,76.2365
BRB,2018,76.3784
BRB,2019,76.4951
BRB,2020,76.6465
BRB,2021,76.5797
BRB,2022,75.6761
BRB,2023,76.1782
BLR,2000,68.4637
BLR,2001,68.4351
BLR,2002,68.2983
BLR,2003,68.4289
BLR,2004,68.6879
BLR,2005,68.9822
BLR,2006,69.436
BLR,2007,69.9855
BLR,2008,70.3485
BLR,2009,70.4088
BLR,2010,70.5005
BLR,2011,71.0679
BLR,2012,71.8
BLR,2013,72.6808
BLR,2014,73.245
BLR,2015,73.7607
BLR,2016,74.1532
BLR,2017,74.3618
BLR,2018,74.3344
BLR,2019,74.2555
BLR,2020,72.269
BLR,2021,72.2206
BLR,2022,74.3612
BLR,2023,74.4339
BEL,2000,77.7684
BEL,2001,78.0824
BEL,2002,78.1678
BEL,2003,78.3203
BEL,2004,78.9605
BEL,2005,79.0532
BEL,2006,79.3894
BEL,2007,79.5284
BEL,2008,79.5793
BEL,2009,79.8489
BEL,2010,80.04
BEL,2011,80.3664
BEL,2012,80.2604
BEL,2013,80.4668
BEL,2014,81.0802
BEL,2015,80.8889
BEL,2016,81.2647
BEL,2017,81.3624
BEL,2018,81.4805
BEL,2019,81.8353
BEL,2020,80.7977
BEL,2021,81.6591
BEL,2022,81.1589
BEL,2023,82.115
BLZ,2000,68.9108
BLZ,2001,68.944
BLZ,2002,69.5285
BLZ,2003,69.8185
BLZ,2004,70.1521
BLZ,2005,70.3347
BLZ,2006,70.5352
BLZ,2007,70.6524
BLZ,2008,70.6651
BLZ,2009,70.8058
BLZ,2010,70.8753
BLZ,2011,70.9755
BLZ,2012,71.1342
BLZ,2013,71.2757
BLZ,2014,71.4372
BLZ,2015,71.6467
BLZ,2016,71.8433
BLZ,2017,72.062
BLZ,2018,72.3215
BLZ,2019,72.5766
BLZ,2020,71.5801
BLZ,2021,70.917
BLZ,2022,72.1904
BLZ,2023,73.5656
BEN,2000,56.5945
BEN,2001,56.6542
BEN,2002,56.851
BEN,2003,57.0924
BEN,2004,57.3465
BEN,2005,57.7384
BEN,2006,57.9659
BEN,2007,58.2488
BEN,2008,58.099
BEN,2009,58.258
BEN,2010,58.3873
BEN,2011,58.4618
BEN,2012,58.5585
BEN,2013,58.8634
BEN,2014,59.0082
BEN,2015,59.1233
BEN,2016,59.2826
BEN,2017,59.5278
BEN,2018,59.7097
BEN,2019,59.8875
BEN,2020,60.154
BEN,2021,59.6103
BEN,2022,60.4751
BEN,2023,60.7738
BMU,2000,78.2508
BMU,2001,78.6366
BMU,2002,78.8406
BMU,2003,78.7147
BMU,2004,78.8981
BMU,2005,78.8737
BMU,2006,78.8695
BMU,2007,79.0056
BMU,2008,79.1011
BMU,2009,79.2293
BMU,2010,79.4139
BMU,2011,79.6515
BMU,2012,79.8475
BMU,2013,80.0156
BMU,2014,80.1986
BMU,2015,80.3378
BMU,2016,80.4761
BMU,2017,80.6861
BMU,2018,80.9856
BMU,2019,81.2507
BMU,2020,81.4562
BMU,2021,81.7451
BMU,2022,82.0616
BMU,2023,82.3089
BTN,2000,61.8417
BTN,2001,63.3226
BTN,2002,63.984
BTN,2003,64.6619
BTN,2004,65.2898
BTN,2005,65.8746
BTN,2006,66.4992
BTN,2007,67.1518
BTN,2008,67.7329
BTN,2009,68.1565
BTN,2010,68.7648
BTN,2011,69.2802
BTN,2012,69.7589
BTN,2013,70.1611
BTN,2014,70.5035
BTN,2015,70.7971
BTN,2016,71.1193
BTN,2017,71.4127
BTN,2018,71.7113
BTN,2019,72.0049
BTN,2020,72.2531
BTN,2021,72.4482
BTN,2022,72.754
BTN,2023,72.9753
BOL,2000,62.0572
BOL,2001,62.5381
BOL,2002,63.0676
BOL,2003,63.4553
BOL,2004,63.8186
BOL,2005,64.1822
BOL,2006,64.529
BOL,2007,64.9386
BOL,2008,65.2987
BOL,2009,65.6555
BOL,2010,66.0033
BOL,2011,66.2816
BOL,2012,66.5858
BOL,2013,66.7773
BOL,2014,66.9697
BOL,2015,67.2052
BOL,2016,67.3925
BOL,2017,67.5357
BOL,2018,67.6992
BOL,2019,67.8198
BOL,2020,62.906
BOL,2021,61.4268
BOL,2022,67.4342
BOL,2023,68.5814
BES,2000,76.088
BES,2001,75.5183
BES,2002,75.8828
BES,2003,75.7147
BES,2004,75.538
BES,2005,75.868
BES,2006,76.0728
BES,2007,76.1089
BES,2008,76.5511
BES,2009,76.5394
BES,2010,76.7429
BES,2011,76.3668
BES,2012,76.1875
BES,2013,76.1863
BES,2014,76.9465
BES,2015,77.7542
BES,2016,77.3659
BES,2017,77.6048
BES,2018,77.1027
BES,2019,77.2373
BES,2020,77.213
BES,2021,77.8843
BES,2022,78.1545
BES,2023,77.4355
BIH,2000,75.292
BIH,2001,75.5725
BIH,2002,75.9938
BIH,2003,76.4487
BIH,2004,76.4891
BIH,2005,76.4243
BIH,2006,76.0275
BIH,2007,76.1618
BIH,2008,76.3005
BIH,2009,76.7013
BIH,2010,76.827
BIH,2011,76.9632
BIH,2012,77.0365
BIH,2013,77.1292
BIH,2014,77.089
BIH,2015,77.0733
BIH,2016,77.1241
BIH,2017,77.3855
BIH,2018,77.9425
BIH,2019,77.3939
BIH,2020,76.0395
BIH,2021,74.5673
BIH,2022,76.7772
BIH,2023,77.8504
BWA,2000,52.2631
BWA,2001,52.2104
BWA,2002,52.3733
BWA,2003,52.8508
BWA,2004,53.5729
BWA,2005,54.3862
BWA,2006,55.1119
BWA,2007,56.7351
BWA,2008,57.6607
BWA,2009,58.2975
BWA,2010,59.1373
BWA,2011,59.7149
BWA,2012,60.3844
BWA,2013,61.2167
BWA,2014,62.1675
BWA,2015,63.215
BWA,2016,64.3199
BWA,2017,65.4203
BWA,2018,66.3709
BWA,2019,67.1668
BWA,2020,67.6426
BWA,2021,63.3025
BWA,2022,68.7487
BWA,2023,69.1631
BRA,2000,69.5842
BRA,2001,69.98
BRA,2002,70.3958
BRA,2003,70.8841
BRA,2004,71.3611
BRA,2005,71.8319
BRA,2006,72.2963
BRA,2007,72.7297
BRA,2008,73.1109
BRA,2009,73.4569
BRA,2010,73.779
BRA,2011,74.0473
BRA,2012,74.3346
BRA,2013,74.6093
BRA,2014,74.8225
BRA,2015,75.1064
BRA,2016,75.0805
BRA,2017,75.3835
BRA,2018,75.6335
BRA,2019,75.8093
BRA,2020,74.5058
BRA,2021,73.0377
BRA,2022,74.8719
BRA,2023,75.8482
VGB,2000,74.753
VGB,2001,74.8308
VGB,2002,74.9708
VGB,2003,75.1831
VGB,2004,75.4043
VGB,2005,75.5694
VGB,2006,75.7453
VGB,2007,75.8932
VGB,2008,76.0696
VGB,2009,76.205
VGB,2010,76.2892
VGB,2011,76.363
VGB,2012,76.4335
VGB,2013,76.4721
VGB,2014,76.5271
VGB,2015,76.5582
VGB,2016,76.6242
VGB,2017,75.6699
VGB,2018,76.7281
VGB,2019,76.8452
VGB,2020,76.8941
VGB,2021,75.297
VGB,2022,77.177
VGB,2023,77.2758
BRN,2000,74.0169
BRN,2001,74.2089
BRN,2002,74.3652
BRN,2003,74.5091
BRN,2004,74.6033
BRN,2005,74.6831
BRN,2006,74.7534
BRN,2007,74.793
BRN,2008,74.8138
BRN,2009,74.8144
BRN,2010,74.8195
BRN,2011,74.8355
BRN,2012,74.8428
BRN,2013,74.8544
BRN,2014,74.862
BRN,2015,74.8802
BRN,2016,74.9054
BRN,2017,74.9429
BRN,2018,74.9915
BRN,2019,75.049
BRN,2020,75.1138
BRN,2021,74.8692
BRN,2022,72.9171
BRN,2023,75.3266
BGR,2000,71.5746
BGR,2001,71.8788
BGR,2002,72.128
BGR,2003,72.3727
BGR,2004,72.5754
BGR,2005,72.5591
BGR,2006,72.6899
BGR,2007,73.008
BGR,2008,73.3385
BGR,2009,73.6808
BGR,2010,73.814
BGR,2011,74.1693
BGR,2012,74.3373
BGR,2013,74.8277
BGR,2014,74.4664
BGR,2015,74.6208
BGR,2016,74.8271
BGR,2017,74.7977
BGR,2018,74.9325
BGR,2019,75.0874
BGR,2020,73.5992
BGR,2021,71.4137
BGR,2022,74.0342
BGR,2023,75.6363
BFA,2000,50.8081
BFA,2001,51.1884
BFA,2002,51.4475
BFA,2003,51.9586
BFA,2004,52.5999
BFA,2005,53.271
BFA,2006,53.7837
BFA,2007,54.3768
BFA,2008,55.1985
BFA,2009,55.7909
BFA,2010,56.343
BFA,2011,57.0011
BFA,2012,57.4574
BFA,2013,57.9033
BFA,2014,58.3315
BFA,2015,58.7777
BFA,2016,59.1732
BFA,2017,59.5775
BFA,2018,59.9719
BFA,2019,60.1842
BFA,2020,60.4536
BFA,2021,60.0463
BFA,2022,60.7
BFA,2023,61.092
BDI,2000,47.6166
BDI,2001,48.5094
BDI,2002,49.9237
BDI,2003,50.997
BDI,2004,52.2171
BDI,2005,53.0529
BDI,2006,53.962
BDI,2007,54.8317
BDI,2008,55.5813
BDI,2009,56.4215
BDI,2010,57.0883
BDI,2011,57.8039
BDI,2012,58.5008
BDI,2013,59.1786
BDI,2014,59.7644
BDI,2015,60.1068
BDI,2016,60.7887
BDI,2017,61.3452
BDI,2018,61.8065
BDI,2019,62.1801
BDI,2020,62.5694
BDI,2021,62.1013
BDI,2022,62.8819
BDI,2023,63.6511
KHM,2000,59.4914
KHM,2001,60.4566
KHM,2002,61.3945
KHM,2003,62.3452
KHM,2004,63.2558
KHM,2005,64.1128
KHM,2006,64.8859
KHM,2007,65.5491
KHM,2008,66.1469
KHM,2009,66.7473
KHM,2010,67.3108
KHM,2011,67.8691
KHM,2012,68.3714
KHM,2013,68.7548
KHM,2014,69.1174
KHM,2015,69.3977
KHM,2016,69.6352
KHM,2017,69.8424
KHM,2018,69.9935
KHM,2019,70.1267
KHM,2020,70.0594
KHM,2021,69.3012
KHM,2022,70.528
KHM,2023,70.6675
CMR,2000,53.3376
CMR,2001,53.5983
CMR,2002,53.9219
CMR,2003,54.2528
CMR,2004,54.5782
CMR,2005,54.9042
CMR,2006,55.3014
CMR,2007,55.7101
CMR,2008,56.1164
CMR,2009,56.4855
CMR,2010,56.9652
CMR,2011,57.482
CMR,2012,58.1696
CMR,2013,58.7305
CMR,2014,59.1301
CMR,2015,59.6866
CMR,2016,60.2934
CMR,2017,60.8174
CMR,2018,61.1888
CMR,2019,61.6952
CMR,2020,61.6738
CMR,2021,61.1463
CMR,2022,62.4428
CMR,2023,63.6996
CAN,2000,79.233
CAN,2001,79.4494
CAN,2002,79.5658
CAN,2003,79.7363
CAN,2004,80.029
CAN,2005,80.131
CAN,2006,80.5398
CAN,2007,80.5422
CAN,2008,80.7304
CAN,2009,81.0648
CAN,2010,81.3363
CAN,2011,81.5133
CAN,2012,81.7037
CAN,2013,81.7852
CAN,2014,81.8373
CAN,2015,81.9084
CAN,2016,82.0301
CAN,2017,81.9195
CAN,2018,81.9247
CAN,2019,82.2848
CAN,2020,81.6536
CAN,2021,81.976
CAN,2022,81.2493
CAN,2023,82.6302
CPV,2000,68.1167
CPV,2001,68.7073
CPV,2002,69.4471
CPV,2003,70.0058
CPV,2004,70.4988
CPV,2005,70.9365
CPV,2006,71.341
CPV,2007,71.487
CPV,2008,71.8877
CPV,2009,72.1424
CPV,2010,72.5066
CPV,2011,72.9131
CPV,2012,73.3148
CPV,2013,73.4812
CPV,2014,73.7885
CPV,2015,74.0963
CPV,2016,74.3504
CPV,2017,74.7103
CPV,2018,74.8397
CPV,2019,75.4486
CPV,2020,73.8177
CPV,2021,74.4235
CPV,2022,75.9068
CPV,2023,76.0587
CYM,2000,74.3779
CYM,2001,74.5295
CYM,2002,74.6095
CYM,2003,74.6388
CYM,2004,74.5957
CYM,2005,74.8632
CYM,2006,75.0002
CYM,2007,75.1518
CYM,2008,75.3859
CYM,2009,75.6706
CYM,2010,76.0687
CYM,2011,76.5618
CYM,2012,77.1205
CYM,2013,77.6516
CYM,2014,77.8646
CYM,2015,78.1191
CYM,2016,78.3669
CYM,2017,78.6149
CYM,2018,78.8355
CYM,2019,79.0516
CYM,2020,79.2299
CYM,2021,79.2996
CYM,2022,79.9841
CYM,2023,80.3576
CAF,2000,46.6095
CAF,2001,46.7338
CAF,2002,46.8395
CAF,2003,47.3059
CAF,2004,47.6964
CAF,2005,48.207
CAF,2006,48.6867
CAF,2007,49.3267
CAF,2008,49.8728
CAF,2009,14.6655
CAF,2010,46.8707
CAF,2011,50.107
CAF,2012,51.3355
CAF,2013,49.4871
CAF,2014,40.2652
CAF,2015,51.9338
CAF,2016,50.9988
CAF,2017,45.2315
CAF,2018,52.2973
CAF,2019,31.5302
CAF,2020,50.5959
CAF,2021,40.2791
CAF,2022,18.8177
CAF,2023,57.4077
TCD,2000,47.937
TCD,2001,48.3056
TCD,2002,48.3596
TCD,2003,48.6095
TCD,2004,48.6865
TCD,2005,48.86
TCD,2006,48.7467
TCD,2007,49.2102
TCD,2008,49.5034
TCD,2009,49.8275
TCD,2010,50.1067
TCD,2011,50.4258
TCD,2012,50.7651
TCD,2013,51.0508
TCD,2014,51.1411
TCD,2015,51.3196
TCD,2016,51.6027
TCD,2017,51.8747
TCD,2018,52.4467
TCD,2019,52.9927
TCD,2020,53.0818
TCD,2021,53.1362
TCD,2022,54.5275
TCD,2023,55.0692
CHL,2000,77.1276
CHL,2001,77.5798
CHL,2002,77.8397
CHL,2003,77.8841
CHL,2004,78.2765
CHL,2005,78.4589
CHL,2006,78.5328
CHL,2007,78.6519
CHL,2008,78.7518
CHL,2009,78.8901
CHL,2010,79.0954
CHL,2011,79.2357
CHL,2012,79.2211
CHL,2013,79.5509
CHL,2014,79.7137
CHL,2015,80.0079
CHL,2016,80.2949
CHL,2017,80.6096
CHL,2018,80.5594
CHL,2019,80.3243
CHL,2020,79.3488
CHL,2021,78.8764
CHL,2022,79.1762
CHL,2023,81.1667
CHN,2000,72.2885
CHN,2001,72.6755
CHN,2002,73.0339
CHN,2003,73.3853
CHN,2004,73.7274
CHN,2005,74.085
CHN,2006,74.4037
CHN,2007,74.7886
CHN,2008,74.8333
CHN,2009,75.3174
CHN,2010,75.6679
CHN,2011,75.8891
CHN,2012,76.2
CHN,2013,76.4521
CHN,2014,76.7143
CHN,2015,76.9755
CHN,2016,77.214
CHN,2017,77.2353
CHN,2018,77.709
CHN,2019,77.9396
CHN,2020,78.0191
CHN,2021,78.1166
CHN,2022,78.2021
CHN,2023,77.9529
COL,2000,70.905
COL,2001,71.1853
COL,2002,71.5366
COL,2003,72.3086
COL,2004,72.7605
COL,2005,73.1557
COL,2006,73.4974
COL,2007,73.7509
COL,2008,74.2057
COL,2009,74.5306
COL,2010,74.8757
COL,2011,75.1803
COL,2012,75.6106
COL,2013,75.8343
COL,2014,75.9497
COL,2015,76.0665
COL,2016,76.2285
COL,2017,76.4178
COL,2018,76.5791
COL,2019,76.7927
COL,2020,74.7565
COL,2021,72.6983
COL,2022,76.5081
COL,2023,77.7246
COM,2000,58.9407
COM,2001,59.5867
COM,2002,59.7228
COM,2003,60.2402
COM,2004,60.5567
COM,2005,60.8827
COM,2006,61.2291
COM,2007,61.4753
COM,2008,61.9548
COM,2009,62.3017
COM,2010,62.7473
COM,2011,63.1048
COM,2012,63.4626
COM,2013,63.8388
COM,2014,64.1427
COM,2015,64.4727
COM,2016,64.7916
COM,2017,65.1272
COM,2018,65.4009
COM,2019,65.6622
COM,2020,65.7559
COM,2021,65.2009
COM,2022,66.4806
COM,2023,66.7768
COG,2000,55.3706
COG,2001,55.8849
COG,2002,56.414
COG,2003,57.1313
COG,2004,57.9574
COG,2005,58.7302
COG,2006,59.474
COG,2007,60.0502
COG,2008,60.7903
COG,2009,61.2148
COG,2010,61.7311
COG,2011,62.2862
COG,2012,62.6616
COG,2013,62.9689
COG,2014,63.3491
COG,2015,63.6622
COG,2016,63.9108
COG,2017,64.2028
COG,2018,64.472
COG,2019,63.1523
COG,2020,64.3907
COG,2021,64.1918
COG,2022,65.0003
COG,2023,65.772
COK,2000,69.8493
COK,2001,70.0852
COK,2002,70.3447
COK,2003,70.5785
COK,2004,70.874
COK,2005,71.1716
COK,2006,71.4493
COK,2007,71.7777
COK,2008,72.12
COK,2009,72.439
COK,2010,72.7522
COK,2011,73.0452
COK,2012,73.3241
COK,2013,73.6124
COK,2014,73.8314
COK,2015,74.0178
COK,2016,74.1646
COK,2017,74.3162
COK,2018,74.4407
COK,2019,74.5561
COK,2020,74.5139
COK,2021,74.5833
COK,2022,75.0787
COK,2023,75.2818
CRI,2000,77.3175
CRI,2001,77.609
CRI,2002,77.9394
CRI,2003,78.2142
CRI,2004,78.5116
CRI,2005,78.8766
CRI,2006,79.049
CRI,2007,79.0981
CRI,2008,79.1802
CRI,2009,79.3718
CRI,2010,79.354
CRI,2011,79.624
CRI,2012,79.925
CRI,2013,80.1892
CRI,2014,80.2313
CRI,2015,80.4069
CRI,2016,79.9879
CRI,2017,79.9944
CRI,2018,80.0896
CRI,2019,80.2963
CRI,2020,79.7252
CRI,2021,78.0501
CRI,2022,79.3164
CRI,2023,80.7995
CIV,2000,51.3927
CIV,2001,51.4284
CIV,2002,51.5441
CIV,2003,51.4432
CIV,2004,51.9392
CIV,2005,52.4324
CIV,2006,52.8853
CIV,2007,53.4517
CIV,2008,54.1794
CIV,2009,54.7441
CIV,2010,55.282
CIV,2011,55.9724
CIV,2012,56.5698
CIV,2013,57.0571
CIV,2014,57.7719
CIV,2015,58.2807
CIV,2016,58.8136
CIV,2017,59.3151
CIV,2018,59.7946
CIV,2019,60.2741
CIV,2020,60.1397
CIV,2021,60.2897
CIV,2022,61.5622
CIV,2023,61.9438
HRV,2000,74.0014
HRV,2001,74.3547
HRV,2002,74.6461
HRV,2003,74.7093
HRV,2004,75.2665
HRV,2005,75.5705
HRV,2006,75.6767
HRV,2007,75.886
HRV,2008,76.0009
HRV,2009,76.3127
HRV,2010,76.6761
HRV,2011,76.9926
HRV,2012,77.2841
HRV,2013,77.51
HRV,2014,77.5144
HRV,2015,77.6329
HRV,2016,77.6294
HRV,2017,77.7264
HRV,2018,77.8654
HRV,2019,78.197
HRV,2020,77.4972
HRV,2021,77.1412
HRV,2022,78.2779
HRV,2023,78.5803
CUB,2000,75.9224
CUB,2001,76.4287
CUB,2002,76.7655
CUB,2003,77.4048
CUB,2004,77.3261
CUB,2005,77.5401
CUB,2006,77.4055
CUB,2007,77.5503
CUB,2008,77.5891
CUB,2009,77.5835
CUB,2010,77.8757
CUB,2011,78.0506
CUB,2012,78.1618
CUB,2013,78.0279
CUB,2014,77.8245
CUB,2015,77.7453
CUB,2016,77.5706
CUB,2017,77.3003
CUB,2018,77.4259
CUB,2019,77.4133
CUB,2020,77.4075
CUB,2021,73.2006
CUB,2022,77.6291
CUB,2023,78.0855
CUW,2000,73.2829
CUW,2001,73.3602
CUW,2002,73.4722
CUW,2003,73.6031
CUW,2004,73.7354
CUW,2005,73.8731
CUW,2006,73.9777
CUW,2007,74.1368
CUW,2008,74.3137
CUW,2009,74.4853
CUW,2010,75.1167
CUW,2011,75.5757
CUW,2012,75.9604
CUW,2013,76.2386
CUW,2014,76.3837
CUW,2015,76.4823
CUW,2016,76.3222
CUW,2017,76.4226
CUW,2018,76.4929
CUW,2019,76.4917
CUW,2020,76.5011
CUW,2021,75.6857
CUW,2022,76.7287
CUW,2023,76.7996
CYP,2000,77.9
CYP,2001,78.1848
CYP,2002,78.7582
CYP,2003,78.9081
CYP,2004,79.0067
CYP,2005,79.1975
CYP,2006,79.4561
CYP,2007,79.7982
CYP,2008,79.9063
CYP,2009,80.3749
CYP,2010,80.6325
CYP,2011,80.8546
CYP,2012,81.1284
CYP,2013,81.3165
CYP,2014,81.3373
CYP,2015,81.4637
CYP,2016,81.5341
CYP,2017,81.5431
CYP,2018,81.5558
CYP,2019,81.4543
CYP,2020,81.2302
CYP,2021,80.5735
CYP,2022,80.4337
CYP,2023,81.648
CZE,2000,74.9781
CZE,2001,75.3141
CZE,2002,75.4424
CZE,2003,75.3959
CZE,2004,75.9416
CZE,2005,76.1561
CZE,2006,76.708
CZE,2007,76.9189
CZE,2008,77.1722
CZE,2009,77.2578
CZE,2010,77.5677
CZE,2011,77.8144
CZE,2012,77.9977
CZE,2013,78.169
CZE,2014,78.7439
CZE,2015,78.5609
CZE,2016,78.9744
CZE,2017,78.926
CZE,2018,78.9612
CZE,2019,79.1853
CZE,2020,78.237
CZE,2021,77.2342
CZE,2022,79.1648
CZE,2023,79.8341
COD,2000,51.8871
COD,2001,52.2054
COD,2002,52.3712
COD,2003,52.9519
COD,2004,53.5341
COD,2005,54.0014
COD,2006,54.4977
COD,2007,54.9543
COD,2008,55.3884
COD,2009,55.7981
COD,2010,56.4111
COD,2011,56.9106
COD,2012,57.3502
COD,2013,57.7953
COD,2014,58.2355
COD,2015,58.6576
COD,2016,59.0814
COD,2017,59.4952
COD,2018,59.9265
COD,2019,60.2425
COD,2020,60.4283
COD,2021,60.0444
COD,2022,60.9789
COD,2023,61.895
DNK,2000,76.8152
DNK,2001,76.9736
DNK,2002,77.0989
DNK,2003,77.4012
DNK,2004,77.7853
DNK,2005,78.2259
DNK,2006,78.2234
DNK,2007,78.3494
DNK,2008,78.7144
DNK,2009,78.9574
DNK,2010,79.2473
DNK,2011,79.786
DNK,2012,80.0822
DNK,2013,80.3063
DNK,2014,80.6319
DNK,2015,80.7394
DNK,2016,80.8814
DNK,2017,81.1116
DNK,2018,80.9909
DNK,2019,81.4343
DNK,2020,81.5458
DNK,2021,81.4363
DNK,2022,81.2906
DNK,2023,81.9328
DJI,2000,56.7341
DJI,2001,57.5059
DJI,2002,57.8239
DJI,2003,58.0406
DJI,2004,58.1033
DJI,2005,58.5483
DJI,2006,58.9617
DJI,2007,59.3617
DJI,2008,59.815
DJI,2009,60.3511
DJI,2010,60.7431
DJI,2011,61.3373
DJI,2012,61.7188
DJI,2013,62.1162
DJI,2014,62.4274
DJI,2015,62.8326
DJI,2016,63.335
DJI,2017,63.71
DJI,2018,64.1051
DJI,2019,64.3809
DJI,2020,64.2001
DJI,2021,63.8301
DJI,2022,65.5402
DJI,2023,65.9865
DMA,2000,71.7154
DMA,2001,71.8624
DMA,2002,71.9275
DMA,2003,71.9423
DMA,2004,71.9865
DMA,2005,72.0161
DMA,2006,72.0071
DMA,2007,71.9008
DMA,2008,71.9446
DMA,2009,71.8353
DMA,2010,71.6797
DMA,2011,71.5167
DMA,2012,71.3909
DMA,2013,71.2283
DMA,2014,71.1892
DMA,2015,69.9683
DMA,2016,71.1889
DMA,2017,68.6199
DMA,2018,71.3779
DMA,2019,71.3052
DMA,2020,71.2693
DMA,2021,69.8318
DMA,2022,71.0806
DMA,2023,71.1325
DOM,2000,70.3647
DOM,2001,70.5531
DOM,2002,70.7193
DOM,2003,70.8562
DOM,2004,70.7303
DOM,2005,71.0435
DOM,2006,71.0542
DOM,2007,71.0973
DOM,2008,71.3307
DOM,2009,71.5866
DOM,2010,72.0393
DOM,2011,72.4958
DOM,2012,72.8165
DOM,2013,73.0383
DOM,2014,73.1449
DOM,2015,72.9821
DOM,2016,72.8894
DOM,2017,73.3702
DOM,2018,73.5553
DOM,2019,73.1119
DOM,2020,72.6358
DOM,2021,71.7575
DOM,2022,74.2108
DOM,2023,73.7201
TLS,2000,58.0969
TLS,2001,58.7722
TLS,2002,59.4766
TLS,2003,60.1304
TLS,2004,60.7428
TLS,2005,61.2717
TLS,2006,61.8807
TLS,2007,62.3957
TLS,2008,62.8575
TLS,2009,63.2652
TLS,2010,63.6599
TLS,2011,64.0223
TLS,2012,64.3844
TLS,2013,64.7189
TLS,2014,65.0268
TLS,2015,65.3262
TLS,2016,65.6099
TLS,2017,65.8982
TLS,2018,66.2039
TLS,2019,66.4964
TLS,2020,66.9191
TLS,2021,66.1993
TLS,2022,67.3684
TLS,2023,67.6894
ECU,2000,72.0896
ECU,2001,72.5709
ECU,2002,73.1643
ECU,2003,73.632
ECU,2004,73.8676
ECU,2005,73.9092
ECU,2006,74.0104
ECU,2007,74.2259
ECU,2008,74.7085
ECU,2009,74.9011
ECU,2010,75.1876
ECU,2011,75.1794
ECU,2012,75.4857
ECU,2013,75.8322
ECU,2014,76.1409
ECU,2015,76.2219
ECU,2016,76.0942
ECU,2017,76.2197
ECU,2018,77.2484
ECU,2019,77.2862
ECU,2020,72.0036
ECU,2021,72.7465
ECU,2022,76.5767
ECU,2023,77.3924
EGY,2000,67.3323
EGY,2001,67.6118
EGY,2002,67.8456
EGY,2003,68.0451
EGY,2004,68.211
EGY,2005,68.3552
EGY,2006,68.4929
EGY,2007,68.6266
EGY,2008,68.7613
EGY,2009,68.915
EGY,2010,69.0782
EGY,2011,69.2322
EGY,2012,69.4643
EGY,2013,69.6317
EGY,2014,69.9112
EGY,2015,70.1346
EGY,2016,70.4367
EGY,2017,70.7086
EGY,2018,70.9741
EGY,2019,71.2128
EGY,2020,69.7897
EGY,2021,68.9759
EGY,2022,71.0097
EGY,2023,71.6335
SLV,2000,67.7114
SLV,2001,67.9645
SLV,2002,68.5264
SLV,2003,68.7918
SLV,2004,69.2948
SLV,2005,69.3356
SLV,2006,69.6123
SLV,2007,69.8195
SLV,2008,70.1378
SLV,2009,70.3586
SLV,2010,70.9088
SLV,2011,71.1918
SLV,2012,71.4201
SLV,2013,71.2251
SLV,2014,71.1442
SLV,2015,70.9524
SLV,2016,70.9081
SLV,2017,71.0074
SLV,2018,71.3836
SLV,2019,71.7253
SLV,2020,70.2436
SLV,2021,69.9414
SLV,2022,71.9695
SLV,2023,72.0993
GNQ,2000,53.3952
GNQ,2001,53.8271
GNQ,2002,54.3235
GNQ,2003,54.7913
GNQ,2004,55.3066
GNQ,2005,55.7659
GNQ,2006,56.3538
GNQ,2007,56.857
GNQ,2008,57.3841
GNQ,2009,57.881
GNQ,2010,58.3445
GNQ,2011,58.8268
GNQ,2012,59.3011
GNQ,2013,59.784
GNQ,2014,60.2279
GNQ,2015,60.6347
GNQ,2016,61.081
GNQ,2017,61.4808
GNQ,2018,61.9151
GNQ,2019,62.2965
GNQ,2020,62.1408
GNQ,2021,62.4468
GNQ,2022,63.3545
GNQ,2023,63.7071
ERI,2000,56.2852
ERI,2001,58.3587
ERI,2002,58.9406
ERI,2003,59.4551
ERI,2004,60.0625
ERI,2005,60.6276
ERI,2006,61.4567
ERI,2007,61.998
ERI,2008,62.422
ERI,2009,63.2029
ERI,2010,63.6653
ERI,2011,64.2314
ERI,2012,64.6965
ERI,2013,65.005
ERI,2014,65.5166
ERI,2015,65.9094
ERI,2016,66.242
ERI,2017,66.6115
ERI,2018,66.9787
ERI,2019,67.3061
ERI,2020,66.9802
ERI,2021,66.9396
ERI,2022,67.7892
ERI,2023,68.6239
EST,2000,71.0142
EST,2001,70.8336
EST,2002,71.3637
EST,2003,71.923
EST,2004,72.3751
EST,2005,73.0276
EST,2006,73.1995
EST,2007,73.1534
EST,2008,74.2787
EST,2009,75.1519
EST,2010,75.8816
EST,2011,76.3462
EST,2012,76.4159
EST,2013,77.252
EST,2014,77.1104
EST,2015,77.665
EST,2016,77.7631
EST,2017,78.1814
EST,2018,78.3339
EST,2019,78.7728
EST,2020,78.8929
EST,2021,77.4095
EST,2022,78.1674
EST,2023,79.1535
SWZ,2000,47.6273
SWZ,2001,46.3442
SWZ,2002,45.3799
SWZ,2003,44.6321
SWZ,2004,43.9064
SWZ,2005,43.9581
SWZ,2006,44.5628
SWZ,2007,45.1604
SWZ,2008,45.8527
SWZ,2009,46.9126
SWZ,2010,48.331
SWZ,2011,49.0568
SWZ,2012,50.7143
SWZ,2013,52.1102
SWZ,2014,53.4913
SWZ,2015,54.9407
SWZ,2016,56.2284
SWZ,2017,57.5742
SWZ,2018,58.7072
SWZ,2019,59.8496
SWZ,2020,59.8618
SWZ,2021,58.2284
SWZ,2022,63.0283
SWZ,2023,64.1227
ETH,2000,50.8802
ETH,2001,51.4276
ETH,2002,52.0851
ETH,2003,52.8773
ETH,2004,53.7349
ETH,2005,54.364
ETH,2006,55.4017
ETH,2007,56.5665
ETH,2008,57.7325
ETH,2009,58.715
ETH,2010,59.7094
ETH,2011,60.5947
ETH,2012,61.4426
ETH,2013,62.1613
ETH,2014,62.9272
ETH,2015,63.592
ETH,2016,64.1624
ETH,2017,64.7659
ETH,2018,65.2573
ETH,2019,65.7413
ETH,2020,65.9688
ETH,2021,65.3299
ETH,2022,66.8971
ETH,2023,67.315
OWID_EUR,2000,73.4418
OWID_EUR,2001,73.6194
OWID_EUR,2002,73.6257
OWID_EUR,2003,73.6757
OWID_EUR,2004,74.1495
OWID_EUR,2005,74.2867
OWID_EUR,2006,74.9033
OWID_EUR,2007,75.3079
OWID_EUR,2008,75.6092
OWID_EUR,2009,76.0592
OWID_EUR,2010,76.2025
OWID_EUR,2011,76.8703
OWID_EUR,2012,77.0615
OWID_EUR,2013,77.4116
OWID_EUR,2014,77.6754
OWID_EUR,2015,77.7767
OWID_EUR,2016,78.1705
OWID_EUR,2017,78.4613
OWID_EUR,2018,78.5281
OWID_EUR,2019,78.7588
OWID_EUR,2020,77.6514
OWID_EUR,2021,77.0357
OWID_EUR,2022,78.1827
OWID_EUR,2023,79.0594
FLK,2000,71.1332
FLK,2001,72.2665
FLK,2002,73.2425
FLK,2003,74.0341
FLK,2004,74.7009
FLK,2005,75.341
FLK,2006,75.9414
FLK,2007,76.4897
FLK,2008,76.9519
FLK,2009,77.3941
FLK,2010,77.7285
FLK,2011,77.98
FLK,2012,78.1911
FLK,2013,78.2954
FLK,2014,78.3551
FLK,2015,78.4296
FLK,2016,78.4831
FLK,2017,78.5113
FLK,2018,78.5577
FLK,2019,78.6131
FLK,2020,78.7753
FLK,2021,78.9882
FLK,2022,79.0448
FLK,2023,79.2132
FRO,2000,78.2507
FRO,2001,78.3251
FRO,2002,78.3664
FRO,2003,78.386
FRO,2004,78.3755
FRO,2005,78.365
FRO,2006,78.3887
FRO,2007,78.4389
FRO,2008,78.5182
FRO,2009,78.6199
FRO,2010,78.7314
FRO,2011,78.8897
FRO,2012,79.0224
FRO,2013,79.1536
FRO,2014,79.2999
FRO,2015,79.4259
FRO,2016,79.5745
FRO,2017,79.6943
FRO,2018,79.8121
FRO,2019,79.9058
FRO,2020,79.9822
FRO,2021,79.7923
FRO,2022,79.2637
FRO,2023,80.1792
FJI,2000,66.1937
FJI,2001,66.2047
FJI,2002,65.4923
FJI,2003,65.6531
FJI,2004,65.8405
FJI,2005,65.9826
FJI,2006,66.1258
FJI,2007,66.1612
FJI,2008,66.3199
FJI,2009,66.3466
FJI,2010,66.7782
FJI,2011,66.8803
FJI,2012,65.8121
FJI,2013,66.5446
FJI,2014,66.5808
FJI,2015,66.4798
FJI,2016,66.657
FJI,2017,67.0596
FJI,2018,66.9645
FJI,2019,67.0088
FJI,2020,66.924
FJI,2021,64.9039
FJI,2022,67.1481
FJI,2023,67.3157
FIN,2000,77.6713
FIN,2001,78.1423
FIN,2002,78.27
FIN,2003,78.5334
FIN,2004,78.8458
FIN,2005,78.9711
FIN,2006,79.373
FIN,2007,79.3911
FIN,2008,79.695
FIN,2009,79.831
FIN,2010,80.0116
FIN,2011,80.3916
FIN,2012,80.5076
FIN,2013,80.869
FIN,2014,81.0546
FIN,2015,81.3775
FIN,2016,81.3029
FIN,2017,81.4967
FIN,2018,81.6265
FIN,2019,81.8643
FIN,2020,81.8219
FIN,2021,81.8137
FIN,2022,81.2435
FIN,2023,81.9102
FRA,2000,79.0438
FRA,2001,79.2208
FRA,2002,79.4109
FRA,2003,79.419
FRA,2004,80.3363
FRA,2005,80.3367
FRA,2006,80.7449
FRA,2007,80.9602
FRA,2008,81.0392
FRA,2009,81.1635
FRA,2010,81.4047
FRA,2011,81.781
FRA,2012,81.739
FRA,2013,81.9786
FRA,2014,82.4366
FRA,2015,82.1487
FRA,2016,82.4008
FRA,2017,82.4385
FRA,2018,82.5682
FRA,2019,82.7304
FRA,2020,82.1993
FRA,2021,82.3216
FRA,2022,82.4753
FRA,2023,83.3253
GUF,2000,72.9651
GUF,2001,73.3225
GUF,2002,73.4925
GUF,2003,73.5778
GUF,2004,73.8038
GUF,2005,74.1342
GUF,2006,74.5652
GUF,2007,74.952
GUF,2008,75.3653
GUF,2009,75.6351
GUF,2010,75.8516
GUF,2011,76.0172
GUF,2012,76.2166
GUF,2013,76.4587
GUF,2014,76.6767
GUF,2015,76.6314
GUF,2016,76.652
GUF,2017,76.7994
GUF,2018,77.2376
GUF,2019,76.5711
GUF,2020,77.5067
GUF,2021,74.1955
GUF,2022,76.7942
GUF,2023,76.9781
PYF,2000,79.0001
PYF,2001,79.3158
PYF,2002,79.5438
PYF,2003,79.7103
PYF,2004,79.829
PYF,2005,79.9511
PYF,2006,80.0999
PYF,2007,80.3277
PYF,2008,80.5874
PYF,2009,80.8667
PYF,2010,81.1407
PYF,2011,81.4341
PYF,2012,81.6953
PYF,2013,81.9352
PYF,2014,82.1514
PYF,2015,82.3393
PYF,2016,82.5551
PYF,2017,82.7741
PYF,2018,82.9852
PYF,2019,83.1955
PYF,2020,82.4588
PYF,2021,79.5711
PYF,2022,83.8594
PYF,2023,84.0698
GAB,2000,61.8098
GAB,2001,61.9818
GAB,2002,62.1752
GAB,2003,62.4627
GAB,2004,62.6944
GAB,2005,62.978
GAB,2006,63.2589
GAB,2007,63.6186
GAB,2008,64.0109
GAB,2009,64.3612
GAB,2010,64.7148
GAB,2011,65.1016
GAB,2012,65.4384
GAB,2013,65.7506
GAB,2014,66.0698
GAB,2015,66.3361
GAB,2016,66.5832
GAB,2017,66.8163
GAB,2018,67.0426
GAB,2019,67.3369
GAB,2020,67.0725
GAB,2021,67.0715
GAB,2022,67.713
GAB,2023,68.3367
GMB,2000,56.8994
GMB,2001,57.2832
GMB,2002,57.7361
GMB,2003,58.2232
GMB,2004,58.7491
GMB,2005,59.1098
GMB,2006,59.667
GMB,2007,60.0014
GMB,2008,60.4734
GMB,2009,60.7348
GMB,2010,61.1675
GMB,2011,61.5612
GMB,2012,61.9
GMB,2013,62.2525
GMB,2014,62.5759
GMB,2015,62.9713
GMB,2016,63.3862
GMB,2017,63.7076
GMB,2018,64.0339
GMB,2019,64.4275
GMB,2020,64.4183
GMB,2021,63.8475
GMB,2022,64.859
GMB,2023,65.8603
GEO,2000,70.0909
GEO,2001,70.3705
GEO,2002,70.438
GEO,2003,71.3766
GEO,2004,71.0115
GEO,2005,70.6895
GEO,2006,70.9829
GEO,2007,70.9852
GEO,2008,70.9494
GEO,2009,71.0578
GEO,2010,71.7318
GEO,2011,72.4846
GEO,2012,72.6721
GEO,2013,73.0247
GEO,2014,73.1051
GEO,2015,73.241
GEO,2016,73.1358
GEO,2017,73.4347
GEO,2018,73.9847
GEO,2019,74.1649
GEO,2020,73.5094
GEO,2021,71.6353
GEO,2022,74.1409
GEO,2023,74.4965
DEU,2000,78.0563
DEU,2001,78.4023
DEU,2002,78.4749
DEU,2003,78.5361
DEU,2004,79.1186
DEU,2005,79.254
DEU,2006,79.5862
DEU,2007,79.7306
DEU,2008,79.8161
DEU,2009,79.9151
DEU,2010,80.0814
DEU,2011,80.3549
DEU,2012,80.5017
DEU,2013,80.454
DEU,2014,80.9056
DEU,2015,80.5658
DEU,2016,80.8371
DEU,2017,80.9371
DEU,2018,80.8747
DEU,2019,81.1893
DEU,2020,81.0036
DEU,2021,81.1059
DEU,2022,80.5796
DEU,2023,81.3777
GHA,2000,58.1392
GHA,2001,58.403
GHA,2002,58.7086
GHA,2003,59.0141
GHA,2004,59.3159
GHA,2005,59.6381
GHA,2006,59.9753
GHA,2007,60.2822
GHA,2008,60.5785
GHA,2009,60.9278
GHA,2010,61.2974
GHA,2011,61.6169
GHA,2012,61.9954
GHA,2013,62.3969
GHA,2014,62.8321
GHA,2015,63.1749
GHA,2016,63.5216
GHA,2017,63.829
GHA,2018,64.1382
GHA,2019,64.4554
GHA,2020,64.3089
GHA,2021,64.2862
GHA,2022,65.246
GHA,2023,65.4979
GIB,2000,80.1446
GIB,2001,80.4187
GIB,2002,80.5898
GIB,2003,80.7126
GIB,2004,80.8559
GIB,2005,80.9906
GIB,2006,81.1033
GIB,2007,81.2695
GIB,2008,81.5414
GIB,2009,81.8073
GIB,2010,82.0797
GIB,2011,82.3334
GIB,2012,82.5267
GIB,2013,82.5861
GIB,2014,82.6444
GIB,2015,82.6682
GIB,2016,82.741
GIB,2017,82.8576
GIB,2018,83.0279
GIB,2019,83.1834
GIB,2020,83.0698
GIB,2021,80.2743
GIB,2022,83.5167
GIB,2023,83.553
GRC,2000,78.442
GRC,2001,78.9087
GRC,2002,79.0305
GRC,2003,79.0848
GRC,2004,79.3503
GRC,2005,79.6505
GRC,2006,79.7605
GRC,2007,79.6615
GRC,2008,80.1047
GRC,2009,80.3677
GRC,2010,80.5727
GRC,2011,80.6248
GRC,2012,80.4221
GRC,2013,81.067
GRC,2014,81.1203
GRC,2015,80.7894
GRC,2016,81.2692
GRC,2017,80.9614
GRC,2018,81.4954
GRC,2019,81.3487
GRC,2020,81.5361
GRC,2021,80.5312
GRC,2022,79.9441
GRC,2023,81.8568
GRL,2000,65.6313
GRL,2001,66.2727
GRL,2002,67.0072
GRL,2003,67.6174
GRL,2004,67.5455
GRL,2005,67.7693
GRL,2006,68.1436
GRL,2007,68.3385
GRL,2008,68.4002
GRL,2009,68.3786
GRL,2010,68.4548
GRL,2011,68.7938
GRL,2012,69.3516
GRL,2013,69.8014
GRL,2014,70.0861
GRL,2015,70.2341
GRL,2016,70.3866
GRL,2017,70.3861
GRL,2018,70.354
GRL,2019,70.2573
GRL,2020,70.1558
GRL,2021,70.0489
GRL,2022,70.0519
GRL,2023,70.055
GRD,2000,72.9547
GRD,2001,73.0336
GRD,2002,73.1424
GRD,2003,73.2907
GRD,2004,72.4468
GRD,2005,73.7003
GRD,2006,73.9302
GRD,2007,74.1588
GRD,2008,74.3745
GRD,2009,74.567
GRD,2010,74.7308
GRD,2011,74.8608
GRD,2012,74.9607
GRD,2013,75.0221
GRD,2014,75.0449
GRD,2015,75.0375
GRD,2016,75.0099
GRD,2017,74.9766
GRD,2018,74.9569
GRD,2019,74.9711
GRD,2020,75.019
GRD,2021,74.5221
GRD,2022,75.1508
GRD,2023,75.2052
GLP,2000,77.08
GLP,2001,77.2667
GLP,2002,77.8108
GLP,2003,78.1707
GLP,2004,78.3494
GLP,2005,78.1836
GLP,2006,78.4279
GLP,2007,79.054
GLP,2008,79.6593
GLP,2009,79.7474
GLP,2010,80.12
GLP,2011,80.4527
GLP,2012,80.9718
GLP,2013,80.7917
GLP,2014,81.1854
GLP,2015,81.2679
GLP,2016,81.6403
GLP,2017,81.7544
GLP,2018,81.3819
GLP,2019,81.3922
GLP,2020,80.6481
GLP,2021,78.2108
GLP,2022,80.9054
GLP,2023,82.0503
GUM,2000,74.894
GUM,2001,75.1948
GUM,2002,75.5056
GUM,2003,75.8847
GUM,2004,76.1138
GUM,2005,76.4271
GUM,2006,76.4766
GUM,2007,76.3967
GUM,2008,76.2332
GUM,2009,76.1415
GUM,2010,76.0954
GUM,2011,76.1529
GUM,2012,76.2375
GUM,2013,76.361
GUM,2014,76.4228
GUM,2015,76.4438
GUM,2016,76.4487
GUM,2017,76.4631
GUM,2018,76.5605
GUM,2019,76.6453
GUM,2020,75.5289
GUM,2021,75.4337
GUM,2022,77.1015
GUM,2023,77.2093
GTM,2000,67.1018
GTM,2001,67.4365
GTM,2002,67.8345
GTM,2003,68.2041
GTM,2004,68.2448
GTM,2005,68.167
GTM,2006,68.7902
GTM,2007,69.2993
GTM,2008,69.4929
GTM,2009,69.6764
GTM,2010,69.885
GTM,2011,70.3214
GTM,2012,70.7225
GTM,2013,70.878
GTM,2014,70.9424
GTM,2015,70.9148
GTM,2016,71.215
GTM,2017,71.5829
GTM,2018,71.4964
GTM,2019,71.6394
GTM,2020,69.9707
GTM,2021,67.8582
GTM,2022,71.2064
GTM,2023,72.6023
GGY,2000,79.3867
GGY,2001,79.487
GGY,2002,79.6117
GGY,2003,79.6828
GGY,2004,80.4338
GGY,2005,80.7315
GGY,2006,81.1572
GGY,2007,81.3092
GGY,2008,81.5586
GGY,2009,81.9031
GGY,2010,82.3105
GGY,2011,82.6412
GGY,2012,82.3522
GGY,2013,82.8353
GGY,2014,83.0091
GGY,2015,82.7496
GGY,2016,82.5649
GGY,2017,82.3206
GGY,2018,82.7481
GGY,2019,83.2815
GGY,2020,83.3459
GGY,2021,81.9691
GGY,2022,83.108
GGY,2023,83.2744
GIN,2000,52.4197
GIN,2001,52.669
GIN,2002,53.2002
GIN,2003,53.5891
GIN,2004,53.9748
GIN,2005,54.4217
GIN,2006,54.8753
GIN,2007,55.2331
GIN,2008,55.7034
GIN,2009,56.052
GIN,2010,56.4305
GIN,2011,56.7776
GIN,2012,57.1169
GIN,2013,57.4588
GIN,2014,57.5815
GIN,2015,57.8986
GIN,2016,58.49
GIN,2017,58.7151
GIN,2018,59.0434
GIN,2019,59.3785
GIN,2020,59.3499
GIN,2021,59.3728
GIN,2022,60.4316
GIN,2023,60.7405
GNB,2000,50.5646
GNB,2001,51.0536
GNB,2002,51.6083
GNB,2003,52.186
GNB,2004,52.7998
GNB,2005,52.9489
GNB,2006,54.0885
GNB,2007,54.8705
GNB,2008,55.3
GNB,2009,56.2974
GNB,2010,56.9992
GNB,2011,57.6626
GNB,2012,58.27
GNB,2013,58.8789
GNB,2014,59.476
GNB,2015,60.0708
GNB,2016,60.6187
GNB,2017,61.1484
GNB,2018,61.6516
GNB,2019,62.1612
GNB,2020,61.343
GNB,2021,61.6528
GNB,2022,63.6045
GNB,2023,64.0849
GUY,2000,64.0748
GUY,2001,64.3804
GUY,2002,64.1832
GUY,2003,64.1173
GUY,2004,64.2138
GUY,2005,64.392
GUY,2006,64.848
GUY,2007,65.4617
GUY,2008,65.7211
GUY,2009,66.0297
GUY,2010,66.2043
GUY,2011,66.4688
GUY,2012,66.4433
GUY,2013,66.7099
GUY,2014,67.3343
GUY,2015,67.7193
GUY,2016,68.0685
GUY,2017,68.5431
GUY,2018,68.8288
GUY,2019,69.0673
GUY,2020,67.751
GUY,2021,64.3228
GUY,2022,69.8885
GUY,2023,70.1802
HTI,2000,58.1749
HTI,2001,58.5914
HTI,2002,59.0411
HTI,2003,59.4398
HTI,2004,58.5165
HTI,2005,60.3182
HTI,2006,60.7404
HTI,2007,61.0902
HTI,2008,61.2801
HTI,2009,61.6945
HTI,2010,45.5768
HTI,2011,61.5812
HTI,2012,62.2735
HTI,2013,62.6245
HTI,2014,62.9689
HTI,2015,63.2239
HTI,2016,63.3247
HTI,2017,63.8323
HTI,2018,64.0766
HTI,2019,64.3281
HTI,2020,63.773
HTI,2021,62.613
HTI,2022,63.9483
HTI,2023,64.9356
OWID_HIC,2000,77.6121
OWID_HIC,2001,77.8891
OWID_HIC,2002,78.0373
OWID_HIC,2003,78.1516
OWID_HIC,2004,78.6173
OWID_HIC,2005,78.7007
OWID_HIC,2006,79.0511
OWID_HIC,2007,79.2482
OWID_HIC,2008,79.4239
OWID_HIC,2009,79.7202
OWID_HIC,2010,79.9318
OWID_HIC,2011,80.093
OWID_HIC,2012,80.2285
OWID_HIC,2013,80.427
OWID_HIC,2014,80.6406
OWID_HIC,2015,80.5599
OWID_HIC,2016,80.7397
OWID_HIC,2017,80.7696
OWID_HIC,2018,80.898
OWID_HIC,2019,81.0956
OWID_HIC,2020,80.1788
OWID_HIC,2021,79.9411
OWID_HIC,2022,80.4019
OWID_HIC,2023,81.4353
HND,2000,68.3018
HND,2001,68.4906
HND,2002,68.7141
HND,2003,68.8741
HND,2004,69.0498
HND,2005,69.1982
HND,2006,69.3641
HND,2007,69.5388
HND,2008,69.6572
HND,2009,69.8234
HND,2010,69.7697
HND,2011,70.116
HND,2012,70.4605
HND,2013,70.7648
HND,2014,71.0316
HND,2015,71.323
HND,2016,71.6152
HND,2017,71.8046
HND,2018,72.0005
HND,2019,72.1238
HND,2020,70.864
HND,2021,69.4924
HND,2022,72.7151
HND,2023,72.8842
HKG,2000,80.7045
HKG,2001,80.992
HKG,2002,81.18
HKG,2003,81.1422
HKG,2004,81.4549
HKG,2005,81.6752
HKG,2006,81.9469
HKG,2007,82.1438
HKG,2008,82.3403
HKG,2009,82.5863
HKG,2010,82.8592
HKG,2011,83.1597
HKG,2012,83.4158
HKG,2013,83.6955
HKG,2014,83.9271
HKG,2015,84.147
HKG,2016,84.3803
HKG,2017,84.6625
HKG,2018,84.9866
HKG,2019,85.2632
HKG,2020,84.7073
HKG,2021,85.0816
HKG,2022,83.4853
HKG,2023,85.5106
HUN,2000,71.7581
HUN,2001,72.3944
HUN,2002,72.5072
HUN,2003,72.5135
HUN,2004,72.906
HUN,2005,72.8649
HUN,2006,73.3441
HUN,2007,73.4314
HUN,2008,73.9571
HUN,2009,74.179
HUN,2010,74.5189
HUN,2011,74.9226
HUN,2012,75.1826
HUN,2013,75.6827
HUN,2014,75.8493
HUN,2015,75.6536
HUN,2016,76.1569
HUN,2017,76.007
HUN,2018,76.2049
HUN,2019,76.4546
HUN,2020,75.7302
HUN,2021,74.1851
HUN,2022,76.2118
HUN,2023,77.024
ISL,2000,79.5485
ISL,2001,80.4209
ISL,2002,80.2778
ISL,2003,80.7678
ISL,2004,80.7209
ISL,2005,81.1691
ISL,2006,80.9375
ISL,2007,81.093
ISL,2008,81.244
ISL,2009,81.4174
ISL,2010,81.5939
ISL,2011,81.9725
ISL,2012,82.3459
ISL,2013,81.7425
ISL,2014,82.4298
ISL,2015,82.1638
ISL,2016,81.8286
ISL,2017,82.241
ISL,2018,82.4526
ISL,2019,82.8474
ISL,2020,82.7113
ISL,2021,82.8433
ISL,2022,81.5877
ISL,2023,82.6911
IND,2000,62.7492
IND,2001,63.1581
IND,2002,63.6486
IND,2003,64.0862
IND,2004,64.4843
IND,2005,64.9385
IND,2006,65.3726
IND,2007,65.8034
IND,2008,66.2471
IND,2009,66.7001
IND,2010,67.1616
IND,2011,67.6228
IND,2012,68.0763
IND,2013,68.499
IND,2014,68.9323
IND,2015,69.326
IND,2016,69.7091
IND,2017,70.0676
IND,2018,70.4152
IND,2019,70.7463
IND,2020,70.1563
IND,2021,67.2823
IND,2022,71.6984
IND,2023,72.0026
IDN,2000,66.2919
IDN,2001,66.5826
IDN,2002,66.9535
IDN,2003,67.134
IDN,2004,65.5208
IDN,2005,67.5308
IDN,2006,67.6636
IDN,2007,67.9141
IDN,2008,68.0846
IDN,2009,68.2674
IDN,2010,68.3642
IDN,2011,68.629
IDN,2012,68.8617
IDN,2013,69.0635
IDN,2014,69.292
IDN,2015,69.5196
IDN,2016,69.7333
IDN,2017,69.9533
IDN,2018,70.0797
IDN,2019,70.3491
IDN,2020,68.8173
IDN,2021,67.4516
IDN,2022,70.9246
IDN,2023,71.1457
IRN,2000,70.1665
IRN,2001,70.6188
IRN,2002,71.1118
IRN,2003,70.4642
IRN,2004,72.0401
IRN,2005,72.4463
IRN,2006,72.8953
IRN,2007,73.2992
IRN,2008,73.6835
IRN,2009,74.0412
IRN,2010,74.3896
IRN,2011,74.7207
IRN,2012,75.039
IRN,2013,75.3486
IRN,2014,75.6352
IRN,2015,75.9073
IRN,2016,76.1551
IRN,2017,76.3963
IRN,2018,76.6205
IRN,2019,76.8549
IRN,2020,74.1406
IRN,2021,73.7521
IRN,2022,76.7993
IRN,2023,77.6545
IRQ,2000,64.8603
IRQ,2001,65.292
IRQ,2002,65.724
IRQ,2003,64.8339
IRQ,2004,64.6342
IRQ,2005,64.8989
IRQ,2006,64.0288
IRQ,2007,64.4278
IRQ,2008,66.465
IRQ,2009,67.8337
IRQ,2010,68.0924
IRQ,2011,68.4351
IRQ,2012,68.8267
IRQ,2013,69.0469
IRQ,2014,69.679
IRQ,2015,69.9771
IRQ,2016,68.6834
IRQ,2017,69.7878
IRQ,2018,71.1162
IRQ,2019,71.2452
IRQ,2020,69.6506
IRQ,2021,70.7036
IRQ,2022,72.0371
IRQ,2023,72.3242
IRL,2000,76.535
IRL,2001,77.1003
IRL,2002,77.5903
IRL,2003,78.1003
IRL,2004,78.5027
IRL,2005,78.9093
IRL,2006,79.1504
IRL,2007,79.5631
IRL,2008,79.7877
IRL,2009,80.0954
IRL,2010,80.5992
IRL,2011,80.7272
IRL,2012,80.8524
IRL,2013,81.065
IRL,2014,81.4063
IRL,2015,81.5326
IRL,2016,81.6836
IRL,2017,82.1032
IRL,2018,82.1232
IRL,2019,82.4108
IRL,2020,82.3897
IRL,2021,81.8608
IRL,2022,82.0505
IRL,2023,82.4118
IMN,2000,74.8419
IMN,2001,75.2893
IMN,2002,75.785
IMN,2003,76.319
IMN,2004,76.8763
IMN,2005,77.4528
IMN,2006,77.9713
IMN,2007,78.4507
IMN,2008,78.8989
IMN,2009,79.3026
IMN,2010,79.6132
IMN,2011,79.8363
IMN,2012,80.007
IMN,2013,80.1199
IMN,2014,80.1994
IMN,2015,80.2666
IMN,2016,80.3913
IMN,2017,80.5064
IMN,2018,80.6139
IMN,2019,80.7399
IMN,2020,80.5909
IMN,2021,80.4197
IMN,2022,80.9561
IMN,2023,80.999
ISR,2000,79.1797
ISR,2001,79.4787
ISR,2002,79.5137
ISR,2003,79.8194
ISR,2004,80.3052
ISR,2005,80.3935
ISR,2006,80.7857
ISR,2007,80.9532
ISR,2008,81.2828
ISR,2009,81.8183
ISR,2010,81.9742
ISR,2011,81.9892
ISR,2012,81.9849
ISR,2013,82.354
ISR,2014,82.3608
ISR,2015,82.2538
ISR,2016,82.6123
ISR,2017,82.6993
ISR,2018,82.9184
ISR,2019,82.9048
ISR,2020,82.6997
ISR,2021,82.5169
ISR,2022,82.8145
ISR,2023,82.408
ITA,2000,79.607
ITA,2001,79.8849
ITA,2002,80.112
ITA,2003,80.191
ITA,2004,81.0175
ITA,2005,81.0201
ITA,2006,81.4137
ITA,2007,81.5002
ITA,2008,81.6454
ITA,2009,81.7619
ITA,2010,82.1319
ITA,2011,82.2282
ITA,2012,82.252
ITA,2013,82.6522
ITA,2014,82.9008
ITA,2015,82.5211
ITA,2016,83.0459
ITA,2017,82.7263
ITA,2018,83.1844
ITA,2019,83.3423
ITA,2020,82.1814
ITA,2021,82.8652
ITA,2022,82.052
ITA,2023,83.7157
JAM,2000,71.2814
JAM,2001,71.2872
JAM,2002,71.478
JAM,2003,71.5846
JAM,2004,71.542
JAM,2005,71.4929
JAM,2006,71.3946
JAM,2007,71.4046
JAM,2008,71.5021
JAM,2009,71.7174
JAM,2010,71.9789
JAM,2011,72.245
JAM,2012,72.4047
JAM,2013,72.4352
JAM,2014,72.3572
JAM,2015,72.2144
JAM,2016,72.0522
JAM,2017,71.8789
JAM,2018,71.6062
JAM,2019,71.5316
JAM,2020,71.4519
JAM,2021,69.0846
JAM,2022,71.4809
JAM,2023,71.4789
JPN,2000,81.1788
JPN,2001,81.5101
JPN,2002,81.7952
JPN,2003,81.854
JPN,2004,82.1275
JPN,2005,82.0073
JPN,2006,82.3699
JPN,2007,82.5488
JPN,2008,82.6332
JPN,2009,82.9699
JPN,2010,82.916
JPN,2011,82.6705
JPN,2012,83.1676
JPN,2013,83.4018
JPN,2014,83.6434
JPN,2015,83.8832
JPN,2016,84.0568
JPN,2017,84.1891
JPN,2018,84.289
JPN,2019,84.4177
JPN,2020,84.6703
JPN,2021,84.55
JPN,2022,84.0541
JPN,2023,84.7123
JEY,2000,78.4235
JEY,2001,78.6317
JEY,2002,78.8352
JEY,2003,79.1306
JEY,2004,79.4277
JEY,2005,79.684
JEY,2006,79.9093
JEY,2007,80.1442
JEY,2008,80.2809
JEY,2009,80.4001
JEY,2010,80.54
JEY,2011,80.6654
JEY,2012,80.7011
JEY,2013,80.7151
JEY,2014,80.6733
JEY,2015,80.5257
JEY,2016,80.3466
JEY,2017,80.1828
JEY,2018,80.0258
JEY,2019,79.8931
JEY,2020,79.4471
JEY,2021,79.3232
JEY,2022,79.7257
JEY,2023,79.7071
JOR,2000,71.9258
JOR,2001,72.1412
JOR,2002,72.3587
JOR,2003,72.585
JOR,2004,72.7877
JOR,2005,72.9772
JOR,2006,73.2248
JOR,2007,73.4074
JOR,2008,73.5631
JOR,2009,73.7075
JOR,2010,73.7973
JOR,2011,73.9286
JOR,2012,74.0873
JOR,2013,74.2816
JOR,2014,74.606
JOR,2015,75.06
JOR,2016,75.5501
JOR,2017,76.0708
JOR,2018,76.4913
JOR,2019,76.8645
JOR,2020,75.5831
JOR,2021,74.2042
JOR,2022,77.088
JOR,2023,77.8145
KAZ,2000,63.793
KAZ,2001,64.1081
KAZ,2002,64.4405
KAZ,2003,64.7533
KAZ,2004,65.04
KAZ,2005,65.3556
KAZ,2006,65.7223
KAZ,2007,66.18
KAZ,2008,66.7589
KAZ,2009,67.4605
KAZ,2010,68.2575
KAZ,2011,69.1076
KAZ,2012,69.9395
KAZ,2013,70.7189
KAZ,2014,71.4149
KAZ,2015,72.0242
KAZ,2016,72.5491
KAZ,2017,72.9955
KAZ,2018,73.3693
KAZ,2019,73.6581
KAZ,2020,71.1952
KAZ,2021,70.1311
KAZ,2022,73.5028
KAZ,2023,74.4021
KEN,2000,56.0836
KEN,2001,56.5005
KEN,2002,56.7587
KEN,2003,57.3694
KEN,2004,57.9472
KEN,2005,58.5098
KEN,2006,59.0588
KEN,2007,59.4073
KEN,2008,59.9545
KEN,2009,60.4828
KEN,2010,60.9149
KEN,2011,61.2827
KEN,2012,61.5373
KEN,2013,61.7291
KEN,2014,61.9904
KEN,2015,62.279
KEN,2016,62.5261
KEN,2017,62.7248
KEN,2018,62.8254
KEN,2019,62.9391
KEN,2020,61.5958
KEN,2021,61.2253
KEN,2022,63.5491
KEN,2023,63.6459
KIR,2000,64.6739
KIR,2001,64.9179
KIR,2002,65.1233
KIR,2003,65.2869
KIR,2004,65.4157
KIR,2005,65.5174
KIR,2006,65.6014
KIR,2007,65.6766
KIR,2008,65.7455
KIR,2009,65.8083
KIR,2010,65.8595
KIR,2011,65.8958
KIR,2012,65.9081
KIR,2013,65.8979
KIR,2014,65.8687
KIR,2015,65.831
KIR,2016,65.7991
KIR,2017,65.7871
KIR,2018,65.8067
KIR,2019,65.8663
KIR,2020,65.2046
KIR,2021,64.1482
KIR,2022,66.2687
KIR,2023,66.4731
OWID_KOS,2000,71.3212
OWID_KOS,2001,71.7825
OWID_KOS,2002,72.2266
OWID_KOS,2003,72.6781
OWID_KOS,2004,73.1321
OWID_KOS,2005,73.4374
OWID_KOS,2006,73.63
OWID_KOS,2007,74.4216
OWID_KOS,2008,74.7112
OWID_KOS,2009,74.79
OWID_KOS,2010,74.6086
OWID_KOS,2011,75.3234
OWID_KOS,2012,75.7504
OWID_KOS,2013,76.3358
OWID_KOS,2014,76.1788
OWID_KOS,2015,76.0241
OWID_KOS,2016,76.7482
OWID_KOS,2017,77.1052
OWID_KOS,2018,77.1165
OWID_KOS,2019,77.2489
OWID_KOS,2020,74.2118
OWID_KOS,2021,74.9812
OWID_KOS,2022,77.6233
OWID_KOS,2023,78.0326
KWT,2000,75.8728
KWT,2001,76.0366
KWT,2002,76.1881
KWT,2003,76.3043
KWT,2004,76.3876
KWT,2005,76.4639
KWT,2006,76.5541
KWT,2007,76.6875
KWT,2008,76.8895
KWT,2009,77.1674
KWT,2010,77.4995
KWT,2011,77.8637
KWT,2012,78.227
KWT,2013,78.5831
KWT,2014,78.927
KWT,2015,79.2194
KWT,2016,79.5162
KWT,2017,79.7314
KWT,2018,79.8994
KWT,2019,80.0223
KWT,2020,78.2483
KWT,2021,77.625
KWT,2022,78.7881
KWT,2023,80.4047
KGZ,2000,65.2419
KGZ,2001,65.3191
KGZ,2002,65.3418
KGZ,2003,65.4485
KGZ,2004,65.6494
KGZ,2005,65.7894
KGZ,2006,65.7816
KGZ,2007,66.0466
KGZ,2008,66.6158
KGZ,2009,67.1401
KGZ,2010,67.5214
KGZ,2011,67.7481
KGZ,2012,68.1419
KGZ,2013,68.4623
KGZ,2014,68.8293
KGZ,2015,69.3094
KGZ,2016,69.9095
KGZ,2017,70.5031
KGZ,2018,70.6678
KGZ,2019,70.8907
KGZ,2020,69.136
KGZ,2021,69.2904
KGZ,2022,71.487
KGZ,2023,71.677
LAO,2000,58.3168
LAO,2001,58.8867
LAO,2002,59.3024
LAO,2003,59.6426
LAO,2004,60.0803
LAO,2005,60.6881
LAO,2006,61.0743
LAO,2007,61.694
LAO,2008,62.2477
LAO,2009,63.023
LAO,2010,63.6895
LAO,2011,64.505
LAO,2012,65.1262
LAO,2013,65.7226
LAO,2014,66.3497
LAO,2015,66.6881
LAO,2016,67.0136
LAO,2017,67.3452
LAO,2018,67.5942
LAO,2019,67.9113
LAO,2020,68.3386
LAO,2021,67.8074
LAO,2022,68.7152
LAO,2023,68.9637
LVA,2000,70.1755
LVA,2001,69.9058
LVA,2002,70.1755
LVA,2003,70.6361
LVA,2004,70.9395
LVA,2005,70.6324
LVA,2006,70.5501
LVA,2007,70.7894
LVA,2008,71.999
LVA,2009,72.6966
LVA,2010,73.0285
LVA,2011,73.7176
LVA,2012,73.9387
LVA,2013,74.1873
LVA,2014,74.306
LVA,2015,74.6646
LVA,2016,74.7568
LVA,2017,74.8005
LVA,2018,74.9793
LVA,2019,75.6278
LVA,2020,75.4781
LVA,2021,73.1809
LVA,2022,74.8706
LVA,2023,76.1898
LBN,2000,73.8949
LBN,2001,74.3542
LBN,2002,74.8356
LBN,2003,75.2753
LBN,2004,75.6933
LBN,2005,76.0737
LBN,2006,75.6766
LBN,2007,76.7316
LBN,2008,76.9557
LBN,2009,77.2618
LBN,2010,77.5292
LBN,2011,77.7682
LBN,2012,77.941
LBN,2013,78.0365
LBN,2014,78.148
LBN,2015,78.2754
LBN,2016,78.3063
LBN,2017,78.1922
LBN,2018,78.2632
LBN,2019,78.2079
LBN,2020,76.2988
LBN,2021,73.6495
LBN,2022,78.0029
LBN,2023,77.817
LSO,2000,48.7828
LSO,2001,47.1525
LSO,2002,45.9501
LSO,2003,44.9214
LSO,2004,44.0388
LSO,2005,43.6115
LSO,2006,43.182
LSO,2007,43.6601
LSO,2008,44.304
LSO,2009,45.0552
LSO,2010,46.0447
LSO,2011,46.9302
LSO,2012,48.2353
LSO,2013,49.5475
LSO,2014,50.7865
LSO,2015,51.8298
LSO,2016,52.9078
LSO,2017,53.8737
LSO,2018,54.6377
LSO,2019,55.2493
LSO,2020,55.1325
LSO,2021,54.2091
LSO,2022,56.8119
LSO,2023,57.3749
LBR,2000,51.8517
LBR,2001,53.1095
LBR,2002,54.0612
LBR,2003,53.045
LBR,2004,55.9489
LBR,2005,56.7648
LBR,2006,57.4946
LBR,2007,58.1469
LBR,2008,58.6751
LBR,2009,59.1064
LBR,2010,59.3577
LBR,2011,59.4862
LBR,2012,59.7855
LBR,2013,59.9925
LBR,2014,59.2101
LBR,2015,59.2481
LBR,2016,60.4834
LBR,2017,60.7767
LBR,2018,60.9995
LBR,2019,61.2324
LBR,2020,61.2672
LBR,2021,61.1658
LBR,2022,61.9342
LBR,2023,62.1625
LBY,2000,70.5421
LBY,2001,70.6533
LBY,2002,70.7883
LBY,2003,70.996
LBY,2004,71.2096
LBY,2005,71.4386
LBY,2006,71.6324
LBY,2007,71.7876
LBY,2008,71.9361
LBY,2009,72.0706
LBY,2010,72.1963
LBY,2011,69.9496
LBY,2012,72.1882
LBY,2013,72.3387
LBY,2014,71.2996
LBY,2015,71.644
LBY,2016,71.7987
LBY,2017,72.721
LBY,2018,73.1508
LBY,2019,72.9412
LBY,2020,72.3882
LBY,2021,72.0617
LBY,2022,74.4615
LBY,2023,69.3389
LIE,2000,78.5757
LIE,2001,79.1936
LIE,2002,79.7588
LIE,2003,80.2377
LIE,2004,80.7331
LIE,2005,81.1169
LIE,2006,81.4029
LIE,2007,81.6389
LIE,2008,81.8552
LIE,2009,81.9374
LIE,2010,82.0538
LIE,2011,82.1571
LIE,2012,82.2544
LIE,2013,82.3739
LIE,2014,82.5465
LIE,2015,82.7618
LIE,2016,82.8949
LIE,2017,83.111
LIE,2018,83.269
LIE,2019,83.4047
LIE,2020,82.037
LIE,2021,82.7877
LIE,2022,83.4054
LIE,2023,83.6298
LTU,2000,72.1387
LTU,2001,71.7123
LTU,2002,71.8389
LTU,2003,72.0883
LTU,2004,72.0009
LTU,2005,71.2464
LTU,2006,70.9639
LTU,2007,70.6982
LTU,2008,71.6959
LTU,2009,72.8496
LTU,2010,73.1962
LTU,2011,73.608
LTU,2012,73.9644
LTU,2013,74.0268
LTU,2014,74.596
LTU,2015,74.4737
LTU,2016,74.8195
LTU,2017,75.7015
LTU,2018,75.9091
LTU,2019,76.4245
LTU,2020,75.105
LTU,2021,74.2967
LTU,2022,74.696
LTU,2023,76.025
OWID_LIC,2000,53.1451
OWID_LIC,2001,53.6843
OWID_LIC,2002,54.1838
OWID_LIC,2003,55.1324
OWID_LIC,2004,55.6751
OWID_LIC,2005,56.2505
OWID_LIC,2006,57.0514
OWID_LIC,2007,57.7508
OWID_LIC,2008,58.4103
OWID_LIC,2009,57.9787
OWID_LIC,2010,59.534
OWID_LIC,2011,59.3977
OWID_LIC,2012,60.3636
OWID_LIC,2013,60.8942
OWID_LIC,2014,60.9
OWID_LIC,2015,61.1625
OWID_LIC,2016,61.5613
OWID_LIC,2017,61.7655
OWID_LIC,2018,62.7091
OWID_LIC,2019,63.0385
OWID_LIC,2020,63.267
OWID_LIC,2021,62.779
OWID_LIC,2022,63.4802
OWID_LIC,2023,64.9377
OWID_LMC,2000,61.5458
OWID_LMC,2001,61.9217
OWID_LMC,2002,62.3665
OWID_LMC,2003,62.7637
OWID_LMC,2004,63.1376
OWID_LMC,2005,63.5158
OWID_LMC,2006,63.958
OWID_LMC,2007,64.3619
OWID_LMC,2008,64.6334
OWID_LMC,2009,65.1359
OWID_LMC,2010,65.4807
OWID_LMC,2011,65.9437
OWID_LMC,2012,66.3198
OWID_LMC,2013,66.662
OWID_LMC,2014,67.0069
OWID_LMC,2015,67.3283
OWID_LMC,2016,67.6702
OWID_LMC,2017,67.9882
OWID_LMC,2018,68.2475
OWID_LMC,2019,68.5254
OWID_LMC,2020,67.9056
OWID_LMC,2021,66.1859
OWID_LMC,2022,69.2504
OWID_LMC,2023,69.5854
LUX,2000,77.2635
LUX,2001,77.5298
LUX,2002,77.5518
LUX,2003,77.2624
LUX,2004,78.6583
LUX,2005,78.8786
LUX,2006,78.8384
LUX,2007,79.1157
LUX,2008,80.1066
LUX,2009,79.9074
LUX,2010,80.0987
LUX,2011,80.2848
LUX,2012,80.4383
LUX,2013,80.8544
LUX,2014,81.2359
LUX,2015,81.2561
LUX,2016,81.6199
LUX,2017,81.0892
LUX,2018,81.5187
LUX,2019,81.5879
LUX,2020,81.4108
LUX,2021,81.8392
LUX,2022,82.2007
LUX,2023,82.2294
MAC,2000,79.4292
MAC,2001,79.8122
MAC,2002,80.098
MAC,2003,80.2148
MAC,2004,80.4057
MAC,2005,80.5223
MAC,2006,80.7101
MAC,2007,80.9322
MAC,2008,81.1622
MAC,2009,81.4926
MAC,2010,81.6635
MAC,2011,81.9924
MAC,2012,82.2557
MAC,2013,82.4764
MAC,2014,82.6955
MAC,2015,82.9402
MAC,2016,83.0197
MAC,2017,83.0779
MAC,2018,83.3959
MAC,2019,83.2927
MAC,2020,84.61
MAC,2021,83.8179
MAC,2022,82.1025
MAC,2023,83.0749
MDG,2000,57.9742
MDG,2001,58.6744
MDG,2002,59.1704
MDG,2003,59.6926
MDG,2004,60.1684
MDG,2005,60.6639
MDG,2006,61.1404
MDG,2007,61.5335
MDG,2008,61.9919
MDG,2009,62.3044
MDG,2010,62.5967
MDG,2011,62.8602
MDG,2012,63.0068
MDG,2013,63.1613
MDG,2014,63.2615
MDG,2015,63.3621
MDG,2016,63.4312
MDG,2017,63.4328
MDG,2018,63.4911
MDG,2019,63.5039
MDG,2020,62.706
MDG,2021,62.5157
MDG,2022,63.0677
MDG,2023,63.6317
MWI,2000,46.1698
MWI,2001,47.2049
MWI,2002,48.1757
MWI,2003,49.6013
MWI,2004,51.0731
MWI,2005,52.4693
MWI,2006,53.652
MWI,2007,54.6867
MWI,2008,55.7151
MWI,2009,56.7139
MWI,2010,57.787
MWI,2011,58.8589
MWI,2012,59.8695
MWI,2013,60.8158
MWI,2014,61.6507
MWI,2015,62.324
MWI,2016,63.163
MWI,2017,63.9145
MWI,2018,64.4641
MWI,2019,64.995
MWI,2020,65.2159
MWI,2021,64.782
MWI,2022,66.037
MWI,2023,67.3535
MYS,2000,72.7324
MYS,2001,73.08
MYS,2002,73.4695
MYS,2003,73.7273
MYS,2004,74.0269
MYS,2005,74.3699
MYS,2006,74.6969
MYS,2007,74.9611
MYS,2008,75.1514
MYS,2009,75.2694
MYS,2010,75.3761
MYS,2011,75.4878
MYS,2012,75.5524
MYS,2013,75.464
MYS,2014,75.3451
MYS,2015,75.2876
MYS,2016,75.3712
MYS,2017,75.542
MYS,2018,75.7341
MYS,2019,75.9005
MYS,2020,76.0566
MYS,2021,73.9172
MYS,2022,75.4442
MYS,2023,76.6571
MDV,2000,70.8919
MDV,2001,71.6593
MDV,2002,72.3597
MDV,2003,73.2634
MDV,2004,73.0085
MDV,2005,74.7846
MDV,2006,75.2558
MDV,2007,75.7108
MDV,2008,75.9994
MDV,2009,76.3714
MDV,2010,76.7556
MDV,2011,77.1409
MDV,2012,77.5123
MDV,2013,77.8474
MDV,2014,78.1873
MDV,2015,78.6073
MDV,2016,78.9128
MDV,2017,79.2278
MDV,2018,79.4331
MDV,2019,79.7071
MDV,2020,78.713
MDV,2021,78.052
MDV,2022,80.7595
MDV,2023,81.0412
MLI,2000,50.6046
MLI,2001,51.3004
MLI,2002,51.9954
MLI,2003,52.632
MLI,2004,53.2527
MLI,2005,53.7925
MLI,2006,54.3046
MLI,2007,54.7561
MLI,2008,55.1868
MLI,2009,55.5883
MLI,2010,55.9931
MLI,2011,56.3673
MLI,2012,56.6959
MLI,2013,57.0523
MLI,2014,57.4818
MLI,2015,57.8519
MLI,2016,58.2857
MLI,2017,58.562
MLI,2018,58.8728
MLI,2019,59.2173
MLI,2020,58.8577
MLI,2021,59.116
MLI,2022,60.0347
MLI,2023,60.4394
MLT,2000,77.9031
MLT,2001,78.9023
MLT,2002,78.4668
MLT,2003,78.6961
MLT,2004,79.1661
MLT,2005,79.4894
MLT,2006,79.5611
MLT,2007,79.7375
MLT,2008,79.6904
MLT,2009,80.4155
MLT,2010,81.3977
MLT,2011,80.8038
MLT,2012,81.0638
MLT,2013,81.8181
MLT,2014,82.3176
MLT,2015,82.5914
MLT,2016,82.6567
MLT,2017,83.0891
MLT,2018,82.9083
MLT,2019,82.8387
MLT,2020,82.3358
MLT,2021,82.3161
MLT,2022,82.2496
MLT,2023,83.2989
MHL,2000,63.3233
MHL,2001,63.7347
MHL,2002,63.8483
MHL,2003,63.9562
MHL,2004,64.0442
MHL,2005,64.1124
MHL,2006,64.2072
MHL,2007,64.2594
MHL,2008,64.3003
MHL,2009,64.3946
MHL,2010,64.4977
MHL,2011,64.6407
MHL,2012,64.7761
MHL,2013,64.9545
MHL,2014,65.11
MHL,2015,65.2922
MHL,2016,65.4768
MHL,2017,65.6731
MHL,2018,65.8703
MHL,2019,66.0473
MHL,2020,65.3873
MHL,2021,65.4209
MHL,2022,66.7245
MHL,2023,66.9454
MTQ,2000,78.4973
MTQ,2001,78.4308
MTQ,2002,78.8801
MTQ,2003,79.6288
MTQ,2004,79.5927
MTQ,2005,80.2172
MTQ,2006,80.4301
MTQ,2007,80.0575
MTQ,2008,80.6944
MTQ,2009,81.2408
MTQ,2010,81.1379
MTQ,2011,81.6168
MTQ,2012,81.788
MTQ,2013,81.9017
MTQ,2014,81.9365
MTQ,2015,82.0308
MTQ,2016,81.8052
MTQ,2017,81.9879
MTQ,2018,82.0935
MTQ,2019,82.0734
MTQ,2020,80.2672
MTQ,2021,77.7403
MTQ,2022,80.8364
MTQ,2023,82.5651
MRT,2000,61.0435
MRT,2001,61.6617
MRT,2002,62.249
MRT,2003,62.8047
MRT,2004,63.3688
MRT,2005,63.9197
MRT,2006,64.4926
MRT,2007,64.8845
MRT,2008,65.2328
MRT,2009,65.485
MRT,2010,65.6606
MRT,2011,65.7544
MRT,2012,65.808
MRT,2013,65.8899
MRT,2014,66.2069
MRT,2015,66.4982
MRT,2016,66.8235
MRT,2017,67.0885
MRT,2018,67.4195
MRT,2019,67.6397
MRT,2020,66.7943
MRT,2021,66.7618
MRT,2022,68.2807
MRT,2023,68.4836
MUS,2000,71.7597
MUS,2001,71.9853
MUS,2002,72.0549
MUS,2003,72.3074
MUS,2004,72.5465
MUS,2005,72.6439
MUS,2006,72.7813
MUS,2007,72.8856
MUS,2008,73.1239
MUS,2009,73.26
MUS,2010,73.6475
MUS,2011,74.0678
MUS,2012,74.3302
MUS,2013,74.4298
MUS,2014,74.6143
MUS,2015,74.673
MUS,2016,74.85
MUS,2017,75.024
MUS,2018,74.4909
MUS,2019,74.1811
MUS,2020,74.6572
MUS,2021,72.903
MUS,2022,73.5445
MUS,2023,74.9263
MYT,2000,76.3612
MYT,2001,76.5265
MYT,2002,76.6887
MYT,2003,76.8373
MYT,2004,77.0381
MYT,2005,77.1305
MYT,2006,77.4702
MYT,2007,77.7747
MYT,2008,78.0044
MYT,2009,78.1963
MYT,2010,78.2501
MYT,2011,78.1565
MYT,2012,77.8854
MYT,2013,77.6097
MYT,2014,77.2861
MYT,2015,76.8827
MYT,2016,76.5053
MYT,2017,76.3488
MYT,2018,76.221
MYT,2019,76.1027
MYT,2020,74.2126
MYT,2021,72.8232
MYT,2022,75.1273
MYT,2023,76.0544
MEX,2000,72.5621
MEX,2001,72.9118
MEX,2002,73.1056
MEX,2003,73.308
MEX,2004,73.4324
MEX,2005,73.6267
MEX,2006,73.7457
MEX,2007,73.7955
MEX,2008,73.6949
MEX,2009,73.6281
MEX,2010,73.7181
MEX,2011,73.9209
MEX,2012,74.1278
MEX,2013,74.289
MEX,2014,74.4044
MEX,2015,74.4315
MEX,2016,74.3763
MEX,2017,74.2609
MEX,2018,74.3009
MEX,2019,74.5302
MEX,2020,70.4492
MEX,2021,69.7499
MEX,2022,73.9731
MEX,2023,75.069
FSM,2000,64.3173
FSM,2001,64.8013
FSM,2002,63.9075
FSM,2003,64.9148
FSM,2004,64.8985
FSM,2005,64.9065
FSM,2006,64.8588
FSM,2007,64.8437
FSM,2008,64.8489
FSM,2009,64.8652
FSM,2010,64.8919
FSM,2011,64.9685
FSM,2012,65.0802
FSM,2013,65.1786
FSM,2014,65.294
FSM,2015,65.3065
FSM,2016,65.5757
FSM,2017,65.7612
FSM,2018,65.9427
FSM,2019,66.1957
FSM,2020,65.8776
FSM,2021,66.1516
FSM,2022,66.9606
FSM,2023,67.1983
MDA,2000,67.4623
MDA,2001,67.6725
MDA,2002,67.7926
MDA,2003,67.8998
MDA,2004,68.0166
MDA,2005,68.1969
MDA,2006,68.4234
MDA,2007,68.6738
MDA,2008,69.0001
MDA,2009,69.4057
MDA,2010,69.8759
MDA,2011,70.1732
MDA,2012,70.3438
MDA,2013,70.2907
MDA,2014,70.2407
MDA,2015,70.118
MDA,2016,70.1792
MDA,2017,70.375
MDA,2018,70.2355
MDA,2019,70.181
MDA,2020,69.9144
MDA,2021,68.9908
MDA,2022,71.5465
MDA,2023,71.1985
MCO,2000,82.1207
MCO,2001,82.485
MCO,2002,83.0547
MCO,2003,83.6128
MCO,2004,84.1511
MCO,2005,84.3396
MCO,2006,84.1944
MCO,2007,83.9034
MCO,2008,83.8271
MCO,2009,84.1871
MCO,2010,84.6441
MCO,2011,85.0099
MCO,2012,85.0451
MCO,2013,85.0557
MCO,2014,85.0925
MCO,2015,85.3231
MCO,2016,85.6302
MCO,2017,85.8784
MCO,2018,86.0843
MCO,2019,86.1507
MCO,2020,86.0893
MCO,2021,85.1126
MCO,2022,85.7464
MCO,2023,86.3724
MNG,2000,63.4577
MNG,2001,63.8055
MNG,2002,63.9924
MNG,2003,64.1349
MNG,2004,64.3431
MNG,2005,64.8105
MNG,2006,65.5694
MNG,2007,66.4713
MNG,2008,67.0861
MNG,2009,67.1727
MNG,2010,67.1004
MNG,2011,67.167
MNG,2012,67.6113
MNG,2013,68.2101
MNG,2014,68.7366
MNG,2015,69.2386
MNG,2016,69.736
MNG,2017,70.1709
MNG,2018,70.5743
MNG,2019,70.6631
MNG,2020,70.0291
MNG,2021,68.5654
MNG,2022,71.5049
MNG,2023,71.7341
MNE,2000,73.5522
MNE,2001,73.739
MNE,2002,74.1306
MNE,2003,74.226
MNE,2004,74.3789
MNE,2005,74.4252
MNE,2006,74.6713
MNE,2007,74.6739
MNE,2008,75.0006
MNE,2009,75.3973
MNE,2010,75.7125
MNE,2011,75.9607
MNE,2012,76.2367
MNE,2013,76.3539
MNE,2014,76.4679
MNE,2015,76.5939
MNE,2016,76.5647
MNE,2017,76.5929
MNE,2018,76.9215
MNE,2019,76.6392
MNE,2020,75.8503
MNE,2021,73.7893
MNE,2022,75.9214
MNE,2023,77.0869
MSR,2000,73.1501
MSR,2001,73.331
MSR,2002,73.5523
MSR,2003,73.7886
MSR,2004,74.0006
MSR,2005,74.1851
MSR,2006,74.3424
MSR,2007,74.4499
MSR,2008,74.5334
MSR,2009,74.6229
MSR,2010,74.6831
MSR,2011,74.7673
MSR,2012,74.8496
MSR,2013,74.9333
MSR,2014,75.0332
MSR,2015,75.1277
MSR,2016,75.228
MSR,2017,75.3312
MSR,2018,75.4559
MSR,2019,75.6002
MSR,2020,75.5677
MSR,2021,75.8958
MSR,2022,76.0377
MSR,2023,76.1857
MAR,2000,66.7937
MAR,2001,67.1996
MAR,2002,67.5817
MAR,2003,67.9577
MAR,2004,68.2721
MAR,2005,68.7475
MAR,2006,69.1574
MAR,2007,69.6197
MAR,2008,70.0509
MAR,2009,70.4543
MAR,2010,70.8211
MAR,2011,71.2634
MAR,2012,71.674
MAR,2013,72.1174
MAR,2014,72.5225
MAR,2015,72.8938
MAR,2016,73.2279
MAR,2017,73.6079
MAR,2018,73.9456
MAR,2019,74.2446
MAR,2020,73.1327
MAR,2021,73.3848
MAR,2022,75.1614
MAR,2023,75.3128
MOZ,2000,49.4762
MOZ,2001,50.2593
MOZ,2002,50.8793
MOZ,2003,51.3831
MOZ,2004,51.8551
MOZ,2005,52.3225
MOZ,2006,52.7476
MOZ,2007,53.2554
MOZ,2008,53.7989
MOZ,2009,54.3999
MOZ,2010,55.0397
MOZ,2011,55.7334
MOZ,2012,56.4604
MOZ,2013,57.1889
MOZ,2014,57.965
MOZ,2015,58.711
MOZ,2016,59.455
MOZ,2017,60.1484
MOZ,2018,60.7904
MOZ,2019,61.3059
MOZ,2020,61.3904
MOZ,2021,60.2683
MOZ,2022,63.0115
MOZ,2023,63.6111
MMR,2000,60.3567
MMR,2001,60.6398
MMR,2002,60.9245
MMR,2003,61.196
MMR,2004,61.4425
MMR,2005,61.7204
MMR,2006,62.0263
MMR,2007,62.3667
MMR,2008,56.3637
MMR,2009,63.0952
MMR,2010,63.4791
MMR,2011,63.8589
MMR,2012,64.2511
MMR,2013,64.617
MMR,2014,64.9941
MMR,2015,65.2877
MMR,2016,65.6399
MMR,2017,65.9086
MMR,2018,66.2322
MMR,2019,66.4567
MMR,2020,66.6121
MMR,2021,65.5535
MMR,2022,66.5058
MMR,2023,66.889
NAM,2000,52.9462
NAM,2001,51.9803
NAM,2002,51.9882
NAM,2003,51.9178
NAM,2004,52.1755
NAM,2005,52.557
NAM,2006,53.1826
NAM,2007,54.026
NAM,2008,54.7401
NAM,2009,55.3474
NAM,2010,56.0935
NAM,2011,56.6467
NAM,2012,57.7335
NAM,2013,58.4675
NAM,2014,59.3113
NAM,2015,60.0083
NAM,2016,60.8098
NAM,2017,61.661
NAM,2018,62.5787
NAM,2019,63.5463
NAM,2020,64.0712
NAM,2021,60.8499
NAM,2022,64.1903
NAM,2023,67.3848
NRU,2000,59.5743
NRU,2001,59.4823
NRU,2002,59.427
NRU,2003,59.3587
NRU,2004,59.3455
NRU,2005,59.3608
NRU,2006,59.4086
NRU,2007,59.4899
NRU,2008,59.6754
NRU,2009,59.8524
NRU,2010,60.0741
NRU,2011,60.2868
NRU,2012,60.5326
NRU,2013,60.7009
NRU,2014,60.8335
NRU,2015,60.8969
NRU,2016,60.9958
NRU,2017,61.1011
NRU,2018,61.2378
NRU,2019,61.3931
NRU,2020,61.5271
NRU,2021,61.3312
NRU,2022,61.9304
NRU,2023,62.1094
NPL,2000,62.6424
NPL,2001,63.2881
NPL,2002,63.5071
NPL,2003,64.2291
NPL,2004,64.7439
NPL,2005,65.2755
NPL,2006,65.8907
NPL,2007,66.1686
NPL,2008,66.4425
NPL,2009,66.6004
NPL,2010,66.7724
NPL,2011,67.1234
NPL,2012,67.3637
NPL,2013,67.5978
NPL,2014,67.812
NPL,2015,67.3736
NPL,2016,68.4436
NPL,2017,68.7398
NPL,2018,69.036
NPL,2019,69.2992
NPL,2020,69.1065
NPL,2021,68.3846
NPL,2022,70.0869
NPL,2023,70.3537
NLD,2000,78.13
NLD,2001,78.3379
NLD,2002,78.4119
NLD,2003,78.6649
NLD,2004,79.2389
NLD,2005,79.488
NLD,2006,79.8466
NLD,2007,80.255
NLD,2008,80.3866
NLD,2009,80.6712
NLD,2010,80.8293
NLD,2011,81.1096
NLD,2012,81.059
NLD,2013,81.3011
NLD,2014,81.6503
NLD,2015,81.49
NLD,2016,81.5549
NLD,2017,81.7366
NLD,2018,81.7813
NLD,2019,82.053
NLD,2020,81.3931
NLD,2021,81.356
NLD,2022,81.9121
NLD,2023,82.1576
NCL,2000,73.5737
NCL,2001,73.9577
NCL,2002,74.2781
NCL,2003,74.4996
NCL,2004,74.7131
NCL,2005,74.8671
NCL,2006,75.0163
NCL,2007,75.1812
NCL,2008,75.3981
NCL,2009,75.676
NCL,2010,75.9915
NCL,2011,76.3151
NCL,2012,76.6153
NCL,2013,76.8666
NCL,2014,77.0529
NCL,2015,77.2055
NCL,2016,77.3589
NCL,2017,77.5036
NCL,2018,77.5567
NCL,2019,77.2623
NCL,2020,77.0494
NCL,2021,77.1134
NCL,2022,77.6983
NCL,2023,78.7658
NZL,2000,78.6681
NZL,2001,78.6615
NZL,2002,78.8659
NZL,2003,79.1414
NZL,2004,79.3548
NZL,2005,80.0308
NZL,2006,80.0152
NZL,2007,80.122
NZL,2008,80.2457
NZL,2009,80.545
NZL,2010,81.0517
NZL,2011,80.8422
NZL,2012,81.1668
NZL,2013,81.6119
NZL,2014,81.4106
NZL,2015,81.5866
NZL,2016,82.0027
NZL,2017,81.6053
NZL,2018,81.8838
NZL,2019,81.8322
NZL,2020,82.6628
NZL,2021,82.3003
NZL,2022,81.0061
NZL,2023,82.088
NIC,2000,66.3601
NIC,2001,67.0281
NIC,2002,67.9504
NIC,2003,68.7487
NIC,2004,69.5101
NIC,2005,70.3745
NIC,2006,70.9578
NIC,2007,71.1973
NIC,2008,71.4043
NIC,2009,71.4986
NIC,2010,71.7608
NIC,2011,72.0329
NIC,2012,72.4346
NIC,2013,72.5513
NIC,2014,72.792
NIC,2015,72.8989
NIC,2016,73.1803
NIC,2017,73.3892
NIC,2018,73.8787
NIC,2019,73.7637
NIC,2020,70.7662
NIC,2021,70.4777
NIC,2022,74.4626
NIC,2023,74.9468
NER,2000,49.1725
NER,2001,49.8722
NER,2002,50.6448
NER,2003,51.5448
NER,2004,52.4019
NER,2005,53.3203
NER,2006,54.2228
NER,2007,55.0628
NER,2008,55.8515
NER,2009,56.4871
NER,2010,57.0796
NER,2011,57.6001
NER,2012,57.9867
NER,2013,58.364
NER,2014,58.6934
NER,2015,58.8498
NER,2016,59.2283
NER,2017,59.5239
NER,2018,59.7646
NER,2019,60.031
NER,2020,59.8903
NER,2021,59.5422
NER,2022,60.3981
NER,2023,61.1833
NGA,2000,47.1427
NGA,2001,47.5493
NGA,2002,48.0201
NGA,2003,48.618
NGA,2004,49.1477
NGA,2005,49.5377
NGA,2006,49.876
NGA,2007,50.3812
NGA,2008,50.7483
NGA,2009,51.0801
NGA,2010,51.3145
NGA,2011,51.4902
NGA,2012,51.6876
NGA,2013,51.8271
NGA,2014,51.9401
NGA,2015,51.9394
NGA,2016,52.1894
NGA,2017,52.3971
NGA,2018,52.669
NGA,2019,53.0086
NGA,2020,53.0724
NGA,2021,53.455
NGA,2022,54.079
NGA,2023,54.4623
NIU,2000,66.6454
NIU,2001,66.7003
NIU,2002,66.6898
NIU,2003,66.7746
NIU,2004,65.6006
NIU,2005,66.9773
NIU,2006,67.0659
NIU,2007,67.1786
NIU,2008,67.2502
NIU,2009,67.4562
NIU,2010,67.6513
NIU,2011,67.8254
NIU,2012,68.0091
NIU,2013,68.2061
NIU,2014,68.4181
NIU,2015,68.6111
NIU,2016,68.7963
NIU,2017,68.9833
NIU,2018,69.1361
NIU,2019,69.2988
NIU,2020,69.4704
NIU,2021,69.5721
NIU,2022,69.8182
NIU,2023,69.9778
PRK,2000,60.9111
PRK,2001,60.8926
PRK,2002,60.8772
PRK,2003,69.3986
PRK,2004,69.2942
PRK,2005,69.1675
PRK,2006,69.0615
PRK,2007,69.0211
PRK,2008,69.3032
PRK,2009,69.7023
PRK,2010,70.2456
PRK,2011,70.7724
PRK,2012,71.3171
PRK,2013,71.8667
PRK,2014,72.4508
PRK,2015,72.8253
PRK,2016,72.9708
PRK,2017,73.0344
PRK,2018,73.0196
PRK,2019,72.9282
PRK,2020,72.7826
PRK,2021,73.4366
PRK,2022,73.6411
PRK,2023,73.6418
MKD,2000,72.569
MKD,2001,73.0061
MKD,2002,72.709
MKD,2003,73.0466
MKD,2004,73.4475
MKD,2005,73.6075
MKD,2006,73.7907
MKD,2007,73.7418
MKD,2008,74.4363
MKD,2009,74.4689
MKD,2010,75.0374
MKD,2011,75.1424
MKD,2012,75.043
MKD,2013,75.5832
MKD,2014,75.6327
MKD,2015,75.6289
MKD,2016,75.571
MKD,2017,76.1524
MKD,2018,76.8835
MKD,2019,76.8346
MKD,2020,74.4687
MKD,2021,73.2918
MKD,2022,76.6455
MKD,2023,77.3947
MNP,2000,74.9002
MNP,2001,75.4188
MNP,2002,75.9336
MNP,2003,76.5054
MNP,2004,76.7887
MNP,2005,77.3067
MNP,2006,77.6882
MNP,2007,77.8627
MNP,2008,77.938
MNP,2009,77.9033
MNP,2010,77.7996
MNP,2011,77.6883
MNP,2012,77.5658
MNP,2013,77.4519
MNP,2014,77.3774
MNP,2015,77.3596
MNP,2016,77.3916
MNP,2017,77.4704
MNP,2018,77.51
MNP,2019,77.8437
MNP,2020,78.03
MNP,2021,78.1598
MNP,2022,78.5312
MNP,2023,78.8075
NOR,2000,78.6916
NOR,2001,78.8958
NOR,2002,78.9602
NOR,2003,79.5291
NOR,2004,79.9645
NOR,2005,80.1695
NOR,2006,80.4404
NOR,2007,80.5024
NOR,2008,80.6772
NOR,2009,80.8655
NOR,2010,81.0392
NOR,2011,81.2454
NOR,2012,81.4458
NOR,2013,81.6683
NOR,2014,82.0869
NOR,2015,82.2728
NOR,2016,82.4151
NOR,2017,82.6242
NOR,2018,82.7599
NOR,2019,82.9553
NOR,2020,83.1953
NOR,2021,83.1656
NOR,2022,82.6309
NOR,2023,83.3078
OWID_OCE,2000,75.2237
OWID_OCE,2001,75.4182
OWID_OCE,2002,75.4028
OWID_OCE,2003,75.6917
OWID_OCE,2004,75.8982
OWID_OCE,2005,76.2345
OWID_OCE,2006,76.3552
OWID_OCE,2007,76.4053
OWID_OCE,2008,76.6292
OWID_OCE,2009,76.8951
OWID_OCE,2010,77.2291
OWID_OCE,2011,77.3077
OWID_OCE,2012,77.485
OWID_OCE,2013,77.7918
OWID_OCE,2014,77.782
OWID_OCE,2015,77.925
OWID_OCE,2016,78.1608
OWID_OCE,2017,78.1272
OWID_OCE,2018,78.5383
OWID_OCE,2019,78.5668
OWID_OCE,2020,78.8495
OWID_OCE,2021,78.4519
OWID_OCE,2022,78.0631
OWID_OCE,2023,79.1464
OMN,2000,73.6428
OMN,2001,73.9788
OMN,2002,74.2761
OMN,2003,74.5213
OMN,2004,74.8204
OMN,2005,75.0705
OMN,2006,75.3543
OMN,2007,75.5959
OMN,2008,76.124
OMN,2009,76.6309
OMN,2010,77.1844
OMN,2011,77.7405
OMN,2012,78.1874
OMN,2013,78.6326
OMN,2014,79.03
OMN,2015,79.3457
OMN,2016,79.5813
OMN,2017,79.7483
OMN,2018,79.8642
OMN,2019,79.9456
OMN,2020,77.7634
OMN,2021,75.9693
OMN,2022,77.9106
OMN,2023,80.0305
PAK,2000,61.9029
PAK,2001,62.2406
PAK,2002,62.5561
PAK,2003,62.8343
PAK,2004,63.0972
PAK,2005,62.4163
PAK,2006,63.6235
PAK,2007,63.8075
PAK,2008,64.0021
PAK,2009,64.2059
PAK,2010,64.3784
PAK,2011,64.6588
PAK,2012,64.8834
PAK,2013,65.1285
PAK,2014,65.374
PAK,2015,65.6406
PAK,2016,65.9434
PAK,2017,66.2233
PAK,2018,66.4807
PAK,2019,66.7288
PAK,2020,65.7015
PAK,2021,65.7731
PAK,2022,67.4167
PAK,2023,67.649
PLW,2000,64.4991
PLW,2001,64.8001
PLW,2002,65.0756
PLW,2003,65.446
PLW,2004,65.8158
PLW,2005,66.2193
PLW,2006,66.6334
PLW,2007,67.1128
PLW,2008,67.5618
PLW,2009,67.9904
PLW,2010,68.3473
PLW,2011,68.6384
PLW,2012,68.8632
PLW,2013,68.9805
PLW,2014,69.062
PLW,2015,69.0702
PLW,2016,69.0464
PLW,2017,69.0189
PLW,2018,68.9885
PLW,2019,68.9816
PLW,2020,68.6889
PLW,2021,68.5629
PLW,2022,68.9222
PLW,2023,69.269
PSE,2000,70.2984
PSE,2001,69.75
PSE,2002,70.8805
PSE,2003,70.9672
PSE,2004,71.0943
PSE,2005,72.0041
PSE,2006,71.8306
PSE,2007,72.0636
PSE,2008,72.2045
PSE,2009,72.306
PSE,2010,73.3018
PSE,2011,73.5572
PSE,2012,73.7218
PSE,2013,74.1404
PSE,2014,72.7814
PSE,2015,74.5773
PSE,2016,74.9168
PSE,2017,75.2159
PSE,2018,75.3798
PSE,2019,75.8114
PSE,2020,74.9978
PSE,2021,73.8896
PSE,2022,76.6624
PSE,2023,65.1703
PAN,2000,73.4432
PAN,2001,73.8197
PAN,2002,74.1947
PAN,2003,74.5671
PAN,2004,74.8453
PAN,2005,75.1604
PAN,2006,75.4291
PAN,2007,75.6751
PAN,2008,75.937
PAN,2009,76.2283
PAN,2010,76.417
PAN,2011,76.6594
PAN,2012,76.8767
PAN,2013,77.1292
PAN,2014,77.3645
PAN,2015,77.5827
PAN,2016,77.7724
PAN,2017,77.9011
PAN,2018,78.2656
PAN,2019,78.5145
PAN,2020,76.3302
PAN,2021,77.0037
PAN,2022,79.3241
PAN,2023,79.5937
PNG,2000,61.6091
PNG,2001,61.6465
PNG,2002,61.6432
PNG,2003,61.741
PNG,2004,61.7954
PNG,2005,61.8678
PNG,2006,62.018
PNG,2007,62.2111
PNG,2008,62.5106
PNG,2009,62.7722
PNG,2010,63.0557
PNG,2011,63.3819
PNG,2012,63.6389
PNG,2013,63.9267
PNG,2014,64.1977
PNG,2015,64.473
PNG,2016,64.7
PNG,2017,64.9229
PNG,2018,65.1139
PNG,2019,65.3306
PNG,2020,65.075
PNG,2021,64.3577
PNG,2022,65.2736
PNG,2023,66.134
PRY,2000,70.0259
PRY,2001,70.2808
PRY,2002,70.5393
PRY,2003,70.7949
PRY,2004,71.054
PRY,2005,71.3174
PRY,2006,71.5837
PRY,2007,71.8173
PRY,2008,72.0475
PRY,2009,72.2821
PRY,2010,72.5506
PRY,2011,72.7875
PRY,2012,73.1046
PRY,2013,73.2916
PRY,2014,73.4145
PRY,2015,73.4535
PRY,2016,73.4865
PRY,2017,73.4495
PRY,2018,73.6271
PRY,2019,73.6681
PRY,2020,72.7197
PRY,2021,68.1081
PRY,2022,72.3185
PRY,2023,73.8443
PER,2000,69.821
PER,2001,70.315
PER,2002,70.8147
PER,2003,71.2777
PER,2004,71.4467
PER,2005,71.9882
PER,2006,72.3365
PER,2007,72.7463
PER,2008,72.7426
PER,2009,72.6311
PER,2010,72.8858
PER,2011,73.327
PER,2012,73.9792
PER,2013,74.5905
PER,2014,75.26
PER,2015,75.7316
PER,2016,75.9508
PER,2017,75.9576
PER,2018,76.018
PER,2019,76.2749
PER,2020,73.8315
PER,2021,71.5962
PER,2022,76.834
PER,2023,77.7401
PHL,2000,67.7892
PHL,2001,67.8286
PHL,2002,67.886
PHL,2003,68.0491
PHL,2004,68.3007
PHL,2005,68.4231
PHL,2006,68.1723
PHL,2007,68.549
PHL,2008,68.6432
PHL,2009,68.6311
PHL,2010,68.8833
PHL,2011,69.0963
PHL,2012,69.2375
PHL,2013,69.2828
PHL,2014,69.3106
PHL,2015,69.4501
PHL,2016,69.4896
PHL,2017,69.9661
PHL,2018,69.7615
PHL,2019,69.6804
PHL,2020,70.0974
PHL,2021,66.6755
PHL,2022,69.4723
PHL,2023,69.8327
POL,2000,73.6453
POL,2001,74.1771
POL,2002,74.5183
POL,2003,74.7716
POL,2004,74.9434
POL,2005,75.127
POL,2006,75.2504
POL,2007,75.4143
POL,2008,75.5829
POL,2009,75.9063
POL,2010,76.2823
POL,2011,76.5683
POL,2012,76.7748
POL,2013,77.0758
POL,2014,77.312
POL,2015,77.5894
POL,2016,77.6395
POL,2017,77.7155
POL,2018,77.6232
POL,2019,77.9213
POL,2020,76.5951
POL,2021,75.6387
POL,2022,77.9229
POL,2023,78.6329
PRT,2000,76.8301
PRT,2001,77.1517
PRT,2002,77.3698
PRT,2003,77.5828
PRT,2004,78.4274
PRT,2005,78.3169
PRT,2006,79.0894
PRT,2007,79.3087
PRT,2008,79.6026
PRT,2009,79.8295
PRT,2010,80.1149
PRT,2011,80.5822
PRT,2012,80.5549
PRT,2013,80.9029
PRT,2014,81.3135
PRT,2015,81.3213
PRT,2016,81.3636
PRT,2017,81.6605
PRT,2018,81.5915
PRT,2019,81.9587
PRT,2020,81.3664
PRT,2021,81.3978
PRT,2022,81.1936
PRT,2023,82.3599
PRI,2000,75.5141
PRI,2001,75.9715
PRI,2002,76.8192
PRI,2003,76.9406
PRI,2004,76.9129
PRI,2005,76.7028
PRI,2006,77.5612
PRI,2007,77.6595
PRI,2008,78.1105
PRI,2009,78.3772
PRI,2010,78.7174
PRI,2011,78.7656
PRI,2012,79.2584
PRI,2013,80.3181
PRI,2014,80.0391
PRI,2015,80.6775
PRI,2016,80.3547
PRI,2017,79.07
PRI,2018,81.0859
PRI,2019,81.4383
PRI,2020,80.009
PRI,2021,79.7698
PRI,2022,79.4269
PRI,2023,81.6902
QAT,2000,75.25
QAT,2001,75.4858
QAT,2002,75.7655
QAT,2003,76.0975
QAT,2004,76.4839
QAT,2005,76.9088
QAT,2006,77.3226
QAT,2007,77.7413
QAT,2008,78.2618
QAT,2009,78.8371
QAT,2010,79.4438
QAT,2011,79.9943
QAT,2012,80.4994
QAT,2013,80.9735
QAT,2014,81.3955
QAT,2015,81.785
QAT,2016,82.1472
QAT,2017,82.4583
QAT,2018,82.7136
QAT,2019,82.9454
QAT,2020,80.4095
QAT,2021,81.083
QAT,2022,81.8566
QAT,2023,82.368
REU,2000,77.0091
REU,2001,77.145
REU,2002,77.3519
REU,2003,77.5633
REU,2004,77.7493
REU,2005,77.9525
REU,2006,78.344
REU,2007,78.9305
REU,2008,79.5018
REU,2009,80.0348
REU,2010,80.474
REU,2011,80.9732
REU,2012,81.3486
REU,2013,81.6204
REU,2014,81.7762
REU,2015,81.9118
REU,2016,82.0281
REU,2017,82.1273
REU,2018,82.198
REU,2019,82.3179
REU,2020,82.5765
REU,2021,81.5003
REU,2022,81.5
REU,2023,83.5472
ROU,2000,71.1594
ROU,2001,71.1223
ROU,2002,70.8348
ROU,2003,70.8189
ROU,2004,71.0957
ROU,2005,71.5808
ROU,2006,72.1693
ROU,2007,72.7922
ROU,2008,73.2158
ROU,2009,73.457
ROU,2010,73.5793
ROU,2011,74.2877
ROU,2012,74.314
ROU,2013,74.9179
ROU,2014,74.7654
ROU,2015,74.7371
ROU,2016,75.0209
ROU,2017,75.0236
ROU,2018,75.1033
ROU,2019,75.3288
ROU,2020,74.0464
ROU,2021,72.7405
ROU,2022,75.2614
ROU,2023,75.9381
RUS,2000,64.9982
RUS,2001,65.0151
RUS,2002,64.73
RUS,2003,64.715
RUS,2004,65.1489
RUS,2005,65.2185
RUS,2006,66.5458
RUS,2007,67.469
RUS,2008,67.8621
RUS,2009,68.6571
RUS,2010,68.1526
RUS,2011,69.7255
RUS,2012,70.1165
RUS,2013,70.6403
RUS,2014,70.7978
RUS,2015,71.3449
RUS,2016,71.9101
RUS,2017,72.845
RUS,2018,72.9363
RUS,2019,73.0658
RUS,2020,71.1705
RUS,2021,69.8066
RUS,2022,72.5174
RUS,2023,73.1541
RWA,2000,47.7977
RWA,2001,49.4897
RWA,2002,51.262
RWA,2003,53.5291
RWA,2004,55.5204
RWA,2005,56.9683
RWA,2006,58.3422
RWA,2007,59.5041
RWA,2008,60.6407
RWA,2009,61.8128
RWA,2010,62.804
RWA,2011,63.4764
RWA,2012,64.1887
RWA,2013,64.6512
RWA,2014,65.0877
RWA,2015,65.4188
RWA,2016,65.7326
RWA,2017,66.1404
RWA,2018,66.3539
RWA,2019,66.6905
RWA,2020,66.9534
RWA,2021,66.8496
RWA,2022,67.528
RWA,2023,67.7852
BLM,2000,79.3411
BLM,2001,79.6228
BLM,2002,79.9035
BLM,2003,80.1795
BLM,2004,80.5027
BLM,2005,80.8214
BLM,2006,81.1316
BLM,2007,81.4245
BLM,2008,81.6605
BLM,2009,81.7567
BLM,2010,81.8807
BLM,2011,82.0693
BLM,2012,82.3231
BLM,2013,82.4823
BLM,2014,82.7933
BLM,2015,82.9707
BLM,2016,83.1544
BLM,2017,81.7559
BLM,2018,83.6036
BLM,2019,83.8237
BLM,2020,84.0707
BLM,2021,84.1875
BLM,2022,84.2805
BLM,2023,84.2901
SHN,2000,75.7544
SHN,2001,76.0621
SHN,2002,75.83
SHN,2003,76.3716
SHN,2004,77.1313
SHN,2005,77.1658
SHN,2006,76.8196
SHN,2007,75.7329
SHN,2008,75.7933
SHN,2009,76.1296
SHN,2010,76.5108
SHN,2011,76.5625
SHN,2012,76.2267
SHN,2013,76.2371
SHN,2014,75.5721
SHN,2015,75.1995
SHN,2016,75.8061
SHN,2017,76.3355
SHN,2018,76.4031
SHN,2019,76.6816
SHN,2020,76.8925
SHN,2021,76.7652
SHN,2022,76.7352
SHN,2023,76.7869
KNA,2000,69.2488
KNA,2001,69.7671
KNA,2002,70.1939
KNA,2003,70.6142
KNA,2004,70.9198
KNA,2005,71.151
KNA,2006,71.3557
KNA,2007,71.4372
KNA,2008,71.4786
KNA,2009,71.4884
KNA,2010,71.4516
KNA,2011,71.4
KNA,2012,71.3619
KNA,2013,71.2903
KNA,2014,71.2275
KNA,2015,71.2112
KNA,2016,71.2269
KNA,2017,71.284
KNA,2018,71.3362
KNA,2019,71.5399
KNA,2020,71.1814
KNA,2021,69.2709
KNA,2022,70.3131
KNA,2023,72.1447
LCA,2000,70.7791
LCA,2001,71.3671
LCA,2002,71.7065
LCA,2003,72.1883
LCA,2004,72.4527
LCA,2005,72.5437
LCA,2006,72.794
LCA,2007,72.8598
LCA,2008,72.9635
LCA,2009,72.9459
LCA,2010,72.7676
LCA,2011,72.9617
LCA,2012,72.86
LCA,2013,72.6872
LCA,2014,72.6764
LCA,2015,72.9319
LCA,2016,72.5515
LCA,2017,72.5218
LCA,2018,72.6546
LCA,2019,72.249
LCA,2020,72.3077
LCA,2021,69.1194
LCA,2022,72.6699
LCA,2023,72.6968
MAF,2000,76.7932
MAF,2001,77.0093
MAF,2002,77.2189
MAF,2003,77.4194
MAF,2004,77.6122
MAF,2005,77.8018
MAF,2006,77.9885
MAF,2007,78.1596
MAF,2008,78.3263
MAF,2009,78.5132
MAF,2010,78.7523
MAF,2011,79.0164
MAF,2012,79.3023
MAF,2013,79.5281
MAF,2014,79.7269
MAF,2015,79.8295
MAF,2016,79.8852
MAF,2017,78.7621
MAF,2018,80.029
MAF,2019,80.0784
MAF,2020,80.0848
MAF,2021,80.206
MAF,2022,80.2355
MAF,2023,80.2238
SPM,2000,74.8809
SPM,2001,75.1069
SPM,2002,75.3259
SPM,2003,75.4997
SPM,2004,75.6804
SPM,2005,75.8029
SPM,2006,75.9194
SPM,2007,76.0503
SPM,2008,76.1767
SPM,2009,76.2723
SPM,2010,76.3546
SPM,2011,76.4099
SPM,2012,76.4635
SPM,2013,76.481
SPM,2014,76.4747
SPM,2015,76.4825
SPM,2016,76.509
SPM,2017,76.5456
SPM,2018,76.5851
SPM,2019,76.6094
SPM,2020,76.6183
SPM,2021,76.6661
SPM,2022,76.6987
SPM,2023,76.7578
VCT,2000,70.3498
VCT,2001,70.3817
VCT,2002,70.6579
VCT,2003,70.4302
VCT,2004,70.4452
VCT,2005,70.4538
VCT,2006,70.4342
VCT,2007,70.446
VCT,2008,70.6113
VCT,2009,70.7119
VCT,2010,70.66
VCT,2011,70.6094
VCT,2012,70.5386
VCT,2013,70.0912
VCT,2014,70.3548
VCT,2015,70.4626
VCT,2016,70.6997
VCT,2017,71.0126
VCT,2018,71.0174
VCT,2019,70.9944
VCT,2020,69.6051
VCT,2021,69.132
VCT,2022,71.1906
VCT,2023,71.2301
WSM,2000,70.7906
WSM,2001,71.0284
WSM,2002,71.2333
WSM,2003,71.4406
WSM,2004,71.5077
WSM,2005,71.4868
WSM,2006,71.6199
WSM,2007,71.6045
WSM,2008,71.5312
WSM,2009,69.4858
WSM,2010,71.4512
WSM,2011,71.393
WSM,2012,71.1593
WSM,2013,71.2291
WSM,2014,71.1416
WSM,2015,71.0599
WSM,2016,71.0027
WSM,2017,70.991
WSM,2018,71.0516
WSM,2019,70.2695
WSM,2020,70.7265
WSM,2021,71.0958
WSM,2022,71.5503
WSM,2023,71.6982
SMR,2000,80.5036
SMR,2001,80.8028
SMR,2002,81.0608
SMR,2003,81.3303
SMR,2004,81.5921
SMR,2005,81.9256
SMR,2006,82.2577
SMR,2007,82.6049
SMR,2008,82.8936
SMR,2009,83.2239
SMR,2010,83.4638
SMR,2011,83.7132
SMR,2012,83.9427
SMR,2013,84.1749
SMR,2014,84.3941
SMR,2015,84.5959
SMR,2016,84.7751
SMR,2017,84.9326
SMR,2018,85.0947
SMR,2019,85.2565
SMR,2020,82.6495
SMR,2021,83.5389
SMR,2022,85.7082
SMR,2023,85.7062
STP,2000,61.2067
STP,2001,61.4996
STP,2002,61.8262
STP,2003,62.1579
STP,2004,62.5601
STP,2005,62.4344
STP,2006,63.0413
STP,2007,63.3356
STP,2008,63.4478
STP,2009,63.6687
STP,2010,63.8667
STP,2011,64.1217
STP,2012,64.5053
STP,2013,64.9301
STP,2014,65.4775
STP,2015,66.0231
STP,2016,66.5632
STP,2017,67.0741
STP,2018,67.6015
STP,2019,68.0435
STP,2020,67.979
STP,2021,68.0262
STP,2022,69.2368
STP,2023,69.7182
SAU,2000,72.6067
SAU,2001,72.9505
SAU,2002,73.2959
SAU,2003,73.657
SAU,2004,74.0273
SAU,2005,74.4004
SAU,2006,74.7617
SAU,2007,75.0662
SAU,2008,75.3014
SAU,2009,75.4471
SAU,2010,75.6161
SAU,2011,75.8081
SAU,2012,76.0896
SAU,2013,76.5169
SAU,2014,77.1159
SAU,2015,77.7762
SAU,2016,78.3537
SAU,2017,78.7213
SAU,2018,78.7499
SAU,2019,78.3132
SAU,2020,77.5962
SAU,2021,77.0887
SAU,2022,77.3098
SAU,2023,78.7321
SEN,2000,57.6153
SEN,2001,58.158
SEN,2002,58.9124
SEN,2003,59.4735
SEN,2004,60.3076
SEN,2005,60.9801
SEN,2006,61.8006
SEN,2007,62.6525
SEN,2008,63.2012
SEN,2009,63.7513
SEN,2010,64.2214
SEN,2011,64.7987
SEN,2012,65.2291
SEN,2013,65.6376
SEN,2014,66.0014
SEN,2015,66.4511
SEN,2016,66.724
SEN,2017,67.0589
SEN,2018,67.3792
SEN,2019,67.668
SEN,2020,67.4961
SEN,2021,66.8685
SEN,2022,67.7884
SEN,2023,68.6829
SRB,2000,72.3344
SRB,2001,72.2745
SRB,2002,72.5994
SRB,2003,72.7222
SRB,2004,72.8667
SRB,2005,73.1151
SRB,2006,73.3951
SRB,2007,73.724
SRB,2008,73.9041
SRB,2009,74.106
SRB,2010,74.3762
SRB,2011,74.7194
SRB,2012,75.0888
SRB,2013,75.3461
SRB,2014,75.4778
SRB,2015,75.653
SRB,2016,75.7375
SRB,2017,75.7921
SRB,2018,76.0356
SRB,2019,76.0585
SRB,2020,74.5065
SRB,2021,72.853
SRB,2022,75.4778
SRB,2023,76.7693
SYC,2000,71.3127
SYC,2001,71.4292
SYC,2002,71.5458
SYC,2003,71.684
SYC,2004,71.7069
SYC,2005,71.9209
SYC,2006,72.0474
SYC,2007,72.1617
SYC,2008,72.3233
SYC,2009,72.4139
SYC,2010,72.4771
SYC,2011,72.5062
SYC,2012,72.4907
SYC,2013,72.4279
SYC,2014,72.3545
SYC,2015,72.2854
SYC,2016,72.2456
SYC,2017,72.2319
SYC,2018,72.1756
SYC,2019,72.1226
SYC,2020,74.0912
SYC,2021,71.2198
SYC,2022,71.2481
SYC,2023,72.862
SLE,2000,44.8341
SLE,2001,45.4476
SLE,2002,46.1739
SLE,2003,46.7843
SLE,2004,47.4853
SLE,2005,48.306
SLE,2006,49.5472
SLE,2007,50.0239
SLE,2008,50.6927
SLE,2009,51.3124
SLE,2010,51.9272
SLE,2011,52.5936
SLE,2012,53.159
SLE,2013,54.0515
SLE,2014,54.2809
SLE,2015,55.454
SLE,2016,56.9368
SLE,2017,57.761
SLE,2018,59.0587
SLE,2019,59.5935
SLE,2020,59.6935
SLE,2021,60.2596
SLE,2022,61.2748
SLE,2023,61.7858
SGP,2000,77.7525
SGP,2001,78.2668
SGP,2002,78.7357
SGP,2003,79.1777
SGP,2004,79.6584
SGP,2005,80.2706
SGP,2006,80.6404
SGP,2007,80.8845
SGP,2008,81.0992
SGP,2009,81.4282
SGP,2010,81.6472
SGP,2011,81.9417
SGP,2012,82.2089
SGP,2013,82.4676
SGP,2014,82.6146
SGP,2015,82.7479
SGP,2016,82.897
SGP,2017,83.0947
SGP,2018,83.3783
SGP,2019,83.6622
SGP,2020,83.6607
SGP,2021,83.4846
SGP,2022,82.9211
SGP,2023,83.7362
SXM,2000,74.4091
SXM,2001,74.5246
SXM,2002,74.5847
SXM,2003,74.5879
SXM,2004,74.6175
SXM,2005,74.6812
SXM,2006,74.7786
SXM,2007,74.8123
SXM,2008,74.8522
SXM,2009,74.7963
SXM,2010,74.8212
SXM,2011,74.8684
SXM,2012,75.1253
SXM,2013,75.3913
SXM,2014,75.7346
SXM,2015,75.8992
SXM,2016,75.9518
SXM,2017,75.4551
SXM,2018,75.6932
SXM,2019,75.6796
SXM,2020,75.0023
SXM,2021,74.5049
SXM,2022,76.1804
SXM,2023,76.371
SVK,2000,73.1393
SVK,2001,73.5706
SVK,2002,73.765
SVK,2003,73.8185
SVK,2004,74.2172
SVK,2005,74.1562
SVK,2006,74.4161
SVK,2007,74.4947
SVK,2008,74.8643
SVK,2009,75.2175
SVK,2010,75.4963
SVK,2011,76.0181
SVK,2012,76.1764
SVK,2013,76.5139
SVK,2014,76.8484
SVK,2015,76.6505
SVK,2016,77.2156
SVK,2017,77.22
SVK,2018,77.265
SVK,2019,77.6863
SVK,2020,76.8643
SVK,2021,74.5901
SVK,2022,77.0356
SVK,2023,78.3414
SVN,2000,75.8302
SVN,2001,76.1809
SVN,2002,76.3155
SVN,2003,76.3172
SVN,2004,76.9319
SVN,2005,77.5029
SVN,2006,77.8204
SVN,2007,78.2855
SVN,2008,78.595
SVN,2009,79.027
SVN,2010,79.3008
SVN,2011,79.5884
SVN,2012,79.7652
SVN,2013,80.0884
SVN,2014,80.2517
SVN,2015,80.4994
SVN,2016,80.512
SVN,2017,80.6163
SVN,2018,80.861
SVN,2019,81.007
SVN,2020,80.3641
SVN,2021,80.434
SVN,2022,80.7933
SVN,2023,81.6034
SLB,2000,67.1164
SLB,2001,67.2365
SLB,2002,67.3501
SLB,2003,67.4787
SLB,2004,67.6283
SLB,2005,67.79
SLB,2006,67.9676
SLB,2007,67.8451
SLB,2008,68.3362
SLB,2009,68.3971
SLB,2010,68.6694
SLB,2011,68.8241
SLB,2012,68.9606
SLB,2013,69.0072
SLB,2014,68.9836
SLB,2015,69.3234
SLB,2016,69.5012
SLB,2017,69.6517
SLB,2018,69.8061
SLB,2019,69.9807
SLB,2020,69.2577
SLB,2021,68.8904
SLB,2022,70.4086
SLB,2023,70.5277
SOM,2000,50.7466
SOM,2001,50.8291
SOM,2002,50.8202
SOM,2003,50.7208
SOM,2004,50.6849
SOM,2005,50.8937
SOM,2006,50.9152
SOM,2007,50.8852
SOM,2008,51.4558
SOM,2009,52.101
SOM,2010,48.8996
SOM,2011,32.4525
SOM,2012,49.1384
SOM,2013,54.0163
SOM,2014,54.4421
SOM,2015,55.0555
SOM,2016,55.2828
SOM,2017,52.1901
SOM,2018,54.7673
SOM,2019,57.2494
SOM,2020,57.0948
SOM,2021,55.7027
SOM,2022,53.9315
SOM,2023,58.8158
ZAF,2000,58.3678
ZAF,2001,57.1607
ZAF,2002,55.5795
ZAF,2003,54.2451
ZAF,2004,53.963
ZAF,2005,53.9142
ZAF,2006,54.2204
ZAF,2007,54.9477
ZAF,2008,55.9817
ZAF,2009,57.413
ZAF,2010,58.8863
ZAF,2011,60.6024
ZAF,2012,61.7366
ZAF,2013,62.3883
ZAF,2014,63.1845
ZAF,2015,64.0532
ZAF,2016,64.7495
ZAF,2017,65.4222
ZAF,2018,65.726
ZAF,2019,66.0711
ZAF,2020,65.1502
ZAF,2021,62.0099
ZAF,2022,65.4536
ZAF,2023,66.1387
KOR,2000,76.2351
KOR,2001,76.9195
KOR,2002,77.2304
KOR,2003,77.4974
KOR,2004,77.9571
KOR,2005,78.4486
KOR,2006,79.0348
KOR,2007,79.4323
KOR,2008,79.9956
KOR,2009,80.5504
KOR,2010,80.7172
KOR,2011,81.1685
KOR,2012,81.3075
KOR,2013,81.8356
KOR,2014,82.3641
KOR,2015,82.5404
KOR,2016,82.9204
KOR,2017,83.2784
KOR,2018,83.34
KOR,2019,83.6846
KOR,2020,83.6752
KOR,2021,83.8517
KOR,2022,82.727
KOR,2023,84.3288
SSD,2000,47.5913
SSD,2001,48.5505
SSD,2002,49.3942
SSD,2003,52.3242
SSD,2004,53.0517
SSD,2005,53.9646
SSD,2006,54.6529
SSD,2007,55.4249
SSD,2008,56.2803
SSD,2009,56.8478
SSD,2010,57.4848
SSD,2011,57.6738
SSD,2012,58.2406
SSD,2013,58.2853
SSD,2014,45.6247
SSD,2015,39.7565
SSD,2016,36.72
SSD,2017,35.3511
SSD,2018,51.9049
SSD,2019,58.1293
SSD,2020,57.6479
SSD,2021,57.0474
SSD,2022,57.2026
SSD,2023,57.6174
ESP,2000,79.4123
ESP,2001,79.7387
ESP,2002,79.8177
ESP,2003,79.7482
ESP,2004,80.3283
ESP,2005,80.3196
ESP,2006,80.9627
ESP,2007,80.9696
ESP,2008,81.2782
ESP,2009,81.627
ESP,2010,82.0063
ESP,2011,82.1804
ESP,2012,82.1905
ESP,2013,82.6943
ESP,2014,82.8283
ESP,2015,82.6109
ESP,2016,82.9999
ESP,2017,82.9862
ESP,2018,83.0956
ESP,2019,83.4794
ESP,2020,82.2413
ESP,2021,82.9508
ESP,2022,82.3661
ESP,2023,83.6703
LKA,2000,71.1787
LKA,2001,71.8044
LKA,2002,72.2711
LKA,2003,72.4417
LKA,2004,68.0218
LKA,2005,73.0733
LKA,2006,72.825
LKA,2007,72.9831
LKA,2008,72.5557
LKA,2009,70.2976
LKA,2010,74.4626
LKA,2011,74.7405
LKA,2012,75.1866
LKA,2013,75.5461
LKA,2014,75.7573
LKA,2015,75.9899
LKA,2016,76.1361
LKA,2017,76.2386
LKA,2018,76.4853
LKA,2019,76.698
LKA,2020,76.9281
LKA,2021,76.2779
LKA,2022,77.2996
LKA,2023,77.4828
SDN,2000,58.9456
SDN,2001,59.2641
SDN,2002,59.3078
SDN,2003,58.3193
SDN,2004,56.7731
SDN,2005,57.2263
SDN,2006,60.3996
SDN,2007,61.4419
SDN,2008,61.2609
SDN,2009,62.6765
SDN,2010,62.9792
SDN,2011,63.1809
SDN,2012,63.4273
SDN,2013,63.4433
SDN,2014,63.9905
SDN,2015,64.3746
SDN,2016,64.6773
SDN,2017,65.1464
SDN,2018,65.5005
SDN,2019,65.8032
SDN,2020,65.1237
SDN,2021,64.4604
SDN,2022,65.695
SDN,2023,66.331
SUR,2000,64.4089
SUR,2001,64.8201
SUR,2002,65.2744
SUR,2003,65.7785
SUR,2004,66.3615
SUR,2005,66.9974
SUR,2006,67.6431
SUR,2007,68.3071
SUR,2008,68.8732
SUR,2009,69.3231
SUR,2010,69.6262
SUR,2011,69.8203
SUR,2012,69.9568
SUR,2013,70.1101
SUR,2014,70.33
SUR,2015,70.5671
SUR,2016,70.9786
SUR,2017,71.2474
SUR,2018,71.4679
SUR,2019,71.7734
SUR,2020,72.3208
SUR,2021,68.9427
SUR,2022,73.2538
SUR,2023,73.631
SWE,2000,79.7387
SWE,2001,79.8363
SWE,2002,79.9349
SWE,2003,80.1951
SWE,2004,80.5465
SWE,2005,80.6213
SWE,2006,80.8318
SWE,2007,80.97
SWE,2008,81.1373
SWE,2009,81.3633
SWE,2010,81.519
SWE,2011,81.7584
SWE,2012,81.7299
SWE,2013,81.9354
SWE,2014,82.2241
SWE,2015,82.1844
SWE,2016,82.3391
SWE,2017,82.4377
SWE,2018,82.5321
SWE,2019,83.0518
SWE,2020,82.4271
SWE,2021,83.0196
SWE,2022,83.046
SWE,2023,83.2624
CHE,2000,79.834
CHE,2001,80.2511
CHE,2002,80.4438
CHE,2003,80.5325
CHE,2004,81.0549
CHE,2005,81.2362
CHE,2006,81.5495
CHE,2007,81.7028
CHE,2008,81.9709
CHE,2009,81.9891
CHE,2010,82.2873
CHE,2011,82.5738
CHE,2012,82.6167
CHE,2013,82.6892
CHE,2014,83.0841
CHE,2015,82.8461
CHE,2016,83.4457
CHE,2017,83.414
CHE,2018,83.5639
CHE,2019,83.7804
CHE,2020,83.0626
CHE,2021,83.6477
CHE,2022,83.2003
CHE,2023,83.9536
SYR,2000,70.8563
SYR,2001,71.2958
SYR,2002,71.7424
SYR,2003,72.1875
SYR,2004,72.4938
SYR,2005,72.7966
SYR,2006,73.0396
SYR,2007,73.2563
SYR,2008,73.3681
SYR,2009,73.4959
SYR,2010,73.5417
SYR,2011,72.2593
SYR,2012,66.2064
SYR,2013,65.1457
SYR,2014,65.4916
SYR,2015,63.2651
SYR,2016,65.1896
SYR,2017,65.6508
SYR,2018,67.3711
SYR,2019,70.9701
SYR,2020,71.944
SYR,2021,72.4175
SYR,2022,72.7898
SYR,2023,72.1201
TWN,2000,76.1389
TWN,2001,76.4775
TWN,2002,76.8708
TWN,2003,77.0431
TWN,2004,77.1732
TWN,2005,77.133
TWN,2006,77.8448
TWN,2007,78.0458
TWN,2008,78.2979
TWN,2009,78.7005
TWN,2010,79.0363
TWN,2011,78.8804
TWN,2012,79.1791
TWN,2013,79.5976
TWN,2014,79.4726
TWN,2015,79.8786
TWN,2016,79.6996
TWN,2017,80.061
TWN,2018,80.4312
TWN,2019,80.5958
TWN,2020,81.1067
TWN,2021,80.7847
TWN,2022,80.1569
TWN,2023,80.5588
TJK,2000,63.542
TJK,2001,64.197
TJK,2002,64.8983
TJK,2003,65.8742
TJK,2004,66.6042
TJK,2005,66.5313
TJK,2006,66.9968
TJK,2007,67.4046
TJK,2008,67.9243
TJK,2009,68.2475
TJK,2010,68.3698
TJK,2011,68.6983
TJK,2012,69.1296
TJK,2013,69.579
TJK,2014,69.697
TJK,2015,69.6647
TJK,2016,69.9819
TJK,2017,70.5241
TJK,2018,70.7366
TJK,2019,70.962
TJK,2020,68.6054
TJK,2021,69.5935
TJK,2022,71.5624
TJK,2023,71.7901
TZA,2000,53.2439
TZA,2001,54.1243
TZA,2002,54.9396
TZA,2003,55.9292
TZA,2004,56.8355
TZA,2005,57.675
TZA,2006,58.5123
TZA,2007,59.2602
TZA,2008,59.8961
TZA,2009,60.494
TZA,2010,61.1266
TZA,2011,61.6176
TZA,2012,62.2862
TZA,2013,62.788
TZA,2014,63.3638
TZA,2015,63.9284
TZA,2016,64.4037
TZA,2017,64.9631
TZA,2018,65.488
TZA,2019,66.0068
TZA,2020,66.7712
TZA,2021,66.1306
TZA,2022,66.8786
TZA,2023,66.9953
THA,2000,71.2053
THA,2001,71.5198
THA,2002,71.7747
THA,2003,72.1012
THA,2004,72.1
THA,2005,72.8938
THA,2006,73.3413
THA,2007,73.7795
THA,2008,74.2205
THA,2009,74.6691
THA,2010,75.0117
THA,2011,75.3015
THA,2012,75.5899
THA,2013,75.9601
THA,2014,76.2792
THA,2015,76.5631
THA,2016,76.7693
THA,2017,76.9888
THA,2018,77.1903
THA,2019,77.1967
THA,2020,77.3314
THA,2021,77.6065
THA,2022,75.2913
THA,2023,76.4115
TGO,2000,54.577
TGO,2001,54.7456
TGO,2002,55.0319
TGO,2003,55.2994
TGO,2004,55.5941
TGO,2005,55.9159
TGO,2006,56.1416
TGO,2007,56.3821
TGO,2008,56.6511
TGO,2009,56.9267
TGO,2010,57.2266
TGO,2011,57.6118
TGO,2012,57.9396
TGO,2013,58.3447
TGO,2014,58.7663
TGO,2015,59.2201
TGO,2016,59.6686
TGO,2017,60.1351
TGO,2018,60.6006
TGO,2019,61.0554
TGO,2020,61.1225
TGO,2021,61.3285
TGO,2022,62.2898
TGO,2023,62.7387
TKL,2000,72.1967
TKL,2001,72.4259
TKL,2002,72.6536
TKL,2003,72.8907
TKL,2004,73.1245
TKL,2005,73.342
TKL,2006,73.555
TKL,2007,73.7796
TKL,2008,74.0213
TKL,2009,74.2712
TKL,2010,74.5103
TKL,2011,74.7605
TKL,2012,75.0127
TKL,2013,75.2692
TKL,2014,75.4738
TKL,2015,75.7071
TKL,2016,75.9262
TKL,2017,76.0554
TKL,2018,76.2435
TKL,2019,76.4524
TKL,2020,76.6217
TKL,2021,76.7183
TKL,2022,76.887
TKL,2023,77.0512
TON,2000,69.6349
TON,2001,69.7998
TON,2002,70.0301
TON,2003,70.2275
TON,2004,70.433
TON,2005,70.56
TON,2006,70.7098
TON,2007,70.8868
TON,2008,71.0412
TON,2009,70.9489
TON,2010,71.3185
TON,2011,71.4372
TON,2012,71.5461
TON,2013,71.6499
TON,2014,71.7212
TON,2015,71.851
TON,2016,71.9505
TON,2017,72.0657
TON,2018,72.1691
TON,2019,72.292
TON,2020,72.3787
TON,2021,72.1296
TON,2022,72.6353
TON,2023,72.8947
TTO,2000,68.6288
TTO,2001,68.8744
TTO,2002,69.2322
TTO,2003,69.4536
TTO,2004,69.8791
TTO,2005,70.1847
TTO,2006,70.4367
TTO,2007,70.7973
TTO,2008,71.1171
TTO,2009,71.4042
TTO,2010,71.809
TTO,2011,72.2323
TTO,2012,72.513
TTO,2013,72.7855
TTO,2014,72.8984
TTO,2015,72.8817
TTO,2016,72.9348
TTO,2017,72.9844
TTO,2018,72.6582
TTO,2019,72.8357
TTO,2020,72.645
TTO,2021,71.1114
TTO,2022,73.3308
TTO,2023,73.4896
TUN,2000,72.6043
TUN,2001,72.8219
TUN,2002,73.0695
TUN,2003,73.3036
TUN,2004,73.5195
TUN,2005,73.7117
TUN,2006,73.8884
TUN,2007,74.0391
TUN,2008,74.1923
TUN,2009,74.3199
TUN,2010,74.4376
TUN,2011,74.4714
TUN,2012,74.5985
TUN,2013,74.6736
TUN,2014,74.7838
TUN,2015,74.8748
TUN,2016,75.0074
TUN,2017,75.1768
TUN,2018,75.37
TUN,2019,75.5992
TUN,2020,75.0035
TUN,2021,72.8928
TUN,2022,76.0505
TUN,2023,76.5077
TUR,2000,71.9312
TUR,2001,72.2711
TUR,2002,72.6047
TUR,2003,72.9061
TUR,2004,73.2232
TUR,2005,73.5098
TUR,2006,73.8038
TUR,2007,74.1291
TUR,2008,74.3802
TUR,2009,74.679
TUR,2010,74.9642
TUR,2011,74.8234
TUR,2012,75.5519
TUR,2013,76.1705
TUR,2014,76.4519
TUR,2015,76.5389
TUR,2016,76.5948
TUR,2017,77.0372
TUR,2018,77.4535
TUR,2019,77.737
TUR,2020,76.5255
TUR,2021,75.7222
TUR,2022,77.5913
TUR,2023,77.1557
TKM,2000,64.9315
TKM,2001,65.3246
TKM,2002,65.5934
TKM,2003,65.8538
TKM,2004,66.0548
TKM,2005,66.2747
TKM,2006,66.5744
TKM,2007,67.0198
TKM,2008,67.5836
TKM,2009,68.1552
TKM,2010,68.6078
TKM,2011,68.8696
TKM,2012,68.9607
TKM,2013,68.968
TKM,2014,69.0014
TKM,2015,69.0608
TKM,2016,69.1421
TKM,2017,69.19
TKM,2018,69.2718
TKM,2019,69.4046
TKM,2020,68.8457
TKM,2021,69.3525
TKM,2022,69.9133
TKM,2023,70.0727
TCA,2000,73.9715
TCA,2001,74.4085
TCA,2002,74.8434
TCA,2003,75.2624
TCA,2004,75.6305
TCA,2005,75.9539
TCA,2006,76.1965
TCA,2007,76.4267
TCA,2008,76.0839
TCA,2009,76.672
TCA,2010,76.784
TCA,2011,76.8697
TCA,2012,76.9694
TCA,2013,77.0998
TCA,2014,77.2116
TCA,2015,77.3211
TCA,2016,77.4372
TCA,2017,77.5051
TCA,2018,77.5957
TCA,2019,77.691
TCA,2020,77.4989
TCA,2021,77.2342
TCA,2022,77.9176
TCA,2023,78.0077
TUV,2000,63.5356
TUV,2001,63.709
TUV,2002,63.8246
TUV,2003,63.8974
TUV,2004,63.9885
TUV,2005,64.0962
TUV,2006,64.2467
TUV,2007,64.4017
TUV,2008,64.5162
TUV,2009,64.693
TUV,2010,64.834
TUV,2011,64.9598
TUV,2012,65.0792
TUV,2013,65.1713
TUV,2014,65.2778
TUV,2015,65.3652
TUV,2016,65.51
TUV,2017,65.6826
TUV,2018,65.871
TUV,2019,66.1085
TUV,2020,66.3567
TUV,2021,65.8236
TUV,2022,66.8516
TUV,2023,67.1049
UGA,2000,49.6397
UGA,2001,50.5761
UGA,2002,51.4432
UGA,2003,52.4136
UGA,2004,53.6988
UGA,2005,54.9264
UGA,2006,56.1184
UGA,2007,57.2479
UGA,2008,58.253
UGA,2009,59.1574
UGA,2010,59.9593
UGA,2011,60.7914
UGA,2012,61.5786
UGA,2013,62.3531
UGA,2014,63.0575
UGA,2015,63.8315
UGA,2016,64.4944
UGA,2017,65.1738
UGA,2018,65.7751
UGA,2019,66.3537
UGA,2020,66.4098
UGA,2021,66.4497
UGA,2022,67.6747
UGA,2023,68.2523
UKR,2000,67.7862
UKR,2001,67.6754
UKR,2002,67.6986
UKR,2003,67.6383
UKR,2004,67.4724
UKR,2005,67.5168
UKR,2006,67.4901
UKR,2007,67.7147
UKR,2008,68.2618
UKR,2009,69.1595
UKR,2010,70.1883
UKR,2011,70.7106
UKR,2012,71.0896
UKR,2013,71.4744
UKR,2014,71.8034
UKR,2015,72.6862
UKR,2016,73.3894
UKR,2017,73.9935
UKR,2018,73.5691
UKR,2019,73.9199
UKR,2020,73.2833
UKR,2021,71.6308
UKR,2022,72.6582
UKR,2023,73.4225
ARE,2000,76.347
ARE,2001,77.6207
ARE,2002,78.7211
ARE,2003,79.5995
ARE,2004,80.2724
ARE,2005,80.779
ARE,2006,81.1553
ARE,2007,81.4384
ARE,2008,81.5915
ARE,2009,81.6794
ARE,2010,81.886
ARE,2011,81.8984
ARE,2012,81.9129
ARE,2013,81.95
ARE,2014,81.9902
ARE,2015,82.0759
ARE,2016,82.1946
ARE,2017,82.3884
ARE,2018,82.4493
ARE,2019,82.5961
ARE,2020,81.9363
ARE,2021,79.0831
ARE,2022,80.4868
ARE,2023,82.9091
GBR,2000,77.8491
GBR,2001,78.1208
GBR,2002,78.237
GBR,2003,78.3302
GBR,2004,78.8998
GBR,2005,79.1061
GBR,2006,79.3474
GBR,2007,79.5337
GBR,2008,79.6554
GBR,2009,80.1556
GBR,2010,80.3908
GBR,2011,80.7961
GBR,2012,80.8594
GBR,2013,80.9232
GBR,2014,81.1529
GBR,2015,80.919
GBR,2016,81.0675
GBR,2017,81.164
GBR,2018,81.1229
GBR,2019,81.4426
GBR,2020,80.3854
GBR,2021,80.708
GBR,2022,81.0744
GBR,2023,81.3015
USA,2000,76.8058
USA,2001,76.9194
USA,2002,76.9883
USA,2003,77.1369
USA,2004,77.535
USA,2005,77.5264
USA,2006,77.7976
USA,2007,78.0471
USA,2008,78.1273
USA,2009,78.4758
USA,2010,78.6681
USA,2011,78.7023
USA,2012,78.8169
USA,2013,78.8175
USA,2014,78.8785
USA,2015,78.7219
USA,2016,78.686
USA,2017,78.6483
USA,2018,78.7997
USA,2019,78.916
USA,2020,77.0115
USA,2021,76.3836
USA,2022,77.9789
USA,2023,79.3043
VIR,2000,71.8046
VIR,2001,72.2175
VIR,2002,72.0544
VIR,2003,72.0065
VIR,2004,71.8287
VIR,2005,72.2349
VIR,2006,72.4788
VIR,2007,72.5874
VIR,2008,72.6575
VIR,2009,72.9192
VIR,2010,73.235
VIR,2011,73.4027
VIR,2012,73.6956
VIR,2013,73.9471
VIR,2014,74.1975
VIR,2015,74.3104
VIR,2016,74.4236
VIR,2017,74.3721
VIR,2018,74.6823
VIR,2019,74.8761
VIR,2020,74.7137
VIR,2021,74.6132
VIR,2022,75.0449
VIR,2023,75.4724
OWID_UMC,2000,70.1848
OWID_UMC,2001,70.4739
OWID_UMC,2002,70.7067
OWID_UMC,2003,70.9514
OWID_UMC,2004,71.0767
OWID_UMC,2005,71.5889
OWID_UMC,2006,71.9828
OWID_UMC,2007,72.4004
OWID_UMC,2008,72.6168
OWID_UMC,2009,73.0789
OWID_UMC,2010,73.3493
OWID_UMC,2011,73.741
OWID_UMC,2012,74.0892
OWID_UMC,2013,74.3797
OWID_UMC,2014,74.6384
OWID_UMC,2015,74.9065
OWID_UMC,2016,75.1029
OWID_UMC,2017,75.2946
OWID_UMC,2018,75.6241
OWID_UMC,2019,75.8229
OWID_UMC,2020,75.0315
OWID_UMC,2021,74.338
OWID_UMC,2022,75.7306
OWID_UMC,2023,75.8812
URY,2000,74.6929
URY,2001,74.9865
URY,2002,74.9788
URY,2003,75.0858
URY,2004,75.3194
URY,2005,75.8286
URY,2006,75.8884
URY,2007,76.1502
URY,2008,76.2746
URY,2009,76.67
URY,2010,76.6911
URY,2011,76.6141
URY,2012,76.6914
URY,2013,76.9531
URY,2014,77.1941
URY,2015,77.2847
URY,2016,77.3511
URY,2017,77.618
URY,2018,77.5273
URY,2019,77.5028
URY,2020,78.3811
URY,2021,75.4345
URY,2022,76.4682
URY,2023,78.1385
UZB,2000,65.456
UZB,2001,65.8532
UZB,2002,66.3763
UZB,2003,66.8523
UZB,2004,67.2031
UZB,2005,67.481
UZB,2006,67.9053
UZB,2007,68.4833
UZB,2008,69.0347
UZB,2009,69.517
UZB,2010,69.8364
UZB,2011,70.1429
UZB,2012,70.4108
UZB,2013,70.6925
UZB,2014,70.9732
UZB,2015,71.3298
UZB,2016,71.5798
UZB,2017,71.7372
UZB,2018,71.9988
UZB,2019,72.0934
UZB,2020,71.4613
UZB,2021,71.6808
UZB,2022,72.1465
UZB,2023,72.3884
VUT,2000,68.586
VUT,2001,68.722
VUT,2002,68.8358
VUT,2003,68.9331
VUT,2004,68.9847
VUT,2005,69.1656
VUT,2006,69.1264
VUT,2007,69.1439
VUT,2008,69.3017
VUT,2009,69.422
VUT,2010,69.5703
VUT,2011,69.7287
VUT,2012,69.8983
VUT,2013,69.9861
VUT,2014,70.0433
VUT,2015,70.1632
VUT,2016,70.3975
VUT,2017,70.4996
VUT,2018,70.6259
VUT,2019,70.7834
VUT,2020,70.3845
VUT,2021,69.9518
VUT,2022,71.3016
VUT,2023,71.4769
VAT,2000,79.3373
VAT,2001,79.8502
VAT,2002,79.9531
VAT,2003,79.8455
VAT,2004,80.1907
VAT,2005,80.6475
VAT,2006,81.2237
VAT,2007,81.2977
VAT,2008,81.3727
VAT,2009,81.3006
VAT,2010,81.5413
VAT,2011,81.7071
VAT,2012,81.9805
VAT,2013,82.4736
VAT,2014,82.6278
VAT,2015,82.4639
VAT,2016,82.8758
VAT,2017,82.7189
VAT,2018,83.3126
VAT,2019,83.6243
VAT,2020,82.986
VAT,2021,82.946
VAT,2022,83.3354
VAT,2023,82.9848
VEN,2000,72.3876
VEN,2001,71.0189
VEN,2002,72.8225
VEN,2003,72.0556
VEN,2004,72.7523
VEN,2005,73.0752
VEN,2006,72.9724
VEN,2007,73.3478
VEN,2008,72.5776
VEN,2009,72.7852
VEN,2010,73.0922
VEN,2011,73.0895
VEN,2012,73.0858
VEN,2013,73.0765
VEN,2014,72.8371
VEN,2015,73.0044
VEN,2016,72.0019
VEN,2017,71.9026
VEN,2018,72.6415
VEN,2019,72.7664
VEN,2020,72.3693
VEN,2021,71.5364
VEN,2022,72.5656
VEN,2023,72.5142
VNM,2000,72.7455
VNM,2001,72.9842
VNM,2002,73.1384
VNM,2003,73.2356
VNM,2004,73.0623
VNM,2005,73.1983
VNM,2006,73.2925
VNM,2007,73.385
VNM,2008,73.455
VNM,2009,73.5253
VNM,2010,73.6107
VNM,2011,73.7126
VNM,2012,73.7619
VNM,2013,73.8207
VNM,2014,73.8859
VNM,2015,73.9554
VNM,2016,73.9837
VNM,2017,74.0265
VNM,2018,74.1004
VNM,2019,74.2113
VNM,2020,75.3832
VNM,2021,74.1448
VNM,2022,74.5025
VNM,2023,74.5883
WLF,2000,75.3901
WLF,2001,75.6448
WLF,2002,75.7205
WLF,2003,75.7606
WLF,2004,75.9345
WLF,2005,76.1412
WLF,2006,76.3171
WLF,2007,76.542
WLF,2008,76.7181
WLF,2009,76.7891
WLF,2010,76.8087
WLF,2011,76.9293
WLF,2012,77.0467
WLF,2013,77.1567
WLF,2014,77.2859
WLF,2015,77.4504
WLF,2016,77.5447
WLF,2017,77.6279
WLF,2018,77.7633
WLF,2019,77.9936
WLF,2020,78.1637
WLF,2021,77.4609
WLF,2022,78.5005
WLF,2023,78.6286
ESH,2000,62.7345
ESH,2001,63.2225
ESH,2002,63.7369
ESH,2003,64.2329
ESH,2004,64.7439
ESH,2005,65.2223
ESH,2006,65.6697
ESH,2007,66.1443
ESH,2008,66.5816
ESH,2009,67.0572
ESH,2010,67.492
ESH,2011,67.8831
ESH,2012,68.2373
ESH,2013,68.6173
ESH,2014,68.9533
ESH,2015,69.2753
ESH,2016,69.5959
ESH,2017,69.8831
ESH,2018,70.1433
ESH,2019,70.3822
ESH,2020,70.6126
ESH,2021,70.8869
ESH,2022,71.1432
ESH,2023,71.385
OWID_WRL,2000,66.4333
OWID_WRL,2001,66.7531
OWID_WRL,2002,67.068
OWID_WRL,2003,67.4015
OWID_WRL,2004,67.7449
OWID_WRL,2005,68.1405
OWID_WRL,2006,68.6137
OWID_WRL,2007,69.0316
OWID_WRL,2008,69.3017
OWID_WRL,2009,69.6812
OWID_WRL,2010,70.089
OWID_WRL,2011,70.4033
OWID_WRL,2012,70.824
OWID_WRL,2013,71.1417
OWID_WRL,2014,71.4038
OWID_WRL,2015,71.606
OWID_WRL,2016,71.8768
OWID_WRL,2017,72.067
OWID_WRL,2018,72.3885
OWID_WRL,2019,72.6093
OWID_WRL,2020,71.9166
OWID_WRL,2021,70.865
OWID_WRL,2022,72.6398
OWID_WRL,2023,73.1694
YEM,2000,62.761
YEM,2001,63.2864
YEM,2002,63.8066
YEM,2003,64.4075
YEM,2004,64.881
YEM,2005,65.3561
YEM,2006,65.7997
YEM,2007,66.2304
YEM,2008,66.6091
YEM,2009,66.9053
YEM,2010,67.223
YEM,2011,67.4124
YEM,2012,67.569
YEM,2013,67.961
YEM,2014,68.0027
YEM,2015,66.7613
YEM,2016,67.1054
YEM,2017,67.1198
YEM,2018,65.9154
YEM,2019,66.5673
YEM,2020,66.4354
YEM,2021,66.0191
YEM,2022,67.9517
YEM,2023,69.2952
ZMB,2000,46.5771
ZMB,2001,47.4077
ZMB,2002,48.4614
ZMB,2003,49.6158
ZMB,2004,50.5398
ZMB,2005,51.6147
ZMB,2006,52.6928
ZMB,2007,53.73
ZMB,2008,54.835
ZMB,2009,55.8862
ZMB,2010,56.896
ZMB,2011,57.8431
ZMB,2012,58.704
ZMB,2013,59.4452
ZMB,2014,60.1091
ZMB,2015,60.7284
ZMB,2016,61.1285
ZMB,2017,61.5644
ZMB,2018,62.1381
ZMB,2019,62.9145
ZMB,2020,63.3607
ZMB,2021,62.3631
ZMB,2022,65.2791
ZMB,2023,66.3487
ZWE,2000,46.0339
ZWE,2001,44.5249
ZWE,2002,45.9381
ZWE,2003,45.373
ZWE,2004,46.0426
ZWE,2005,46.5701
ZWE,2006,47.0559
ZWE,2007,47.5756
ZWE,2008,48.4559
ZWE,2009,49.7496
ZWE,2010,51.9252
ZWE,2011,53.9112
ZWE,2012,55.3855
ZWE,2013,56.8422
ZWE,2014,58.106
ZWE,2015,58.9895
ZWE,2016,59.7601
ZWE,2017,60.2626
ZWE,2018,60.9055
ZWE,2019,61.0603
ZWE,2020,61.53
ZWE,2021,60.1347
ZWE,2022,62.3601
ZWE,2023,62.7748
