Code,Year,Value
ABW,2000,65.3545497799987
AFE,2000,28.468687977645207
AFG,2000,18.5581995230666
AFW,2000,38.85246843845806
AGO,2000,50.5070653484197
ALB,2000,41.6135829609314
AND,2000,92.2559356689453
ARB,2000,52.44143057539628
ARE,2000,79.287092479995
ARG,2000,89.1760271133454
ARM,2000,64.959237917436
ASM,2000,88.6075809307222
ATG,2000,32.2326072041227
AUS,2000,85.1071608578257
AUT,2000,66.7690238969566
AZE,2000,51.1320838928223
BDI,2000,8.04381449833197
BEL,2000,82.0152520403035
BEN,2000,38.2759517258875
BFA,2000,18.0003503329444
BGD,2000,23.3145114975244
BGR,2000,68.2631454467773
BHR,2000,87.8356209595597
BHS,2000,81.0361161567684
BIH,2000,42.5539898606589
BLR,2000,69.9172295434732
BLZ,2000,47.6836847507377
BMU,2000,100.0
BOL,2000,61.8587201575591
BRA,2000,81.1484365423806
BRB,2000,62.5379397803044
BRN,2000,71.2246805488418
BTN,2000,27.5915239884015
BWA,2000,53.2047727398794
CAF,2000,37.7014879765364
CAN,2000,78.6292995508947
CEB,2000,61.44065290425837
CHE,2000,73.302430524727
CHI,2000,30.4565425668312
CHL,2000,86.2710912457813
CHN,2000,36.4320234662299
CIV,2000,43.0840065011913
CMR,2000,46.2449829402599
COD,2000,34.9008752617485
COG,2000,58.8947380255871
COL,2000,74.3493570179247
COM,2000,28.0360512192055
CPV,2000,53.9332149202283
CRI,2000,59.0462378975394
CSS,2000,51.42604171046177
CUB,2000,75.635383605957
CUW,2000,90.8692145662905
CYM,2000,100.0
CYP,2000,68.7726966799379
CZE,2000,74.0038256456769
DEU,2000,80.0942160905637
DJI,2000,73.3486361649708
DMA,2000,65.2352744316641
DNK,2000,85.0999984741211
DOM,2000,61.3128549215919
DZA,2000,59.8521239445692
EAP,2000,36.70985688819284
EAR,2000,38.080381765530724
EAS,2000,41.63434131190144
ECA,2000,56.73375041527337
ECS,2000,68.65697333286978
ECU,2000,60.6865005107058
EGY,2000,42.7339398932519
EMU,2000,73.62058693098533
ERI,2000,34.0983619689941
ESP,2000,76.1650552349602
EST,2000,67.385529072627
ETH,2000,14.9193096160889
EUU,2000,71.51997364728388
FCS,2000,38.776076977989284
FIN,2000,67.1227685349539
FJI,2000,48.0649880871211
FRA,2000,76.5143983146093
FRO,2000,35.6986770629883
FSM,2000,22.3299999237061
GAB,2000,79.5660404650438
GBR,2000,79.8241408315172
GEO,2000,52.4935999592259
GHA,2000,43.9373786640616
GIB,2000,100.0
GIN,2000,30.9231105645224
GMB,2000,46.9722332873784
GNB,2000,36.8412054388232
GNQ,2000,38.8154587133988
GRC,2000,72.665642910984
GRD,2000,35.8702371019579
GRL,2000,81.4517822265625
GTM,2000,43.2434755105047
GUM,2000,93.1395316242857
GUY,2000,28.7610390578913
HIC,2000,76.12435871367069
HKG,2000,100.0
HND,2000,45.3233354392127
HPC,2000,28.25695130390769
HRV,2000,55.6818319251231
HTI,2000,36.8408497942176
HUN,2000,64.2602344392211
IBD,2000,43.666702389664664
IBT,2000,40.617390522043316
IDA,2000,29.900555332228265
IDB,2000,37.10260160902678
IDN,2000,41.9861540600656
IDX,2000,26.060875303171017
IMN,2000,51.8280887588444
IND,2000,27.6470407512523
IRL,2000,59.1247997891425
IRN,2000,64.4780120849609
IRQ,2000,67.6331913847871
ISL,2000,91.9674192031642
ISR,2000,91.2809653237465
ITA,2000,67.1932283786243
JAM,2000,51.7165550768252
JOR,2000,78.2848247546539
JPN,2000,78.6126803295375
KAZ,2000,56.0239607657944
KEN,2000,19.4553832211834
KGZ,2000,35.3216067847574
KHM,2000,18.6242216655572
KIR,2000,43.3274808848011
KNA,2000,32.764294564989
KOR,2000,79.579960745642
KWT,2000,99.0
LAC,2000,74.63518471986802
LAO,2000,22.1840964350091
LBN,2000,86.0
LBR,2000,43.7710042955819
LBY,2000,86.9508513726842
LCA,2000,27.8532282391838
LCN,2000,75.56529387675428
LDC,2000,25.296977747856364
LIC,2000,29.0741163710835
LIE,2000,14.9899997711182
LKA,2000,14.6196895000898
LMC,2000,31.318425102834727
LMY,2000,39.436743412321356
LSO,2000,19.3273988558381
LTE,2000,45.93010304142842
LTU,2000,66.9768374826555
LUX,2000,84.4182155177842
LVA,2000,68.0520561441955
MAC,2000,99.9957926704194
MAF,2000,100.0
MAR,2000,53.58724711125
MCO,2000,100.0
MDA,2000,40.4185981750488
MDG,2000,25.0095755608264
MDV,2000,27.6038586493758
MEA,2000,48.6994220205845
MEX,2000,74.9203113970256
MHL,2000,68.2755984422337
MIC,2000,40.181178350126906
MKD,2000,58.4918382392587
MLI,2000,18.977631037325
MLT,2000,93.278338811526
MMR,2000,27.5346072708149
MNA,2000,46.31478833533729
MNE,2000,59.0899260145706
MNG,2000,56.7305447074496
MNP,2000,90.1578212649113
MOZ,2000,29.2423697311441
MRT,2000,38.0555858542174
MUS,2000,42.063123063288
MWI,2000,14.6770603287659
MYS,2000,61.9694564490726
NAC,2000,79.03458725985432
NAM,2000,32.1168956399877
NCL,2000,61.6103287085477
NER,2000,16.1307678222656
NGA,2000,43.2785051250243
NIC,2000,55.2160707858522
NLD,2000,78.4826828427081
NOR,2000,76.1338922449534
NPL,2000,31.0994241803849
NRU,2000,100.0
NZL,2000,85.7059660456056
OED,2000,75.60305387053263
OMN,2000,71.5400835229196
OSS,2000,51.53534285878069
PAK,2000,33.0046884491535
PAN,2000,62.2165370013582
PER,2000,72.7724831207703
PHL,2000,39.1384171397742
PLW,2000,69.5876201801789
PNG,2000,13.2228772276955
POL,2000,61.7459160613903
PRE,2000,33.5253317240951
PRI,2000,94.4035182032107
PRK,2000,59.4196417703576
PRT,2000,54.4051635389142
PRY,2000,57.5141169408231
PSE,2000,72.0694328572656
PSS,2000,34.43844476324356
PST,2000,76.82799695721592
PYF,2000,55.954253994428
QAT,2000,96.2942718926638
ROU,2000,52.8619549004535
RUS,2000,73.1568222045898
RWA,2000,15.7804474645996
SAS,2000,27.04118505036212
SAU,2000,79.9704860819453
SDN,2000,32.3435880462815
SEN,2000,40.6667555531967
SGP,2000,100.0
SLB,2000,15.7523593692696
SLE,2000,35.5327867241975
SLV,2000,56.5638569810457
SMR,2000,93.7709762556799
SOM,2000,33.0596136927225
SRB,2000,55.5923115701625
SSA,2000,34.60816843596911
SSD,2000,16.0428540117317
SSF,2000,32.660593323038505
SST,2000,49.2961871752943
STP,2000,52.9663437052108
SUR,2000,66.7015222141811
SVK,2000,56.1058893284907
SVN,2000,50.6975029797519
SWE,2000,84.0400009155273
SWZ,2000,22.8409330761997
SXM,2000,100.0
SYC,2000,43.3974230710038
SYR,2000,51.876811612138
TCA,2000,84.6139434685266
TCD,2000,21.6527690760484
TEA,2000,36.41121527947952
TEC,2000,62.6684950236389
TGO,2000,33.0994844063309
THA,2000,31.4626212652205
TJK,2000,26.5355104669232
TKM,2000,46.0736689106993
TLA,2000,75.40821290132308
TLS,2000,24.1139427164365
TMN,2000,46.15120254530531
TON,2000,23.0251513819988
TSA,2000,27.04118505036212
TSS,2000,32.660593323038505
TTO,2000,55.9291468285602
TUN,2000,63.6166653822584
TUR,2000,58.9706120006403
TUV,2000,45.5119494377121
TZA,2000,22.1944164040635
UGA,2000,11.6414758125187
UKR,2000,67.403857296906
UMC,2000,48.150310203603865
URY,2000,91.2769768173566
USA,2000,79.0740897861327
UZB,2000,47.6731005044
VCT,2000,44.8903114926141
VEN,2000,88.219476430842
VGB,2000,41.9814254086647
VIR,2000,92.6234446497486
VNM,2000,24.3672526919772
VUT,2000,21.6572490599483
WLD,2000,46.83906077078086
WSM,2000,21.9529698020724
XKX,2000,37.4831955140268
YEM,2000,26.6054859383233
ZAF,2000,56.2589954883628
ZMB,2000,35.8735460960387
ZWE,2000,32.3991568853313
ABW,2001,65.3351137913914
AFE,2001,28.831506143573847
AFG,2001,18.7412381251552
AFW,2001,39.452945966840915
AGO,2001,51.7224790407329
ALB,2001,42.354513990929
AND,2001,91.8949711110146
ARB,2001,52.738168430817026
ARE,2001,79.7469002624215
ARG,2001,89.3682951289372
ARM,2001,64.8228123790872
ASM,2001,88.553433064242
ATG,2001,31.7554348168059
AUS,2001,85.1481094164726
AUT,2001,66.8408161285718
AZE,2001,51.1584815979004
BDI,2001,8.24107308668089
BEL,2001,82.3356893921976
BEN,2001,38.6186257669218
BFA,2001,18.8591452143893
BGD,2001,23.6999214768623
BGR,2001,69.196711983564
BHR,2001,87.8397146150894
BHS,2001,81.152720524793
BIH,2001,42.8761478375679
BLR,2001,70.3147201538086
BLZ,2001,47.6257993221451
BMU,2001,100.0
BOL,2001,62.3374810379005
BRA,2001,81.5960450621957
BRB,2001,62.3048911059175
BRN,2001,71.657883335906
BTN,2001,28.282501830034
BWA,2001,54.0489894446035
CAF,2001,37.7560236207831
CAN,2001,78.8414764949736
CEB,2001,61.5302776725809
CHE,2001,73.3762992611964
CHI,2001,30.4917013606365
CHL,2001,86.4906345913002
CHN,2001,37.6597442626953
CIV,2001,43.4670149035012
CMR,2001,46.7627509050978
COD,2001,35.4153526820763
COG,2001,59.4417859130405
COL,2001,74.7938371677676
COM,2001,27.9902886596605
CPV,2001,54.7762172320995
CRI,2001,60.1427600448608
CSS,2001,51.41434618291528
CUB,2001,75.887565612793
CUW,2001,91.060147058155
CYM,2001,100.0
CYP,2001,68.8024068077544
CZE,2001,73.9131752504002
DEU,2001,80.1070808273695
DJI,2001,72.8935327252495
DMA,2001,65.3586067945228
DNK,2001,85.188307882087
DOM,2001,62.2979450293469
DZA,2001,60.6177172788536
EAP,2001,37.78418550576167
EAR,2001,38.46245160150981
EAS,2001,42.61548947034398
ECA,2001,57.04032508258411
ECS,2001,68.86628708895786
ECU,2001,61.0123544006659
EGY,2001,42.7835506765333
EMU,2001,73.87456341262263
ERI,2001,34.3253211975098
ESP,2001,76.3156889510385
EST,2001,67.3926456349791
ETH,2001,15.1177673339844
EUU,2001,71.75699920270775
FCS,2001,39.05895077766537
FIN,2001,67.4982392821958
FJI,2001,48.4287914591462
FRA,2001,76.9074413607811
FRO,2001,35.9342155456543
FSM,2001,22.3299999237061
GAB,2001,80.4090993437448
GBR,2001,79.9838301298823
GEO,2001,52.4098165040349
GHA,2001,44.6410507317701
GIB,2001,100.0
GIN,2001,31.2176948406254
GMB,2001,48.3491979765917
GNB,2001,37.1627839410066
GNQ,2001,38.8638365386531
GRC,2001,72.8460703788502
GRD,2001,35.9199973947796
GRL,2001,81.7906112670898
GTM,2001,44.678095600504
GUM,2001,93.2781071591292
GUY,2001,28.6194627210441
HIC,2001,76.3835804739705
HKG,2001,100.0
HND,2001,45.8623033555915
HPC,2001,28.59691424045341
HRV,2001,55.6913829056559
HTI,2001,38.3871832598564
HUN,2001,64.646880283041
IBD,2001,44.29058458072418
IBT,2001,41.167861833061615
IDA,2001,30.328033891257224
IDB,2001,37.607742618829896
IDN,2001,42.9018895186157
IDX,2001,26.43456073300978
IMN,2001,51.8267726358515
IND,2001,27.9028652096636
IRL,2001,59.3763923617156
IRN,2001,65.2168655395508
IRQ,2001,67.751941516652
ISL,2001,92.0452304560359
ISR,2001,91.365021842149
ITA,2001,67.27519882288
JAM,2001,51.934190578424
JOR,2001,78.2902365290261
JPN,2001,79.1577482060887
KAZ,2001,55.7813717131331
KEN,2001,20.4416297068833
KGZ,2001,35.3160273737858
KHM,2001,18.7186818716995
KIR,2001,43.4777440627131
KNA,2001,32.5960599951138
KOR,2001,79.8787704357425
KWT,2001,99.2347539628831
LAC,2001,75.06959287856786
LAO,2001,23.3728884682287
LBN,2001,86.1451238111303
LBR,2001,44.1509656015089
LBY,2001,87.3194455877457
LCA,2001,27.5160334778671
LCN,2001,75.97604517424205
LDC,2001,25.704251440801087
LIC,2001,29.34804542259644
LIE,2001,14.8957603808328
LKA,2001,14.5739539539707
LMC,2001,31.688566002012767
LMY,2001,40.04429229770308
LSO,2001,19.8975236019886
LTE,2001,46.82412162400401
LTU,2001,66.9286097501613
LUX,2001,84.8173254067976
LVA,2001,68.0163660524785
MAC,2001,99.9998984128371
MAF,2001,100.0
MAR,2001,53.8972613497219
MCO,2001,100.0
MDA,2001,39.6744270324707
MDG,2001,25.3079943968146
MDV,2001,28.5499181889238
MEA,2001,49.016370535573536
MEX,2001,75.2907557567987
MHL,2001,68.6170787509313
MIC,2001,40.821804130141224
MKD,2001,58.0943199277127
MLI,2001,19.3181950112665
MLT,2001,93.3621924014528
MMR,2001,27.7107064116875
MNA,2001,46.59497681839047
MNE,2001,60.1387879596705
MNG,2001,57.2155913875612
MNP,2001,90.2518305832026
MOZ,2001,29.4137097764239
MRT,2001,38.1070763150421
MUS,2001,41.8827214180181
MWI,2001,14.780400724713
MYS,2001,63.0180877676224
NAC,2001,79.2668217631087
NAM,2001,32.8575058425719
NCL,2001,61.9960127034469
NER,2001,16.2687225341797
NGA,2001,44.1262421418539
NIC,2001,55.3522521763064
NLD,2001,80.1840578652121
NOR,2001,76.3958619273785
NPL,2001,32.808952331543
NRU,2001,100.0
NZL,2001,85.7545174444303
OED,2001,75.91579282652366
OMN,2001,71.5179623016414
OSS,2001,51.521636891163496
PAK,2001,33.1988471664032
PAN,2001,62.6337017277411
PER,2001,73.1565814081586
PHL,2001,39.5375185608843
PLW,2001,70.5337109001769
PNG,2001,13.1864094716078
POL,2001,61.7557708646056
PRE,2001,34.01959369090756
PRI,2001,94.3774462314518
PRK,2001,59.4802676333329
PRT,2001,55.0679833009212
PRY,2001,57.9686577349574
PSE,2001,73.7258284491139
PSS,2001,34.66196041872049
PST,2001,77.10362484472894
PYF,2001,55.8931875849702
QAT,2001,96.4674307551724
ROU,2001,52.764808691157
RUS,2001,73.22998046875
RWA,2001,16.5487399668155
SAS,2001,27.3367176958249
SAU,2001,80.155242811133
SDN,2001,32.3760415318304
SEN,2001,40.8763420163126
SGP,2001,100.0
SLB,2001,16.0619258388978
SLE,2001,35.763651295501
SLV,2001,57.4526760394716
SMR,2001,93.9000015258789
SOM,2001,33.5128183866634
SRB,2001,56.048232111204904
SSA,2001,35.10957606452453
SSD,2001,16.2559618671544
SSF,2001,33.124798563140445
SST,2001,49.317092914343384
STP,2001,53.9612039920776
SUR,2001,66.718959290312
SVK,2001,55.9968426739371
SVN,2001,50.7597503536323
SWE,2001,84.0827152824223
SWZ,2001,22.7095619136459
SXM,2001,100.0
SYC,2001,43.2172985855685
SYR,2001,52.2854637030759
TCA,2001,85.3337963668196
TCD,2001,21.6780982595188
TEA,2001,37.49980313966248
TEC,2001,62.83945814027948
TGO,2001,33.5503635916513
THA,2001,32.7428054763889
TJK,2001,26.5345041786379
TKM,2001,46.3715562022892
TLA,2001,75.82806384194433
TLS,2001,24.469641672156
TMN,2001,46.42201221407969
TON,2001,23.0488634076195
TSA,2001,27.3367176958249
TSS,2001,33.12479856314043
TTO,2001,55.9010190940268
TUN,2001,63.9541757453358
TUR,2001,59.8722461417316
TUV,2001,46.0920220655498
TZA,2001,22.5963228653037
UGA,2001,11.9013889740088
UKR,2001,67.2749805493459
UMC,2001,49.11992899122628
URY,2001,91.3759250620534
USA,2001,79.3086223667912
UZB,2001,48.4901886313987
VCT,2001,45.0076571524878
VEN,2001,88.372774123042
VGB,2001,42.0235454180552
VIR,2001,92.9312505278715
VNM,2001,24.9489362725143
VUT,2001,21.9341706883464
WLD,2001,47.304167677748275
WSM,2001,21.9749895503804
XKX,2001,37.508480681916
YEM,2001,27.1033603053549
ZAF,2001,57.0014339378269
ZMB,2001,35.8846482932758
ZWE,2001,32.4999278382836
ABW,2002,65.2820691308217
AFE,2002,29.2210306166309
AFG,2002,18.9412480133309
AFW,2002,40.049367409183
AGO,2002,52.8926234794038
ALB,2002,43.1520419609419
AND,2002,91.4605308311615
ARB,2002,53.042852606055476
ARE,2002,80.2705602850306
ARG,2002,89.5616701920513
ARM,2002,64.7396211980252
ASM,2002,88.4330093344384
ATG,2002,31.2280374899146
AUS,2002,85.28421027834641
AUT,2002,66.8887457136458
AZE,2002,51.2144165039062
BDI,2002,8.45108277415092
BEL,2002,82.6509663267055
BEN,2002,39.0035069872981
BFA,2002,19.725053583448
BGD,2002,24.1132383547332
BGR,2002,69.4859161376953
BHR,2002,88.1427867595875
BHS,2002,81.3054206830642
BIH,2002,43.1975585685863
BLR,2002,70.8804702758789
BLZ,2002,47.4865009861554
BMU,2002,100.0
BOL,2002,62.8187632085055
BRA,2002,81.9943491502673
BRB,2002,61.965577912278
BRN,2002,72.1021556496525
BTN,2002,28.9630875013322
BWA,2002,55.0142988603802
CAF,2002,37.8169752995511
CAN,2002,79.0990234802234
CEB,2002,61.583993588776764
CHE,2002,73.4195324136588
CHI,2002,30.5750453017198
CHL,2002,86.6114115090282
CHN,2002,39.0897827148438
CIV,2002,43.859032147728
CMR,2002,47.2589242513436
COD,2002,35.937064393184
COG,2002,59.9716066874511
COL,2002,75.192444355543
COM,2002,27.9586267103537
CPV,2002,55.5703407979481
CRI,2002,61.2787633575946
CSS,2002,51.37801859328347
CUB,2002,75.8514891112497
CUW,2002,91.0970316517813
CYM,2002,100.0
CYP,2002,68.7863589370716
CZE,2002,73.8360067578753
DEU,2002,80.1213973750556
DJI,2002,72.4503357641707
DMA,2002,65.5209250395792
DNK,2002,85.3000030517578
DOM,2002,63.2914022524877
DZA,2002,61.3812658601162
EAP,2002,38.99628422645405
EAR,2002,38.84499976684265
EAS,2002,43.76848532209527
ECA,2002,57.379305735257766
ECS,2002,69.05784813095012
ECU,2002,61.2871268050958
EGY,2002,42.8347629483917
EMU,2002,74.06398442631584
ERI,2002,34.5420799255371
ESP,2002,76.4934217249538
EST,2002,67.4090870965661
ETH,2002,15.333233833313
EUU,2002,71.9446161852977
FCS,2002,39.3224692611567
FIN,2002,67.7951641569199
FJI,2002,48.7795139144731
FRA,2002,77.2543866607525
FRO,2002,35.9365425109863
FSM,2002,22.3299999237061
GAB,2002,81.2205241874174
GBR,2002,80.1146062677742
GEO,2002,52.4127676027039
GHA,2002,45.3484692124806
GIB,2002,100.0
GIN,2002,31.5131362085814
GMB,2002,49.5731153377033
GNB,2002,37.4734924367695
GNQ,2002,39.1969150391705
GRC,2002,73.0977109642516
GRD,2002,35.9199179937357
GRL,2002,82.0752868652344
GTM,2002,45.7754731938848
GUM,2002,93.4166219465011
GUY,2002,28.4796776810692
HIC,2002,76.70572876164003
HKG,2002,100.0
HND,2002,46.4194190064116
HPC,2002,28.91552526061771
HRV,2002,55.6745468592554
HTI,2002,39.9708985140797
HUN,2002,65.0400009155273
IBD,2002,44.9754758078454
IBT,2002,41.76658158310905
IDA,2002,30.771361658051756
IDB,2002,38.14499503589656
IDN,2002,43.7824069030376
IDX,2002,26.823424527912806
IMN,2002,51.7294050812584
IND,2002,28.1756878910456
IRL,2002,59.6367259990731
IRN,2002,65.9271621704102
IRQ,2002,67.8938101691696
ISL,2002,92.1674022598912
ISR,2002,91.4444967249569
ITA,2002,67.3538786566538
JAM,2002,52.1467222312645
JOR,2002,78.2972918926847
JPN,2002,80.5469860733981
KAZ,2002,55.5045911261585
KEN,2002,21.8586568137501
KGZ,2002,35.3118703235333
KHM,2002,18.803641734126
KIR,2002,43.4985457088421
KNA,2002,32.4368354358251
KOR,2002,80.2766294544335
KWT,2002,99.5090276880805
LAC,2002,75.47073379115882
LAO,2002,24.5247834668291
LBN,2002,86.2942846645228
LBR,2002,44.566701526991
LBY,2002,87.6256192750746
LCA,2002,26.9383251458178
LCN,2002,76.35125017772975
LDC,2002,26.123598748249638
LIC,2002,29.573000925884077
LIE,2002,14.8086674998164
LKA,2002,14.6107836754127
LMC,2002,32.0863181843124
LMY,2002,40.70271351972927
LSO,2002,20.4926272688562
LTE,2002,47.84570152598664
LTU,2002,66.8887100219727
LUX,2002,85.203425653095
LVA,2002,67.9813450702046
MAC,2002,100.0
MAF,2002,100.0
MAR,2002,54.222745830177
MCO,2002,100.0
MDA,2002,39.620719909668
MDG,2002,25.6037489918904
MDV,2002,29.8881681908815
MEA,2002,49.27290689242645
MEX,2002,75.6840752828994
MHL,2002,69.0380806209326
MIC,2002,41.52411894196482
MKD,2002,57.8726144171205
MLI,2002,19.6792980362731
MLT,2002,93.4431095912187
MMR,2002,27.8849700456368
MNA,2002,46.81093632927735
MNE,2002,61.0261817231895
MNG,2002,58.1310120482033
MNP,2002,90.3408350832433
MOZ,2002,29.5686323334348
MRT,2002,38.3900378438208
MUS,2002,41.6986829938864
MWI,2002,14.8722487440558
MYS,2002,64.056368465184
NAC,2002,79.50614416255048
NAM,2002,33.6459301456028
NCL,2002,62.4118035339378
NER,2002,16.2687206268311
NGA,2002,44.9793025536893
NIC,2002,55.4894961947237
NLD,2002,80.8085275226169
NOR,2002,76.7955442460288
NPL,2002,35.0358944291182
NRU,2002,100.0
NZL,2002,85.8061578183401
OED,2002,76.30497052234065
OMN,2002,71.5013318111475
OSS,2002,51.51752836982599
PAK,2002,33.3857078542752
PAN,2002,63.0330904426342
PER,2002,73.5500651944675
PHL,2002,39.9553922931877
PLW,2002,72.3817031907384
PNG,2002,13.1530694608835
POL,2002,61.7581534555696
PRE,2002,34.51843520628481
PRI,2002,94.3218712450313
PRK,2002,59.5419414235486
PRT,2002,55.789299869679
PRY,2002,58.3089732866691
PSE,2002,75.4978748965208
PSS,2002,34.887708923595845
PST,2002,77.46632031189698
PYF,2002,55.8631794440685
QAT,2002,96.6424497593905
ROU,2002,52.7466427937759
RUS,2002,73.2929008030615
RWA,2002,16.8778847116752
SAS,2002,27.662411093866435
SAU,2002,80.3438134074234
SDN,2002,32.4038820246832
SEN,2002,41.1081471561292
SGP,2002,100.0
SLB,2002,16.4026212138182
SLE,2002,36.0082791496616
SLV,2002,58.3486233966841
SMR,2002,93.9488167294543
SOM,2002,33.9872055053711
SRB,2002,56.462901503343
SSA,2002,35.62504366235555
SSD,2002,16.447645411794
SSF,2002,33.60324678936762
SST,2002,49.33880647862925
STP,2002,55.0882710997103
SUR,2002,66.7320549534773
SVK,2002,55.8776140379959
SVN,2002,50.7744556266555
SWE,2002,84.1342508376823
SWZ,2002,22.5690884303038
SXM,2002,100.0
SYC,2002,43.0948464521927
SYR,2002,52.6957745699164
TCA,2002,86.0142597030394
TCD,2002,21.7007762031515
TEA,2002,38.72796985325098
TEC,2002,63.01336639292757
TGO,2002,34.0011370438307
THA,2002,34.0732781018222
TJK,2002,26.5336513960096
TKM,2002,46.5924846062154
TLA,2002,76.21741477764745
TLS,2002,24.8506108883184
TMN,2002,46.627316273571545
TON,2002,23.071428585567
TSA,2002,27.662411093866435
TSS,2002,33.603246789367624
TTO,2002,55.8298121439974
TUN,2002,64.2822554892505
TUR,2002,60.7385342729423
TUV,2002,46.7435481854875
TZA,2002,23.0306918214565
UGA,2002,12.202793574555
UKR,2002,67.2672733350904
UMC,2002,50.1871345007718
URY,2002,91.4886084712534
USA,2002,79.5461039768657
UZB,2002,49.2574592650723
VCT,2002,45.1214266763803
VEN,2002,88.4553810951083
VGB,2002,42.4409178875828
VIR,2002,93.2191674762441
VNM,2002,25.5540925665659
VUT,2002,22.2011458912344
WLD,2002,47.82540428718855
WSM,2002,21.9431903680112
XKX,2002,37.5341026492746
YEM,2002,27.5777619268614
ZAF,2002,57.6723587528482
ZMB,2002,36.0706035730014
ZWE,2002,32.5631884166934
ABW,2003,65.1982922587168
AFE,2003,29.639035601436074
AFG,2003,19.1600346409089
AFW,2003,40.64484827827661
AGO,2003,54.0043545370761
ALB,2003,44.0295089223208
AND,2003,90.9887515425879
ARB,2003,53.352191395415865
ARE,2003,80.8489432668434
ARG,2003,89.752468256564
ARM,2003,64.6663537455064
ASM,2003,88.2572251046343
ATG,2003,30.6003743426951
AUS,2003,85.4097077818668
AUT,2003,66.9263574955092
AZE,2003,51.7257995605469
BDI,2003,8.67614339385788
BEL,2003,82.9609538786731
BEN,2003,39.4169696013044
BFA,2003,20.563327262892
BGD,2003,24.5525557512625
BGR,2003,69.7808456420898
BHR,2003,88.8325339694118
BHS,2003,81.4819614595541
BIH,2003,43.5181993184523
BLR,2003,71.3092422485352
BLZ,2003,47.2806245981404
BMU,2003,100.0
BOL,2003,63.2918711090474
BRA,2003,82.3540335841671
BRB,2003,61.5543861265895
BRN,2003,72.577635652792
BTN,2003,29.6328608739429
BWA,2003,56.0979233496432
CAF,2003,37.8863171931924
CAN,2003,79.391380674239
CEB,2003,61.57126837447018
CHE,2003,73.4518762174754
CHI,2003,30.7147995585339
CHL,2003,86.6792973033246
CHN,2003,40.5302314758301
CIV,2003,44.2593744150531
CMR,2003,47.7325523560061
COD,2003,36.4654627231369
COG,2003,60.4694583791889
COL,2003,75.5341828570154
COM,2003,27.9448864609618
CPV,2003,56.3297071979641
CRI,2003,62.4518059303802
CSS,2003,51.30013357348128
CUB,2003,75.8636638735113
CUW,2003,91.1278267399674
CYM,2003,100.0
CYP,2003,68.7120973207373
CZE,2003,73.7649150201353
DEU,2003,80.1373116303862
DJI,2003,72.0304414068997
DMA,2003,65.7244163144059
DNK,2003,85.4199981689453
DOM,2003,64.426197134766
DZA,2003,62.1427907986812
EAP,2003,40.21208397277398
EAR,2003,39.237224488649595
EAS,2003,44.95131090573274
ECA,2003,57.75929915226489
ECS,2003,69.24840248347276
ECU,2003,61.5418469886978
EGY,2003,42.8834685533792
EMU,2003,74.22589813500598
ERI,2003,34.7451286315918
ESP,2003,76.709335590859
EST,2003,67.4341760348669
ETH,2003,15.5438537597656
EUU,2003,72.08885097182858
FCS,2003,39.59000645917021
FIN,2003,68.0425549126858
FJI,2003,49.1260494882891
FRA,2003,77.4691216035138
FRO,2003,36.1276473999023
FSM,2003,22.3299999237061
GAB,2003,81.9970830091574
GBR,2003,80.2331593332802
GEO,2003,52.5144705663341
GHA,2003,46.0547973581418
GIB,2003,100.0
GIN,2003,31.8086015036327
GMB,2003,50.6010077995371
GNB,2003,37.7773055741583
GNQ,2003,39.895902485648
GRC,2003,73.432268024093
GRD,2003,35.9194385233611
GRL,2003,82.3485946655273
GTM,2003,46.5865389722105
GUM,2003,93.5502870629964
GUY,2003,28.308347248666202
HIC,2003,77.06063838495695
HKG,2003,100.0
HND,2003,46.990184604045
HPC,2003,29.223216865135154
HRV,2003,55.6386960202113
HTI,2003,41.2007603284477
HUN,2003,64.8452987670898
IBD,2003,45.67011340278484
IBT,2003,42.37626408358327
IDA,2003,31.23673307875912
IDB,2003,38.70460422539437
IDN,2003,44.6301761521872
IDX,2003,27.23527330878323
IMN,2003,51.5389094585101
IND,2003,28.4660287698
IRL,2003,59.9120142632573
IRN,2003,66.6049270629883
IRQ,2003,68.0521271794625
ISL,2003,92.3235559316863
ISR,2003,91.5176897789793
ITA,2003,67.4299414611787
JAM,2003,52.3564891419558
JOR,2003,78.3069420335538
JPN,2003,82.4206778416671
KAZ,2003,55.2115277236592
KEN,2003,23.563889811899
KGZ,2003,35.3086519815317
KHM,2003,18.8881765274479
KIR,2003,43.510668313316
KNA,2003,32.2808981467536
KOR,2003,80.707793508044
KWT,2003,99.7655794280652
LAC,2003,75.83496008224402
LAO,2003,25.5945881340707
LBN,2003,86.4475351790771
LBR,2003,45.0004573003041
LBY,2003,87.8659880500458
LCA,2003,26.0119584764195
LCN,2003,76.69147353344262
LDC,2003,26.56470900126241
LIC,2003,29.77996473352161
LIE,2003,14.7291064332791
LKA,2003,14.7256630416211
LMC,2003,32.51219110479882
LMY,2003,41.36932643750158
LSO,2003,21.1231084926925
LTE,2003,48.88107542323418
LTU,2003,66.7596664428711
LUX,2003,85.5906295073034
LVA,2003,67.9493840506358
MAC,2003,100.0
MAF,2003,100.0
MAR,2003,54.5782811140771
MCO,2003,100.0
MDA,2003,39.5945358276367
MDG,2003,25.8967668078478
MDV,2003,31.3913356462169
MEA,2003,49.518357388770916
MEX,2003,76.046170340551
MHL,2003,69.5231265029735
MIC,2003,42.238469024193506
MKD,2003,57.8501791693323
MLI,2003,20.0594231247985
MLT,2003,93.5241031580205
MMR,2003,28.0568026064444
MNA,2003,47.01794340835169
MNE,2003,61.6986616237464
MNG,2003,59.3546986563236
MNP,2003,90.4244081904616
MOZ,2003,29.7146340268639
MRT,2003,38.8866922319919
MUS,2003,41.5127065251754
MWI,2003,14.9551384691108
MYS,2003,65.0750932867555
NAC,2003,79.74330612732443
NAM,2003,34.5460063719633
NCL,2003,62.8540725422625
NER,2003,16.2687225341797
NGA,2003,45.8372080921761
NIC,2003,55.6308042935869
NLD,2003,81.3011308878582
NOR,2003,77.2600021362305
NPL,2003,38.045308394296
NRU,2003,100.0
NZL,2003,85.857962055807
OED,2003,76.724197088238
OMN,2003,71.4926171971641
OSS,2003,51.58558340276522
PAK,2003,33.5669209665019
PAN,2003,63.4079949945516
PER,2003,73.9558750733136
PHL,2003,40.3928506135438
PLW,2003,74.5444848058291
PNG,2003,13.1226067833938
POL,2003,61.7281374379602
PRE,2003,35.03393342778573
PRI,2003,94.2449445194985
PRK,2003,59.6064024764394
PRT,2003,56.5865509520713
PRY,2003,58.5521334403429
PSE,2003,77.2865026687292
PSS,2003,35.11471260585224
PST,2003,77.87552468662348
PYF,2003,55.9283550220738
QAT,2003,96.8311182064009
ROU,2003,52.8023493819682
RUS,2003,73.4057388305664
RWA,2003,16.8947432312369
SAS,2003,28.02279292737444
SAU,2003,80.5414456330177
SDN,2003,32.4271684741748
SEN,2003,41.35893934855
SGP,2003,100.0
SLB,2003,16.7733115757749
SLE,2003,36.2690511597053
SLV,2003,59.2468576589718
SMR,2003,94.0
SOM,2003,34.4719665654476
SRB,2003,56.8784264526306
SSA,2003,36.159029588416345
SSD,2003,16.6154472307377
SSF,2003,34.09825026227238
SST,2003,49.39082358418463
STP,2003,56.4128470868097
SUR,2003,66.7404073281911
SVK,2003,55.7386007222942
SVN,2003,50.7553842628349
SWE,2003,84.1954289653543
SWZ,2003,22.4312316968119
SXM,2003,100.0
SYC,2003,43.0049328648162
SYR,2003,53.1024010548332
TCA,2003,86.671565520254
TCD,2003,21.7207031172239
TEA,2003,39.959452789142134
TEC,2003,63.222267942300405
TGO,2003,34.4513989657696
THA,2003,35.4270354382579
TJK,2003,26.5331204386766
TKM,2003,46.7000007629395
TLA,2003,76.5695191433335
TLS,2003,25.2611540807581
TMN,2003,46.82350271248635
TON,2003,23.0943621775072
TSA,2003,28.02279292737444
TSS,2003,34.09825026227239
TTO,2003,55.7188050758235
TUN,2003,64.6055972687544
TUR,2003,61.5845060653258
TUV,2003,47.4986511586165
TZA,2003,23.5202087261949
UGA,2003,12.5904136719317
UKR,2003,67.419679868405
UMC,2003,51.25572728762315
URY,2003,91.6260094228609
USA,2003,79.7773350255284
UZB,2003,49.9566881481443
VCT,2003,45.236152710942
VEN,2003,88.522274342774
VGB,2003,42.8526082333374
VIR,2003,93.4773224233974
VNM,2003,26.1745407830283
VUT,2003,22.4641372404641
WLD,2003,48.36300518623974
WSM,2003,21.7806875309864
XKX,2003,37.5615508963458
YEM,2003,28.0277061455611
ZAF,2003,58.3724341232066
ZMB,2003,36.3858560115875
ZWE,2003,32.6003372313948
ABW,2004,65.0886533661558
AFE,2004,30.087837066904243
AFG,2004,19.3993593959593
AFW,2004,41.23982013357619
AGO,2004,55.0445280863936
ALB,2004,44.9784925669394
AND,2004,90.5157699584961
ARB,2004,53.66387698920578
ARE,2004,81.4729199268812
ARG,2004,89.9397208794212
ARM,2004,64.5972633621116
ASM,2004,88.0361455323111
ATG,2004,29.905566716031
AUS,2004,85.518767609412
AUT,2004,66.9558612872944
AZE,2004,52.2831993103027
BDI,2004,8.9185547789176
BEL,2004,83.2655230829461
BEN,2004,39.8525699078742
BFA,2004,21.3392180754924
BGD,2004,25.0094809886101
BGR,2004,69.9193344116211
BHR,2004,89.8569005979296
BHS,2004,81.6708410883427
BIH,2004,43.8380473519042
BLR,2004,71.7658538818359
BLZ,2004,47.0226655922949
BMU,2004,100.0
BOL,2004,63.7564671612252
BRA,2004,82.6816824814559
BRB,2004,61.101971231796
BRN,2004,73.0675067339261
BTN,2004,30.2914018195132
BWA,2004,57.2582489329358
CAF,2004,37.9626889392062
CAN,2004,79.6923063348315
CEB,2004,61.574518420662315
CHE,2004,73.4761317507392
CHI,2004,30.8959988423466
CHL,2004,86.7336754490112
CHN,2004,41.7600135803223
CIV,2004,44.667357886658
CMR,2004,48.1826845960942
COD,2004,37.0
COG,2004,60.9205990186239
COL,2004,75.8080569479496
COM,2004,27.9596300229124
CPV,2004,57.0677167011018
CRI,2004,63.6596013546005
CSS,2004,51.173624677968625
CUB,2004,75.917681659226
CUW,2004,91.1534053060108
CYM,2004,100.0
CYP,2004,68.5908141437316
CZE,2004,73.6991647167017
DEU,2004,80.1549694901257
DJI,2004,71.6452457786012
DMA,2004,65.9653093849432
DNK,2004,85.7130276911593
DOM,2004,65.8914085229291
DZA,2004,62.9023132048725
EAP,2004,41.27833349792213
EAR,2004,39.64074348893296
EAS,2004,46.01391338037619
ECA,2004,58.14438686601828
ECS,2004,69.40431667517623
ECU,2004,61.7829573274038
EGY,2004,42.9255593360476
EMU,2004,74.37668557021462
ERI,2004,34.9324645996094
ESP,2004,76.9549627547133
EST,2004,67.467351453949
ETH,2004,15.7585906982422
EUU,2004,72.23088731007701
FCS,2004,39.869648897262785
FIN,2004,68.2766596767133
FJI,2004,49.4772922157817
FRA,2004,77.4900500011961
FRO,2004,36.317985534668
FSM,2004,22.3299999237061
GAB,2004,82.7355438220611
GBR,2004,80.3423284929998
GEO,2004,52.7173199317225
GHA,2004,46.7572004525685
GIB,2004,100.0
GIN,2004,32.1032575610216
GMB,2004,51.5062022597801
GNB,2004,38.0781980012196
GNQ,2004,40.9304009672368
GRC,2004,73.8267602923728
GRD,2004,35.9181958391436
GRL,2004,82.5634307861328
GTM,2004,47.326819486636
GUM,2004,93.6758326459328
GUY,2004,28.0668850172523
HIC,2004,77.40959749449613
HKG,2004,100.0
HND,2004,47.5739776096056
HPC,2004,29.54625299969834
HRV,2004,55.5890878734365
HTI,2004,41.8705746346912
HUN,2004,65.0225372314453
IBD,2004,46.29379055935181
IBT,2004,42.93648456940247
IDA,2004,31.726178070292267
IDB,2004,39.271203808964266
IDN,2004,45.4476736441888
IDX,2004,27.67505466072914
IMN,2004,51.3260536002657
IND,2004,28.7726067228528
IRL,2004,60.1994750854288
IRN,2004,67.2567367553711
IRQ,2004,68.2202223846538
ISL,2004,92.4377293375354
ISR,2004,91.5829008110251
ITA,2004,67.5072499739908
JAM,2004,52.5637655955662
JOR,2004,78.3185350370311
JPN,2004,84.3710541898905
KAZ,2004,54.9200902244233
KEN,2004,25.4147539714454
KGZ,2004,35.3058886953128
KHM,2004,18.9813615262763
KIR,2004,43.5238025326975
KNA,2004,32.1287199225823
KOR,2004,81.104386778171
KWT,2004,99.94716743531
LAC,2004,76.15921681931881
LAO,2004,26.5371091732139
LBN,2004,86.6049279736931
LBR,2004,45.4344781497244
LBY,2004,88.0371675280346
LCA,2004,24.8459172882296
LCN,2004,76.99543363615774
LDC,2004,27.032525302541746
LIC,2004,30.01243536208469
LIE,2004,14.6574624864307
LKA,2004,14.9130061059922
LMC,2004,32.958369485366084
LMY,2004,41.988475222144515
LSO,2004,21.7993659097494
LTE,2004,49.77199544119663
LTU,2004,66.6022567749023
LUX,2004,85.9799097226846
LVA,2004,67.9206702831277
MAC,2004,100.0
MAF,2004,100.0
MAR,2004,54.9787569660869
MCO,2004,100.0
MDA,2004,39.4460945129395
MDG,2004,26.1869753064804
MDV,2004,32.8541942827704
MEA,2004,49.80798845176607
MEX,2004,76.3274397419019
MHL,2004,70.0567388477898
MIC,2004,42.90002400622564
MKD,2004,57.8527941292946
MLI,2004,20.4570532892964
MLT,2004,93.6081858790552
MMR,2004,28.2256085278922
MNA,2004,47.27462266207024
MNE,2004,62.210498320663
MNG,2004,60.7829994587671
MNP,2004,90.5036416127499
MOZ,2004,29.8592114813982
MRT,2004,39.5685575664461
MUS,2004,41.3265540022042
MWI,2004,15.0316039821946
MYS,2004,66.0647889111941
NAC,2004,79.97007433637948
NAM,2004,35.5356476670033
NCL,2004,63.3117500793361
NER,2004,16.2687225341797
NGA,2004,46.6994804889599
NIC,2004,55.7791779253789
NLD,2004,82.250953139759
NOR,2004,77.5684593888498
NPL,2004,41.6109470808194
NRU,2004,100.0
NZL,2004,85.9017708294597
OED,2004,77.13491956159905
OMN,2004,71.5428923484265
OSS,2004,51.71711537279479
PAK,2004,33.7441369568158
PAN,2004,63.7553758418416
PER,2004,74.3769516383133
PHL,2004,40.8507057988121
PLW,2004,76.445323887982
PNG,2004,13.0951673752744
POL,2004,61.6555172559989
PRE,2004,35.58195526233195
PRI,2004,94.1544210292187
PRK,2004,59.6753901274401
PRT,2004,57.4171857647664
PRY,2004,58.7421370296254
PSE,2004,78.9926422349822
PSS,2004,35.34455846109913
PST,2004,78.29159783068424
PYF,2004,56.2729949941787
QAT,2004,97.0472579559041
ROU,2004,52.9175295523808
RUS,2004,73.3065795898438
RWA,2004,16.9020099536792
SAS,2004,28.41064856922898
SAU,2004,80.7542316538166
SDN,2004,32.4459598296403
SEN,2004,41.6248193895895
SGP,2004,100.0
SLB,2004,17.172863006512
SLE,2004,36.5491283814755
SLV,2004,60.1425374326239
SMR,2004,94.2143791763566
SOM,2004,34.9620706047618
SRB,2004,57.3144555999278
SSA,2004,36.71180598858973
SSD,2004,16.7569099090725
SSF,2004,34.61130755078842
SST,2004,49.46701868453401
STP,2004,57.8774845467458
SUR,2004,66.743604713168
SVK,2004,55.5843833415875
SVN,2004,50.7124410611224
SWE,2004,84.2670710494849
SWZ,2004,22.3077107838089
SXM,2004,100.0
SYC,2004,42.9237756892027
SYR,2004,53.5
TCA,2004,87.3041883072325
TCD,2004,21.7377792120134
TEA,2004,41.03905210540451
TEC,2004,63.36235534685478
TGO,2004,34.9007435603688
THA,2004,36.785516284484
TJK,2004,26.5327772632159
TKM,2004,46.7375427392139
TLA,2004,76.88329369045957
TLS,2004,25.7040830077802
TMN,2004,47.07027741163325
TON,2004,23.1191794451059
TSA,2004,28.41064856922898
TSS,2004,34.6113075507884
TTO,2004,55.5711241312409
TUN,2004,64.9272741461338
TUR,2004,62.4388481173262
TUV,2004,48.4012126478499
TZA,2004,24.0832469119457
UGA,2004,13.1221118400615
UKR,2004,67.5970968423685
UMC,2004,52.207750785391305
URY,2004,91.8009434091917
USA,2004,79.9960936968363
UZB,2004,50.5696510233382
VCT,2004,45.3517185236482
VEN,2004,88.5835546444319
VGB,2004,43.2860433292828
VIR,2004,93.7071483863705
VNM,2004,26.8021001307977
VUT,2004,22.7291073078871
WLD,2004,48.86500015547051
WSM,2004,21.5282844040566
XKX,2004,37.5923149033726
YEM,2004,28.4506523754813
ZAF,2004,59.0977390950102
ZMB,2004,36.8035881130253
ZWE,2004,32.6278168233873
ABW,2005,64.9580226442175
AFE,2005,30.537275862930287
AFG,2005,19.7059095753667
AFW,2005,41.83645945577399
AGO,2005,56.0
ALB,2005,45.9937666920583
AND,2005,89.9563631945418
ARB,2005,53.982000290563796
ARE,2005,82.2122832763517
ARG,2005,90.1233737736072
ARM,2005,64.5334210637509
ASM,2005,87.7798357749499
ATG,2005,29.1737995723752
AUS,2005,85.6190871221958
AUT,2005,66.9797950654143
AZE,2005,52.5028533935547
BDI,2005,9.1806167624459
BEL,2005,83.5645449743707
BEN,2005,40.3097749006517
BFA,2005,22.0179778440204
BGD,2005,25.4769540701509
BGR,2005,70.0869598388672
BHR,2005,91.168165501421
BHS,2005,81.8605578035102
BIH,2005,44.1570799336802
BLR,2005,72.0310134887695
BLZ,2005,46.7271194028137
BMU,2005,100.0
BOL,2005,64.2133062205259
BRA,2005,82.9838799596945
BRB,2005,60.6389887108416
BRN,2005,73.552870858133
BTN,2005,30.9379917831613
BWA,2005,58.4535554684584
CAF,2005,38.0448510426866
CAN,2005,79.9760615882965
CEB,2005,61.66843767483354
CHE,2005,73.4951000915434
CHI,2005,31.106756489445
CHL,2005,86.7768244484887
CHN,2005,42.9899978637695
CIV,2005,45.082298743724
CMR,2005,48.5837852394685
COD,2005,37.4018738621901
COG,2005,61.310286636126
COL,2005,76.004938901378
COM,2005,28.016895208368
CPV,2005,57.7977695763157
CRI,2005,64.8998632216384
CSS,2005,50.94938877350742
CUB,2005,76.0033319545493
CUW,2005,91.1746923604573
CYM,2005,100.0
CYP,2005,68.4340674211981
CZE,2005,73.6375545423198
DEU,2005,80.1745168510383
DJI,2005,71.3061450044404
DMA,2005,66.2400724917823
DNK,2005,86.0059706832865
DOM,2005,67.5759180469321
DZA,2005,63.6598541890144
EAP,2005,42.33969148090381
EAR,2005,40.04911995664827
EAS,2005,47.04084998126457
ECA,2005,58.52068450358902
ECS,2005,69.56565452503565
ECU,2005,62.0068704145716
EGY,2005,42.9569271409488
EMU,2005,74.5352220090069
ERI,2005,35.1022033691406
ESP,2005,77.2206801920294
EST,2005,67.5080523578799
ETH,2005,15.982967376709
EUU,2005,72.40023517071768
FCS,2005,40.14143117578215
FIN,2005,68.5140529517604
FJI,2005,49.8421361321385
FRA,2005,77.4363315105438
FRO,2005,36.3320579528809
FSM,2005,22.3299999237061
GAB,2005,83.4326746392243
GBR,2005,80.4455938127627
GEO,2005,53.0036280624359
GHA,2005,47.4528437795757
GIB,2005,100.0
GIN,2005,32.3962712159907
GMB,2005,52.3582132660613
GNB,2005,38.3801443659997
GNQ,2005,42.2814597171299
GRC,2005,74.2617376694311
GRD,2005,35.9158260786725
GRL,2005,82.6899108886719
GTM,2005,48.0557951573834
GUM,2005,93.7899888326279
GUY,2005,27.7758550706193
HIC,2005,77.71016070102081
HKG,2005,100.0
HND,2005,48.1703884178554
HPC,2005,29.875691112048287
HRV,2005,55.5307217475444
HTI,2005,42.5791771857318
HUN,2005,66.1261367797852
IBD,2005,46.91456937241268
IBT,2005,43.49504479510677
IDA,2005,32.223009411867544
IDB,2005,39.83487782020943
IDN,2005,46.2373757571669
IDX,2005,28.12863121759872
IMN,2005,51.1608382095573
IND,2005,29.0945497159107
IRL,2005,60.4882988006461
IRN,2005,67.8708801269531
IRQ,2005,68.391425621866
ISL,2005,92.377441015064
ISR,2005,91.6384296279033
ITA,2005,67.5897169318419
JAM,2005,52.7685237926234
JOR,2005,78.412126230667
JPN,2005,85.9573620483714
KAZ,2005,54.6481873472392
KEN,2005,27.2686745625048
KGZ,2005,35.3030968124082
KHM,2005,19.0922720052225
KIR,2005,43.5443274444527
KNA,2005,31.9804975781124
KOR,2005,81.3901352283669
KWT,2005,100.0
LAC,2005,76.4445044108649
LAO,2005,27.3224977292697
LBN,2005,86.7665156672703
LBR,2005,45.8510093035277
LBY,2005,88.135773324416
LCA,2005,23.5419158996884
LCN,2005,77.26686855119394
LDC,2005,27.513337611585214
LIC,2005,30.236853023741357
LIE,2005,14.594120964481
LKA,2005,15.167273918248
LMC,2005,33.42051663529628
LMY,2005,42.60569348792415
LSO,2005,22.5317981562788
LTE,2005,50.65851318655214
LTU,2005,66.5784912109375
LUX,2005,86.3735649102561
LVA,2005,67.8953910570353
MAC,2005,100.0
MAF,2005,100.0
MAR,2005,55.4397798676399
MCO,2005,100.0
MDA,2005,39.3704032897949
MDG,2005,26.4743019495822
MDV,2005,34.0715178283824
MEA,2005,50.1043079184128
MEX,2005,76.4748624380269
MHL,2005,70.6234401061174
MIC,2005,43.56178596232621
MKD,2005,57.8614206464767
MLI,2005,20.8706715422205
MLT,2005,93.6985189936163
MMR,2005,28.390792243762
MNA,2005,47.53193004846831
MNE,2005,62.6763680644251
MNG,2005,62.3122627023789
MNP,2005,90.5796270580004
MOZ,2005,30.0098613217248
MRT,2005,40.407151934074
MUS,2005,41.1419874152917
MWI,2005,15.1041793656241
MYS,2005,67.0159820173565
NAC,2005,80.17829910565804
NAM,2005,36.5870014553064
NCL,2005,63.918391040144
NER,2005,16.2687225341797
NGA,2005,47.5656414756863
NIC,2005,55.9375480421093
NLD,2005,83.5048949725161
NOR,2005,77.8260148882032
NPL,2005,45.5065633424317
NRU,2005,100.0
NZL,2005,85.9299325780946
OED,2005,77.4936924595116
OMN,2005,71.8577803438712
OSS,2005,51.846258246421456
PAK,2005,33.9190062789495
PAN,2005,64.0721934428526
PER,2005,74.8162354830832
PHL,2005,41.3297701258519
PLW,2005,77.574268209537
PNG,2005,13.0708971726612
POL,2005,61.5497010774856
PRE,2005,36.133119392716
PRI,2005,94.058055748557
PRK,2005,59.7506437119853
PRT,2005,58.2450763389585
PRY,2005,58.894079141979
PSE,2005,80.5172240645229
PSS,2005,35.57668768320429
PST,2005,78.66335871013452
PYF,2005,56.8472850820701
QAT,2005,97.3016654918171
ROU,2005,53.074507031037
RUS,2005,73.1613922119141
RWA,2005,16.9072114459454
SAS,2005,28.819435254306335
SAU,2005,80.9775503092999
SDN,2005,32.4603150404146
SEN,2005,41.9057599695838
SGP,2005,100.0
SLB,2005,17.6001415877737
SLE,2005,36.8485519672439
SLV,2005,61.0308213239291
SMR,2005,94.6454896824635
SOM,2005,35.4674928136211
SRB,2005,57.7508909888183
SSA,2005,37.26382449655667
SSD,2005,16.8695760318857
SSF,2005,35.12538844364877
SST,2005,49.51459233394803
STP,2005,59.4188016908917
SUR,2005,66.7321826490881
SVK,2005,55.4189847597721
SVN,2005,50.648781400021
SWE,2005,84.3499984741211
SWZ,2005,22.2102447619336
SXM,2005,100.0
SYC,2005,42.8510349075107
SYR,2005,53.8227202374695
TCA,2005,87.908436065312
TCD,2005,21.7519046977973
TEA,2005,42.113769747992535
TEC,2005,63.48587675797566
TGO,2005,35.3487650305291
THA,2005,38.1301594392881
TJK,2005,26.5324878262051
TKM,2005,46.7728683922582
TLA,2005,77.16290195964363
TLS,2005,26.3097308948751
TMN,2005,47.31881486106007
TON,2005,23.1473956500293
TSA,2005,28.819435254306335
TSS,2005,35.12538844364877
TTO,2005,55.3898955519853
TUN,2005,65.2340901739004
TUR,2005,63.3302470273874
TUV,2005,49.4209790930126
TZA,2005,24.7061884538741
UGA,2005,13.7907239496723
UKR,2005,67.8136046317755
UMC,2005,53.145515057546824
URY,2005,92.0812710048572
USA,2005,80.1961581748464
UZB,2005,51.0781236333777
VCT,2005,45.4681221654846
VEN,2005,88.638673298371
VGB,2005,43.741214134139
VIR,2005,93.9100783822029
VNM,2005,27.4285898187702
VUT,2005,23.0020186653551
WLD,2005,49.3577952569523
WSM,2005,21.2352904191687
XKX,2005,37.627884150598
YEM,2005,28.8523786558834
ZAF,2005,59.8241758378997
ZMB,2005,37.2969823813059
ZWE,2005,32.6482709722903
ABW,2006,64.811270283981
AFE,2006,30.987649554483628
AFG,2006,20.1104530189181
AFW,2006,42.43992588117844
AGO,2006,56.8939032662772
ALB,2006,47.0701050949378
AND,2006,89.3789218918348
ARB,2006,54.311602357225325
ARE,2006,82.5588968646829
ARG,2006,90.3033726521064
ARM,2006,64.4758978663344
ASM,2006,87.4983609900321
ATG,2006,28.43525787418
AUS,2006,85.7492544263523
AUT,2006,67.0006968062814
AZE,2006,52.6540145874023
BDI,2006,9.4646291775586
BEL,2006,83.8578905877926
BEN,2006,40.7877794072449
BFA,2006,22.5528306908743
BGD,2006,25.9479149992596
BGR,2006,70.5075225830078
BHR,2006,92.7186075361661
BHS,2006,82.0396098391364
BIH,2006,44.4752743285185
BLR,2006,72.6113815307617
BLZ,2006,46.4084814638913
BMU,2006,100.0
BOL,2006,64.6631431424362
BRA,2006,83.2672101364439
BRB,2006,60.1960940466703
BRN,2006,74.0148299904911
BTN,2006,31.5664945864425
BWA,2006,59.6421228144112
CAF,2006,38.134433681123
CAN,2006,80.219066099279
CEB,2006,61.75982962387824
CHE,2006,73.5115823179813
CHI,2006,31.3350770753618
CHL,2006,86.8125123390851
CHN,2006,44.3430099487305
CIV,2006,45.5035131674326
CMR,2006,49.2044173412861
COD,2006,37.8024827128113
COG,2006,61.6237792620651
COL,2006,76.1619191918164
COM,2006,28.1143215973031
CPV,2006,58.5332660925599
CRI,2006,66.1703051228767
CSS,2006,50.770185739744875
CUB,2006,76.1121531072403
CUW,2006,91.1926129138527
CYM,2006,100.0
CYP,2006,68.2534151682801
CZE,2006,73.578883191735
DEU,2006,80.1960996098884
DJI,2006,71.0245352095823
DMA,2006,66.5451738755145
DNK,2006,86.2501288149818
DOM,2006,69.333853706035
DZA,2006,64.4154348614309
EAP,2006,43.47697305915454
EAR,2006,40.459676092804706
EAS,2006,48.11785181874955
ECA,2006,58.92202416932059
ECS,2006,69.76613159799963
ECU,2006,62.2099988435587
EGY,2006,42.9729991680104
EMU,2006,74.68582661930589
ERI,2006,35.2525177001953
ESP,2006,77.4968648783202
EST,2006,67.5557177507269
ETH,2006,16.2148475646973
EUU,2006,72.56149206991293
FCS,2006,40.39743675735234
FIN,2006,68.7588279849327
FJI,2006,50.2294752725468
FRA,2006,77.3467240068648
FRO,2006,36.4584197998047
FSM,2006,22.3275140420008
GAB,2006,84.0852434737431
GBR,2006,80.5464353583991
GEO,2006,53.3593916521584
GHA,2006,48.1388926229785
GIB,2006,100.0
GIN,2006,32.6868093037822
GMB,2006,53.1603285370566
GNB,2006,38.6871193165452
GNQ,2006,43.9301279685204
GRC,2006,74.717750055608
GRD,2006,35.9119653795374
GRL,2006,82.8471984863281
GTM,2006,48.7676356188334
GUM,2006,93.8894857603993
GUY,2006,27.4604582346121
HIC,2006,77.99066580840088
HKG,2006,100.0
HND,2006,48.7790074235564
HPC,2006,30.225177366358004
HRV,2006,55.4685969711483
HTI,2006,43.2846444920296
HUN,2006,67.0155868530273
IBD,2006,47.5769747009825
IBT,2006,44.08492730071806
IDA,2006,32.72711437997282
IDB,2006,40.38882502073054
IDN,2006,47.0017588692457
IDX,2006,28.600176240518895
IMN,2006,51.1148712415781
IND,2006,29.4309857146804
IRL,2006,60.7703677431593
IRN,2006,68.3101850492144
IRQ,2006,68.5590667282222
ISL,2006,92.1949009038813
ISR,2006,91.6825760364229
ITA,2006,67.6812550714834
JAM,2006,52.9707359336549
JOR,2006,78.755612573541
JPN,2006,87.1460898958075
KAZ,2006,54.4137278108953
KEN,2006,28.9830768551925
KGZ,2006,35.2997926803498
KHM,2006,19.2299832388976
KIR,2006,43.7349826427011
KNA,2006,31.8364279281447
KOR,2006,81.566462110512
KWT,2006,100.0
LAC,2006,76.69402782327693
LAO,2006,28.0378756242097
LBN,2006,86.9323508787087
LBR,2006,46.2322959899902
LBY,2006,88.1599560242948
LCA,2006,22.2016686292365
LCN,2006,77.50429413567271
LDC,2006,28.002807293935497
LIC,2006,30.48594425460212
LIE,2006,14.5394671726401
LKA,2006,15.4829275281105
LMC,2006,33.896951459294904
LMY,2006,43.24768945730094
LSO,2006,23.3329886243114
LTE,2006,51.635735545076365
LTU,2006,66.6381530761719
LUX,2006,86.7738936810355
LVA,2006,67.873733661714
MAC,2006,100.0
MAF,2006,100.0
MAR,2006,55.9627589629824
MCO,2006,100.0
MDA,2006,39.2182388305664
MDG,2006,26.7586741989468
MDV,2006,34.8678636610379
MEA,2006,50.3795976913063
MEX,2006,76.4982455683657
MHL,2006,71.2077527286922
MIC,2006,44.25100532699184
MKD,2006,57.8796574341199
MLI,2006,21.2987608960246
MLT,2006,93.7986874969541
MMR,2006,28.5517581878355
MNA,2006,47.75126600521958
MNE,2006,63.111308588912
MNG,2006,63.8388366340039
MNP,2006,90.6534562341057
MOZ,2006,30.1740801725307
MRT,2006,41.3739934217664
MUS,2006,40.9607687547567
MWI,2006,15.1753987017157
MYS,2006,67.9191992840997
NAC,2006,80.36005241412659
NAM,2006,37.6722151614564
NCL,2006,64.7508025811084
NER,2006,16.2675724894628
NGA,2006,48.424271994461
NIC,2006,56.1058547675536
NLD,2006,84.6532280358545
NOR,2006,78.0877227783203
NPL,2006,49.5059100328759
NRU,2006,100.0
NZL,2006,85.9356841665703
OED,2006,77.78884697643183
OMN,2006,72.3920261203777
OSS,2006,51.9795232738831
PAK,2006,34.0931793866356
PAN,2006,64.355408255933
PER,2006,75.2766672012397
PHL,2006,41.8308558715226
PLW,2006,78.306895759147
PNG,2006,13.04994211169
POL,2006,61.4199688499096
PRE,2006,36.65705883818831
PRI,2006,93.9636036518786
PRK,2006,59.8339025655097
PRT,2006,59.0340947058419
PRY,2006,59.0202286834627
PSE,2006,81.7611786265942
PSS,2006,35.82869425479223
PST,2006,78.97448711545435
PYF,2006,57.5825834325129
QAT,2006,97.5827378795062
ROU,2006,53.2566380678272
RUS,2006,73.2439193725586
RWA,2006,16.9110139245047
SAS,2006,29.242729725462446
SAU,2006,81.2008588083072
SDN,2006,32.4702930558327
SEN,2006,42.2046413043069
SGP,2006,100.0
SLB,2006,18.0540134013038
SLE,2006,37.1703805343647
SLV,2006,61.9068679391763
SMR,2006,95.2084276028853
SOM,2006,35.9982083823331
SRB,2006,58.1709152910668
SSA,2006,37.81753256387595
SSD,2006,16.9509881842643
SSF,2006,35.642244655441075
SST,2006,49.58662321295577
STP,2006,60.9734167306206
SUR,2006,66.6967982269052
SVK,2006,55.2464278407442
SVN,2006,50.5672552816963
SWE,2006,84.4553200620359
SWZ,2006,22.1505527018245
SXM,2006,100.0
SYC,2006,42.7880431397027
SYR,2006,54.059770380523
TCA,2006,88.4806167958296
TCD,2006,21.7629797848529
TEA,2006,43.26533266522687
TEC,2006,63.7021713607275
TGO,2006,35.795057579151
THA,2006,39.4424037014582
TJK,2006,26.5321180842215
TKM,2006,46.8060040482349
TLA,2006,77.40712923433371
TLS,2006,27.121697883382
TMN,2006,47.53091669023113
TON,2006,23.1801421282521
TSA,2006,29.242729725462446
TSS,2006,35.642244655441075
TTO,2006,55.1782455797922
TUN,2006,65.5209809651521
TUR,2006,64.2873893939536
TUV,2006,50.5229861226256
TZA,2006,25.3741033202009
UGA,2006,14.5851520274647
UKR,2006,68.0293347798948
UMC,2006,54.12936903455314
URY,2006,92.4845482788191
USA,2006,80.3713066436159
UZB,2006,51.4638817209862
VCT,2006,45.5853616874371
VEN,2006,88.6870816028803
VGB,2006,44.2181116035727
VIR,2006,94.0875454279337
VNM,2006,28.0458290558422
VUT,2006,23.2888338847199
WLD,2006,49.871330775917585
WSM,2006,20.9567957063672
XKX,2006,37.6697481182649
YEM,2006,29.2379493450977
ZAF,2006,60.5276465215157
ZMB,2006,37.8392213204204
ZWE,2006,32.6640794641194
ABW,2007,64.6532664765254
AFE,2007,31.362977394290354
AFG,2007,20.5906579215423
AFW,2007,43.01231272927406
AGO,2007,57.7564632930133
ALB,2007,48.2022815728384
AND,2007,89.0500030517578
ARB,2007,54.65545740465867
ARE,2007,82.758608500318
ARG,2007,90.4796632279031
ARM,2007,64.4257647857723
ASM,2007,87.2017863350389
ATG,2007,27.7201265838981
AUS,2007,85.8968519574969
AUT,2007,67.0211044863084
AZE,2007,52.8281555175781
BDI,2007,9.77289185737152
BEL,2007,84.1454309580577
BEN,2007,41.2857782552618
BFA,2007,22.9741760828193
BGD,2007,26.415303779311
BGR,2007,70.6844177246094
BHR,2007,94.460505558445
BHS,2007,82.1964954293015
BIH,2007,44.7926078011574
BLR,2007,73.0913467407227
BLZ,2007,46.0812472097226
BMU,2007,100.0
BOL,2007,65.1067327824433
BRA,2007,83.5382571292649
BRB,2007,59.803942722226
BRN,2007,74.4344860960786
BTN,2007,32.1738216649326
BWA,2007,60.7822308289942
CAF,2007,38.2343339436079
CAN,2007,80.4425615136782
CEB,2007,61.76293281615677
CHE,2007,73.5283795081459
CHI,2007,31.5692415250024
CHL,2007,86.8445071581285
CHN,2007,45.8892440795898
CIV,2007,45.930317338965
CMR,2007,49.7027028593758
COD,2007,38.201781337298
COG,2007,61.8502563370293
COL,2007,76.3144038775849
COM,2007,28.2493321448949
CPV,2007,59.287606518789
CRI,2007,67.4686406496983
CSS,2007,50.59172188725338
CUB,2007,76.2356834650585
CUW,2007,91.20809197674281
CYM,2007,100.0
CYP,2007,68.0604154001212
CZE,2007,73.5219493596925
DEU,2007,80.2198636634402
DJI,2007,70.8118125191918
DMA,2007,66.877081776731
DNK,2007,86.4251464366349
DOM,2007,71.0193434994977
DZA,2007,65.1690763324461
EAP,2007,44.7353095541115
EAR,2007,40.85667419858462
EAS,2007,49.30491094252735
ECA,2007,59.32456546129292
ECS,2007,69.96757386489922
ECU,2007,62.3887552077227
EGY,2007,42.9729666344509
EMU,2007,74.81351546650527
ERI,2007,35.3820953369141
ESP,2007,77.7738937890987
EST,2007,67.6097866365576
ETH,2007,16.0948330261902
EUU,2007,72.68863029745833
FCS,2007,40.60848659631468
FIN,2007,69.0200377316963
FJI,2007,50.6494569776975
FRA,2007,77.2457976606157
FRO,2007,36.2929878234863
FSM,2007,22.3208324539882
GAB,2007,84.6900183387136
GBR,2007,80.6483331957387
GEO,2007,53.7706073945741
GHA,2007,48.8125122665918
GIB,2007,100.0
GIN,2007,32.9740386596386
GMB,2007,53.9196109423854
GNB,2007,39.0030975009025
GNQ,2007,45.8574549546013
GRC,2007,75.1753473512439
GRD,2007,35.9062498793276
GRL,2007,83.2039566040039
GTM,2007,49.4565105053665
GUM,2007,93.9710535665648
GUY,2007,27.1458953350755
HIC,2007,78.25861618719863
HKG,2007,100.0
HND,2007,49.3994250214704
HPC,2007,30.54075457002408
HRV,2007,55.4077128728613
HTI,2007,43.9866171992907
HUN,2007,67.0041656494141
IBD,2007,48.29610476290391
IBT,2007,44.709002503309556
IDA,2007,33.20496583629494
IDB,2007,40.88890515900907
IDN,2007,47.7432993585496
IDX,2007,29.05425235671202
IMN,2007,51.2353481079414
IND,2007,29.7810426848684
IRL,2007,61.0601979374234
IRN,2007,68.806189933608
IRQ,2007,68.716475540845
ISL,2007,92.3614571703229
ISR,2007,91.713639843393
ITA,2007,67.7857771296669
JAM,2007,53.1703742191887
JOR,2007,79.3358270749644
JPN,2007,88.2701404492656
KAZ,2007,54.2346203341799
KEN,2007,30.4153861196239
KGZ,2007,35.2954926466692
KHM,2007,19.4035705019128
KIR,2007,44.6212141757087
KNA,2007,31.6967077874804
KOR,2007,81.712125801927
KWT,2007,100.0
LAC,2007,76.93218363903854
LAO,2007,28.7343050001346
LBN,2007,87.1024862269079
LBR,2007,46.6104850769043
LBY,2007,88.1560287475586
LCA,2007,20.9268897953144
LCN,2007,77.73126074371258
LDC,2007,28.459593263901066
LIC,2007,30.783066758556494
LIE,2007,14.4938864161177
LKA,2007,15.8544279853018
LMC,2007,34.371634877205224
LMY,2007,43.92827016499814
LSO,2007,24.2187949905661
LTE,2007,52.738016174581524
LTU,2007,66.7184982299805
LUX,2007,87.1831946460401
LVA,2007,67.8558853865191
MAC,2007,100.0
MAF,2007,100.0
MAR,2007,56.5303841299064
MCO,2007,100.0
MDA,2007,39.4315032958984
MDG,2007,27.0400195163682
MDV,2007,35.4340781469745
MEA,2007,50.680132987090516
MEX,2007,76.5047326234761
MHL,2007,71.7941991662501
MIC,2007,44.97922439096688
MKD,2007,57.9111032054655
MLI,2007,21.7398043631622
MLT,2007,93.9118231189546
MMR,2007,28.7079107938945
MNA,2007,47.97310710446763
MNE,2007,63.5035790981749
MNG,2007,65.2590695004873
MNP,2007,90.726220848958
MOZ,2007,30.3598131347122
MRT,2007,42.4406001164139
MUS,2007,40.7846600109183
MWI,2007,15.2477960727861
MYS,2007,68.7649673902807
NAC,2007,80.5118307958947
NAM,2007,38.763436210037
NCL,2007,65.6204802173329
NER,2007,16.2641887037781
NGA,2007,49.2357987173198
NIC,2007,56.2816618351146
NLD,2007,85.4089231499726
NOR,2007,78.4072502632828
NPL,2007,53.3827400058951
NRU,2007,100.0
NZL,2007,85.9291840664852
OED,2007,78.06420962894646
OMN,2007,73.0679250158092
OSS,2007,52.14335738071641
PAK,2007,34.2683067336065
PAN,2007,64.6019807394311
PER,2007,75.7615250588738
PHL,2007,42.3470499959497
PLW,2007,79.019601300651
PNG,2007,13.0324481284965
POL,2007,61.2756005207604
PRE,2007,37.15497585898162
PRI,2007,93.8788197135489
PRK,2007,59.926906023448
PRT,2007,59.7481128966109
PRY,2007,59.1328545601355
PSE,2007,82.596126313073
PSS,2007,36.13075166444575
PST,2007,79.24709323627816
PYF,2007,58.4102481922721
QAT,2007,97.8663125111735
ROU,2007,53.4472789126416
RUS,2007,73.3856048583984
RWA,2007,16.9140836058266
SAS,2007,29.674497317065015
SAU,2007,81.4230015549063
SDN,2007,32.4759528252296
SEN,2007,42.524343609533
SGP,2007,100.0
SLB,2007,18.5333445288467
SLE,2007,37.5122859420526
SLV,2007,62.7676878093683
SMR,2007,95.8182890221867
SOM,2007,36.5641925012053
SRB,2007,58.5577111784378
SSA,2007,38.34619051685475
SSD,2007,16.9986889512954
SSF,2007,36.10133265771798
SST,2007,49.68671012387966
STP,2007,62.4779478773056
SUR,2007,66.6433180134835
SVK,2007,55.0707354484001
SVN,2007,50.4707127083144
SWE,2007,84.5906875454778
SWZ,2007,22.139989967508
SXM,2007,100.0
SYC,2007,42.7361330057413
SYR,2007,54.2883969431774
TCA,2007,89.0170385001222
TCD,2007,21.7709046834576
TEA,2007,44.539358351982095
TEC,2007,63.948568711167674
TGO,2007,36.2392154091353
THA,2007,40.7036878697821
TJK,2007,26.5315339938424
TKM,2007,46.8369760333063
TLA,2007,77.640229259954
TLS,2007,28.0011655196859
TMN,2007,47.74794391259947
TON,2007,23.2239976577967
TSA,2007,29.674497317065022
TSS,2007,36.10133265771797
TTO,2007,54.9393004563973
TUN,2007,65.8000030517578
TUR,2007,65.3389618154687
TUV,2007,51.6722693652096
TZA,2007,26.0720614791471
UGA,2007,15.494298100139
UKR,2007,68.2102322372037
UMC,2007,55.20417214586196
URY,2007,92.9603688038713
USA,2007,80.5153172872016
UZB,2007,51.7087010288873
VCT,2007,45.7034351404912
VEN,2007,88.7282308562487
VGB,2007,44.7167266908574
VIR,2007,94.2409825406024
VNM,2007,28.6456370509099
VUT,2007,23.5955155378332
WLD,2007,50.4145418301197
WSM,2007,20.6944481303605
XKX,2007,37.7193962866165
YEM,2007,29.6091538946366
ZAF,2007,61.1840533154988
ZMB,2007,38.4034874343601
ZWE,2007,32.67762208489
ABW,2008,64.4888814129295
AFE,2008,31.848999584947972
AFG,2008,21.1241481349633
AFW,2008,43.57988739272022
AGO,2008,58.5851745819614
ALB,2008,49.3850699230207
AND,2008,88.9407363930477
ARB,2008,55.012130650448945
ARE,2008,82.9658963549658
ARG,2008,90.6521912139817
ARM,2008,64.3840928379746
ASM,2008,86.9001769674517
ATG,2008,27.0585906639822
AUS,2008,86.0253816967666
AUT,2008,67.0435560819078
AZE,2008,53.063304901123
BDI,2008,10.1064353383035
BEL,2008,84.427037120012
BEN,2008,41.8029662723105
BFA,2008,23.3633747838557
BGD,2008,26.87206041368
BGR,2008,70.902099609375
BHR,2008,96.3461384245376
BHS,2008,82.3197128080855
BIH,2008,45.1090576163352
BLR,2008,73.5531692504883
BLZ,2008,45.7599120745023
BMU,2008,100.0
BOL,2008,65.5448299960338
BRA,2008,83.8036050557184
BRB,2008,59.4931902204528
BRN,2008,74.7929411399737
BTN,2008,32.76371954591
BWA,2008,61.8321593704079
CAF,2008,38.3474489192338
CAN,2008,80.6628944916604
CEB,2008,61.874840888473514
CHE,2008,73.5482927401305
CHI,2008,31.79721921014
CHL,2008,86.8765769429469
CHN,2008,46.9895057678223
CIV,2008,46.3620274395029
CMR,2008,50.0858325268669
COD,2008,38.5997245210844
COG,2008,62.0354815675203
COL,2008,76.4596761810047
COM,2008,28.4193498063202
CPV,2008,60.0741911239572
CRI,2008,68.7925833934861
CSS,2008,50.42014407861929
CUB,2008,76.365461375763
CUW,2008,91.2220545596735
CYM,2008,100.0
CYP,2008,67.8666261318649
CZE,2008,73.4655517409377
DEU,2008,80.2459549084581
DJI,2008,70.6793730584341
DMA,2008,67.232264436023
DNK,2008,86.583137512207
DOM,2008,72.4865154265802
DZA,2008,65.901485871159
EAP,2008,45.69334966168386
EAR,2008,41.28946694441669
EAS,2008,50.217867977618525
ECA,2008,59.762630366817014
ECS,2008,70.16428875671374
ECU,2008,62.5395521004212
EGY,2008,42.9608989120873
EMU,2008,74.91465578877767
ERI,2008,35.4897117614746
ESP,2008,78.0421438998777
EST,2008,67.6696980194394
ETH,2008,16.7936706542969
EUU,2008,72.82139881832205
FCS,2008,40.92860637639682
FIN,2008,69.2943672196361
FJI,2008,51.0979752573339
FRA,2008,77.1561901569367
FRO,2008,36.4679222106934
FSM,2008,22.3111192453232
GAB,2008,85.2437672472316
GBR,2008,80.7547673906116
GEO,2008,54.2232719833673
GHA,2008,49.4708679942306
GIB,2008,100.0
GIN,2008,33.2571261188022
GMB,2008,54.6431233516671
GNB,2008,39.3320535671181
GNQ,2008,48.0444899085658
GRC,2008,75.615079456679
GRD,2008,35.8983157156326
GRL,2008,83.621826171875
GTM,2008,50.1165894513633
GUM,2008,94.0314223884421
GUY,2008,26.8573671978542
HIC,2008,78.49979726652461
HKG,2008,100.0
HND,2008,50.0312316063593
HPC,2008,30.9764021760139
HRV,2008,55.3530687812969
HTI,2008,44.6847359532184
HUN,2008,68.0976986078883
IBD,2008,48.890346691344284
IBT,2008,45.24337668019604
IDA,2008,33.70587693859526
IDB,2008,41.34464403119862
IDN,2008,48.4644736032029
IDX,2008,29.564533986863673
IMN,2008,51.4683663096054
IND,2008,30.1438485921815
IRL,2008,61.3581903884996
IRN,2008,69.3790072996746
IRQ,2008,68.8569818968574
ISL,2008,93.0646442174216
ISR,2008,91.7292868898136
ITA,2008,67.9071958431441
JAM,2008,53.3674108497524
JOR,2008,80.1290966207551
JPN,2008,89.2921563808851
KAZ,2008,54.1287736358813
KEN,2008,31.4230276259143
KGZ,2008,35.2897130588983
KHM,2008,19.6574509865325
KIR,2008,45.9461325515373
KNA,2008,31.5615339709202
KOR,2008,81.8350833138518
KWT,2008,100.0
LAC,2008,77.16237210694615
LAO,2008,29.4034348148069
LBN,2008,87.2769743307677
LBR,2008,47.1080497871025
LBY,2008,88.1474456787109
LCA,2008,19.8192937163625
LCN,2008,77.95073759359101
LDC,2008,28.991799403868555
LIC,2008,31.06157726703233
LIE,2008,14.4577640001239
LKA,2008,16.2762363395441
LMC,2008,34.84814585030069
LMY,2008,44.500622509369336
LSO,2008,25.1966303659683
LTE,2008,53.5584495858467
LTU,2008,66.7527770996094
LUX,2008,87.6037664162874
LVA,2008,67.8420335208058
MAC,2008,100.0
MAF,2008,100.0
MAR,2008,57.1254169272616
MCO,2008,100.0
MDA,2008,39.3710708618164
MDG,2008,27.31826536364
MDV,2008,35.9335121678807
MEA,2008,50.98613502569823
MEX,2008,76.5090428271033
MHL,2008,72.3673018695269
MIC,2008,45.59229381968654
MKD,2008,57.9593566737547
MLI,2008,22.1922849560871
MLT,2008,94.0294765354989
MMR,2008,28.8586544957208
MNA,2008,48.203077912036264
MNE,2008,63.8414387962647
MNG,2008,66.4693095486742
MNP,2008,90.7990126104496
MOZ,2008,30.5625357695184
MRT,2008,43.5784901049073
MUS,2008,40.6154231740954
MWI,2008,15.3238029928378
MYS,2008,69.5438130147565
NAC,2008,80.62963657668816
NAM,2008,39.8328120256318
NCL,2008,66.3257509774158
NER,2008,16.2586706998252
NGA,2008,50.0505212312351
NIC,2008,56.4638124507513
NLD,2008,85.6149582464487
NOR,2008,78.7541006020666
NPL,2008,56.9108061152324
NRU,2008,100.0
NZL,2008,85.9144723093505
OED,2008,78.31817888936324
OMN,2008,73.807772368029
OSS,2008,52.321694863806265
PAK,2008,34.4460387735948
PAN,2008,64.8088713516952
PER,2008,76.2744879116779
PHL,2008,43.1547492407016
PLW,2008,79.6639213135968
PNG,2008,13.0185611592166
POL,2008,61.1258760375274
PRE,2008,37.66942528385478
PRI,2008,93.8114589079331
PRK,2008,60.0310692203612
PRT,2008,60.3510029424595
PRY,2008,59.2442256780564
PSE,2008,83.0979098899913
PSS,2008,36.45808073369934
PST,2008,79.49668830734976
PYF,2008,59.2616375081129
QAT,2008,98.1295193937322
ROU,2008,53.6297858153706
RUS,2008,73.4822463989258
RWA,2008,16.9170867063804
SAS,2008,30.109039867312347
SAU,2008,81.6441431042994
SDN,2008,32.4816230749746
SEN,2008,42.867747101036
SGP,2008,100.0
SLB,2008,19.0370010521463
SLE,2008,37.8725951588418
SLV,2008,63.6372503452723
SMR,2008,96.3901700249324
SOM,2008,37.1754203605454
SRB,2008,58.8944613226962
SSA,2008,38.85170913840374
SSD,2008,17.0301141193955
SSF,2008,36.62342605980422
SST,2008,49.80316791310662
STP,2008,63.8690133423199
SUR,2008,66.5776961831642
SVK,2008,54.895930446636
SVN,2008,50.3620036820409
SWE,2008,84.7517366727063
SWZ,2008,22.1692008829856
SXM,2008,100.0
SYC,2008,42.696637125589
SYR,2008,54.5858464394493
TCA,2008,89.5140091795268
TCD,2008,21.7755796038887
TEA,2008,45.50899650285525
TEC,2008,64.19452427297739
TGO,2008,36.6808327233827
THA,2008,41.8954507430475
TJK,2008,26.5306015116451
TKM,2008,46.8658106736347
TLA,2008,77.86525828297493
TLS,2008,28.8076745459306
TMN,2008,47.97480671745735
TON,2008,23.2889000757567
TSA,2008,30.109039867312347
TSS,2008,36.62342605980422
TTO,2008,54.6761864235364
TUN,2008,66.0676053984361
TUR,2008,66.513650890377
TUV,2008,52.8338644492855
TZA,2008,26.7851328989335
UGA,2008,16.5070641943955
UKR,2008,68.3752085755346
UMC,2008,56.04662412599884
URY,2008,93.45975578621
USA,2008,80.6219682896606
UZB,2008,51.7943572998047
VCT,2008,45.8223405756329
VEN,2008,88.7615723567652
VGB,2008,45.2370503473687
VIR,2008,94.3718227372483
VNM,2008,29.2198330128693
VUT,2008,23.9280261965467
WLD,2008,50.8792438409157
WSM,2008,20.4038457706991
XKX,2008,37.7783181358957
YEM,2008,29.9646637170333
ZAF,2008,61.7692983894896
ZMB,2008,38.9629632271162
ZWE,2008,32.6912786206175
ABW,2009,64.3229852842726
AFE,2009,32.24006775979178
AFG,2009,21.6885475109053
AFW,2009,44.15120956214411
AGO,2009,59.3775316348744
ALB,2009,50.6132439427449
AND,2009,88.84433315185
ARB,2009,55.35959815515459
ARE,2009,83.1701992996163
ARG,2009,90.8209023233265
ARM,2009,64.3519530388516
ASM,2009,86.6035980447517
ATG,2009,26.4808350768849
AUS,2009,86.1278139101818
AUT,2009,67.0705895694924
AZE,2009,53.1358125434574
BDI,2009,10.4979900434482
BEL,2009,84.7025801085014
BEN,2009,42.338538285999
BFA,2009,23.7452325601116
BGD,2009,27.3111249057412
BGR,2009,71.3017349243164
BHR,2009,98.3277849907243
BHS,2009,82.3977602095684
BIH,2009,45.4246010387901
BLR,2009,74.1909646620571
BLZ,2009,45.4589714924251
BMU,2009,100.0
BOL,2009,65.9781896386949
BRA,2009,84.0698380333651
BRB,2009,59.2944920242948
BRN,2009,75.0712970872547
BTN,2009,33.3396804958817
BWA,2009,62.7501882968523
CAF,2009,38.476675697093
CAN,2009,80.8591838893921
CEB,2009,61.90707560850039
CHE,2009,73.5741230920283
CHI,2009,32.0070188116634
CHL,2009,86.9124897308683
CHN,2009,48.3417053222656
CIV,2009,46.7979596502274
CMR,2009,50.4714131335678
COD,2009,38.9962670496049
COG,2009,62.2172294650265
COL,2009,76.5964145836792
COM,2009,28.6217975367563
CPV,2009,60.906420177019
CRI,2009,70.1398469456228
CSS,2009,50.264922890817026
CUB,2009,76.4930251871133
CUW,2009,91.2354256731905
CYM,2009,100.0
CYP,2009,67.6836053786548
CZE,2009,73.4084890302159
DEU,2009,80.2745192417062
DJI,2009,70.6383251554484
DMA,2009,67.6071900939817
DNK,2009,86.7617653139929
DOM,2009,73.5894974865426
DZA,2009,66.5097384559521
EAP,2009,46.834435521879506
EAR,2009,41.720853414739125
EAS,2009,51.26916036065679
ECA,2009,60.22280457735489
ECS,2009,70.3523318050019
ECU,2009,62.6588021150118
EGY,2009,42.9383470624904
EMU,2009,75.03840891406193
ERI,2009,35.5742034912109
ESP,2009,78.2919921861701
EST,2009,67.7348909034398
ETH,2009,17.1511001586914
EUU,2009,72.9468469621213
FCS,2009,41.22043539679701
FIN,2009,69.546259966947
FJI,2009,51.5628013169579
FRA,2009,77.1005391809676
FRO,2009,36.8888092041016
FSM,2009,22.2995385016606
GAB,2009,85.7432582123932
GBR,2009,80.8692180088478
GEO,2009,54.7033821122222
GHA,2009,50.1111250897099
GIB,2009,100.0
GIN,2009,33.5352385165154
GMB,2009,55.3379286345209
GNB,2009,39.6716434222135
GNQ,2009,50.4722820636069
GRC,2009,76.0174962722535
GRD,2009,35.8877990260417
GRL,2009,83.8556137084961
GTM,2009,50.7420420912045
GUM,2009,94.0673223633488
GUY,2009,26.620074648793
HIC,2009,78.68680432910789
HKG,2009,100.0
HND,2009,50.6740175729851
HPC,2009,31.367836661004173
HRV,2009,55.3096640250682
HTI,2009,45.3786413995138
HUN,2009,68.4592590332031
IBD,2009,49.56934832920794
IBT,2009,45.82911685526329
IDA,2009,34.15219636385268
IDB,2009,41.746920200497506
IDN,2009,49.16775798133
IDX,2009,30.020419275216767
IMN,2009,51.7305375428215
IND,2009,30.5185314023263
IRL,2009,61.6421022728798
IRN,2009,69.99007683587
IRQ,2009,68.9742328505284
ISL,2009,93.4441340553707
ISR,2009,91.7319738585748
ITA,2009,68.0494239486665
JAM,2009,53.5618180258738
JOR,2009,81.1117480967305
JPN,2009,90.1131158718189
KAZ,2009,54.1167144748885
KEN,2009,31.8603086707305
KGZ,2009,35.2815523593591
KHM,2009,20.1979728726519
KIR,2009,47.3510238975116
KNA,2009,31.4311032932653
KOR,2009,81.9245045084002
KWT,2009,100.0
LAC,2009,77.3853179744854
LAO,2009,30.0420311503825
LBN,2009,87.4558678091878
LBR,2009,47.6245255922562
LBY,2009,88.1345825195312
LCA,2009,18.9805947108213
LCN,2009,78.16353748303275
LDC,2009,29.47255330335834
LIC,2009,31.3326207050571
LIE,2009,14.4314852298684
LKA,2009,16.7428136405592
LMC,2009,35.327122606057706
LMY,2009,45.132349306354016
LSO,2009,26.2591028264855
LTE,2009,54.52253137267976
LTU,2009,66.7816619873047
LUX,2009,88.0379076027949
LVA,2009,67.8323653539295
MAC,2009,100.0
MAF,2009,100.0
MAR,2009,57.7306189138977
MCO,2009,100.0
MDA,2009,39.3255348205566
MDG,2009,27.5933392025561
MDV,2009,36.3718272129661
MEA,2009,51.2777903563857
MEX,2009,76.5143930040295
MHL,2009,72.9115832892586
MIC,2009,46.27121669676083
MKD,2009,58.0280165522288
MLI,2009,22.6557955217884
MLT,2009,94.1423744490362
MMR,2009,29.0033937270962
MNA,2009,48.43734403908922
MNE,2009,64.1131468872325
MNG,2009,67.3659050254095
MNP,2009,90.8729232264729
MOZ,2009,30.7715592059159
MRT,2009,44.7591814741371
MUS,2009,40.4548202346069
MWI,2009,15.4015312766848
MYS,2009,70.2462628363839
NAC,2009,80.70584554216212
NAM,2009,40.8524900328246
NCL,2009,66.6631859586932
NER,2009,16.2511180003032
NGA,2009,50.86453484762
NIC,2009,56.651098305894
NLD,2009,86.2223179632671
NOR,2009,79.0570820210427
NPL,2009,59.8638612146309
NRU,2009,100.0
NZL,2009,85.8918345477824
OED,2009,78.54733877673982
OMN,2009,74.5338635149003
OSS,2009,52.47479052196882
PAK,2009,34.6280259603331
PAN,2009,64.9730405510737
PER,2009,76.822147540745
PHL,2009,44.3356772609527
PLW,2009,80.2186712923386
PNG,2009,13.008427139986
POL,2009,60.9800753477
PRE,2009,38.17549798598182
PRI,2009,93.7692762093964
PRK,2009,60.1544414620403
PRT,2009,60.8066368745822
PRY,2009,59.3666109432844
PSE,2009,83.5050344815957
PSS,2009,36.78821075832474
PST,2009,79.70551168713159
PYF,2009,60.0681095268001
QAT,2009,98.3494885340955
ROU,2009,53.7875150259042
RUS,2009,73.5288696289062
RWA,2009,16.9206894426355
SAS,2009,30.540665970274965
SAU,2009,81.8644480116889
SDN,2009,32.5774622972843
SEN,2009,43.23773199459
SGP,2009,100.0
SLB,2009,19.5633740998673
SLE,2009,38.2496351532666
SLV,2009,64.5299047495248
SMR,2009,96.8391666956869
SOM,2009,37.8418671506609
SRB,2009,59.1643483956067
SSA,2009,39.331990838625515
SSD,2009,17.2937284639317
SSF,2009,37.089442040001074
SST,2009,49.90829275989535
STP,2009,65.0832313370367
SUR,2009,66.5058869102882
SVK,2009,54.7260356993483
SVN,2009,50.2439782050416
SWE,2009,84.9341031919813
SWZ,2009,22.2343865624794
SXM,2009,100.0
SYC,2009,42.6708881192085
SYR,2009,55.0293653833552
TCA,2009,89.9678368353804
TCD,2009,21.7784396568755
TEA,2009,46.66370450852094
TEC,2009,64.43543794036614
TGO,2009,37.1195037247939
THA,2009,42.9991311200422
TJK,2009,26.529186594207
TKM,2009,46.8925342953825
TLA,2009,78.08314984669144
TLS,2009,29.4007657042596
TMN,2009,48.20688465158888
TON,2009,23.3612068183251
TSA,2009,30.54066597027496
TSS,2009,37.08944204000108
TTO,2009,54.3920297229449
TUN,2009,66.3362197875977
TUR,2009,67.8401432171223
TUV,2009,53.9728070033742
TZA,2009,27.498387547781
UGA,2009,17.6123523369348
UKR,2009,68.5251442249547
UMC,2009,57.01717558410095
URY,2009,93.9337324320314
USA,2009,80.6850378350499
UZB,2009,51.6105041503906
VCT,2009,45.9420760438477
VEN,2009,88.7865574027187
VGB,2009,45.7790735229619
VIR,2009,94.4814990349105
VNM,2009,29.7581347355675
VUT,2009,24.2861753285463
WLD,2009,51.37287890975877
WSM,2009,20.1045321482817
XKX,2009,37.8480031463455
YEM,2009,30.3031502248211
ZAF,2009,62.2592839131287
ZMB,2009,39.4908312026796
ZWE,2009,32.7074288573175
ABW,2010,64.1612965549477
AFE,2010,32.590360982021444
AFG,2010,22.2614799010924
AFW,2010,44.726019844458435
AGO,2010,60.1310289535053
ALB,2010,51.8815774292716
AND,2010,88.7604726056609
ARB,2010,55.59209773194615
ARE,2010,83.3714299144178
ARG,2010,90.9930051940977
ARM,2010,64.3304164043132
ASM,2010,86.3190673549669
ATG,2010,26.0170447850587
AUS,2010,86.2198600512143
AUT,2010,67.1047429254747
AZE,2010,53.2848367714869
BDI,2010,10.9843097335487
BEL,2010,84.9719309583717
BEN,2010,42.8916891239353
BFA,2010,24.115092498158
BGD,2010,27.7254372588696
BGR,2010,71.5149307250977
BHR,2010,100.0
BHS,2010,82.4198104431593
BIH,2010,45.7392153332604
BLR,2010,74.5501403808594
BLZ,2010,45.1914838193558
BMU,2010,100.0
BOL,2010,66.4075665659133
BRA,2010,84.343846036308
BRB,2010,59.2366008990356
BRN,2010,75.2506559029998
BTN,2010,33.9051967813552
BWA,2010,63.4945974665277
CAF,2010,38.6244963104203
CAN,2010,81.0120892252937
CEB,2010,61.98313328255385
CHE,2010,73.6086716419323
CHI,2010,32.1868229080383
CHL,2010,86.9560135592209
CHN,2010,49.2340270628041
CIV,2010,47.2374301523201
CMR,2010,50.8505075371362
COD,2010,39.391363708294
COG,2010,62.3922871058739
COL,2010,76.7232975672119
COM,2010,28.8540982913801
CPV,2010,61.7974262732302
CRI,2010,71.5081448974915
CSS,2010,50.15130144869048
CUB,2010,76.6099132468685
CUW,2010,91.2491303278397
CYM,2010,100.0
CYP,2010,67.5229111556342
CZE,2010,73.3495599222723
DEU,2010,80.305702559949
DJI,2010,70.6486554782903
DMA,2010,67.9983269911984
DNK,2010,86.8652420043945
DOM,2010,74.1642773174177
DZA,2010,67.1235057867459
EAP,2010,47.65608124442635
EAR,2010,42.13251533276823
EAS,2010,52.018703667799784
ECA,2010,60.7251070375303
ECS,2010,70.583139616066
ECU,2010,62.7405258611644
EGY,2010,42.9057175520154
EMU,2010,75.19514852911252
ERI,2010,35.6346549987793
ESP,2010,78.5138156234888
EST,2010,67.8048042926262
ETH,2010,17.4937839508057
EUU,2010,73.10923311955447
FCS,2010,41.52024139214977
FIN,2010,69.7855798796947
FJI,2010,52.0415147785104
FRA,2010,77.0962844808803
FRO,2010,37.2536926269531
FSM,2010,22.2903529875138
GAB,2010,86.1852592472945
GBR,2010,80.995165116277
GEO,2010,55.1969344748228
GHA,2010,50.7296926788704
GIB,2010,100.0
GIN,2010,33.8075426880206
GMB,2010,56.0110896605662
GNB,2010,40.0095596313477
GNQ,2010,53.1218806529176
GRC,2010,76.3631476983077
GRD,2010,35.8743359481443
GRL,2010,84.2784881591797
GTM,2010,51.3270380592706
GUM,2010,94.0765173267308
GUY,2010,26.4592185137368
HIC,2010,78.84958561988255
HKG,2010,100.0
HND,2010,51.3273733161098
HPC,2010,31.768323818916407
HRV,2010,55.2824979327886
HTI,2010,46.0679741838751
HUN,2010,69.5305480957031
IBD,2010,50.10802086068214
IBT,2010,46.3031248309061
IDA,2010,34.57947740181428
IDB,2010,42.11519975109048
IDN,2010,49.8521375148888
IDX,2010,30.466436682835514
IMN,2010,51.9396170300917
IND,2010,30.9042190810094
IRL,2010,61.8910689348512
IRN,2010,70.6092626774386
IRQ,2010,69.0582953378474
ISL,2010,93.4588348107886
ISR,2010,91.7316426703946
ITA,2010,68.2163741829857
JAM,2010,53.7535679480806
JOR,2010,82.2601083887084
JPN,2010,90.6228586840649
KAZ,2010,54.2054127497102
KEN,2010,31.8713287706458
KGZ,2010,35.267768240398
KHM,2010,21.1232251168762
KIR,2010,48.4603839564718
KNA,2010,31.3056125693165
KOR,2010,81.9685075986486
KWT,2010,100.0
LAC,2010,77.60305338817454
LAO,2010,30.6468600890172
LBN,2010,87.6392192810679
LBR,2010,48.1407517057907
LBY,2010,88.1177139282227
LCA,2010,18.5125070971313
LCN,2010,78.37135488215
LDC,2010,29.931022645534497
LIC,2010,31.64670209925158
LIE,2010,14.4154354105611
LKA,2010,17.2486209380693
LMC,2010,35.794895908684275
LMY,2010,45.64380957355441
LSO,2010,27.4004815007995
LTE,2010,55.20027741497791
LTU,2010,66.7712860107422
LUX,2010,88.48791681658
LVA,2010,67.8270681752453
MAC,2010,100.0
MAF,2010,100.0
MAR,2010,58.3287516486646
MCO,2010,100.0
MDA,2010,39.2804946899414
MDG,2010,27.8651684949103
MDV,2010,36.7646137762553
MEA,2010,51.49655144316104
MEX,2010,76.5244441414713
MHL,2010,73.4115658761809
MIC,2010,46.81716608985244
MKD,2010,58.1206815541291
MLI,2010,23.1359461824894
MLT,2010,94.2412435620154
MMR,2010,29.1415329218024
MNA,2010,48.69022962447782
MNE,2010,64.3069625751293
MNG,2010,67.8298018313254
MNP,2010,90.9488180328106
MOZ,2010,30.9861779822921
MRT,2010,45.9541923109942
MUS,2010,40.3046131827718
MWI,2010,15.4776969380518
MYS,2010,70.8625314831025
NAC,2010,80.73427883761084
NAM,2010,41.7946176561991
NCL,2010,66.703836218007
NER,2010,16.2416301279116
NGA,2010,51.6778188255446
NIC,2010,56.842311091973
NLD,2010,87.3502790247129
NOR,2010,79.245002746582
NPL,2010,62.0156581578338
NRU,2010,100.0
NZL,2010,85.8614043258228
OED,2010,78.75694277277523
OMN,2010,75.1579724666274
OSS,2010,52.57089628401549
PAK,2010,34.8159187475539
PAN,2010,65.0926097647906
PER,2010,77.4020936833934
PHL,2010,45.5208176726647
PLW,2010,80.6626667312304
PNG,2010,13.0021920069407
POL,2010,60.8474783987677
PRE,2010,38.66241068865145
PRI,2010,93.7588772214391
PRK,2010,60.307007469148
PRT,2010,61.0788867241731
PRY,2010,59.5122792618786
PSE,2010,83.8853491139676
PSS,2010,37.08352595136673
PST,2010,79.87032207188416
PYF,2010,60.7610223950988
QAT,2010,98.5066232166665
ROU,2010,53.9038227941329
RUS,2010,73.6696307887624
RWA,2010,16.9255580310614
SAS,2010,30.963690404113898
SAU,2010,82.0791668544465
SDN,2010,32.7174026591513
SEN,2010,43.6371785059692
SGP,2010,100.0
SLB,2010,20.1194058206257
SLE,2010,38.6417328938613
SLV,2010,65.4327927543162
SMR,2010,97.074615769187
SOM,2010,38.5735080618592
SRB,2010,59.3505550689338
SSA,2010,39.78858128418174
SSD,2010,17.535620199576
SSF,2010,37.53267959178687
SST,2010,49.97891724740271
STP,2010,66.0572200728291
SUR,2010,66.4338443691967
SVK,2010,54.5650740704331
SVN,2010,50.1194862794826
SWE,2010,85.1334228515625
SWZ,2010,22.3330792067471
SXM,2010,100.0
SYC,2010,42.660307244583
SYR,2010,55.6962002889119
TCA,2010,90.3748294690201
TCD,2010,21.8472378191095
TEA,2010,47.49444105568771
TEC,2010,64.7258667419875
TGO,2010,37.5545882975638
THA,2010,44.0018736622496
TJK,2010,26.5274312963978
TKM,2010,46.9171732247121
TLA,2010,78.29564889919459
TLS,2010,29.6398840020416
TMN,2010,48.45792123136163
TON,2010,23.4243619099178
TSA,2010,30.963690404113898
TSS,2010,37.53267959178687
TTO,2010,54.0899565963587
TUN,2010,66.6280059814453
TUR,2010,69.3471253941487
TUV,2010,55.0541326559964
TZA,2010,28.1968953939105
UGA,2010,18.7990645544572
UKR,2010,68.637397133357
UMC,2010,57.740015729077506
URY,2010,94.3333219475319
USA,2010,80.6997744673366
UZB,2010,51.3321647644043
VCT,2010,46.0626395961215
VEN,2010,88.8026372923982
VGB,2010,46.3427871662626
VIR,2010,94.5724392667003
VNM,2010,30.2504027258526
VUT,2010,24.742504119873
WLD,2010,51.75898711970175
WSM,2010,19.8302101862085
XKX,2010,37.929940798209
YEM,2010,30.6232848305331
ZAF,2010,62.6299120560569
ZMB,2010,39.9558857709992
ZWE,2010,32.7284525810054
ABW,2011,63.9992605838571
AFE,2011,32.93809858697915
AFG,2011,22.8205691572485
AFW,2011,45.298799575001304
AGO,2011,60.8431610396073
ALB,2011,53.2917382892465
AND,2011,88.6888340319763
ARB,2011,56.05208090042802
ARE,2011,83.5695007795347
ARG,2011,91.1072286738406
ARM,2011,64.3207449145194
ASM,2011,86.0284991724475
ATG,2011,25.694689859722
AUS,2011,86.3268946146423
AUT,2011,67.1484255415056
AZE,2011,53.5085461893249
BDI,2011,11.5616652230006
BEL,2011,85.2349607044689
BEN,2011,43.4616136137276
BFA,2011,24.4682976845657
BGD,2011,28.1100162712427
BGR,2011,72.6101653885532
BHR,2011,100.0
BHS,2011,82.4130347470308
BIH,2011,46.0528777644843
BLR,2011,75.0597534179688
BLZ,2011,44.9417819131729
BMU,2011,100.0
BOL,2011,66.833715633176
BRA,2011,84.6225758599683
BRB,2011,59.236693205614
BRN,2011,75.312125504778
BTN,2011,34.4637606688377
BWA,2011,64.0187810722889
CAF,2011,38.8030669465007
CAN,2011,81.1031425434213
CEB,2011,62.006299551158875
CHE,2011,73.65058748615
CHI,2011,32.326335016388
CHL,2011,87.0109164653326
CHN,2011,51.8300285339355
CIV,2011,47.6797551269623
CMR,2011,51.2229843034125
COD,2011,39.7849692825859
COG,2011,62.5597508130231
COL,2011,76.839003613206
COM,2011,29.1136750253686
CPV,2011,62.7419929036884
CRI,2011,72.8426586679914
CSS,2011,50.12493596648168
CUB,2011,76.707663902788
CUW,2011,91.2639416184104
CYM,2011,100.0
CYP,2011,67.3979892758544
CZE,2011,73.2878338394746
DEU,2011,80.3405762928198
DJI,2011,70.6776532458676
DMA,2011,68.3978165602727
DNK,2011,87.1567653955846
DOM,2011,74.2440389501301
DZA,2011,67.7344007507578
EAP,2011,49.61404886745665
EAR,2011,42.553869287569974
EAS,2011,53.7652047882868
ECA,2011,61.32147734168329
ECS,2011,70.8155293553171
ECU,2011,62.7949053547691
EGY,2011,42.8634168470177
EMU,2011,75.30679453229614
ERI,2011,35.6706275939941
ESP,2011,78.695397956495
EST,2011,67.8775556334506
ETH,2011,17.863790512085
EUU,2011,73.21620960612208
FCS,2011,41.86925574673052
FIN,2011,70.0583261874252
FJI,2011,52.5335449475105
FRA,2011,77.1182717387509
FRO,2011,37.2975959777832
FSM,2011,22.2914664135472
GAB,2011,86.5665383650315
GBR,2011,81.1359685592627
GEO,2011,55.6899257648533
GHA,2011,51.3304086646488
GIB,2011,100.0
GIN,2011,34.0732054685603
GMB,2011,56.6696692994225
GNB,2011,40.4391136169434
GNQ,2011,55.9743349096911
GRC,2011,76.6352609929407
GRD,2011,35.8601091092326
GRL,2011,84.5286026000977
GTM,2011,51.8657469899423
GUM,2011,94.0771054436498
GUY,2011,26.3999996185303
HIC,2011,78.97553940093228
HKG,2011,100.0
HND,2011,51.9908892304951
HPC,2011,32.176358845272
HRV,2011,55.2773793281248
HTI,2011,46.7523749519985
HUN,2011,69.4779934082031
IBD,2011,51.14708548033745
IBT,2011,47.15901746332991
IDA,2011,35.02578884218886
IDB,2011,42.508488496936614
IDN,2011,50.4830017089844
IDX,2011,30.933363804888376
IMN,2011,52.0246324097527
IND,2011,31.2746502853309
IRL,2011,62.0872735820277
IRN,2011,71.204050944517
IRQ,2011,69.1252233869916
ISL,2011,93.41106112427
ISR,2011,91.7304024673781
ITA,2011,68.4015073889511
JAM,2011,53.956586109128
JOR,2011,83.5505043825064
JPN,2011,90.8631654434251
KAZ,2011,54.3996086425518
KEN,2011,31.8673949025409
KGZ,2011,35.2466507961984
KHM,2011,22.3824788531276
KIR,2011,49.1228169536795
KNA,2011,31.2000648379646
KOR,2011,81.9615408086376
KWT,2011,100.0
LAC,2011,77.8138705226315
LAO,2011,31.2146877128668
LBN,2011,87.8270813653079
LBR,2011,48.6583302770849
LBY,2011,88.0970458984375
LCA,2011,18.4743479557314
LCN,2011,78.57172072735622
LDC,2011,30.360305553377618
LIC,2011,32.08044955258823
LIE,2011,14.4099998474121
LKA,2011,17.7881192817964
LMC,2011,36.24466309080338
LMY,2011,46.555656662701246
LSO,2011,28.6150355175921
LTE,2011,56.91887635396287
LTU,2011,66.7518340055756
LUX,2011,88.9562814837254
LVA,2011,67.8266897008267
MAC,2011,100.0
MAF,2011,100.0
MAR,2011,58.902576690412
MCO,2011,100.0
MDA,2011,39.3469161987305
MDG,2011,28.1336807024963
MDV,2011,37.1274623517731
MEA,2011,51.842826972248815
MEX,2011,76.5667802279537
MHL,2011,73.8553711172585
MIC,2011,47.787808077149045
MKD,2011,58.2409503926967
MLI,2011,23.6379674039304
MLT,2011,94.3155916422812
MMR,2011,29.2724765136213
MNA,2011,49.004454756939765
MNE,2011,64.4210914835811
MNG,2011,67.9196058798676
MNP,2011,91.0253367901352
MOZ,2011,31.2062230032794
MRT,2011,47.1350407023691
MUS,2011,40.1665923228716
MWI,2011,15.5523153908723
MYS,2011,71.4245166681964
NAC,2011,80.739712124815
NAM,2011,42.6276075621535
NCL,2011,66.726209122213
NER,2011,16.2303066053496
NGA,2011,52.490352424079
NIC,2011,57.0362425004184
NLD,2011,88.0059204972573
NOR,2011,79.311620451463
NPL,2011,63.139949798584
NRU,2011,100.0
NZL,2011,85.8233151875134
OED,2011,78.92497301488561
OMN,2011,75.6585803514688
OSS,2011,52.642850201272196
PAK,2011,35.0113675889897
PAN,2011,65.1896678664818
PER,2011,78.0118164985462
PHL,2011,46.6833632464759
PLW,2011,80.9747231246263
PNG,2011,13.0000025015364
POL,2011,60.7357090652544
PRE,2011,39.15421012293484
PRI,2011,93.7598202101009
PRK,2011,60.4836230684404
PRT,2011,61.1410698395502
PRY,2011,59.693499539898
PSE,2011,84.2340950604341
PSS,2011,37.291559750251345
PST,2011,79.97984959412497
PYF,2011,61.2717342597741
QAT,2011,98.6300610210909
ROU,2011,53.9608874244169
RUS,2011,73.8534851074219
RWA,2011,16.9323586881273
SAS,2011,31.349914552249544
SAU,2011,82.2543876159947
SDN,2011,32.9059760141986
SEN,2011,44.0689668509475
SGP,2011,100.0
SLB,2011,20.7284892962955
SLE,2011,39.0472153491602
SLV,2011,66.334413642034
SMR,2011,97.0999984741211
SOM,2011,39.380318284448
SRB,2011,59.4349187787267
SSA,2011,40.243020221284716
SSD,2011,17.7817678106789
SSF,2011,37.9761923221142
SST,2011,50.039387894986724
STP,2011,66.7275977610702
SUR,2011,66.3675227342307
SVK,2011,54.4167387988534
SVN,2011,49.9463818748723
SWE,2011,85.3600748880524
SWZ,2011,22.4634753665393
SXM,2011,100.0
SYC,2011,42.6739844860866
SYR,2011,58.4817704183521
TCA,2011,90.7312950817828
TCD,2011,21.9558736797638
TEA,2011,49.47569736375448
TEC,2011,65.09534581289778
TGO,2011,37.9872305648732
THA,2011,44.8048723557374
TJK,2011,26.4792213439941
TKM,2011,46.9397537877858
TLA,2011,78.50114367205765
TLS,2011,29.633352306451
TMN,2011,48.770919713404844
TON,2011,23.46075468367
TSA,2011,31.349914552249544
TSS,2011,37.9761923221142
TTO,2011,53.9253615474727
TUN,2011,66.9191886197857
TUR,2011,71.0028723528334
TUV,2011,56.0428770356731
TZA,2011,28.865726405543
UGA,2011,20.0561028736631
UKR,2011,68.7234299826222
UMC,2011,59.326779052531165
URY,2011,94.6036824756941
USA,2011,80.6957554256024
UZB,2011,51.3395500183105
VCT,2011,46.18402928344
VEN,2011,88.8079278904659
VGB,2011,46.9281822248936
VIR,2011,94.6553578863453
VNM,2011,30.6996041680996
VUT,2011,24.7861634049013
WLD,2011,52.45744720149511
WSM,2011,19.6174273708146
XKX,2011,38.0255184272137
YEM,2011,30.9237389467026
ZAF,2011,62.850627754452
ZMB,2011,40.3684491825881
ZWE,2011,32.7567295776968
ABW,2012,63.8252085199599
AFE,2012,33.286706080139204
AFG,2012,23.3434391310979
AFW,2012,45.87325469440147
AGO,2012,61.5114223949332
ALB,2012,53.8637553661449
AND,2012,88.6290967082924
ARB,2012,56.76097789401068
ARE,2012,83.7643244751488
ARG,2012,91.2041217246797
ARM,2012,64.3268379506998
ASM,2012,85.7161174344451
ATG,2012,25.4555618588267
AUS,2012,86.4451259136625
AUT,2012,67.2085909812279
AZE,2012,53.8076442276208
BDI,2012,12.2244596804615
BEL,2012,85.4915403816388
BEN,2012,44.0475065829838
BFA,2012,24.8001912059054
BGD,2012,28.4787972894576
BGR,2012,72.7684860229492
BHR,2012,100.0
BHS,2012,82.3947485339925
BIH,2012,46.3655655972
BLR,2012,75.5281066894531
BLZ,2012,44.6903068035216
BMU,2012,100.0
BOL,2012,67.2581444827699
BRA,2012,84.8973874181312
BRB,2012,59.2372151062924
BRN,2012,75.2714233503027
BTN,2012,35.0188644248365
BWA,2012,64.3993247826904
CAF,2012,39.0301696038517
CAN,2012,81.1513483248791
CEB,2012,61.9739324654094
CHE,2012,73.7522629583622
CHI,2012,32.4414334604748
CHL,2012,87.0824943735696
CHN,2012,53.1003112792969
CIV,2012,48.1242507553354
CMR,2012,51.5887119982861
COD,2012,40.1770385579151
COG,2012,62.7187169094345
COL,2012,76.942211203265
COM,2012,29.397950693899
CPV,2012,63.7260454520996
CRI,2012,73.3895020668217
CSS,2012,50.14468184407049
CUB,2012,76.7776920066844
CUW,2012,91.2791300612311
CYM,2012,100.0
CYP,2012,67.3010289148738
CZE,2012,73.2249239592898
DEU,2012,80.393447520218
DJI,2012,70.7266311335377
DMA,2012,68.754609337094
DNK,2012,87.2336196899414
DOM,2012,74.2398679969568
DZA,2012,68.3421258553675
EAP,2012,50.6757055422017
EAR,2012,43.00484139617966
EAS,2012,54.69996401257254
ECA,2012,62.266953152622634
ECS,2012,71.15049377766107
ECU,2012,62.8408732819135
EGY,2012,42.8118514138525
EMU,2012,75.46870251948816
ERI,2012,35.6824264526367
ESP,2012,78.8455680301618
EST,2012,67.9629593320316
ETH,2012,18.2061367034912
EUU,2012,73.35266561932632
FCS,2012,42.332892652705745
FIN,2012,70.3661363168712
FJI,2012,53.0383211294771
FRA,2012,77.1669464919916
FRO,2012,37.3244972229004
FSM,2012,22.2942568788425
GAB,2012,86.8838635787001
GBR,2012,81.2905667759508
GEO,2012,56.1683526759979
GHA,2012,51.9197918381031
GIB,2012,100.0
GIN,2012,34.3313936933767
GMB,2012,57.3207304207091
GNB,2012,40.8686027526855
GNQ,2012,59.0106940671203
GRC,2012,76.8679797449322
GRD,2012,35.8652755773132
GRL,2012,84.8864593505859
GTM,2012,52.3523385176
GUM,2012,94.0777276704115
GUY,2012,26.3999996185303
HIC,2012,79.07613389479167
HKG,2012,100.0
HND,2012,52.6641557109031
HPC,2012,32.58419258449272
HRV,2012,55.3042888624873
HTI,2012,47.4314843495779
HUN,2012,69.5772326660156
IBD,2012,51.78552034038658
IBT,2012,47.72413391526135
IDA,2012,35.508907061595835
IDB,2012,42.91593231760657
IDN,2012,51.1593933105469
IDX,2012,31.455218113526566
IMN,2012,52.0555317322629
IND,2012,31.5898935604399
IRL,2012,62.2529318511038
IRN,2012,71.7633634041294
IRQ,2012,69.2222213745117
ISL,2012,93.514892578125
ISR,2012,91.7276502819515
ITA,2012,68.7608794235259
JAM,2012,54.2478817703732
JOR,2012,84.9592629639423
JPN,2012,91.0265277326652
KAZ,2012,54.69208192838
KEN,2012,31.8558130142761
KGZ,2012,35.218916221918
KHM,2012,23.9411047582349
KIR,2012,49.5800786695548
KNA,2012,31.2035138804223
KOR,2012,81.9087898200378
KWT,2012,100.0
LAC,2012,78.02749642561442
LAO,2012,31.7422801040872
LBN,2012,88.0195066808075
LBR,2012,49.1773247639526
LBY,2012,88.0727920532227
LCA,2012,18.6193081275177
LCN,2012,78.7697906096959
LDC,2012,30.771690053185726
LIC,2012,32.685459169244695
LIE,2012,14.4124545370445
LKA,2012,18.2617686748284
LMC,2012,36.66271811949568
LMY,2012,47.16247604621919
LSO,2012,29.8970340055453
LTE,2012,57.80706928280737
LTU,2012,66.8536758422852
LUX,2012,89.4405768017292
LVA,2012,67.8331638942219
MAC,2012,100.0
MAF,2012,100.0
MAR,2012,59.4348555979895
MCO,2012,100.0
MDA,2012,39.3614196777344
MDG,2012,28.3988032871081
MDV,2012,37.475963433544
MEA,2012,52.34419051458373
MEX,2012,76.6585199140734
MHL,2012,74.2705132518924
MIC,2012,48.412128106195716
MKD,2012,58.3924217811729
MLI,2012,24.1606168848588
MLT,2012,94.3626256493653
MMR,2012,29.3956289363345
MNA,2012,49.46909507789759
MNE,2012,64.5244008658951
MNG,2012,67.9522782537785
MNP,2012,91.1011927559234
MOZ,2012,31.4315251735105
MRT,2012,48.2732447351525
MUS,2012,40.0369511615085
MWI,2012,15.6253133040464
MYS,2012,71.9680127926087
NAC,2012,80.7337652170105
NAM,2012,43.3804079185694
NCL,2012,66.7417059914448
NER,2012,16.2141284004355
NGA,2012,53.302114902293
NIC,2012,57.2316842226606
NLD,2012,88.5342462391333
NOR,2012,79.4905925441617
NPL,2012,63.6558406194333
NRU,2012,100.0
NZL,2012,85.777700676896
OED,2012,79.16104241749224
OMN,2012,76.088156621068
OSS,2012,52.72894479568972
PAK,2012,35.2160229383731
PAN,2012,65.2829468288151
PER,2012,78.6488061451268
PHL,2012,47.9182784810426
PLW,2012,81.1285663568435
PNG,2012,13.0143796071362
POL,2012,60.6341632788866
PRE,2012,39.66134290422106
PRI,2012,93.7630744424317
PRK,2012,60.6781140779735
PRT,2012,61.1409793914666
PRY,2012,59.9212909454702
PSE,2012,84.5465135943222
PSS,2012,37.50214042182979
PST,2012,80.08153233645359
PYF,2012,61.5286539604592
QAT,2012,98.7428010471968
ROU,2012,53.9563092496073
RUS,2012,73.97265625
RWA,2012,16.9410248882148
SAS,2012,31.67285810180083
SAU,2012,82.4311918025358
SDN,2012,33.1425561614901
SEN,2012,44.5359772452989
SGP,2012,100.0
SLB,2012,21.3906964219987
SLE,2012,39.4644094876975
SLV,2012,67.2232666950659
SMR,2012,97.0999984741211
SOM,2012,40.2722730087349
SRB,2012,59.3468437194824
SSA,2012,40.699669719769695
SSD,2012,18.0321885447664
SSF,2012,38.41952000600486
SST,2012,50.12164118569765
STP,2012,67.0335889448132
SUR,2012,66.3132562693376
SVK,2012,54.2764528316182
SVN,2012,49.7619476318359
SWE,2012,85.6250668883122
SWZ,2012,22.6237715926065
SXM,2012,100.0
SYC,2012,42.7261758463169
SYR,2012,65.0896662830335
TCA,2012,91.0352667584286
TCD,2012,22.1061904148178
TEA,2012,50.548960420570666
TEC,2012,65.61540489183015
TGO,2012,38.4194359598204
THA,2012,45.373565813715
TJK,2012,26.4102249145508
TKM,2012,46.9603023107661
TLA,2012,78.70477500528116
TLS,2012,29.6136082349605
TMN,2012,49.23547544113051
TON,2012,23.4589062635692
TSA,2012,31.67285810180083
TSS,2012,38.419520006004845
TTO,2012,53.9254053431618
TUN,2012,67.2098922729492
TUR,2012,73.7788680234324
TUV,2012,56.8964903305448
TZA,2012,29.4878764597911
UGA,2012,21.372369321253
UKR,2012,68.8241983107739
UMC,2012,60.24548285767367
URY,2012,94.7606597546186
USA,2012,80.6837493386238
UZB,2012,51.3359680175781
VCT,2012,46.3063114823836
VEN,2012,88.8401868543141
VGB,2012,47.5352496456526
VIR,2012,94.7353591077883
VNM,2012,31.1222779403029
VUT,2012,24.8183551383933
WLD,2012,52.916964322808596
WSM,2012,19.478718368689
XKX,2012,38.2296959226488
YEM,2012,31.2031839858628
ZAF,2012,62.9616560303263
ZMB,2012,40.7698556821596
ZWE,2012,32.7931752128328
ABW,2013,63.6382914355326
AFE,2013,33.66731427727752
AFG,2013,23.8077136743646
AFW,2013,46.44633091333924
AGO,2013,62.1333075212361
ALB,2013,54.2979678058548
AND,2013,88.5809399121053
ARB,2013,57.57471355968373
ARE,2013,83.9558135814626
ARG,2013,91.3014507719473
ARM,2013,64.3584061131466
ASM,2013,85.3846465194761
ATG,2013,25.2475667667937
AUS,2013,86.5740515760243
AUT,2013,67.2981308784247
AZE,2013,54.1821087431318
BDI,2013,12.967096274589201
BEL,2013,85.7415410247275
BEN,2013,44.6502883669319
BFA,2013,25.106116148748
BGD,2013,28.8407036106763
BGR,2013,72.9632821572019
BHR,2013,100.0
BHS,2013,82.3635791100868
BIH,2013,46.6954224739896
BLR,2013,75.94970703125
BLZ,2013,44.4380542363795
BMU,2013,100.0
BOL,2013,67.6697055519889
BRA,2013,85.1676585442726
BRB,2013,59.2385370835674
BRN,2013,75.1756915148608
BTN,2013,35.5740003158589
BWA,2013,64.7579735458393
CAF,2013,39.3042963482777
CAN,2013,81.183439957458
CEB,2013,61.96170310951549
CHE,2013,74.1121384785551
CHI,2013,32.5432251775809
CHL,2013,87.1827777654221
CHN,2013,54.4900016784668
CIV,2013,48.5702332186208
CMR,2013,51.9475591877024
COD,2013,40.5675263197158
COG,2013,62.8682817180686
COL,2013,77.0315988189922
COM,2013,29.7043482521482
CPV,2013,64.7486207521826
CRI,2013,73.9431776192863
CSS,2013,50.15075391389835
CUB,2013,76.81640625
CUW,2013,91.2938785868797
CYM,2013,100.0
CYP,2013,67.2102333625375
CZE,2013,73.1622186934979
DEU,2013,80.4732318400362
DJI,2013,70.7969331287484
DMA,2013,69.119704197722
DNK,2013,87.5436524760432
DOM,2013,74.2251359951216
DZA,2013,68.9463836079277
EAP,2013,51.81221906956444
EAR,2013,43.52322981135518
EAS,2013,55.695915895049346
ECA,2013,63.85000395556585
ECS,2013,71.67864575484667
ECU,2013,62.8837286624122
EGY,2013,42.7514277188751
EMU,2013,75.68336917799502
ERI,2013,35.6713333129883
ESP,2013,78.9858086902112
EST,2013,68.0923458296768
ETH,2013,18.615514755249
EUU,2013,73.53767766183712
FCS,2013,42.85042769335076
FIN,2013,70.6742118159277
FJI,2013,53.5552726299291
FRA,2013,77.2440721470918
FRO,2013,37.7414817810059
FSM,2013,22.2986323961146
GAB,2013,87.1482480671637
GBR,2013,81.4573768694887
GEO,2013,56.6182119019407
GHA,2013,52.4985794475913
GIB,2013,100.0
GIN,2013,34.5812741977122
GMB,2013,57.970305611505
GNB,2013,41.2976379394531
GNQ,2013,62.2120073583984
GRC,2013,77.0951999650171
GRD,2013,35.8792242623778
GRL,2013,85.3725891113281
GTM,2013,52.7809822766245
GUM,2013,94.0782751403862
GUY,2013,26.4003891353669
HIC,2013,79.18425469520444
HKG,2013,100.0
HND,2013,53.356379133253
HPC,2013,33.01262574050673
HRV,2013,55.3659479687433
HTI,2013,48.1049430223048
HUN,2013,69.9277636266638
IBD,2013,52.49990143528686
IBT,2013,48.35162870820794
IDA,2013,35.99723527507173
IDB,2013,43.32757563173132
IDN,2013,51.8307495117188
IDX,2013,31.98242003813036
IMN,2013,52.0804107092926
IND,2013,31.9096789235237
IRL,2013,62.4047157756118
IRN,2013,72.3030873515412
IRQ,2013,69.444450378418
ISL,2013,93.6166725158692
ISR,2013,91.7227831465406
ITA,2013,69.3073989916076
JAM,2013,54.548819811983
JOR,2013,86.4627110188335
JPN,2013,91.1516595654317
KAZ,2013,55.0779764821252
KEN,2013,31.8324454433988
KGZ,2013,35.1850529225105
KHM,2013,25.7644735090271
KIR,2013,49.9687043258795
KNA,2013,31.2131485582887
KOR,2013,81.8269383502703
KWT,2013,100.0
LAC,2013,78.24869117358911
LAO,2013,32.2264033448341
LBN,2013,88.2165478464663
LBR,2013,49.6977986242077
LBY,2013,88.0451431274414
LCA,2013,18.9258370999948
LCN,2013,78.97550563367116
LDC,2013,31.20053003341671
LIC,2013,33.277575218414356
LIE,2013,14.4201755971624
LKA,2013,18.4323136480916
LMC,2013,37.09587957851501
LMY,2013,47.83374618432658
LSO,2013,31.2407460933407
LTE,2013,58.778830479831825
LTU,2013,67.0092086791992
LUX,2013,89.9413746679705
LVA,2013,67.847334482933
MAC,2013,100.0
MAF,2013,100.0
MAR,2013,59.9083499302469
MCO,2013,100.0
MDA,2013,39.4275512695312
MDG,2013,28.6604637105393
MDV,2013,37.8257075155926
MEA,2013,52.93942468963764
MEX,2013,76.7955768077952
MHL,2013,74.6790601806083
MIC,2013,49.10573275355993
MKD,2013,58.578694432799
MLI,2013,24.7033626854883
MLT,2013,94.3906567856206
MMR,2013,29.5103946237239
MNA,2013,50.01902612816074
MNE,2013,64.6252987959653
MNG,2013,67.9776750055915
MNP,2013,91.1764941872129
MOZ,2013,31.6619153976179
MRT,2013,49.3553973225913
MUS,2013,39.9108848558771
MWI,2013,15.6966173464742
MYS,2013,72.4882717118078
NAC,2013,80.71648087349637
NAM,2013,44.1106769079132
NCL,2013,66.7584127864925
NER,2013,16.2162595696064
NGA,2013,54.1130855192568
NIC,2013,57.4274279501299
NLD,2013,89.1749992370605
NOR,2013,79.9723980455359
NPL,2013,64.1314570156048
NRU,2013,100.0
NZL,2013,85.7080129786455
OED,2013,79.53009083200473
OMN,2013,76.4914234214313
OSS,2013,52.822947599454125
PAK,2013,35.4315352494366
PAN,2013,65.3709770103365
PER,2013,79.3105527820586
PHL,2013,49.1313688766206
PLW,2013,81.0756895339142
PNG,2013,13.0582475733094
POL,2013,60.5333187465323
PRE,2013,40.18016621916735
PRI,2013,93.7698316907305
PRK,2013,60.8843063158034
PRT,2013,61.1405315215642
PRY,2013,60.2375315600901
PSE,2013,84.8178459889593
PSS,2013,37.726114506319384
PST,2013,80.19714249145345
PYF,2013,61.6130486661995
QAT,2013,98.8357621827901
ROU,2013,53.9101758034365
RUS,2013,74.0762949770228
RWA,2013,17.0742206053612
SAS,2013,32.00037732824246
SAU,2013,82.6071884619102
SDN,2013,33.4264777958103
SEN,2013,45.0398750539456
SGP,2013,100.0
SLB,2013,22.1027262484765
SLE,2013,39.8916422780075
SLV,2013,68.0878511957995
SMR,2013,97.0999984741211
SOM,2013,41.2593474250273
SRB,2013,59.6111068725586
SSA,2013,41.16324940909497
SSD,2013,18.2868996493633
SSF,2013,38.87808974871317
SST,2013,50.20785209574454
STP,2013,67.1306686401367
SUR,2013,66.2683575134509
SVK,2013,54.1384024098892
SVN,2013,50.0466580754027
SWE,2013,85.9249771259894
SWZ,2013,22.8121644356992
SXM,2013,100.0
SYC,2013,42.815069634181
SYR,2013,73.0620491886137
TCA,2013,91.3168927865286
TCD,2013,22.2975929852391
TEA,2013,51.697752138103496
TEC,2013,66.46646336331648
TGO,2013,38.8516767884103
THA,2013,45.8321343847773
TJK,2013,26.4883155822754
TKM,2013,46.9788451198152
TLA,2013,78.91658361815438
TLS,2013,29.5836906253246
TMN,2013,49.78610780878186
TON,2013,23.4170795020344
TSA,2013,32.000377328242465
TSS,2013,38.87808974871317
TTO,2013,53.9255789963372
TUN,2013,67.4999542236328
TUR,2013,78.5218368384696
TUV,2013,57.6314336806359
TZA,2013,30.0725108782502
UGA,2013,22.7367659239271
UKR,2013,68.9326288082226
UMC,2013,61.285240829521136
URY,2013,94.8844735142936
USA,2013,80.660889281215
UZB,2013,51.1276969909668
VCT,2013,46.4319347036311
VEN,2013,88.8786817039721
VGB,2013,48.1639803746541
VIR,2013,94.8105958193224
VNM,2013,31.5334201724543
VUT,2013,24.8407362750263
WLD,2013,53.43242855445282
WSM,2013,19.3865949620667
XKX,2013,38.6251749487938
YEM,2013,31.4427187944215
ZAF,2013,63.0524024097034
ZMB,2013,41.1682266235825
ZWE,2013,32.9019343169941
ABW,2014,63.4392531303795
AFE,2014,34.077577402301294
AFG,2014,24.1910166387726
AFW,2014,47.022164600176836
AGO,2014,62.723115793241
ALB,2014,54.7325813178673
AND,2014,88.544042920911
ARB,2014,58.027823888684544
ARE,2014,84.1438806787019
ARG,2014,91.3975345472954
ARM,2014,64.4142934233291
ASM,2014,85.0351448001542
ATG,2014,25.0899726107741
AUS,2014,86.7221289343356
AUT,2014,67.4154327591781
AZE,2014,54.6319175926151
BDI,2014,13.7839781740413
BEL,2014,85.9848336685807
BEN,2014,45.2880529235999
BFA,2014,25.3814155996643
BGD,2014,29.1944442321013
BGR,2014,73.0844879150391
BHR,2014,100.0
BHS,2014,82.3180931037043
BIH,2014,47.130783484831
BLR,2014,76.3405227661133
BLZ,2014,44.1850161758379
BMU,2014,100.0
BOL,2014,68.037425413
BRA,2014,85.4331367898168
BRB,2014,59.2410313429534
BRN,2014,75.0572639801502
BTN,2014,36.1326606084122
BWA,2014,65.0965122400825
CAF,2014,39.6226521868738
CAN,2014,81.211183161556
CEB,2014,61.9632949711014
CHE,2014,74.7402679059582
CHI,2014,32.6275595274837
CHL,2014,87.3133701497978
CHN,2014,55.7502555847168
CIV,2014,49.0173144557368
CMR,2014,52.2993944376709
COD,2014,40.9563873534225
COG,2014,63.0075415618859
COL,2014,77.1058449419909
COM,2014,30.0302906552932
CPV,2014,65.8085112712742
CRI,2014,74.4866963181212
CSS,2014,50.159653500510366
CUB,2014,76.8442459106445
CUW,2014,91.3082030810948
CYM,2014,100.0
CYP,2014,67.1230558819804
CZE,2014,73.0995921041469
DEU,2014,80.57574023743
DJI,2014,70.8899032189478
DMA,2014,69.4907847110252
DNK,2014,87.6823985731907
DOM,2014,74.1931533822153
DZA,2014,69.5468765157615
EAP,2014,52.85657560642417
EAR,2014,44.00738004189034
EAS,2014,56.612679472113776
ECA,2014,65.56559959223247
ECS,2014,72.23738946891439
ECU,2014,62.9232432195799
EGY,2014,42.6825522284408
EMU,2014,75.8697574138535
ERI,2014,35.639720916748
ESP,2014,79.1196713833488
EST,2014,68.2668382808032
ETH,2014,19.0262870788574
EUU,2014,73.69831651802912
FCS,2014,43.22054425985043
FIN,2014,70.9879168940753
FJI,2014,54.0838287543856
FRA,2014,77.3524296788613
FRO,2014,37.9093894958496
FSM,2014,22.3046193122479
GAB,2014,87.6236017962969
GBR,2014,81.6355750750722
GEO,2014,57.0237612994258
GHA,2014,53.0663398797148
GIB,2014,100.0
GIN,2014,34.8177920826682
GMB,2014,58.6141799655551
GNB,2014,41.7271995544434
GNQ,2014,65.5593240167184
GRC,2014,77.3130486275866
GRD,2014,35.9014624346562
GRL,2014,85.6772384643555
GTM,2014,53.1458479013964
GUM,2014,94.0787476782557
GUY,2014,26.4018152016157
HIC,2014,79.28166928425333
HKG,2014,100.0
HND,2014,53.8768089124249
HPC,2014,33.454444421292486
HRV,2014,55.4591834926844
HTI,2014,48.7723916158687
HUN,2014,70.3071053512008
IBD,2014,53.183721678009796
IBT,2014,48.933606965877196
IDA,2014,36.40616207653952
IDB,2014,43.75247512665534
IDN,2014,52.5002136230469
IDX,2014,32.383446795031404
IMN,2014,52.0997913403899
IND,2014,32.2288233408821
IRL,2014,62.535401730577
IRN,2014,72.8324070385223
IRQ,2014,69.6666641235352
ISL,2014,93.6196716315805
ISR,2014,91.7151980935716
ITA,2014,69.5807638614879
JAM,2014,54.8660395670395
JOR,2014,88.0371754329978
JPN,2014,91.2548945132333
KAZ,2014,55.5524361787178
KEN,2014,31.7931545274563
KGZ,2014,35.1455493029297
KHM,2014,27.8179557823331
KIR,2014,50.3909308922385
KNA,2014,31.2290015317909
KOR,2014,81.7315682816954
KWT,2014,100.0
LAC,2014,78.4742071158149
LAO,2014,32.6638235172635
LBN,2014,88.4182574811842
LBR,2014,50.2198153156642
LBY,2014,88.0142059326172
LCA,2014,19.3915445904726
LCN,2014,79.18536544874398
LDC,2014,31.651744149734046
LIC,2014,33.6207338641016
LIE,2014,14.4336985145967
LKA,2014,18.6153877203724
LMC,2014,37.529150518641615
LMY,2014,48.45607534330042
LSO,2014,32.6404409096604
LTE,2014,59.657687886977676
LTU,2014,67.1514937628023
LUX,2014,90.4577807676859
LVA,2014,67.8686035364944
MAC,2014,100.0
MAF,2014,100.0
MAR,2014,60.3030486171654
MCO,2014,100.0
MDA,2014,39.6298484802246
MDG,2014,28.9185894345838
MDV,2014,38.1938859868107
MEA,2014,53.322491739257536
MEX,2014,76.9741367091766
MHL,2014,75.0790555372177
MIC,2014,49.76781388162236
MKD,2014,58.8033670608162
MLI,2014,25.2656728660325
MLT,2014,94.412512773898
MMR,2014,29.6164342116462
MNA,2014,50.375642655258076
MNE,2014,64.7232143772459
MNG,2014,67.9941357229626
MNP,2014,91.2512344351276
MOZ,2014,31.8972245802342
MRT,2014,50.4694791226856
MUS,2014,39.7887571971735
MWI,2014,15.766154187056
MYS,2014,72.9802206910773
NAC,2014,80.6863203799841
NAM,2014,44.8214248210559
NCL,2014,66.7846387072769
NER,2014,16.2450424611665
NGA,2014,54.9232435340404
NIC,2014,57.6222653742564
NLD,2014,89.8364787097165
NOR,2014,80.6117159535579
NPL,2014,64.5640847098488
NRU,2014,100.0
NZL,2014,85.5076659530411
OED,2014,79.91544333839748
OMN,2014,76.8892576748951
OSS,2014,52.94395356834654
PAK,2014,35.6595549759128
PAN,2014,65.4531164770096
PER,2014,79.9945465682649
PHL,2014,50.2392400212368
PLW,2014,80.7338640362566
PNG,2014,13.1316404025265
POL,2014,60.4340063344328
PRE,2014,40.6954751222831
PRI,2014,93.7813071818968
PRK,2014,61.0940947540873
PRT,2014,61.1394537361116
PRY,2014,60.7101965948157
PSE,2014,85.0433335176723
PSS,2014,37.965862245418535
PST,2014,80.29937849302944
PYF,2014,61.6824807401268
QAT,2014,98.901627838826
ROU,2014,53.8267187624053
RUS,2014,74.1776476748791
RWA,2014,17.5020716539756
SAS,2014,32.319581082451215
SAU,2014,82.7822571294871
SDN,2014,33.7624582408117
SEN,2014,45.6020905341588
SGP,2014,100.0
SLB,2014,22.8612778264703
SLE,2014,40.3272406886245
SLV,2014,68.9166664266223
SMR,2014,97.0999984741211
SOM,2014,42.3515167236328
SRB,2014,59.8779373168945
SSA,2014,41.64872221150609
SSD,2014,18.5459183719929
SSF,2014,39.35668534931161
SST,2014,50.31455358488932
STP,2014,67.2606735229492
SUR,2014,66.2249266178037
SVK,2014,54.0029125499893
SVN,2014,50.983470916748
SWE,2014,86.2563838747314
SWZ,2014,23.026850446568
SXM,2014,100.0
SYC,2014,42.9386256186342
SYR,2014,76.0
TCA,2014,91.5971200472541
TCD,2014,22.5294513486009
TEA,2014,52.75302273424219
TEC,2014,67.39118910228852
TGO,2014,39.2839506458368
THA,2014,46.3138799467897
TJK,2014,26.5633735656738
TKM,2014,46.9954085410955
TLA,2014,79.13305031218545
TLS,2014,29.5463092024041
TMN,2014,50.14243142223117
TON,2014,23.3431040935971
TSA,2014,32.319581082451215
TSS,2014,39.35668534931161
TTO,2014,53.9259699537793
TUN,2014,67.7524643379101
TUR,2014,83.6024850744433
TUV,2014,58.2999596618832
TZA,2014,30.6443077170742
UGA,2014,24.1938503391826
UKR,2014,69.0554339301313
UMC,2014,62.26997812591975
URY,2014,94.9897821210514
USA,2014,80.6242231779766
UZB,2014,50.8868713378906
VCT,2014,46.5579930468544
VEN,2014,88.9163913525251
VGB,2014,48.8143653574427
VIR,2014,94.8797070702488
VNM,2014,31.9480269945454
VUT,2014,24.8549637694775
WLD,2014,53.90801119981127
WSM,2014,19.3126679480432
XKX,2014,39.1938922761744
YEM,2014,31.8626162180918
ZAF,2014,63.1352327065742
ZMB,2014,41.5634741658525
ZWE,2014,33.1628075970801
ABW,2015,63.2288374043053
AFE,2015,34.49068093556445
AFG,2015,24.4649118421568
AFW,2015,47.60238926153382
AGO,2015,63.51567832685
ALB,2015,55.1579291374894
AND,2015,88.5180850122057
ARB,2015,58.351712270483965
ARE,2015,84.3284383471193
ARG,2015,91.4923019108628
ARM,2015,64.4929623431549
ASM,2015,84.668670649093
ATG,2015,25.0
AUS,2015,86.8778642539361
AUT,2015,67.5576175537383
AZE,2015,55.1570486328276
BDI,2015,14.6695085474754
BEL,2015,86.2212893480444
BEN,2015,45.9407403257663
BFA,2015,25.621432645225
BGD,2015,29.5395099477892
BGR,2015,73.1030578613281
BHR,2015,100.0
BHS,2015,82.2568571432361
BIH,2015,47.5711645087011
BLR,2015,76.6263885498047
BLZ,2015,43.931184585988
BMU,2015,100.0
BOL,2015,68.3958051297665
BRA,2015,85.6935697061881
BRB,2015,59.2450700899645
BRN,2015,74.9484620568562
BTN,2015,36.6983375690037
BWA,2015,65.4103584313295
CAF,2015,39.9824421267351
CAN,2015,81.2465670276699
CEB,2015,61.97088775520374
CHE,2015,75.6044960143169
CHI,2015,32.6907784276403
CHL,2015,87.4653320342387
CHN,2015,57.3297843933105
CIV,2015,49.4694894689553
CMR,2015,52.6440863142742
COD,2015,41.3435764444694
COG,2015,63.135592763847
COL,2015,77.1636280538646
COM,2015,30.3732008585112
CPV,2015,66.9045094767116
CRI,2015,75.0198195767549
CSS,2015,50.16791130394142
CUB,2015,76.8702850341797
CUW,2015,91.3220471649755
CYM,2015,100.0
CYP,2015,67.0402477918073
CZE,2015,73.0370442874355
DEU,2015,80.6974371632814
DJI,2015,71.0068853915837
DMA,2015,69.8679153463528
DNK,2015,87.7254056577329
DOM,2015,74.1372305958285
DZA,2015,70.1433070861612
EAP,2015,54.11146567513566
EAR,2015,44.450323389337555
EAS,2015,57.72331434196718
ECA,2015,66.81358449214409
ECS,2015,72.68666970098492
ECU,2015,62.959188676731
EGY,2015,42.6056314089048
EMU,2015,76.08236209346038
ERI,2015,35.591007232666
ESP,2015,79.2454892743023
EST,2015,68.4796609690553
ETH,2015,19.451566696167
EUU,2015,73.8743742665848
FCS,2015,43.521048494113344
FIN,2015,71.3054930040604
FJI,2015,54.6234188083653
FRA,2015,77.7610919150066
FRO,2015,38.1431503295898
FSM,2015,22.3122336099411
GAB,2015,88.085308383892
GBR,2015,81.8243772295647
GEO,2015,57.3803800455672
GHA,2015,53.6226415210752
GIB,2015,100.0
GIN,2015,35.0373191833496
GMB,2015,59.2458499408388
GNB,2015,42.1568145751953
GNQ,2015,68.951270615355
GRC,2015,77.5194426317545
GRD,2015,35.9319491111708
GRL,2015,86.046257019043
GTM,2015,53.4411050262961
GUM,2015,94.079145108702
GUY,2015,26.4043918297579
HIC,2015,79.38737745621316
HKG,2015,100.0
HND,2015,54.3828473751434
HPC,2015,33.8811007245147
HRV,2015,55.5812594509004
HTI,2015,49.4334707759572
HUN,2015,70.4847717285156
IBD,2015,53.933286828197794
IBT,2015,49.55416959517269
IDA,2015,36.787501293053666
IDB,2015,44.190170650412334
IDN,2015,53.1720771789551
IDX,2015,32.73809769194458
IMN,2015,52.1164840474526
IND,2015,32.5472990022299
IRL,2015,62.6392123492764
IRN,2015,73.3561403575949
IRQ,2015,69.920524597168
ISL,2015,93.727919768566
ISR,2015,91.7042921554705
ITA,2015,69.6100006103516
JAM,2015,55.1995248014924
JOR,2015,89.8881391939133
JPN,2015,91.3532644103625
KAZ,2015,56.1106048930882
KEN,2015,31.7338026039958
KGZ,2015,35.1008937681291
KHM,2015,30.0669222549819
KIR,2015,50.9541970402064
KNA,2015,31.2513929695583
KOR,2015,81.639489860678
KWT,2015,100.0
LAC,2015,78.70525018217363
LAO,2015,33.1240204432199
LBN,2015,88.6246882038608
LBR,2015,50.7434382961363
LBY,2015,87.8159103393555
LCA,2015,20.0204288176073
LCN,2015,79.40045972526981
LDC,2015,32.10474830802129
LIC,2015,33.85981120517532
LIE,2015,14.4535587761782
LKA,2015,18.796256612131
LMC,2015,37.94969340887917
LMY,2015,49.118951702707925
LSO,2015,34.0903875831861
LTE,2015,60.72945789057845
LTU,2015,67.2282485961914
LUX,2015,90.9893679353068
LVA,2015,67.8965395668259
MAC,2015,100.0
MAF,2015,100.0
MAR,2015,60.6417124737154
MCO,2015,100.0
MDA,2015,39.6954040527344
MDG,2015,29.1731079210354
MDV,2015,38.5771510715291
MEA,2015,53.639263235135836
MEX,2015,77.1903854182753
MHL,2015,75.4702568207363
MIC,2015,50.4854071062702
MKD,2015,59.0700383784659
MLI,2015,25.847015486705
MLT,2015,94.4387696268011
MMR,2015,29.7166821191682
MNA,2015,50.61921482964932
MNE,2015,64.8181652937171
MNG,2015,67.9999999906095
MNP,2015,91.3254068507915
MOZ,2015,32.1372836259918
MRT,2015,51.6680350049622
MUS,2015,39.6709610617726
MWI,2015,15.8338504946918
MYS,2015,73.4387869957006
NAC,2015,80.6417223720746
NAM,2015,45.5103554445325
NCL,2015,66.8278045547803
NER,2015,16.3035606587493
NGA,2015,55.7325682057138
NIC,2015,57.8149881864705
NLD,2015,90.2787737214621
NOR,2015,81.2378240971353
NPL,2015,64.9510094249155
NRU,2015,100.0
NZL,2015,85.1518763760531
OED,2015,80.22340608406866
OMN,2015,77.3025363037955
OSS,2015,53.09384776461584
PAK,2015,35.9017325715342
PAN,2015,65.5287232947981
PER,2015,80.698277662669
PHL,2015,51.1549047745227
PLW,2015,80.388246269234
PNG,2015,13.2341359836319
POL,2015,60.3362886805635
PRE,2015,41.19243465042264
PRI,2015,93.7987161428303
PRK,2015,61.3247571174501
PRT,2015,61.137469211538
PRY,2015,61.3302768533263
PSE,2015,85.2182174537886
PSS,2015,38.22588758649732
PST,2015,80.40105624377335
PYF,2015,61.7374742154907
QAT,2015,98.9382407681154
ROU,2015,53.7071839518893
RUS,2015,74.275919065527
RWA,2015,18.1953149858416
SAS,2015,32.63803481009165
SAU,2015,82.9562773406163
SDN,2015,34.0914394628597
SEN,2015,46.2747669629858
SGP,2015,100.0
SLB,2015,23.6630502067213
SLE,2015,40.7669565187099
SLV,2015,69.6982116699219
SMR,2015,97.0999984741211
SOM,2015,43.8618107408479
SRB,2015,60.1388092041016
SSA,2015,42.136082476483075
SSD,2015,18.8092619601773
SSF,2015,39.838024890370555
SST,2015,50.44324805967591
STP,2015,67.3915710449219
SUR,2015,66.1828815074718
SVK,2015,53.8700628001622
SVN,2015,53.6612160294144
SWE,2015,86.6158654081858
SWZ,2015,23.2660261759632
SXM,2015,100.0
SYC,2015,43.094803568632
SYR,2015,75.7529067188542
TCA,2015,91.8737937193851
TCD,2015,22.8011258828974
TEA,2015,54.02108770617277
TEC,2015,68.07198891819192
TGO,2015,39.7162551272934
THA,2015,46.9521043776171
TJK,2015,26.478832244873
TKM,2015,47.0100189007695
TLA,2015,79.35482581701685
TLS,2015,29.5043315008419
TMN,2015,50.38510771638403
TON,2015,23.2434422818439
TSA,2015,32.63803481009165
TSS,2015,39.838024890370555
TTO,2015,53.926665238022
TUN,2015,67.8807907104492
TUR,2015,87.2167107972537
TUV,2015,58.9148502652344
TZA,2015,31.2061566592472
UGA,2015,24.9777856560427
UKR,2015,69.1587317201337
UMC,2015,63.38073610132447
URY,2015,95.0800002298303
USA,2015,80.5707989535091
UZB,2015,50.6597328186035
VCT,2015,46.6845638727475
VEN,2015,88.9539804079292
VGB,2015,49.4863955390847
VIR,2015,94.9413319098685
VNM,2015,32.3810945365679
VUT,2015,24.8626945764242
WLD,2015,54.42468157450338
WSM,2015,19.2340105383551
XKX,2015,39.917681154075
YEM,2015,32.3883178702702
ZAF,2015,63.2096349937231
ZMB,2015,41.9555104679652
ZWE,2015,33.5612641766874
ABW,2016,63.0077880571142
AFE,2016,34.8812106693274
AFG,2016,24.6588345720126
AFW,2016,48.17397040338239
AGO,2016,64.2992302517989
ALB,2016,55.5738734464276
AND,2016,88.5027454634853
ARB,2016,58.5622937950483
ARE,2016,84.5093991669984
ARG,2016,91.5856817228217
ARM,2016,64.5928753345316
ASM,2016,84.2862824389061
ATG,2016,24.9239807471655
AUS,2016,87.0166295249235
AUT,2016,67.7218061923556
AZE,2016,55.7574797205266
BDI,2016,15.6180905635494
BEL,2016,86.4507790979645
BEN,2016,46.6094559006664
BFA,2016,25.821510372001
BGD,2016,29.8753915517965
BGR,2016,73.1750030517578
BHR,2016,100.0
BHS,2016,82.1784378570728
BIH,2016,48.0248845752382
BLR,2016,76.8458709716797
BLZ,2016,43.6765514309211
BMU,2016,100.0
BOL,2016,68.7446327876947
BRA,2016,85.9487048448108
BRB,2016,59.2510255301153
BRN,2016,74.8816070556641
BTN,2016,37.2745234641407
BWA,2016,65.6949296854899
CAF,2016,40.3808711749566
CAN,2016,81.3023011093703
CEB,2016,61.90252610039904
CHE,2016,76.6726675773771
CHI,2016,32.7426259745361
CHL,2016,87.6306290578181
CHN,2016,58.8399238586426
CIV,2016,49.929991034032
CMR,2016,52.9815033836792
COD,2016,41.7290483782911
COG,2016,63.2515316469123
COL,2016,77.2036266362166
COM,2016,30.7305018169792
CPV,2016,68.0354078358316
CRI,2016,75.5423088085047
CSS,2016,50.173129881210194
CUB,2016,76.9115829467773
CUW,2016,91.3353544596205
CYM,2016,100.0
CYP,2016,66.9625604106231
CZE,2016,72.9745753395623
DEU,2016,80.8347870684725
DJI,2016,71.1492236341041
DMA,2016,70.2511605730541
DNK,2016,87.6999969482422
DOM,2016,74.0506780735522
DZA,2016,70.7353778263851
EAP,2016,55.31861152419965
EAR,2016,44.80979685157255
EAS,2016,58.79219423310221
ECA,2016,67.20287418003511
ECS,2016,72.93032055088119
ECU,2016,62.9913367571804
EGY,2016,42.5210717266225
EMU,2016,76.34907420803584
ERI,2016,35.5254287719727
ESP,2016,79.3615955277997
EST,2016,68.724038178078
ETH,2016,19.8763618469238
EUU,2016,74.089077283109
FCS,2016,43.81280759135339
FIN,2016,71.6158383428171
FJI,2016,55.1734720973874
FRA,2016,78.5999114705779
FRO,2016,38.3200225830078
FSM,2016,22.3214896137555
GAB,2016,88.5445883406178
GBR,2016,82.0229991698295
GEO,2016,57.6984032005062
GHA,2016,54.167052758274
GIB,2016,100.0
GIN,2016,35.3100280761719
GMB,2016,59.8652472486563
GNB,2016,42.586109161377
GNQ,2016,69.253269853051
GRC,2016,77.7122988766348
GRD,2016,35.9706014181883
GRL,2016,86.2261047363281
GTM,2016,53.6609232857043
GUM,2016,94.079467256407
GUY,2016,26.4080892882899
HIC,2016,79.49953547432159
HKG,2016,100.0
HND,2016,54.8868414578857
HPC,2016,34.311231940572576
HRV,2016,55.7294398599808
HTI,2016,50.087821148256
HUN,2016,70.4733810424805
IBD,2016,54.60152072447182
IBT,2016,50.116142996831464
IDA,2016,37.19158340952287
IDB,2016,44.65002511832827
IDN,2016,53.812557220459
IDX,2016,33.12183161855912
IMN,2016,52.1331532169475
IND,2016,32.8650780972823
IRL,2016,62.7229399123734
IRN,2016,73.8796100096595
IRQ,2016,69.9123778259643
ISL,2016,93.7822647094726
ISR,2016,91.6894623646632
ITA,2016,69.5969232525286
JAM,2016,55.549259277615
JOR,2016,90.56272794707
JPN,2016,91.4541254852142
KAZ,2016,56.7476265001667
KEN,2016,31.6502520105647
KGZ,2016,35.0515747230627
KHM,2016,32.4767436038024
KIR,2016,51.7710553002321
KNA,2016,31.2806171906169
KOR,2016,81.5559241797057
KWT,2016,100.0
LAC,2016,78.93820285917047
LAO,2016,33.8267455533474
LBN,2016,88.835892633396
LBR,2016,51.2687310234384
LBY,2016,87.8160056703177
LCA,2016,20.8164880000551
LCN,2016,79.6161243552428
LDC,2016,32.56662532769812
LIC,2016,34.158769926686766
LIE,2016,14.4802918687379
LKA,2016,18.9747679368162
LMC,2016,38.353637497492294
LMY,2016,49.72046955789713
LSO,2016,35.5077950709441
LTE,2016,61.762246836169815
LTU,2016,67.1894226074219
LUX,2016,91.5357090052649
LVA,2016,67.9307110858472
MAC,2016,100.0
MAF,2016,100.0
MAR,2016,60.9657656537179
MCO,2016,100.0
MDA,2016,39.7373237609863
MDG,2016,29.4239466316878
MDV,2016,38.9560872317815
MEA,2016,53.90263756900618
MEX,2016,77.4405087351486
MHL,2016,75.8524215301796
MIC,2016,51.134318051791
MKD,2016,59.3823070989891
MLI,2016,26.4468586077195
MLT,2016,94.4800033569336
MMR,2016,29.8129165582094
MNA,2016,50.8273618824722
MNE,2016,64.9101692293409
MNG,2016,67.9776754820979
MNP,2016,91.3990047853283
MOZ,2016,32.3819234395234
MRT,2016,52.9185627319946
MUS,2016,39.5578893260494
MWI,2016,15.899632938282
MYS,2016,73.8588978909614
NAC,2016,80.58168993649417
NAM,2016,46.1751725648784
NCL,2016,66.8902054658406
NER,2016,16.3898280543236
NGA,2016,56.541038793347
NIC,2016,58.0043880782023
NLD,2016,90.5803239452777
NOR,2016,81.6800003051758
NPL,2016,65.2895168835553
NRU,2016,100.0
NZL,2016,84.691365594
OED,2016,80.38583040192223
OMN,2016,77.7521362304688
OSS,2016,53.25603025404435
PAK,2016,36.1597184900333
PAN,2016,65.5971555296656
PER,2016,81.4192362241943
PHL,2016,51.9114748151175
PLW,2016,80.1089335766065
PNG,2016,13.3653651942392
POL,2016,60.2402284228997
PRE,2016,41.668181662663
PRI,2016,93.8232738004303
PRK,2016,61.5681351428803
PRT,2016,61.1343011242723
PRY,2016,62.0827613208606
PSE,2016,85.3377390706351
PSS,2016,38.510615337130474
PST,2016,80.51213923943338
PYF,2016,61.7744381369651
QAT,2016,98.9855265345423
ROU,2016,53.5528171972639
RUS,2016,74.3703138709243
RWA,2016,19.1213951786548
SAS,2016,32.95321399234727
SAU,2016,83.129128630626
SDN,2016,34.1881958841213
SEN,2016,47.0553579909929
SGP,2016,100.0
SLB,2016,24.5047424399707
SLE,2016,41.229411538771
SLV,2016,70.3990173339844
SMR,2016,97.0999984741211
SOM,2016,45.942842729174
SRB,2016,60.3853870034026
SSA,2016,42.60747487351948
SSD,2016,19.0769476614377
SSF,2016,40.30342552627442
SST,2016,50.582371777352925
STP,2016,67.5218887329102
SUR,2016,66.1426466980469
SVK,2016,53.7399327086517
SVN,2016,53.647274017334
SWE,2016,87.0
SWZ,2016,23.5278881746356
SXM,2016,100.0
SYC,2016,43.2815632531296
SYR,2016,75.15400963398
TCA,2016,92.1466904484552
TCD,2016,23.1119734707179
TEA,2016,55.240567924451035
TEC,2016,68.29986647241556
TGO,2016,40.1485878279739
THA,2016,47.8801095551247
TJK,2016,26.3718509674072
TKM,2016,47.0227025249994
TLA,2016,79.57671939082707
TLS,2016,29.4462907628171
TMN,2016,50.5924176765155
TON,2016,23.1277038505921
TSA,2016,32.95321399234727
TSS,2016,40.303425526274424
TTO,2016,53.9277523084951
TUN,2016,68.0623356528248
TUR,2016,88.1020958581776
TUV,2016,59.4744768348285
TZA,2016,31.7577303242916
UGA,2016,25.6953567134098
UKR,2016,69.2102241609089
UMC,2016,64.37359667489271
URY,2016,95.1585424955685
USA,2016,80.4976645324131
UZB,2016,50.6572189331055
VCT,2016,46.8116589511271
VEN,2016,88.9914428378712
VGB,2016,50.1800618642422
VIR,2016,94.9941093874829
VNM,2016,32.8476189285136
VUT,2016,24.8654875642873
WLD,2016,54.89364242111338
WSM,2016,19.126462366749
XKX,2016,40.7783748317802
YEM,2016,32.9512008005236
ZAF,2016,63.2750973439347
ZMB,2016,42.3442476889162
ZWE,2016,34.0799460726314
ABW,2017,62.7768488886109
AFE,2017,35.28298683264583
AFG,2017,24.8352821238871
AFW,2017,48.747413877585615
AGO,2017,65.0850525086068
ALB,2017,55.980276426546
AND,2017,88.4977035522461
ARB,2017,58.680894160159525
ARE,2017,84.686675718659
ARG,2017,91.6776028433824
ARM,2017,64.7124948593667
ASM,2017,83.8890385422071
ATG,2017,24.8500263836871
AUS,2017,87.12809266445
AUT,2017,67.9051196052802
AZE,2017,56.4331887124691
BDI,2017,16.6241273909209
BEL,2017,86.6731739531869
BEN,2017,47.2942774880391
BFA,2017,25.9769918665632
BGD,2017,30.2015798381799
BGR,2017,73.3904571533203
BHR,2017,100.0
BHS,2017,82.0814018736052
BIH,2017,48.4918401819106
BLR,2017,77.0208206176758
BLZ,2017,43.4211086747287
BMU,2017,100.0
BOL,2017,69.0838016274736
BRA,2017,86.1982897571091
BRB,2017,59.25926986892
BRN,2017,74.8476440654983
BTN,2017,37.8645544995016
BWA,2017,65.9456435684731
CAF,2017,40.8151443386334
CAN,2017,81.4018945832226
CEB,2017,61.871575661727
CHE,2017,77.9126273688843
CHI,2017,32.7853219355631
CHL,2017,87.8000295757281
CHN,2017,60.2402687072754
CIV,2017,50.3977309654344
CMR,2017,53.3115142121504
COD,2017,42.1127579403217
COG,2017,63.3544545340423
COL,2017,77.2245191706503
COM,2017,31.0996559689293
CPV,2017,69.1999988159713
CRI,2017,76.0539254265608
CSS,2017,50.17829635039983
CUB,2017,76.9603271484375
CUW,2017,91.3480685861287
CYM,2017,100.0
CYP,2017,66.8907450570326
CZE,2017,72.9121853567256
DEU,2017,80.9842544038853
DJI,2017,71.318261933957
DMA,2017,70.6405848604787
DNK,2017,88.0161943799509
DOM,2017,73.926806252977
DZA,2017,71.3227912436551
EAP,2017,56.46546382583269
EAR,2017,45.12493605555885
EAS,2017,59.80370838384592
ECA,2017,67.29084252208227
ECS,2017,73.03961433698437
ECU,2017,63.0194591842425
EGY,2017,42.4486008687179
EMU,2017,76.47374064641588
ERI,2017,35.4427146911621
ESP,2017,79.4663233085683
EST,2017,68.9931941915158
ETH,2017,20.3084850311279
EUU,2017,74.19407991103932
FCS,2017,44.1056109363171
FIN,2017,71.9563038312956
FJI,2017,55.7408343449609
FRA,2017,78.6467804026368
FRO,2017,38.3324699401855
FSM,2017,22.332401189542
GAB,2017,89.0009733256896
GBR,2017,82.23065673273
GEO,2017,57.9996827205757
GHA,2017,54.6991419779128
GIB,2017,100.0
GIN,2017,35.5827331542969
GMB,2017,60.471712657237
GNB,2017,43.0155792236328
GNQ,2017,69.5516019132985
GRC,2017,77.8895342613411
GRD,2017,36.0173296416579
GRL,2017,86.3915557861328
GTM,2017,53.7994723140017
GUM,2017,94.0797139460527
GUY,2017,26.412905546573
HIC,2017,79.56463615530087
HKG,2017,100.0
HND,2017,55.3877322339915
HPC,2017,34.74910170800372
HRV,2017,55.9009887365155
HTI,2017,50.735083378449
HUN,2017,70.4542541503906
IBD,2017,55.222222793535536
IBT,2017,50.64358847080122
IDA,2017,37.61035880431711
IDB,2017,45.11442594872834
IDN,2017,54.4541015625
IDX,2017,33.526682614930266
IMN,2017,52.1498415744309
IND,2017,33.1821328157539
IRL,2017,62.9035196521232
IRN,2017,74.4011840820312
IRQ,2017,69.8944511190753
ISL,2017,93.7718982310092
ISR,2017,91.6701057535759
ITA,2017,69.5180784259382
JAM,2017,55.9152267548307
JOR,2017,90.8764609714428
JPN,2017,91.5498419685883
KAZ,2017,57.4586448748837
KEN,2017,31.5383650847102
KGZ,2017,34.9980805726839
KHM,2017,35.0127905056235
KIR,2017,52.9734697275451
KNA,2017,31.3169642505921
KOR,2017,81.471030429984
KWT,2017,100.0
LAC,2017,79.17325470404711
LAO,2017,34.5115346444216
LBN,2017,89.0519233886895
LBR,2017,51.7957569553849
LBY,2017,87.8166729870528
LCA,2017,21.783720356472
LCN,2017,79.82853317419028
LDC,2017,33.03936659590504
LIC,2017,34.508382675617405
LIE,2017,14.5144332791067
LKA,2017,19.1507693078088
LMC,2017,38.751684345238054
LMY,2017,50.28747020067314
LSO,2017,36.5283648068846
LTE,2017,62.7392997946222
LTU,2017,67.1012954711914
LUX,2017,92.0963768119916
LVA,2017,67.9706866054779
MAC,2017,100.0
MAF,2017,100.0
MAR,2017,61.2761057031842
MCO,2017,100.0
MDA,2017,39.9736557006836
MDG,2017,29.671033028335
MDV,2017,39.32787719143
MEA,2017,54.09276139564613
MEX,2017,77.7206924598541
MHL,2017,76.2253071645634
MIC,2017,51.743714030285005
MKD,2017,59.7437719356273
MLI,2017,27.0646702892896
MLT,2017,94.5691806330314
MMR,2017,29.9051727703437
MNA,2017,51.02128913298275
MNE,2017,64.9992438680584
MNG,2017,67.9260583223672
MNP,2017,91.4720215898621
MOZ,2017,32.6274411492675
MRT,2017,54.1970448502004
MUS,2017,39.4499348663789
MWI,2017,15.9634281867266
MYS,2017,74.2354806421432
NAC,2017,80.50591592939767
NAM,2017,46.8135799686288
NCL,2017,66.9683393293094
NER,2017,16.5036987906896
NGA,2017,57.3486345560101
NIC,2017,58.1892567408822
NLD,2017,91.1219700676602
NOR,2017,81.9699745912375
NPL,2017,65.5768928085184
NRU,2017,100.0
NZL,2017,84.1701025874108
OED,2017,80.45253619078528
OMN,2017,78.3142260040136
OSS,2017,53.44412543775975
PAK,2017,36.4351548223399
PAN,2017,65.6577712475758
PER,2017,82.1931650502403
PHL,2017,52.6010482354344
PLW,2017,79.8284579022498
PNG,2017,13.5249644881888
POL,2017,60.145888199417
PRE,2017,42.14692620070132
PRI,2017,93.8561953815964
PRK,2017,61.8206076091402
PRT,2017,61.1296726507436
PRY,2017,62.9526389826574
PSE,2017,85.3782255354
PSS,2017,38.804351318085075
PST,2017,80.57302820907016
PYF,2017,61.7896941062846
QAT,2017,99.0310125265978
ROU,2017,53.3648643239046
RUS,2017,74.460036813029
RWA,2017,20.2477568101111
SAS,2017,33.26438762300472
SAU,2017,83.300690534822
SDN,2017,34.2872225663509
SEN,2017,47.9338349639053
SGP,2017,100.0
SLB,2017,25.3830535769599
SLE,2017,41.7106682105058
SLV,2017,71.0856704711914
SMR,2017,97.0999984741211
SOM,2017,48.3639630032265
SRB,2017,60.621208190918
SSA,2017,43.08551023730345
SSD,2017,19.3489927232944
SSF,2017,40.77471318038461
SST,2017,50.74051995736104
STP,2017,67.6520004272461
SUR,2017,66.1046467051207
SVK,2017,53.6126018237016
SVN,2017,55.2451133728027
SWE,2017,87.237373786911
SWZ,2017,23.8052004963161
SXM,2017,100.0
SYC,2017,43.4968644410824
SYR,2017,74.5395596323392
TCA,2017,92.4155868799755
TCD,2017,23.461349471105
TEA,2017,56.398836733004615
TEC,2017,68.36719968289857
TGO,2017,40.5809463430719
THA,2017,49.2311973571777
TJK,2017,26.2731513977051
TKM,2017,47.0334857399476
TLA,2017,79.79522841120365
TLS,2017,29.3600996787092
TMN,2017,50.78665714360821
TON,2017,22.9711300654966
TSA,2017,33.26438762300472
TSS,2017,40.77471318038461
TTO,2017,53.9293186833833
TUN,2017,68.2877807617188
TUR,2017,88.0320472717286
TUV,2017,59.9531274910912
TZA,2017,32.2987013317296
UGA,2017,26.4139260579546
UKR,2017,69.2633108489282
UMC,2017,65.29126889790668
URY,2017,95.2288235732042
USA,2017,80.4018678392891
UZB,2017,50.6787376403809
VCT,2017,46.9392900518098
VEN,2017,89.0287726100378
VGB,2017,50.8953552772346
VIR,2017,95.0366785523929
VNM,2017,33.3625963003742
VUT,2017,24.7644441456437
WLD,2017,55.31842264509482
WSM,2017,18.9657191879831
XKX,2017,41.7578065585746
YEM,2017,33.5586912522175
ZAF,2017,63.3311078299936
ZMB,2017,42.7295979877011
ZWE,2017,34.7014953017273
ABW,2018,62.5367636985996
AFE,2018,35.71471846472501
AFG,2018,24.9991645191406
AFW,2018,49.31794759869214
AGO,2018,65.8732136723372
ALB,2018,56.377000259892
AND,2018,88.50809984937911
ARB,2018,58.78470253240783
ARE,2018,84.8601805824625
ARG,2018,91.7679941327998
ARM,2018,64.8502833795679
ASM,2018,83.4779973316097
ATG,2018,24.7781432093764
AUS,2018,87.2267680845925
AUT,2018,68.1046787227623
AZE,2018,57.1841534654123
BDI,2018,17.6820221982475
BEL,2018,86.8883449485575
BEN,2018,47.9952829275963
BFA,2018,26.0832202154822
BGD,2018,30.5175656009959
BGR,2018,73.600212097168
BHR,2018,100.0
BHS,2018,81.9643158212241
BIH,2018,48.971927825824
BLR,2018,77.2132720947266
BLZ,2018,43.164848281502
BMU,2018,100.0
BOL,2018,69.4133879813999
BRA,2018,86.4420719945072
BRB,2018,59.270175311893
BRN,2018,74.8172471714305
BTN,2018,38.4661892776975
BWA,2018,66.1579176461888
CAF,2018,41.2824666248606
CAN,2018,81.5500341646653
CEB,2018,61.81110433731634
CHE,2018,79.2922201625844
CHI,2018,32.8125991997971
CHL,2018,87.9620493753008
CHN,2018,61.5001983642578
CIV,2018,50.8718477756395
CMR,2018,53.6339873660653
COD,2018,42.4946599159958
COG,2018,63.4434577481975
COL,2018,77.2804816598084
COM,2018,31.4073645195839
CPV,2018,70.3970748844677
CRI,2018,76.5544308439668
CSS,2018,50.09548172174096
CUB,2018,77.0156326293945
CUW,2018,91.3601331655991
CYM,2018,100.0
CYP,2018,66.8255530496405
CZE,2018,72.8498744351241
DEU,2018,81.1423036204018
DJI,2018,71.5153442785902
DMA,2018,71.0362526779762
DNK,2018,88.1059762310689
DOM,2018,73.7589255716938
DZA,2018,71.905249845153
EAP,2018,57.65027053508738
EAR,2018,45.4349772935468
EAS,2018,60.85152597888139
ECA,2018,67.44649929182292
ECS,2018,73.18036558645291
ECU,2018,63.0433276812321
EGY,2018,42.4577177449969
EMU,2018,76.63462522656522
ERI,2018,35.3451042175293
ESP,2018,79.5580057813361
EST,2018,69.2803532930133
ETH,2018,20.7838096618652
EUU,2018,74.3251511986635
FCS,2018,44.39068252365495
FIN,2018,72.3423467740343
FJI,2018,56.2328347385698
FRA,2018,78.6714432536599
FRO,2018,38.4058837890625
FSM,2018,22.3449820355433
GAB,2018,89.4539949981866
GBR,2018,82.4465657551295
GEO,2018,58.3038181862576
GHA,2018,55.218477566593
GIB,2018,100.0
GIN,2018,35.8554382324219
GMB,2018,61.0645869348107
GNB,2018,43.4449081420898
GNQ,2018,69.8396623666175
GRC,2018,78.0490656849874
GRD,2018,36.0720421424532
GRL,2018,86.72509765625
GTM,2018,53.845962303542
GUM,2018,94.079885002321
GUY,2018,26.4188378517884
HIC,2018,79.62452415568785
HKG,2018,100.0
HND,2018,55.8852577716247
HPC,2018,35.19611080606053
HRV,2018,56.093170097094
HTI,2018,51.374898112219
HUN,2018,70.4711761474609
IBD,2018,55.8598392575292
IBT,2018,51.18197012689965
IDA,2018,38.0402833464091
IDB,2018,45.57670652810751
IDN,2018,55.0956840515137
IDX,2018,33.95006276568601
IMN,2018,52.1651893864538
IND,2018,33.4984353473598
IRL,2018,63.0844503476779
IRN,2018,74.8034286499023
IRQ,2018,69.8765148865842
ISL,2018,93.8526667025487
ISR,2018,91.6456193546346
ITA,2018,69.4800033569336
JAM,2018,56.297410990325
JOR,2018,91.2008859099729
JPN,2018,91.6377318609728
KAZ,2018,58.2388038921695
KEN,2018,31.3940041639796
KGZ,2018,34.9408997219466
KHM,2018,37.6404336372742
KIR,2018,54.5004023142497
KNA,2018,31.3607229995076
KOR,2018,81.3823523035196
KWT,2018,100.0
LAC,2018,79.39536132928998
LAO,2018,35.2050070032013
LBN,2018,89.272833088641
LBR,2018,52.3245795497906
LBY,2018,87.818484275334
LCA,2018,22.9261241055144
LCN,2018,80.019051151549
LDC,2018,33.515724118401174
LIC,2018,34.89059847830022
LIE,2018,14.5565184941154
LKA,2018,19.3241083384127
LMC,2018,39.15300540453715
LMY,2018,50.86896165621959
LSO,2018,37.569092747415
LTE,2018,63.75794149277047
LTU,2018,67.1464742010457
LUX,2018,92.6709441899184
LVA,2018,68.0160346376376
MAC,2018,100.0
MAF,2018,100.0
MAR,2018,61.5695822753314
MCO,2018,100.0
MDA,2018,40.3258094787598
MDG,2018,29.9181125346909
MDV,2018,39.6923354428279
MEA,2018,54.244465326248246
MEX,2018,78.0271223924494
MHL,2018,76.5886712229035
MIC,2018,52.36908408388548
MKD,2018,60.1580316016216
MLI,2018,27.6999185916288
MLT,2018,94.7242373261706
MMR,2018,29.993574050729
MNA,2018,51.227832630451545
MNE,2018,65.0854068937869
MNG,2018,67.8683444833372
MNP,2018,91.5444506155168
MOZ,2018,32.9902559073541
MRT,2018,55.1305077000081
MUS,2018,39.3474905591359
MWI,2018,16.0221486554255
MYS,2018,74.5634625145296
NAC,2018,80.41261366787326
NAM,2018,47.4232814423189
NCL,2018,67.0588809757675
NER,2018,16.6449011799221
NGA,2018,58.1553347527729
NIC,2018,58.3683858659405
NLD,2018,92.6062472401044
NOR,2018,82.2452112401723
NPL,2018,65.8104229225551
NRU,2018,100.0
NZL,2018,83.8017846685577
OED,2018,80.53756502918661
OMN,2018,78.9655839720276
OSS,2018,53.65191406706532
PAK,2018,36.7478511550359
PAN,2018,65.7099285144924
PER,2018,82.6854929960921
PHL,2018,53.2088897464754
PLW,2018,79.5520868568744
PNG,2018,13.7125720532162
POL,2018,60.0533306480907
PRE,2018,42.615514020006
PRI,2018,93.8986961132283
PRK,2018,62.0826119807623
PRT,2018,61.1233069673808
PRY,2018,63.9248988239553
PSE,2018,85.5351131070872
PSS,2018,39.03307261220607
PST,2018,80.63787580714117
PYF,2018,61.7888025236875
QAT,2018,99.0755684762244
ROU,2018,53.1445711571868
RUS,2018,74.5442926137992
RWA,2018,21.5418444579064
SAS,2018,33.57357950824056
SAU,2018,83.4708425884849
SDN,2018,34.382054222005
SEN,2018,48.9001692274485
SGP,2018,100.0
SLB,2018,26.2946826684302
SLE,2018,42.2011025267803
SLV,2018,71.7577209472656
SMR,2018,97.0999984741211
SOM,2018,50.9506215336872
SRB,2018,60.8433609008789
SSA,2018,43.56915385942835
SSD,2018,19.6254143932663
SSF,2018,41.256467357009335
SST,2018,50.88340755684354
STP,2018,67.7828826904297
SUR,2018,66.0693060442846
SVK,2018,53.4881496935559
SVN,2018,55.1913430955675
SWE,2018,87.4737430925296
SWZ,2018,24.0579295404227
SXM,2018,100.0
SYC,2018,43.7386669014459
SYR,2018,74.0612602381775
TCA,2018,92.6802596594323
TCD,2018,23.8486084924975
TEA,2018,57.59529672715797
TEC,2018,68.46563241492565
TGO,2018,41.013328267781
THA,2018,54.5843734741211
TJK,2018,26.2338752746582
TKM,2018,47.0423948717765
TLA,2018,79.99228219288099
TLS,2018,29.248617510057
TMN,2018,50.99171565147229
TON,2018,22.7017138925547
TSA,2018,33.57357950824056
TSS,2018,41.25646735700933
TTO,2018,53.9314518934907
TUN,2018,68.5485240272509
TUR,2018,88.1655749576173
TUV,2018,60.5596409590777
TZA,2018,32.8287423010834
UGA,2018,27.1280475018884
UKR,2018,69.3157992777909
UMC,2018,66.24312433727033
URY,2018,95.2942581176758
USA,2018,80.2804567987377
UZB,2018,50.5814971923828
VCT,2018,47.0674689446123
VEN,2018,89.0659636921159
VGB,2018,51.6322667220883
VIR,2018,95.0676784538999
VNM,2018,33.9410227821412
VUT,2018,24.2729727045038
WLD,2018,55.75103588073253
WSM,2018,18.7241267935467
XKX,2018,42.8378095837429
YEM,2018,34.2106045810864
ZAF,2018,63.3771545246841
ZMB,2018,43.1114735233156
ZWE,2018,35.4085538807905
ABW,2019,62.288276286885
AFE,2019,36.09733070176976
AFG,2019,25.1437258839803
AFW,2019,49.89007514949972
AGO,2019,66.6637823180533
ALB,2019,56.7639071287255
AND,2019,88.5391793666245
ARB,2019,58.89628793771022
ARE,2019,85.0298263388195
ARG,2019,91.8567844513802
ARM,2019,65.0047033570428
ASM,2019,83.0542171797274
ATG,2019,24.708337524045
AUS,2019,87.3019647888406
AUT,2019,68.3176044750522
AZE,2019,58.1308191977779
BDI,2019,18.786178154187
BEL,2019,87.0961631189222
BEN,2019,48.7125500590248
BFA,2019,26.1187254401157
BGD,2019,30.8228396343012
BGR,2019,73.7162322998047
BHR,2019,100.0
BHS,2019,81.8257463283204
BIH,2019,49.4650440037758
BLR,2019,77.4550771852757
BLZ,2019,42.9077622153323
BMU,2019,100.0
BOL,2019,69.7334986708387
BRA,2019,86.6797991084296
BRB,2019,59.2841140645486
BRN,2019,74.7923311783673
BTN,2019,39.0746823405146
BWA,2019,66.3271694845464
CAF,2019,41.7800430407332
CAN,2019,81.7363672047941
CEB,2019,61.74495264583335
CHE,2019,80.7792907322229
CHI,2019,32.8235411026876
CHL,2019,88.1273685623538
CHN,2019,62.7099151611328
CIV,2019,51.3514799771241
CMR,2019,53.9487914119331
COD,2019,42.8747090907476
COG,2019,63.5176376123385
COL,2019,77.4595528518377
COM,2019,31.7287584068243
CPV,2019,71.6254285086577
CRI,2019,77.0435864735963
CSS,2019,50.06134488622186
CUB,2019,77.0728225708008
CUW,2019,91.3714918191305
CYM,2019,100.0
CYP,2019,66.7677357070518
CZE,2019,72.7876426709563
DEU,2019,81.3053991689039
DJI,2019,71.7418146554518
DMA,2019,71.4382284948964
DNK,2019,88.2096490810669
DOM,2019,73.5403464672933
DZA,2019,72.4824561380175
EAP,2019,58.65556927565846
EAR,2019,45.76495960588743
EAS,2019,61.74355601272231
ECA,2019,67.75170861726612
ECS,2019,73.36267125569121
ECU,2019,63.0627139714638
EGY,2019,42.4812027332648
EMU,2019,76.80772805887192
ERI,2019,35.2352333068848
ESP,2019,79.6349761108307
EST,2019,69.5787397662154
ETH,2019,21.2486705780029
EUU,2019,74.45964915248442
FCS,2019,44.65347247423399
FIN,2019,72.7431214358314
FJI,2019,56.70989552257
FRA,2019,78.6890784549356
FRO,2019,38.3945655822754
FSM,2019,22.359245777081
GAB,2019,89.9031850170394
GBR,2019,82.6699420738913
GEO,2019,58.6304091780343
GHA,2019,55.7246279109161
GIB,2019,100.0
GIN,2019,36.1281547546387
GMB,2019,61.643210849607
GNB,2019,43.8745574951172
GNQ,2019,70.1175419547293
GRC,2019,78.1888100466875
GRD,2019,36.1346465679904
GRL,2019,87.0217895507812
GTM,2019,54.1882267267974
GUM,2019,94.0799802498939
GUY,2019,26.4258834773058
HIC,2019,79.68684675793625
HKG,2019,100.0
HND,2019,56.3791561389766
HPC,2019,35.61384604148475
HRV,2019,56.303247958306
HTI,2019,52.0069059952475
HUN,2019,70.4565277099609
IBD,2019,56.428485244503825
IBT,2019,51.664084392424215
IDA,2019,38.466821321976084
IDB,2019,46.05432337032877
IDN,2019,55.7382049560547
IDX,2019,34.36254970207296
IMN,2019,52.1789898247578
IND,2019,33.8139578818147
IRL,2019,63.2737009154127
IRN,2019,75.2038879394531
IRQ,2019,69.8683395385742
ISL,2019,93.9770847416131
ISR,2019,91.6154002002652
ITA,2019,69.5050010681153
JAM,2019,56.6957957395074
JOR,2019,91.515966492507
JPN,2019,91.7164207898107
KAZ,2019,59.0832474269546
KEN,2019,31.1895566421135
KGZ,2019,34.8805205758044
KHM,2019,39.5830241256026
KIR,2019,56.2846727145489
KNA,2019,31.4121818392285
KOR,2019,81.2901063535619
KWT,2019,100.0
LAC,2019,79.63464343918676
LAO,2019,35.9072880879451
LBN,2019,89.4986743521503
LBR,2019,52.85526226447
LBY,2019,87.8220115209342
LCA,2019,24.2476974658382
LCN,2019,80.22730190801411
LDC,2019,33.96026976281767
LIC,2019,35.262798991899125
LIE,2019,14.6070830005951
LKA,2019,19.4946326418437
LMC,2019,39.55611769562463
LMY,2019,51.39190456399786
LSO,2019,38.6040920446259
LTE,2019,64.63073874656047
LTU,2019,67.245735168457
LUX,2019,93.2589839734767
LVA,2019,68.066323694246
MAC,2019,100.0
MAF,2019,100.0
MAR,2019,61.8430450233765
MCO,2019,100.0
MDA,2019,40.772289276123
MDG,2019,30.3046972370204
MDV,2019,40.0492764783282
MEA,2019,54.440408088721185
MEX,2019,78.355984332992
MHL,2019,76.9422712042154
MIC,2019,52.934403387689954
MKD,2019,60.6286848102132
MLI,2019,28.3520715749509
MLT,2019,94.9332032524644
MMR,2019,30.0782436945232
MNA,2019,51.461592912125
MNE,2019,65.1686759904159
MNG,2019,67.8277299551557
MNP,2019,91.6162852134162
MOZ,2019,33.4177241517032
MRT,2019,56.0596215779146
MUS,2019,39.2509492806955
MWI,2019,16.1383746619001
MYS,2019,74.8377707734042
NAC,2019,80.2981427760977
NAM,2019,48.0019807724839
NCL,2019,67.1574673707832
NER,2019,16.813146499685
NGA,2019,58.9611186427056
NIC,2019,58.5405671448072
NLD,2019,93.8898028856479
NOR,2019,82.4935894878281
NPL,2019,65.9873929484157
NRU,2019,100.0
NZL,2019,83.804965871667
OED,2019,80.65068077595117
OMN,2019,79.5780017545962
OSS,2019,53.872732866750525
PAK,2019,37.1091631735769
PAN,2019,65.752985396379
PER,2019,83.1033003087105
PHL,2019,53.7157859948017
PLW,2019,79.2803814152827
PNG,2019,13.9278267446947
POL,2019,59.9626184068963
PRE,2019,43.046412536959515
PRI,2019,93.9519912222253
PRK,2019,62.3542226611578
PRT,2019,61.114927250613
PRY,2019,64.9845298299929
PSE,2019,85.8136174183656
PSS,2019,39.27088003777622
PST,2019,80.70130344083873
PYF,2019,61.7824142427508
QAT,2019,99.1191696672067
ROU,2019,52.8931835224862
RUS,2019,74.6222859951926
RWA,2019,22.9711026997362
SAS,2019,33.886066450960946
SAU,2019,83.6394643268678
SDN,2019,34.4727685824236
SEN,2019,49.9443321273477
SGP,2019,100.0
SLB,2019,27.275106750276
SLE,2019,42.7018444914441
SLV,2019,72.4148941040039
SMR,2019,97.0999984741211
SOM,2019,51.6421170703225
SRB,2019,61.0492248535156
SSA,2019,44.02015205592335
SSD,2019,19.9062299188719
SSF,2019,41.70690968685286
SST,2019,51.05100075373247
STP,2019,67.9129943847656
SUR,2019,66.0370492311305
SVK,2019,53.3666558664583
SVN,2019,55.4523277282715
SWE,2019,87.7088420242759
SWZ,2019,24.3459549517751
SXM,2019,100.0
SYC,2019,44.0049304031754
SYR,2019,73.8248788261986
TCA,2019,92.9404854322845
TCD,2019,24.2731047386633
TEA,2019,58.609814169823906
TEC,2019,68.63938813599236
TGO,2019,41.445731197295
THA,2019,55.9266166687012
TJK,2019,26.1300735473633
TKM,2019,47.0494562466485
TLA,2019,80.20436930168987
TLS,2019,29.1148755245217
TMN,2019,51.22343311460528
TON,2019,22.3288155626206
TSA,2019,33.88606645096095
TSS,2019,41.70690968685285
TTO,2019,53.9342394732739
TUN,2019,68.8206382576031
TUR,2019,88.6618152857124
TUV,2019,61.2406529218636
TZA,2019,33.3475258518752
UGA,2019,27.8369781799403
UKR,2019,69.3527648708735
UMC,2019,67.07894491876303
URY,2019,95.3479309082031
USA,2019,80.1304793353594
UZB,2019,50.5920104980469
VCT,2019,47.1962073993512
VEN,2019,89.1030100517924
VGB,2019,52.3907871425786
VIR,2019,95.0857481413049
VNM,2019,34.6239134999511
VUT,2019,23.5024668917075
WLD,2019,56.13939981355934
WSM,2019,18.4147344481283
XKX,2019,44.0002171565695
YEM,2019,34.9067561732024
ZAF,2019,63.4127255007908
ZMB,2019,43.4897864547552
ZWE,2019,36.1837638266364
ABW,2020,62.0028837566365
AFE,2020,36.4883219609866
AFG,2020,25.2622103446137
AFW,2020,50.47631788074684
AGO,2020,67.4568270208187
ALB,2020,57.1408592155544
AND,2020,88.5907780427517
ARB,2020,59.089968986690764
ARE,2020,85.1955255681984
ARG,2020,91.9439026594897
ARM,2020,65.174217253699
ASM,2020,82.6240780620716
ATG,2020,24.6406156275043
AUS,2020,87.2713470458985
AUT,2020,68.5410177924001
AZE,2020,58.2934691761937
BDI,2020,19.9309984273971
BEL,2020,87.2964994991269
BEN,2020,49.4461567219896
BFA,2020,26.3578373628627
BGD,2020,31.1168927321524
BGR,2020,73.3239898681641
BHR,2020,100.0
BHS,2020,81.6642600232849
BIH,2020,49.9710852122997
BLR,2020,77.7890385790408
BLZ,2020,42.649842440311
BMU,2020,100.0
BOL,2020,70.0442635528254
BRA,2020,86.9112186503004
BRB,2020,59.3014583324011
BRN,2020,74.7748108912151
BTN,2020,39.6888839873439
BWA,2020,66.4488166494554
CAF,2020,42.3050785933463
CAN,2020,81.9509888710566
CEB,2020,61.631824767971686
CHE,2020,82.3416838515457
CHI,2020,32.8247184979451
CHL,2020,88.2953490438375
CHN,2020,63.5234230266258
CIV,2020,51.8357660823651
CMR,2020,54.2557949164174
COD,2020,43.2528602500115
COG,2020,63.5760904494257
COL,2020,77.6382533537045
COM,2020,32.0638072194881
CPV,2020,72.8838521558784
CRI,2020,77.5211537281257
CSS,2020,50.11482730417965
CUB,2020,77.1080322265625
CUW,2020,91.3820881678218
CYM,2020,100.0
CYP,2020,66.7180443478713
CZE,2020,72.7254901604208
DEU,2020,81.4700055002738
DJI,2020,71.9990170519895
DMA,2020,71.846576780589
DNK,2020,88.2394485473632
DOM,2020,73.2643793773663
DZA,2020,73.0541126293395
EAP,2020,59.37052455554094
EAR,2020,46.08124523156722
EAS,2020,62.374141814486315
ECA,2020,67.9547177892126
ECS,2020,73.49563501177128
ECU,2020,63.0773897782521
EGY,2020,42.5181534630674
EMU,2020,76.92318966577974
ERI,2020,35.116138458252
ESP,2020,79.6955674617799
EST,2020,69.8815778947665
ETH,2020,21.6260051727295
EUU,2020,74.5499802167242
FCS,2020,44.9346292149919
FIN,2020,73.0849439791673
FJI,2020,57.186684691874
FRA,2020,78.7119131765249
FRO,2020,38.6689987182617
FSM,2020,22.3752060036598
GAB,2020,90.3480750410147
GBR,2020,82.9000015258789
GEO,2020,58.9990552763878
GHA,2020,56.2171613974837
GIB,2020,100.0
GIN,2020,36.4802208060551
GMB,2020,62.2069251698555
GNB,2020,44.3038330078125
GNQ,2020,70.3853314193247
GRC,2020,78.3066842455552
GRD,2020,36.2050502515788
GRL,2020,87.2840881978115
GTM,2020,54.5483167911628
GUM,2020,94.0804991087801
GUY,2020,26.4340397353676
HIC,2020,79.74252722449634
HKG,2020,100.0
HND,2020,56.8691654042685
HPC,2020,36.03005938489529
HRV,2020,56.5284863367411
HTI,2020,52.6307476732151
HUN,2020,70.2917327880859
IBD,2020,56.865171504844646
IBT,2020,52.04413317376462
IDA,2020,38.891911721415845
IDB,2020,46.568590485954815
IDN,2020,56.2785287648768
IDX,2020,34.75242382061834
IMN,2020,52.1909519786866
IND,2020,34.1286726088333
IRL,2020,63.4713366724915
IRN,2020,75.5986404418945
IRQ,2020,69.8683166503906
ISL,2020,94.1367102874722
ISR,2020,91.5788453228939
ITA,2020,69.5187492370606
JAM,2020,57.1103647563627
JOR,2020,91.8216722992319
JPN,2020,91.7809926267889
KAZ,2020,59.9871193541692
KEN,2020,31.2063494632616
KGZ,2020,34.8174315392111
KHM,2020,39.832658030922
KIR,2020,58.4123714112748
KNA,2020,31.4716289738952
KOR,2020,81.1759595622913
KWT,2020,100.0
LAC,2020,79.86925488572564
LAO,2020,36.6185033569111
LBN,2020,89.729499798117
LBR,2020,53.3878685572381
LBY,2020,87.8278267096263
LCA,2020,25.7524386560998
LCN,2020,80.4373918446532
LDC,2020,34.38609399667397
LIC,2020,35.64810344877064
LIE,2020,14.6666622853765
LKA,2020,19.6621898312161
LMC,2020,39.96629452113786
LMY,2020,51.808719825946994
LSO,2020,39.6329305425532
LTE,2020,65.26285339205722
LTU,2020,67.4254608154297
LUX,2020,93.8600689970981
LVA,2020,68.1211222872228
MAC,2020,100.0
MAF,2020,100.0
MAR,2020,62.0933436005366
MCO,2020,100.0
MDA,2020,41.3368530273438
MDG,2020,30.7019474167548
MDV,2020,40.3985147902839
MEA,2020,54.68122401226444
MEX,2020,78.677960602824
MHL,2020,77.285864607515
MIC,2020,53.38353492776019
MKD,2020,61.1593302746435
MLI,2020,29.0205972994693
MLT,2020,95.1841082280263
MMR,2020,30.1593049968842
MNA,2020,51.68968572749251
MNE,2020,65.2490688418027
MNG,2020,68.0894771770775
MNP,2020,91.6908367362908
MOZ,2020,33.9044006416285
MRT,2020,56.9836701058893
MUS,2020,39.1607039074325
MWI,2020,16.2961471756409
MYS,2020,75.0511895575672
NAC,2020,80.20189899464341
NAM,2020,48.547381745659
NCL,2020,67.2747261065933
NER,2020,17.0081420003794
NGA,2020,59.7659654848781
NIC,2020,58.7045922689128
NLD,2020,94.2532277765935
NOR,2020,82.7029885700532
NPL,2020,66.1050886088505
NRU,2020,100.0
NZL,2020,83.8138977095908
OED,2020,80.73814424047306
OMN,2020,80.0176378922722
OSS,2020,54.05992915557537
PAK,2020,37.5080192948099
PAN,2020,65.7862999591993
PER,2020,83.5267437189637
PHL,2020,54.1077719895977
PLW,2020,79.0796884006264
PNG,2020,14.1703677185729
POL,2020,59.8738141138092
PRE,2020,43.49665173457087
PRI,2020,94.0116144995587
PRK,2020,62.6355140538495
PRT,2020,61.1042566768691
PRY,2020,66.116520986009
PSE,2020,86.0741183743925
PSS,2020,39.45091086536649
PST,2020,80.73904317713504
PYF,2020,61.7673100921
QAT,2020,99.1617913833034
ROU,2020,52.611947245178
RUS,2020,74.6932216791674
RWA,2020,24.5029761132966
SAS,2020,34.20006538946076
SAU,2020,83.8064352851942
SDN,2020,34.5594433789246
SEN,2020,51.0562950093282
SGP,2020,100.0
SLB,2020,28.0327555150022
SLE,2020,43.2129659123546
SLV,2020,73.0570220947266
SMR,2020,97.0999984741211
SOM,2020,52.286318011754
SRB,2020,61.223201751709
SSA,2020,44.49299165432429
SSD,2020,20.1914565476286
SSF,2020,42.16683898978443
SST,2020,51.209170046208484
STP,2020,68.0436706542969
SUR,2020,66.00830078125
SVK,2020,53.2481998906526
SVN,2020,55.384391784668
SWE,2020,87.9424046895699
SWZ,2020,24.6652798922192
SXM,2020,100.0
SYC,2020,44.2936147152263
SYR,2020,73.4125031102512
TCA,2020,93.1960408439605
TCD,2020,24.7341921795416
TEA,2020,59.330199760102474
TEC,2020,68.75507547842776
TGO,2020,41.8781527268075
THA,2020,57.2358779907227
TJK,2020,26.1925442328719
TKM,2020,47.0546961907259
TLA,2020,80.41929773160432
TLS,2020,28.9619049897647
TMN,2020,51.44953628267978
TON,2020,21.8766206823411
TSA,2020,34.20006538946076
TSS,2020,42.166838989784424
TTO,2020,53.9377689584806
TUN,2020,69.1043166438476
TUR,2020,88.9303114965222
TUV,2020,61.9212610534937
TZA,2020,33.8547246036273
UGA,2020,28.5399752271502
UKR,2020,69.3839100516745
UMC,2020,67.68499040014132
URY,2020,95.3997650146484
USA,2020,79.997451762548
UZB,2020,50.7670402526855
VCT,2020,47.3255171858432
VEN,2020,89.1399056567545
VGB,2020,53.1709074822645
VIR,2020,95.0974024521293
VNM,2020,35.5706676299742
VUT,2020,22.4186852094794
WLD,2020,56.44255326450697
WSM,2020,18.0516608994722
XKX,2020,45.2268625263391
YEM,2020,35.7025604580302
ZAF,2020,63.4373088310982
ZMB,2020,43.8644489410157
ZWE,2020,37.0097671560802
ABW,2021,61.9275339886843
AFE,2021,36.90854260885185
AFG,2021,25.3478620272481
AFW,2021,51.07239699226821
AGO,2021,68.2524163556969
ALB,2021,57.5077187031778
AND,2021,88.6627318165299
ARB,2021,59.11248471418403
ARE,2021,85.3571908511355
ARG,2021,92.0292776175651
ARM,2021,65.3572875314441
ASM,2021,82.2127091544092
ATG,2021,24.574983819566
AUS,2021,87.2353407632761
AUT,2021,68.773601700253
AZE,2021,58.3659969744818
BDI,2021,21.1108861865354
BEL,2021,87.4305564090635
BEN,2021,50.1961807561354
BFA,2021,26.8114307743017
BGD,2021,31.3992156886061
BGR,2021,73.346765618041
BHR,2021,100.0
BHS,2021,81.4784235345083
BIH,2021,50.4899479477034
BLR,2021,78.131086803694
BLZ,2021,42.3910809205294
BMU,2021,100.0
BOL,2021,70.3450412826165
BRA,2021,87.1360781715439
BRB,2021,59.3220365433819
BRN,2021,74.7667316936175
BTN,2021,40.3075199874379
BWA,2021,66.5182767068255
CAF,2021,42.8547782897949
CAN,2021,82.1779279079275
CEB,2021,61.549109954084386
CHE,2021,84.2006477608879
CHI,2021,32.8148141071941
CHL,2021,88.4660511664452
CHN,2021,64.721076965332
CIV,2021,52.3183461956059
CMR,2021,54.5548664463635
COD,2021,43.6290681792218
COG,2021,63.6179125824196
COL,2021,77.8339570326128
COM,2021,32.4124444313246
CPV,2021,74.1607930892827
CRI,2021,77.9868940200009
CSS,2021,50.123541906409365
CUB,2021,77.0987701416016
CUW,2021,91.391865832772
CYM,2021,100.0
CYP,2021,66.6718365394971
CZE,2021,72.6810594374316
DEU,2021,81.6325870653934
DJI,2021,72.2882954556515
DMA,2021,72.2613620044042
DNK,2021,88.2616449318149
DOM,2021,72.9243347395035
DZA,2021,73.6199218261573
EAP,2021,60.352613168432896
EAR,2021,46.37526007794117
EAS,2021,63.23519298303714
ECA,2021,68.15042545555902
ECS,2021,73.62258644142118
ECU,2021,63.0871268249117
EGY,2021,42.5686062621468
EMU,2021,77.03332779007475
ERI,2021,34.9871139526367
ESP,2021,79.7846242983598
EST,2021,70.1777274135822
ETH,2021,22.1067085266113
EUU,2021,74.6469353508505
FCS,2021,45.24308178999771
FIN,2021,73.3710215780329
FJI,2021,57.6618364761928
FRA,2021,78.7364603392338
FRO,2021,38.8083763122559
FSM,2021,22.3928762855411
GAB,2021,90.7881967286967
GBR,2021,82.9886431523641
GEO,2021,59.4293560618005
GHA,2021,56.6952556826536
GIB,2021,100.0
GIN,2021,36.8502178436256
GMB,2021,62.7550706637859
GNB,2021,44.7334136962891
GNQ,2021,70.6431215020592
GRC,2021,78.3884898647442
GRD,2021,36.2831603706908
GRL,2021,87.5452017613678
GTM,2021,54.9047071553758
GUM,2021,94.0884327694075
GUY,2021,26.443303961947
HIC,2021,79.80876493056708
HKG,2021,100.0
HND,2021,57.3550236357547
HPC,2021,36.47249906154561
HRV,2021,56.7683502560171
HTI,2021,53.2460637918026
HUN,2021,70.2059275331413
IBD,2021,57.41873414090587
IBT,2021,52.506741015535866
IDA,2021,39.321963576207516
IDB,2021,47.0949322895637
IDN,2021,56.8761702464027
IDX,2021,35.14061655008822
IMN,2021,52.1999559660634
IND,2021,34.4425517181304
IRL,2021,63.6774229356985
IRN,2021,75.9926376342773
IRQ,2021,69.8682708740234
ISL,2021,94.2108206403841
ISR,2021,91.5353517549466
ITA,2021,69.4812507629394
JAM,2021,57.5411017937226
JOR,2021,92.117972910453
JPN,2021,91.8741049279527
KAZ,2021,61.030254280267
KEN,2021,31.2879334021971
KGZ,2021,34.7521210171204
KHM,2021,40.1091858128847
KIR,2021,59.6364645301985
KNA,2021,31.5393525093972
KOR,2021,81.1616526507785
KWT,2021,100.0
LAC,2021,80.08503274201495
LAO,2021,37.338778268357
LBN,2021,89.965362045441
LBR,2021,53.9224618859098
LBY,2021,87.8365018271835
LCA,2021,27.4443458949551
LCN,2021,80.63418715106414
LDC,2021,34.81704500652764
LIC,2021,36.0231245330033
LIE,2021,14.6989159370696
LKA,2021,19.8266275195269
LMC,2021,40.383715746929866
LMY,2021,52.30959239725938
LSO,2021,40.6551760851997
LTE,2021,66.12843534621672
LTU,2021,68.1912117004395
LUX,2021,94.5861743396533
LVA,2021,68.1808791463693
MAC,2021,100.0
MAF,2021,100.0
MAR,2021,62.3173276600289
MCO,2021,100.0
MDA,2021,41.8115425109863
MDG,2021,31.1137123216036
MDV,2021,40.7398648710483
MEA,2021,54.81885681754742
MEX,2021,78.9324007418057
MHL,2021,77.6163157431143
MIC,2021,53.92659574223044
MKD,2021,61.6841975628139
MLI,2021,29.7049638253978
MLT,2021,95.5145343617045
MMR,2021,30.2368812529698
MNA,2021,51.9157887433595
MNE,2021,65.3266031317675
MNG,2021,69.2153244018555
MNP,2021,91.7842137303802
MOZ,2021,34.4499259401554
MRT,2021,57.901535141641
MUS,2021,39.077147315722
MWI,2021,16.4881925800694
MYS,2021,75.5088628191907
NAC,2021,80.23503933970564
NAM,2021,49.0571881483796
NCL,2021,67.4130776539646
NER,2021,17.2295936666686
NGA,2021,60.5698545383604
NIC,2021,58.8592529296875
NLD,2021,94.6294783220315
NOR,2021,82.8612877226956
NPL,2021,66.144235274522
NRU,2021,100.0
NZL,2021,83.8299382585905
OED,2021,80.85578972955979
OMN,2021,80.1239942103569
OSS,2021,54.21997179496521
PAK,2021,37.9333395514173
PAN,2021,65.8092302689169
PER,2021,83.9480118272361
PHL,2021,54.4504102510776
PLW,2021,79.0890798782416
PNG,2021,14.4398342822353
POL,2021,59.8096513205543
PRE,2021,43.96517485329167
PRI,2021,94.0550712597302
PRK,2021,62.926560562457
PRT,2021,61.0951249296597
PRY,2021,67.3058612772421
PSE,2021,86.334956387337
PSS,2021,39.65833189857276
PST,2021,80.81705381374984
PYF,2021,61.7399813226008
QAT,2021,99.203408908243
ROU,2021,52.2321512130811
RUS,2021,74.7516840220252
RWA,2021,26.1049092762833
SAS,2021,34.50869686553536
SAU,2021,83.9716349986538
SDN,2021,34.6421563427994
SEN,2021,52.2260292191155
SGP,2021,100.0
SLB,2021,28.6889396820578
SLE,2021,43.7345385973699
SLV,2021,73.6838531494141
SMR,2021,97.1035668453272
SOM,2021,52.9060649733324
SRB,2021,61.363899230957
SSA,2021,44.97859724964296
SSD,2021,20.4811115270532
SSF,2021,42.64869756465223
SST,2021,51.34007277600101
STP,2021,68.1738967895508
SUR,2021,65.9853973388672
SVK,2021,53.1901479870605
SVN,2021,55.3046289429588
SWE,2021,88.1741651958315
SWZ,2021,25.0156180525173
SXM,2021,100.0
SYC,2021,44.6026796065539
SYR,2021,73.0125007629395
TCA,2021,93.4467025398547
TCD,2021,25.2312246423075
TEA,2021,60.32087548516979
TEC,2021,68.86803707097087
TGO,2021,42.3105904515122
THA,2021,58.5087776184082
TJK,2021,26.1991525151375
TKM,2021,47.0581410301711
TLA,2021,80.621099914497
TLS,2021,28.7927371734472
TMN,2021,51.673575461608564
TON,2021,21.258003897665
TSA,2021,34.50869686553536
TSS,2021,42.648697564652224
TTO,2021,53.9421278853848
TUN,2021,69.3997523770568
TUR,2021,89.1762048153239
TUV,2021,62.6098296425994
TZA,2021,34.3500111758619
UGA,2021,29.2362957789022
UKR,2021,69.4027032653896
UMC,2021,68.48779961403328
URY,2021,95.4497146606445
USA,2021,80.0074765140272
UZB,2021,50.9269905090332
VCT,2021,47.4554100739049
VEN,2021,89.1766444746891
VGB,2021,53.972618684518
VIR,2021,95.1604310610968
VNM,2021,36.6540656426603
VUT,2021,22.2501822422475
WLD,2021,56.80751400542017
WSM,2021,17.5672426452007
XKX,2021,46.4995789423362
YEM,2021,36.0704951256305
ZAF,2021,63.4503925883909
ZMB,2021,44.2353731410926
ZWE,2021,37.8692058859373
ABW,2022,61.8811657924257
AFE,2022,37.36057810964708
AFG,2022,25.3939250580909
AFW,2022,51.681694113477946
AGO,2022,69.0506188977513
ALB,2022,57.8643477747383
AND,2022,88.7548766267286
ARB,2022,59.333932514811735
ARE,2022,85.5147347682487
ARG,2022,92.112838186126
ARM,2022,65.5624462874485
ASM,2022,81.794797704649
ATG,2022,24.5114484000414
AUS,2022,87.3343268253813
AUT,2022,68.998085127906
AZE,2022,58.4382815854684
BDI,2022,22.3202446002597
BEL,2022,87.489200269855
BEN,2022,50.9627000010887
BFA,2022,27.2791369742712
BGD,2022,31.673734726234
BGR,2022,73.4799164005224
BHR,2022,100.0
BHS,2022,81.3200717047725
BIH,2022,51.0215287060993
BLR,2022,78.4732787892908
BLZ,2022,42.1373251262137
BMU,2022,100.0
BOL,2022,70.6352598708131
BRA,2022,87.349556243881
BRB,2022,59.3538514107686
BRN,2022,74.7772642014221
BTN,2022,40.9365143617581
BWA,2022,66.5889787170477
CAF,2022,43.2751967457285
CAN,2022,82.3500897353968
CEB,2022,61.593524028264525
CHE,2022,84.9206266284521
CHI,2022,32.7920439098264
CHL,2022,88.6395352768685
CHN,2022,65.2176361083984
CIV,2022,52.8492549676673
CMR,2022,54.8458745688318
COD,2022,44.003287663813
COG,2022,63.6422003342807
COL,2022,78.0464633137335
COM,2022,32.7746035528748
CPV,2022,75.033738060849
CRI,2022,78.4405687613972
CSS,2022,50.13144486815578
CUB,2022,77.1056060791016
CUW,2022,91.4007684350799
CYM,2022,100.0
CYP,2022,66.6694829407584
CZE,2022,72.6967638379524
DEU,2022,81.7867852780995
DJI,2022,72.6109938538856
DMA,2022,72.682648635692
DNK,2022,88.3880239837703
DOM,2022,72.4203155643711
DZA,2022,74.1795862354514
EAP,2022,60.859396856032774
EAR,2022,46.69692434051659
EAS,2022,63.68282443930017
ECA,2022,68.16289392595026
ECS,2022,73.72926826679782
ECU,2022,63.0901835932266
EGY,2022,42.6325129008032
EMU,2022,77.15445778124453
ERI,2022,34.8469276428223
ESP,2022,79.9548794567814
EST,2022,70.4892333736738
ETH,2022,22.7367687225342
EUU,2022,74.76596039020944
FCS,2022,45.52641382815945
FIN,2022,73.6967597835949
FJI,2022,58.1352701465266
FRA,2022,78.7591921123356
FRO,2022,38.9959824546757
FSM,2022,22.4122701819053
GAB,2022,91.2243355459988
GBR,2022,83.0753982997505
GEO,2022,60.0101622679115
GHA,2022,57.250609602871
GIB,2022,100.0
GIN,2022,37.2384967469106
GMB,2022,63.2869880996278
GNB,2022,45.1627159118652
GNQ,2022,70.8910029445467
GRC,2022,78.5502190980809
GRD,2022,36.3688840183487
GRL,2022,87.8049405256832
GTM,2022,55.2581228215265
GUM,2022,94.1068261842046
GUY,2022,26.4536735068183
HIC,2022,79.90463088533157
HKG,2022,100.0
HND,2022,57.8364689017254
HPC,2022,36.94724795386508
HRV,2022,56.9977571733605
HTI,2022,53.8524949966907
HUN,2022,70.1585064243445
IBD,2022,57.75523379547159
IBT,2022,52.81486438695155
IDA,2022,39.77080125704616
IDB,2022,47.63301291851979
IDN,2022,57.4934704226599
IDX,2022,35.55113392170034
IMN,2022,52.1955609162662
IND,2022,34.7555673994206
IRL,2022,63.8920250215059
IRN,2022,76.3342208862305
IRQ,2022,69.8682861328125
ISL,2022,94.1787071228028
ISR,2022,91.4979834273327
ITA,2022,69.4839779766539
JAM,2022,57.9879906034775
JOR,2022,92.4048379066163
JPN,2022,91.9776532428406
KAZ,2022,61.444157327248
KEN,2022,31.4307820066946
KGZ,2022,34.7003053497743
KHM,2022,40.374616187368
KIR,2022,60.5739126559419
KNA,2022,31.6156404983167
KOR,2022,81.1624941626873
KWT,2022,100.0
LAC,2022,80.29444414020503
LAO,2022,38.0682382805397
LBN,2022,90.206313713022
LBR,2022,54.4591057083
LBY,2022,87.8486088593786
LCA,2022,29.097678526676
LCN,2022,80.82773277689996
LDC,2022,35.25892635401413
LIC,2022,36.41608059895629
LIE,2022,14.6923070071538
LKA,2022,19.9877933196367
LMC,2022,40.79713680071036
LMY,2022,52.63967040575433
LSO,2022,41.6703965165322
LTE,2022,66.5775786046606
LTU,2022,68.2866452426813
LUX,2022,94.7605400940185
LVA,2022,68.2570218109034
MAC,2022,100.0
MAF,2022,100.0
MAR,2022,62.5118468550703
MCO,2022,100.0
MDA,2022,42.4048843383789
MDG,2022,31.5397813465886
MDV,2022,41.0641769690663
MEA,2022,55.12536380356
MEX,2022,79.199683215791
MHL,2022,77.9855966195187
MIC,2022,54.280996171624544
MKD,2022,61.9530566607267
MLI,2022,30.4015705681899
MLT,2022,95.6003155132879
MMR,2022,30.311095757938
MNA,2022,52.16932899320223
MNE,2022,65.4012965440866
MNG,2022,69.783805847168
MNP,2022,91.8785788645608
MOZ,2022,35.0536638047945
MRT,2022,58.8120996197226
MUS,2022,39.0000125885784
MWI,2022,16.7146031979436
MYS,2022,75.9741357073003
NAC,2022,80.27787601086544
NAM,2022,49.5291037671807
NCL,2022,67.5720305021282
NER,2022,17.477207007512
NGA,2022,61.3727650622225
NIC,2022,58.9954376220703
NLD,2022,94.9856177734136
NOR,2022,82.9563661816034
NPL,2022,66.2992968721053
NRU,2022,100.0
NZL,2022,83.8547305017812
OED,2022,80.94955160475052
OMN,2022,80.0117053152301
OSS,2022,54.436737514727255
PAK,2022,38.3740439760816
PAN,2022,65.8211343914956
PER,2022,84.3663554951194
PHL,2022,54.7902343568327
PLW,2022,79.1134831712956
PNG,2022,14.7358658260841
POL,2022,59.8315488048321
PRE,2022,44.4479498791233
PRI,2022,94.1110923054937
PRK,2022,63.2274365906829
PRT,2022,61.1259255772782
PRY,2022,68.6396537819458
PSE,2022,86.5961423216016
PSS,2022,39.942790082349475
PST,2022,80.93281887999
PYF,2022,61.6913806937112
QAT,2022,99.243997525719
ROU,2022,52.1634832477272
RUS,2022,74.8544893625017
RWA,2022,27.7806702737761
SAS,2022,34.81375209551943
SAU,2022,84.1349430023993
SDN,2022,34.7209852053086
SEN,2022,53.4435061024348
SGP,2022,100.0
SLB,2022,29.3511689856806
SLE,2022,44.2666343543487
SLV,2022,74.1465021298679
SMR,2022,97.1141889380465
SOM,2022,53.5010115886789
SRB,2022,61.9013813540396
SSA,2022,45.474915828961834
SSD,2022,20.7752121046616
SSF,2022,43.15547708778682
SST,2022,51.522280059878454
STP,2022,68.3720919798341
SUR,2022,65.8985443115234
SVK,2022,53.1902831072528
SVN,2022,55.3377817873563
SWE,2022,88.4038576504809
SWZ,2022,25.396682918542
SXM,2022,100.0
SYC,2022,44.9108209981157
SYR,2022,72.6124992370605
TCA,2022,93.6922471653237
TCD,2022,25.7635558629694
TEA,2022,60.830182783852095
TEC,2022,68.9112783282391
TGO,2022,42.7332327975627
THA,2022,59.742374420166
TJK,2022,26.1957126615618
TKM,2022,47.0592103414926
TLA,2022,80.81952551017459
TLS,2022,28.5857292288968
TMN,2022,51.92527555720401
TON,2022,21.147219451842
TSA,2022,34.813752095519426
TSS,2022,43.15547708778681
TTO,2022,53.9474037904998
TUN,2022,69.707138648303
TUR,2022,89.0381164550781
TUV,2022,63.3065768081154
TZA,2022,34.8234736377147
UGA,2022,29.9251969709665
UKR,2022,69.42345912103
UMC,2022,68.92054654223193
URY,2022,95.4977416992188
USA,2022,80.0324978239707
UZB,2022,50.9847412109375
VCT,2022,47.585897833353
VEN,2022,89.2132204732836
VGB,2022,54.795911692548
VIR,2022,95.2171514724412
VNM,2022,37.5478515625
VUT,2022,22.2541249733107
WLD,2022,57.07033028513949
WSM,2022,17.5007949951039
XKX,2022,47.8001996538455
YEM,2022,36.3226310308295
ZAF,2022,63.4766699210327
ZMB,2022,44.5988511178469
ZWE,2022,38.7055207169041
ABW,2023,61.8351492675589
AFE,2023,37.77230124083488
AFG,2023,25.4730529631167
AFW,2023,52.28290818729022
AGO,2023,69.8515032220457
ALB,2023,58.2106086137857
AND,2023,88.8201609217082
ARB,2023,59.569940800308984
ARE,2023,85.6680699002526
ARG,2023,92.1945132257907
ARM,2023,65.6956882008852
ASM,2023,81.3721542708222
ATG,2023,24.4500156687422
AUS,2023,87.4866955653765
AUT,2023,69.2265358276021
AZE,2023,58.5075350483702
BDI,2023,23.5534768372276
BEL,2023,87.551492636772
BEN,2023,51.7457922964593
BFA,2023,27.7872478365158
BGD,2023,32.1578465036834
BGR,2023,73.7322671584613
BHR,2023,100.0
BHS,2023,81.3213799173676
BIH,2023,51.5657239834305
BLR,2023,78.8146420666327
BLZ,2023,41.9459437504976
BMU,2023,100.0
BOL,2023,70.9151414044538
BRA,2023,87.6159710235763
BRB,2023,59.4235740235775
BRN,2023,74.8199193881365
BTN,2023,41.7352457989939
BWA,2023,67.0212655349864
CAF,2023,43.6983692134165
CAN,2023,82.5250564408346
CEB,2023,61.69707902805997
CHE,2023,85.1854212679815
CHI,2023,32.7554337975051
CHL,2023,88.8158617217972
CHN,2023,65.5301448035523
CIV,2023,53.4075201638704
CMR,2023,55.1286878511388
COD,2023,44.3754734892194
COG,2023,63.6626757615625
COL,2023,78.275571579544
COM,2023,33.1502180946901
CPV,2023,75.9064245753376
CRI,2023,78.8819393641702
CSS,2023,50.10208893052446
CUB,2023,77.1259872296321
CUW,2023,91.4080929292235
CYM,2023,100.0
CYP,2023,66.6739477522639
CZE,2023,72.7352388396817
DEU,2023,81.9034366692129
DJI,2023,72.8408245988921
DMA,2023,73.1105011438027
DNK,2023,88.552638542867
DOM,2023,72.3577991823338
DZA,2023,74.732808364138
EAP,2023,61.2276463501262
EAR,2023,47.01674309837084
EAS,2023,64.0244370902805
ECA,2023,68.16215494173133
ECS,2023,73.84320149525128
ECU,2023,63.1307729554263
EGY,2023,42.7098115041919
EMU,2023,77.27595994952685
ERI,2023,34.696403503418
ESP,2023,80.128491001856
EST,2023,70.6770085523126
ETH,2023,23.0586471557617
EUU,2023,74.8943502719612
FCS,2023,45.77810848210625
FIN,2023,74.0062548602828
FJI,2023,58.6069049738768
FRA,2023,78.7804323126547
FRO,2023,39.1975270123645
FSM,2023,22.4334012451903
GAB,2023,91.6375962797313
GBR,2023,83.1601932891335
GEO,2023,60.7523077799724
GHA,2023,57.8074737774654
GIB,2023,100.0
GIN,2023,37.6454083954705
GMB,2023,63.8020182456108
GNB,2023,45.5923843383789
GNQ,2023,71.1290664883517
GRC,2023,78.7746303842088
GRD,2023,36.462128238584
GRL,2023,88.0631147749908
GTM,2023,55.6082319565539
GUM,2023,94.1349341638921
GUY,2023,26.4651457279878
HIC,2023,80.01749979466048
HKG,2023,100.0
HND,2023,58.3132392705102
HPC,2023,37.38967172391148
HRV,2023,57.2431560672198
HTI,2023,54.4496819335618
HUN,2023,70.2923026891431
IBD,2023,58.03074704831579
IBT,2023,53.08080122570731
IDA,2023,40.22182720059882
IDB,2023,48.177367315989684
IDN,2023,58.1179353397878
IDX,2023,35.965791274195375
IMN,2023,52.1832571730182
IND,2023,35.0676918424186
IRL,2023,64.1152082461268
IRN,2023,76.6759567260742
IRQ,2023,69.868278503418
ISL,2023,94.1518261784801
ISR,2023,91.5089569794505
ITA,2023,69.5381540123301
JAM,2023,58.4510149367429
JOR,2023,92.682236868336
JPN,2023,92.0826903891473
KAZ,2023,61.7560919499181
KEN,2023,31.6330340816429
KGZ,2023,34.706439175362
KHM,2023,40.6290788072508
KIR,2023,61.5244676194408
KNA,2023,31.7007809622822
KOR,2023,81.1645551720421
KWT,2023,100.0
LAC,2023,80.52622750669795
LAO,2023,38.8070088517156
LBN,2023,90.4524074197598
LBR,2023,54.997863482224
LBY,2023,87.8647197919848
LCA,2023,29.0976313248036
LCN,2023,81.04350314760232
LDC,2023,35.69593524732292
LIC,2023,36.804774177174664
LIE,2023,14.6783761234077
LKA,2023,20.1455348442463
LMC,2023,41.21457854609716
LMY,2023,52.92879107252924
LSO,2023,42.6781596804785
LTE,2023,66.90970678805466
LTU,2023,68.575454583199
LUX,2023,94.8015300320787
LVA,2023,68.35863163430611
MAC,2023,100.0
MAF,2023,100.0
MAR,2023,62.673750838878
MCO,2023,100.0
MDA,2023,43.0011825561523
MDG,2023,31.9799438860946
MDV,2023,41.5096832933973
MEA,2023,55.4304551226559
MEX,2023,79.4734935748046
MHL,2023,78.3593928884282
MIC,2023,54.59227815524521
MKD,2023,62.2518322545779
MLI,2023,31.0031889023235
MLT,2023,95.6272277147965
MMR,2023,30.3820718069466
MNA,2023,52.42339126542931
MNE,2023,65.4731667624849
MNG,2023,70.4464492797852
MNP,2023,91.9754112887573
MOZ,2023,35.7149783148407
MRT,2023,59.7142464747058
MUS,2023,39.0039901092226
MWI,2023,16.9748746665356
MYS,2023,76.4434752105739
NAC,2023,80.33587416917115
NAM,2023,49.9545837830821
NCL,2023,67.751522311337
NER,2023,17.7506873295237
NGA,2023,62.1746763155343
NIC,2023,59.1250953674316
NLD,2023,95.3221682092129
NOR,2023,83.0718560702166
NPL,2023,66.5432933453944
NRU,2023,100.0
NZL,2023,83.8898991461229
OED,2023,81.05426450727046
OMN,2023,79.5702973228932
OSS,2023,54.741338472534615
PAK,2023,38.8191861872791
PAN,2023,65.8601271176084
PER,2023,84.7810255849745
PHL,2023,55.1242716168851
PLW,2023,79.1531991438847
PNG,2023,15.0581017891206
POL,2023,59.8859561370214
PRE,2023,44.94327466527626
PRI,2023,94.1774359275881
PRK,2023,63.5382165423021
PRT,2023,61.2048652633664
PRY,2023,69.3466081733694
PSE,2023,86.8576870415886
PSS,2023,40.25263583353758
PST,2023,81.06111831671505
PYF,2023,61.6967135028569
QAT,2023,99.2835325193835
ROU,2023,52.1645747011867
RUS,2023,74.9805047873279
RWA,2023,28.8555310645477
SAS,2023,35.13716550066401
SAU,2023,84.2962388315415
SDN,2023,34.7960076976764
SEN,2023,54.6992276190794
SGP,2023,100.0
SLB,2023,30.0088821088389
SLE,2023,44.809324991151
SLV,2023,74.6080675149903
SMR,2023,97.1317310361655
SOM,2023,54.0714435506882
SRB,2023,62.1434649229738
SSA,2023,45.98068861529496
SSD,2023,21.0737755279692
SSF,2023,43.639228468292806
SST,2023,51.74939870221041
STP,2023,68.6043921103568
SUR,2023,65.7562408447266
SVK,2023,53.190805019646
SVN,2023,55.5378927789875
SWE,2023,88.631216160938
SWZ,2023,25.8081878500755
SXM,2023,100.0
SYC,2023,45.0971081321658
SYR,2023,72.1673803143204
TCA,2023,93.9324513656818
TCD,2023,26.3305395171046
TEA,2023,61.19910113241178
TEC,2023,68.95992373108606
TGO,2023,43.2496853032436
THA,2023,60.9341926574707
TJK,2023,26.1890127571429
TKM,2023,47.0678875054171
TLA,2023,81.03980759405941
TLS,2023,28.595471832952
TMN,2023,52.17767092186433
TON,2023,21.147944541337
TSA,2023,35.13716550066401
TSS,2023,43.6392284682928
TTO,2023,53.9536842104572
TUN,2023,70.0266686486584
TUR,2023,89.0218446796121
TUV,2023,64.0117206689787
TZA,2023,35.4748019434954
UGA,2023,30.6059359395495
UKR,2023,69.4754455027606
UMC,2023,69.26962809912375
URY,2023,95.5439605712891
USA,2023,80.071561119178
UZB,2023,50.9964841114568
VCT,2023,47.7169922340041
VEN,2023,89.249627620225
VGB,2023,55.6407774494219
VIR,2023,95.2740790945924
VNM,2023,38.1298904418945
VUT,2023,22.2651966823901
WLD,2023,57.30995070181061
WSM,2023,17.5012799804602
XKX,2023,49.1105579101515
YEM,2023,36.5707979836506
ZAF,2023,63.5823705163545
ZMB,2023,45.0285853521585
ZWE,2023,39.2919370795795
ABW,2024,61.7909396819594
AFE,2024,38.24144142896027
AFG,2024,25.7007352636188
AFW,2024,52.8595642244259
AGO,2024,70.6551379036435
ALB,2024,58.5463634043555
AND,2024,88.8850044816278
ARB,2024,59.81987524492743
ARE,2024,85.8171088279791
ARG,2024,92.2742315972952
ARM,2024,65.8113671449901
ASM,2024,80.9446986961818
ATG,2024,24.3906919254799
AUS,2024,87.6021469990446
AUT,2024,69.4658181096788
AZE,2024,58.573795837717
BDI,2024,24.8302838651025
BEL,2024,87.6126557010527
BEN,2024,52.5455354818423
BFA,2024,28.3352514896662
BGD,2024,32.6783196323307
BGR,2024,73.9499356882481
BHR,2024,100.0
BHS,2024,81.3249262966481
BIH,2024,52.1224302754935
BLR,2024,79.1551015210848
BLZ,2024,41.7532107338224
BMU,2024,100.0
BOL,2024,71.2361453773988
BRA,2024,87.8958549533146
BRB,2024,59.5397032429174
BRN,2024,74.8983133873697
BTN,2024,42.5645249803412
BWA,2024,67.4623537838418
CAF,2024,44.1243555638904
CAN,2024,82.7002565766633
CEB,2024,61.79767124969744
CHE,2024,85.4615370020764
CHI,2024,32.7056211227456
CHL,2024,88.9950908479196
CHN,2024,65.8946980998325
CIV,2024,53.9733113940142
CMR,2024,55.4031748609078
COD,2024,44.7455804408753
COG,2024,63.8866111699904
COL,2024,78.5210811866115
COM,2024,33.5392215673301
CPV,2024,76.7721471004354
CRI,2024,79.3107672397967
CSS,2024,50.0999425738621
CUB,2024,77.1664929228275
CUW,2024,91.4321812441765
CYM,2024,100.0
CYP,2024,66.6824259192483
CZE,2024,72.7947984592185
DEU,2024,82.0211432579125
DJI,2024,72.9052635052978
DMA,2024,73.5449839980866
DNK,2024,88.6960552688405
DOM,2024,72.4121874752151
DZA,2024,75.2792907190618
EAP,2024,61.61255379308011
EAR,2024,47.3444444657062
EAS,2024,64.37440311723381
ECA,2024,68.27318867123074
ECS,2024,73.9701976866534
ECU,2024,63.2376932397602
EGY,2024,42.8004363938404
EMU,2024,77.40225828665336
ERI,2024,34.5365524291992
ESP,2024,80.315199821207
EST,2024,70.6981161541961
ETH,2024,23.6222839355469
EUU,2024,75.03000999641988
FCS,2024,46.15382529850637
FIN,2024,74.2637190463636
FJI,2024,59.0766602292457
FRA,2024,78.7999750964116
FRO,2024,39.4132325882965
FSM,2024,22.4562830235421
GAB,2024,91.8632094677575
GBR,2024,83.2429544416085
GEO,2024,61.0789605093733
GHA,2024,58.3654868038581
GIB,2024,100.0
GIN,2024,38.0713036688655
GMB,2024,64.2994103409645
GNB,2024,46.113204421822
GNQ,2024,71.3574028749806
GRC,2024,78.9967856500534
GRD,2024,36.5628000454229
GRL,2024,88.3195347935238
GTM,2024,55.9547027274763
GUM,2024,94.1726346571831
GUY,2024,26.477717988557
HIC,2024,80.13222521549741
HKG,2024,100.0
HND,2024,58.7850728104829
HPC,2024,37.86806789232321
HRV,2024,57.5158981711443
HTI,2024,55.0372652481002
HUN,2024,70.491825943218
IBD,2024,58.325952122659416
IBT,2024,53.36734236959126
IDA,2024,40.684477442756744
IDB,2024,48.69583590996194
IDN,2024,58.7509635387997
IDX,2024,36.413594458016284
IMN,2024,52.1633405796294
IND,2024,35.3788972368389
IRL,2024,64.3470379255585
IRN,2024,77.0201263427734
IRQ,2024,69.8861494108913
ISL,2024,94.1819039916522
ISR,2024,91.536188843818
ITA,2024,69.6047535143071
JAM,2024,58.9301585439922
JOR,2024,92.9501393764286
JPN,2024,92.1901718034531
KAZ,2024,62.072531584162
KEN,2024,31.8937831721599
KGZ,2024,34.7219977865937
KHM,2024,40.8727033252729
KIR,2024,62.4620431275642
KNA,2024,31.795061903951
KOR,2024,81.1682528469686
KWT,2024,100.0
LAC,2024,80.77023107709574
LAO,2024,39.5552154401406
LBN,2024,90.703695784554
LBR,2024,55.5387986654968
LBY,2024,87.8854066107749
LCA,2024,29.0973354237452
LCN,2024,81.27170009685919
LDC,2024,36.16546785446129
LIC,2024,37.21817492195279
LIE,2024,14.657584904886
LKA,2024,20.2996997058686
LMC,2024,41.616566326288186
LMY,2024,53.23381851679888
LSO,2024,43.6780334209246
LTE,2024,67.25802266721914
LTU,2024,68.8285833315315
LUX,2024,94.8438702866393
LVA,2024,68.4839492628509
MAC,2024,100.0
MAF,2024,100.0
MAR,2024,62.7998124018197
MCO,2024,100.0
MDA,2024,43.516471862793
MDG,2024,32.4339893339844
MDV,2024,41.9982152717385
MEA,2024,55.69422500296893
MEX,2024,79.7538805976118
MHL,2024,78.7325660244112
MIC,2024,54.918223279864286
MKD,2024,62.5645376928533
MLI,2024,31.6075621182225
MLT,2024,95.6546264490509
MMR,2024,30.4499084074136
MNA,2024,52.64183051629827
MNE,2024,65.5422314706266
MNG,2024,70.9566040039062
MNP,2024,92.0747260922394
MOZ,2024,36.4332337447237
MRT,2024,60.6068586411829
MUS,2024,39.0162147027917
MWI,2024,17.268503531213
MYS,2024,76.9170296648992
NAC,2024,80.40690975535125
NAM,2024,50.4088030252155
NCL,2024,67.9514695585577
NER,2024,18.0497398450803
NGA,2024,62.9755675573659
NIC,2024,59.2628402709961
NLD,2024,95.6396517079336
NOR,2024,83.3293737928469
NPL,2024,66.772343163029
NRU,2024,100.0
NZL,2024,83.9370658833132
OED,2024,81.1859846310034
OMN,2024,79.4440302814714
OSS,2024,54.96155442444778
PAK,2024,39.1734368360905
PAN,2024,65.9958447685488
PER,2024,85.1912729600355
PHL,2024,55.4520983215477
PLW,2024,79.2095042878667
PNG,2024,15.4061816403333
POL,2024,59.9705468695101
PRE,2024,45.4412510416648
PRI,2024,94.2539505199436
PRK,2024,63.8589748211522
PRT,2024,61.3281907341332
PRY,2024,69.8622585886961
PSE,2024,87.1196014117004
PSS,2024,40.56327996327057
PST,2024,81.15485534014066
PYF,2024,61.7191984724331
QAT,2024,99.3219891728394
ROU,2024,52.1674778928768
RUS,2024,75.1119136177067
RWA,2024,29.8849714294083
SAS,2024,35.46285872430804
SAU,2024,84.4554020211443
SDN,2024,34.8673015510839
SEN,2024,55.2368169057304
SGP,2024,100.0
SLB,2024,30.6617188562194
SLE,2024,45.3626823156371
SLV,2024,75.0674905102199
SMR,2024,97.1560555881096
SOM,2024,54.6176465524521
SRB,2024,62.3830029804177
SSA,2024,46.48827609311442
SSD,2024,21.3768190444906
SSF,2024,44.14922275796955
SST,2024,51.92759482407244
STP,2024,68.8710170184884
SUR,2024,65.7641857200885
SVK,2024,53.1919702985684
SVN,2024,55.7577708405917
SWE,2024,88.8559748346228
SWZ,2024,26.2498461258639
SXM,2024,100.0
SYC,2024,45.2898622460415
SYR,2024,72.0761345758254
TCA,2024,94.1670917861964
TCD,2024,26.9315292389497
TEA,2024,61.584767901868645
TEC,2024,69.06970127056692
TGO,2024,43.8148491605996
THA,2024,61.8689338391321
TJK,2024,26.1788063651548
TKM,2024,47.0875253910294
TLA,2024,81.27200967384054
TLS,2024,28.6641074179574
TMN,2024,52.39419643962738
TON,2024,21.1505271125521
TSA,2024,35.46285872430804
TSS,2024,44.14922275796956
TTO,2024,53.961056681951
TUN,2024,70.3585355691955
TUR,2024,89.3443122873887
TUV,2024,64.7254793441291
TZA,2024,36.1684458862992
UGA,2024,31.2777698213557
UKR,2024,69.5315643200148
UMC,2024,69.65048147918594
URY,2024,95.5981951588181
USA,2024,80.1247798047184
UZB,2024,50.9986686706543
VCT,2024,47.8487050456749
VEN,2024,89.285859883201
VGB,2024,56.5072068980827
VIR,2024,95.3312197036061
VNM,2024,38.4900703430176
VUT,2024,22.2866933360645
WLD,2024,57.56347971113571
WSM,2024,17.5029115108018
XKX,2024,50.3214443938994
YEM,2024,36.8077517596594
ZAF,2024,63.6917984858172
ZMB,2024,45.4703838491279
ZWE,2024,39.8933716820696
